run_id,experiment,case,parameter,scale_label,scale_multiplier,family,mode,repetition,wave_phase_seed,imu_noise_seed,initialization_seed,true_hs_m,transition_duration_sec,score_window_sec,configured_tau_s,configured_sigma_aw_mps2,configured_r_s_ms,aw_cov_sync,window_s,samples,disp_x_rms_m,disp_y_rms_m,disp_z_rms_m,disp_3d_rms_m,disp_x_pct_hs,disp_y_pct_hs,disp_z_pct_hs,disp_3d_pct_refmax,disp_z_ref_rms_m,disp_z_pct_refrms,roll_rms_deg,pitch_rms_deg,yaw_rms_deg,accel_x_rms_mps2,accel_y_rms_mps2,accel_z_rms_mps2,accel_3d_rms_mps2,dir_travel_error_deg,dir_travel_rmse_deg,dir_travel_correct_pct,dir_travel_wrong_pct,dir_travel_unresolved_pct,dir_axis_mean_deg,dir_axis_truth_deg,dir_axis_error_deg,dir_axis_rmse_deg,dir_axis_circ_std_deg,dir_axis_available_pct,dir_sense_forward_pct,dir_sense_reverse_pct,dir_sense_uncertain_pct,dir_sense_dominant_pct,accel_bias_3d_rms_mps2,gyro_bias_3d_rms_radps,tau_applied_s,sigma_applied_mps2,tuning_applied,wave_period_s,frequency_hz,period_s,accel_variance_m2ps4,dir_axis_abs_error_deg,dir_travel_abs_error_deg
sensitivity:tau_x0.5:FixedSensitivity:1,sensitivity,tau_x0.5,tau,0.5,0.5,OU_III,FixedSensitivity,1,11,101,1009,1.5,,900.0,1.252352715,0.397530764,1.326771751559308,reconfigure,900.0,180000,0.0670268312,0.0584733039,0.0819432363,0.120939724,4.46845531,3.89822006,5.46288204,9.12273884,0.39852494,20.5616322,0.344086438,0.606378078,4.69848919,0.0232575536,0.0234394204,0.0132401045,0.0355755612,1.93481112,19.8214054,86.6411133,0.180555567,13.1783333,-28.4558411,-30.0,1.54415894,20.7529106,19.7761593,93.6800003,32.253334,54.5683365,13.1783333,54.5683365,0.119241849,0.000133708207,1.25235271,0.397530764,1.32677174,5.15849161,0.347727805,3.86670017,0.407008767,1.54415894,1.93481112
sensitivity:tau_x0.75:FixedSensitivity:1,sensitivity,tau_x0.75,tau,0.75,0.75,OU_III,FixedSensitivity,1,11,101,1009,1.5,,900.0,1.8785290725000001,0.397530764,1.326771751559308,reconfigure,900.0,180000,0.0655166879,0.0620220378,0.0789547786,0.119887561,4.36777925,4.13480234,5.26365185,9.04337215,0.39852494,19.8117523,0.319640607,0.571244061,4.52553558,0.0221468173,0.0224314183,0.013012114,0.034102276,2.05785465,19.8330708,86.6161118,0.169444442,13.2144451,-28.3117218,-30.0,1.6882782,20.823204,19.8291359,93.6961136,32.2405548,54.545002,13.2144451,54.545002,0.111938484,0.000134421716,1.87852907,0.397530764,1.32677174,5.15849161,0.347727805,3.86670017,0.407008767,1.6882782,2.05785465
sensitivity:tau_x1:FixedSensitivity:1,sensitivity,tau_x1,tau,1,1.0,OU_III,FixedSensitivity,1,11,101,1009,1.5,,900.0,2.50470543,0.397530764,1.326771751559308,reconfigure,900.0,180000,0.0653506517,0.0653840899,0.0776396319,0.120721579,4.35670996,4.35893917,5.17597532,9.10628414,0.39852494,19.4817505,0.299090296,0.559411049,4.44471216,0.0215340294,0.0218217392,0.0131255342,0.0333493985,2.1553371,19.8063698,86.5794449,0.149444446,13.2711115,-28.1927795,-30.0,1.80722046,20.874897,19.8636246,93.6727753,32.1983337,54.5305557,13.2711115,54.5305557,0.1084987,0.000134845875,2.50470543,0.397530764,1.32677174,5.15849161,0.347727805,3.86670017,0.407008767,1.80722046,2.1553371
sensitivity:tau_x1.25:FixedSensitivity:1,sensitivity,tau_x1.25,tau,1.25,1.25,OU_III,FixedSensitivity,1,11,101,1009,1.5,,900.0,3.1308817875,0.397530764,1.326771751559308,reconfigure,900.0,180000,0.0657589063,0.068468295,0.0770599693,0.122271746,4.38392687,4.56455278,5.13733101,9.22321701,0.39852494,19.336298,0.280362785,0.556879997,4.40113926,0.0211468674,0.0213881955,0.0134167587,0.0329340883,2.22953105,19.806982,86.5594482,0.137777776,13.3027782,-28.1007538,-30.0,1.89924622,20.931921,19.907917,93.664444,32.1872215,54.5100021,13.3027782,54.5100021,0.106676467,0.000135134935,3.13088179,0.397530764,1.32677174,5.15849161,0.347727805,3.86670017,0.407008767,1.89924622,2.22953105
sensitivity:tau_x1.5:FixedSensitivity:1,sensitivity,tau_x1.5,tau,1.5,1.5,OU_III,FixedSensitivity,1,11,101,1009,1.5,,900.0,3.7570581450000002,0.397530764,1.326771751559308,reconfigure,900.0,180000,0.0664600804,0.0712695345,0.0768617839,0.124112949,4.43067169,4.75130224,5.1241188,9.36210251,0.39852494,19.2865677,0.262864977,0.558987856,4.37573433,0.02088462,0.0210502688,0.0138120325,0.0327116698,2.29953098,19.8111362,86.547226,0.12888889,13.3238888,-28.0152893,-30.0,1.98471069,20.9926109,19.9568653,93.6755524,32.1816673,54.4944458,13.3238888,54.4944458,0.105743051,0.000135356066,3.75705814,0.397530764,1.32677174,5.15849161,0.347727805,3.86670017,0.407008767,1.98471069,2.29953098
sensitivity:sigma_aw_x0.5:FixedSensitivity:1,sensitivity,sigma_aw_x0.5,sigma_aw,0.5,0.5,OU_III,FixedSensitivity,1,11,101,1009,1.5,,900.0,2.50470543,0.198765382,1.326771751559308,reconfigure,900.0,180000,0.0659106821,0.0564336926,0.0777592584,0.116513871,4.39404535,3.76224613,5.18395042,8.78888798,0.39852494,19.5117664,0.153090969,0.683184803,4.51764679,0.0213078391,0.0173643008,0.0201914869,0.0341062918,2.93431377,20.1422997,86.5488892,0.131111115,13.3200006,-27.3476715,-30.0,2.65232849,21.4663277,20.3617268,93.6561127,32.3366661,54.3433342,13.3200006,54.3433342,0.12048623,0.000130644301,2.50470543,0.198765382,1.32677174,5.15849161,0.347727805,3.86670017,0.407008767,2.65232849,2.93431377
sensitivity:sigma_aw_x0.75:FixedSensitivity:1,sensitivity,sigma_aw_x0.75,sigma_aw,0.75,0.75,OU_III,FixedSensitivity,1,11,101,1009,1.5,,900.0,2.50470543,0.298148073,1.326771751559308,reconfigure,900.0,180000,0.0654762015,0.062983796,0.0776367709,0.11950548,4.36507988,4.19891977,5.17578459,9.01455116,0.39852494,19.4810314,0.245128229,0.59356904,4.47271442,0.0213042088,0.0202947035,0.0146210939,0.0328560583,2.3979156,19.9354134,86.6438904,0.147777781,13.208334,-27.9830017,-30.0,2.01699829,20.9987297,19.9732075,93.6488876,32.3188896,54.4727783,13.208334,54.4727783,0.110026434,0.000134517191,2.50470543,0.298148066,1.32677174,5.15849161,0.347727805,3.86670017,0.407008767,2.01699829,2.3979156
sensitivity:sigma_aw_x1:FixedSensitivity:1,sensitivity,sigma_aw_x1,sigma_aw,1,1.0,OU_III,FixedSensitivity,1,11,101,1009,1.5,,900.0,2.50470543,0.397530764,1.326771751559308,reconfigure,900.0,180000,0.0653506517,0.0653840899,0.0776396319,0.120721579,4.35670996,4.35893917,5.17597532,9.10628414,0.39852494,19.4817505,0.299090296,0.559411049,4.44471216,0.0215340294,0.0218217392,0.0131255342,0.0333493985,2.1553371,19.8063698,86.5794449,0.149444446,13.2711115,-28.1927795,-30.0,1.80722046,20.874897,19.8636246,93.6727753,32.1983337,54.5305557,13.2711115,54.5305557,0.1084987,0.000134845875,2.50470543,0.397530764,1.32677174,5.15849161,0.347727805,3.86670017,0.407008767,1.80722046,2.1553371
sensitivity:sigma_aw_x1.25:FixedSensitivity:1,sensitivity,sigma_aw_x1.25,sigma_aw,1.25,1.25,OU_III,FixedSensitivity,1,11,101,1009,1.5,,900.0,2.50470543,0.49691345499999995,1.326771751559308,reconfigure,900.0,180000,0.0653056502,0.0653732941,0.0776645988,0.120707437,4.3537097,4.35821962,5.17763996,9.10521698,0.39852494,19.4880142,0.325513691,0.542036712,4.42611504,0.021817347,0.0224203765,0.0128115537,0.0338054113,2.06330943,19.763628,86.6061096,0.147777781,13.2461119,-28.2977448,-30.0,1.70225525,20.8250942,19.8197289,93.6994476,32.2016678,54.5522232,13.2461119,54.5522232,0.108049177,0.000134816655,2.50470543,0.496913463,1.32677174,5.15849161,0.347727805,3.86670017,0.407008767,1.70225525,2.06330943
sensitivity:sigma_aw_x1.5:FixedSensitivity:1,sensitivity,sigma_aw_x1.5,sigma_aw,1.5,1.5,OU_III,FixedSensitivity,1,11,101,1009,1.5,,900.0,2.50470543,0.596296146,1.326771751559308,reconfigure,900.0,180000,0.0652834326,0.0653097779,0.0776945949,0.12068034,4.35222864,4.35398483,5.17963934,9.10317326,0.39852494,19.4955425,0.340196729,0.532261014,4.41520405,0.0221032016,0.022866318,0.0128964474,0.0343181938,2.01211929,19.7315998,86.6272278,0.144444451,13.2283335,-28.3537292,-30.0,1.64627075,20.8002644,19.7972279,93.7200012,32.2077789,54.5638885,13.2283335,54.5638885,0.107897215,0.000134554968,2.50470543,0.596296132,1.32677174,5.15849161,0.347727805,3.86670017,0.407008767,1.64627075,2.01211929
sensitivity:r_s_x0.5:FixedSensitivity:1,sensitivity,r_s_x0.5,r_s,0.5,0.5,OU_III,FixedSensitivity,1,11,101,1009,1.5,,900.0,2.50470543,0.397530764,0.663385875779654,reconfigure,900.0,180000,0.0724555179,0.0559984595,0.0897990391,0.128255591,4.83036757,3.73323059,5.98660231,9.67459011,0.39852494,22.5328541,0.337341636,0.766248167,5.2790451,0.0249269977,0.0244673155,0.0145855667,0.0378515981,1.81765997,19.8510017,86.5511169,0.174999997,13.2738895,-28.5671234,-30.0,1.43287659,20.7634945,19.8095589,93.5766678,32.2449989,54.4811134,13.2738895,54.4811134,0.143442705,0.000132829882,2.50470543,0.397530764,0.663385868,5.15849161,0.347727805,3.86670017,0.407008767,1.43287659,1.81765997
sensitivity:r_s_x0.75:FixedSensitivity:1,sensitivity,r_s_x0.75,r_s,0.75,0.75,OU_III,FixedSensitivity,1,11,101,1009,1.5,,900.0,2.50470543,0.397530764,0.995078813669481,reconfigure,900.0,180000,0.0664205253,0.0593734905,0.0808393061,0.120299175,4.42803478,3.95823264,5.38928699,9.07442188,0.39852494,20.2846298,0.308460623,0.613383114,4.6623807,0.022413332,0.022465799,0.0134991398,0.0344861746,2.06783366,19.8895531,86.6072235,0.186111122,13.2066669,-28.3073578,-30.0,1.69264221,20.8252048,19.8395424,93.6594467,32.2449989,54.548336,13.2066669,54.548336,0.117509,0.000134007467,2.50470543,0.397530764,0.995078802,5.15849161,0.347727805,3.86670017,0.407008767,1.69264221,2.06783366
sensitivity:r_s_x1:FixedSensitivity:1,sensitivity,r_s_x1,r_s,1,1.0,OU_III,FixedSensitivity,1,11,101,1009,1.5,,900.0,2.50470543,0.397530764,1.326771751559308,reconfigure,900.0,180000,0.0653506517,0.0653840899,0.0776396319,0.120721579,4.35670996,4.35893917,5.17597532,9.10628414,0.39852494,19.4817505,0.299090296,0.559411049,4.44471216,0.0215340294,0.0218217392,0.0131255342,0.0333493985,2.1553371,19.8063698,86.5794449,0.149444446,13.2711115,-28.1927795,-30.0,1.80722046,20.874897,19.8636246,93.6727753,32.1983337,54.5305557,13.2711115,54.5305557,0.1084987,0.000134845875,2.50470543,0.397530764,1.32677174,5.15849161,0.347727805,3.86670017,0.407008767,1.80722046,2.1553371
sensitivity:r_s_x1.25:FixedSensitivity:1,sensitivity,r_s_x1.25,r_s,1.25,1.25,OU_III,FixedSensitivity,1,11,101,1009,1.5,,900.0,2.50470543,0.397530764,1.658464689449135,reconfigure,900.0,180000,0.0665669516,0.0719254389,0.0768837705,0.124561399,4.43779659,4.79502916,5.1255846,9.39592934,0.39852494,19.2920856,0.295270145,0.534664094,4.3442173,0.0211323686,0.021559868,0.0129550891,0.0328517742,2.17728233,19.7388382,86.5699997,0.122777782,13.3072224,-28.1420746,-30.0,1.85792542,20.9290218,19.8994255,93.7050018,32.1900024,54.5027809,13.3072224,54.5027809,0.104423217,0.000135408642,2.50470543,0.397530764,1.65846467,5.15849161,0.347727805,3.86670017,0.407008767,1.85792542,2.17728233
sensitivity:r_s_x1.5:FixedSensitivity:1,sensitivity,r_s_x1.5,r_s,1.5,1.5,OU_III,FixedSensitivity,1,11,101,1009,1.5,,900.0,2.50470543,0.397530764,1.990157627338962,reconfigure,900.0,180000,0.0689619407,0.0784289166,0.077367872,0.129971653,4.59746265,5.2285943,5.15785789,9.80403709,0.39852494,19.413559,0.293441921,0.521356463,4.29007053,0.0209189504,0.0214403979,0.0128637934,0.032600157,2.16843104,19.6234436,86.5677795,0.0794444457,13.3527784,-28.1001282,-30.0,1.89987183,21.0059719,19.9594536,93.7961121,32.1877785,54.459446,13.3527784,54.459446,0.102256104,0.000135814698,2.50470543,0.397530764,1.9901576,5.15849161,0.347727805,3.86670017,0.407008767,1.89987183,2.16843104
sensitivity:sigma_aw_rs_x0.5:FixedSensitivity:1,sensitivity,sigma_aw_rs_x0.5,sigma_aw_rs,0.5,0.5,OU_III,FixedSensitivity,1,11,101,1009,1.5,,900.0,2.50470543,0.198765382,0.7324373889676343,reconfigure,900.0,180000,0.0747611821,0.0546553731,0.0872454345,0.127232894,4.98407841,3.6436913,5.8163619,9.59744644,0.39852494,21.8920898,0.151288509,0.83212769,5.10717249,0.023837572,0.0191899929,0.0214633383,0.0373786092,2.75860286,20.2340927,86.3894501,0.184444442,13.4261112,-27.6394958,-30.0,2.36050415,21.2862816,20.2458267,93.5077744,32.25,54.3238907,13.4261112,54.3238907,0.145412505,0.000129343476,2.50470543,0.198765382,0.732437372,5.15849161,0.347727805,3.86670017,0.407008767,2.36050415,2.75860286
sensitivity:sigma_aw_rs_x0.75:FixedSensitivity:1,sensitivity,sigma_aw_rs_x0.75,sigma_aw_rs,0.75,0.75,OU_III,FixedSensitivity,1,11,101,1009,1.5,,900.0,2.50470543,0.298148073,1.0368259794888302,reconfigure,900.0,180000,0.0661756247,0.0582091734,0.080205135,0.119165368,4.41170835,3.88061142,5.34700871,8.98889637,0.39852494,20.1254997,0.251974106,0.637359977,4.64882231,0.0220346022,0.02082536,0.0149681019,0.0338121802,2.33842874,20.0450592,86.6800003,0.192222223,13.1277781,-28.0797882,-30.0,1.92021179,20.9513321,19.9487076,93.6188889,32.3650017,54.507225,13.1277781,54.507225,0.117456928,0.000133823938,2.50470543,0.298148066,1.03682601,5.15849161,0.347727805,3.86670017,0.407008767,1.92021179,2.33842874
sensitivity:sigma_aw_rs_x1:FixedSensitivity:1,sensitivity,sigma_aw_rs_x1,sigma_aw_rs,1,1.0,OU_III,FixedSensitivity,1,11,101,1009,1.5,,900.0,2.50470543,0.397530764,1.326771751559308,reconfigure,900.0,180000,0.0653506517,0.0653840899,0.0776396319,0.120721579,4.35670996,4.35893917,5.17597532,9.10628414,0.39852494,19.4817505,0.299090296,0.559411049,4.44471216,0.0215340294,0.0218217392,0.0131255342,0.0333493985,2.1553371,19.8063698,86.5794449,0.149444446,13.2711115,-28.1927795,-30.0,1.80722046,20.874897,19.8636246,93.6727753,32.1983337,54.5305557,13.2711115,54.5305557,0.1084987,0.000134845875,2.50470543,0.397530764,1.32677174,5.15849161,0.347727805,3.86670017,0.407008767,1.80722046,2.1553371
sensitivity:sigma_aw_rs_x1.25:FixedSensitivity:1,sensitivity,sigma_aw_rs_x1.25,sigma_aw_rs,1.25,1.25,OU_III,FixedSensitivity,1,11,101,1009,1.5,,900.0,2.50470543,0.49691345499999995,1.6064305023245595,reconfigure,900.0,180000,0.0662018582,0.070867233,0.0769085959,0.123773113,4.41345692,4.72448206,5.1272397,9.33646774,0.39852494,19.298315,0.321982682,0.52004987,4.33678389,0.0214683842,0.0221877284,0.0126822703,0.0333770402,2.08225179,19.6984158,86.5988922,0.122222222,13.2788897,-28.2507324,-30.0,1.74926758,20.8682728,19.8461609,93.7177811,32.1966667,54.5244446,13.2788897,54.5244446,0.104478009,0.00013528041,2.50470543,0.496913463,1.60643053,5.15849161,0.347727805,3.86670017,0.407008767,1.74926758,2.08225179
sensitivity:sigma_aw_rs_x1.5:FixedSensitivity:1,sensitivity,sigma_aw_rs_x1.5,sigma_aw_rs,1.5,1.5,OU_III,FixedSensitivity,1,11,101,1009,1.5,,900.0,2.50470543,0.596296146,1.8781556506932744,reconfigure,900.0,180000,0.0678755566,0.0761251822,0.0771013573,0.127854422,4.52503681,5.07501173,5.14009047,9.64433002,0.39852494,19.3466835,0.334810674,0.497505099,4.27409649,0.0215653274,0.0225192215,0.012720326,0.033674702,2.02700591,19.5939617,86.6272278,0.0966666713,13.2761116,-28.2735596,-30.0,1.72644043,20.8878746,19.8539696,93.8427811,32.1949997,54.5288887,13.2761116,54.5288887,0.102343224,0.000135358016,2.50470543,0.596296132,1.87815571,5.15849161,0.347727805,3.86670017,0.407008767,1.72644043,2.02700591
sensitivity:tau_rs_x0.5:FixedSensitivity:1,sensitivity,tau_rs_x0.5,tau_rs,0.5,0.5,OU_III,FixedSensitivity,1,11,101,1009,1.5,,900.0,1.252352715,0.397530764,0.1742642782410629,reconfigure,900.0,180000,0.140868604,0.137945712,0.19710882,0.278791785,9.39124012,9.19638062,13.1405878,21.0298538,0.39852494,49.4595947,0.982296467,2.43828726,21.4182816,0.0786929503,0.0782477632,0.0286860447,0.114621915,-2.06903458,20.0943832,85.9188919,0.0638888925,14.0172224,-32.5303345,-30.0,-2.53033447,21.1684132,20.1519318,93.2361145,32.0916672,53.8911133,14.0172224,53.8911133,0.449786097,0.000495348882,1.25235271,0.397530764,0.174264282,5.15849161,0.347727805,3.86670017,0.407008767,2.53033447,2.06903458
sensitivity:tau_rs_x0.75:FixedSensitivity:1,sensitivity,tau_rs_x0.75,tau_rs,0.75,0.75,OU_III,FixedSensitivity,1,11,101,1009,1.5,,900.0,1.8785290725000001,0.397530764,0.5713525920518797,reconfigure,900.0,180000,0.0797274336,0.0579810962,0.0998805016,0.140336692,5.31516218,3.86540627,6.65869999,10.5858936,0.39852494,25.0625477,0.398689419,0.967254102,6.13659906,0.0286939871,0.0277350675,0.0157253854,0.0428936668,1.32813692,19.7273026,86.6861115,0.161666676,13.1522226,-28.9998474,-30.0,1.00015259,20.6909637,19.7660065,93.5283356,32.2472229,54.6005554,13.1522226,54.6005554,0.179319784,0.000133377776,1.87852907,0.397530764,0.571352601,5.15849161,0.347727805,3.86670017,0.407008767,1.00015259,1.32813692
sensitivity:tau_rs_x1:FixedSensitivity:1,sensitivity,tau_rs_x1,tau_rs,1,1.0,OU_III,FixedSensitivity,1,11,101,1009,1.5,,900.0,2.50470543,0.397530764,1.326771751559308,reconfigure,900.0,180000,0.0653506517,0.0653840899,0.0776396319,0.120721579,4.35670996,4.35893917,5.17597532,9.10628414,0.39852494,19.4817505,0.299090296,0.559411049,4.44471216,0.0215340294,0.0218217392,0.0131255342,0.0333493985,2.1553371,19.8063698,86.5794449,0.149444446,13.2711115,-28.1927795,-30.0,1.80722046,20.874897,19.8636246,93.6727753,32.1983337,54.5305557,13.2711115,54.5305557,0.1084987,0.000134845875,2.50470543,0.397530764,1.32677174,5.15849161,0.347727805,3.86670017,0.407008767,1.80722046,2.1553371
sensitivity:tau_rs_x1.25:FixedSensitivity:1,sensitivity,tau_rs_x1.25,tau_rs,1.25,1.25,OU_III,FixedSensitivity,1,11,101,1009,1.5,,900.0,3.1308817875,0.397530764,2.5503754051943437,reconfigure,900.0,180000,0.0774594173,0.094357051,0.0812901333,0.146667302,5.16396093,6.29046965,5.41934204,11.0634251,0.39852494,20.3977528,0.275670618,0.517839134,4.24143267,0.0205207709,0.0210750811,0.0131313214,0.0322132371,2.22755289,19.7637978,86.6916656,0.110555559,13.1977777,-28.0259857,-30.0,1.97401428,21.1691933,20.0781631,93.8794479,54.541111,32.2611122,13.1977777,54.541111,0.100307859,0.00013653448,3.13088179,0.397530764,2.55037546,5.15849161,0.347727805,3.86670017,0.407008767,1.97401428,2.22755289
sensitivity:tau_rs_x1.5:FixedSensitivity:1,sensitivity,tau_rs_x1.5,tau_rs,1.5,1.5,OU_III,FixedSensitivity,1,11,101,1009,1.5,,900.0,3.7570581450000002,0.397530764,4.350027940126623,reconfigure,900.0,180000,0.103030518,0.132770136,0.0990086645,0.195053622,6.86870098,8.8513422,6.60057735,14.7133074,0.39852494,24.8437805,0.25943616,0.52135396,4.21861458,0.0203121044,0.0209212787,0.0135374423,0.0321487747,2.45149469,20.0321846,86.8577805,0.195000008,12.9472227,-27.9539185,-30.0,2.04608154,21.3858032,20.2350807,93.9400024,54.5361137,32.5166664,12.9472227,54.5361137,0.099625133,0.000137615498,3.75705814,0.397530764,4.35002804,5.15849161,0.347727805,3.86670017,0.407008767,2.04608154,2.45149469
low_motion:Hs0.27:Adaptive:1,low_motion,Hs0.27,,,,OU_III,Adaptive,1,11,101,1009,0.27,,900.0,adaptive,adaptive,adaptive,reconfigure,900.0,180000,0.00784951355,0.00901042949,0.0107203908,0.016053956,2.90722728,3.33719611,3.97051501,7.60714245,0.0541961342,19.7807312,0.543372273,0.548952281,6.02301979,0.00657955883,0.00781616569,0.0127059445,0.016304113,1.98443699,2.7189908,0.293333352,0.0,99.7066727,32.2116547,30.0,2.21165466,2.94732976,1.94858217,0.633333325,0.293333352,0.0,99.7066727,0.293333352,0.131968781,0.00010693309,1.51135814,0.0810525268,0.150003314,3.06131601,0.321089834,3.11323977,0.0242029224,2.21165466,1.98443699
low_motion:Hs0.05:Adaptive:1,low_motion,Hs0.05,,,,OU_III,Adaptive,1,11,101,1009,0.05,,900.0,adaptive,adaptive,adaptive,reconfigure,900.0,180000,0.00691934442,0.00955752656,0.00875942782,0.0146952793,13.8386889,19.1150532,17.518856,37.6020126,0.0100363661,87.276886,0.389421046,0.480785817,8.83811665,0.00398865202,0.00399739714,0.00615665736,0.00835421775,nan,nan,0.0,0.0,100.0,nan,30.0,nan,nan,nan,0.0,0.0,0.0,100.0,0.0,0.105685756,0.000124551021,2.27208948,0.0500000007,0.150003612,4.73612309,0.200003758,4.99974442,0.000954752031,nan,nan
transition_rate:controlled:Adaptive:1,transition_rate,controlled,,,,OU_III,Adaptive,1,11,101,1009,4.0,120.0,900.0,adaptive,adaptive,adaptive,reconfigure,900.0,180000,0.264741063,0.236680999,0.192629904,0.403995037,6.61852646,5.91702509,4.81574774,13.0104074,0.84055382,22.9170227,0.344811618,0.537398756,4.63682938,0.0226233117,0.0251590051,0.011868082,0.0358558409,-0.870535791,20.5589542,84.9538879,0.087222226,14.958889,-31.6016998,-30.0,-1.60169983,24.5296535,23.0401802,94.4033356,23.0911121,61.9500008,14.958889,61.9500008,0.108798422,0.000143213751,3.95868731,0.485408753,6.78834486,7.81213951,0.200000003,5.0,0.38846451,1.60169983,0.870535791
transition_rate:controlled:FixedNominal:1,transition_rate,controlled,,,,OU_III,FixedNominal,1,11,101,1009,4.0,120.0,900.0,2.50470543,0.397530764,1.326771751559308,reconfigure,900.0,180000,0.53589952,0.458068579,0.427125841,0.824288547,13.3974876,11.4517145,10.6781464,26.5456963,0.84055382,50.8148117,0.671531856,1.76172268,11.9673805,0.0560372099,0.0580357276,0.0185127407,0.0827709883,-2.26921511,21.0127926,84.3611145,0.165000007,15.4738894,-33.3480072,-30.0,-3.3480072,24.954649,23.4110603,94.3644409,22.8983345,61.6277809,15.4738894,61.6277809,0.321809888,0.000454880472,2.50470543,0.397530764,1.32677174,7.81213951,0.200000003,5.0,0.428599209,3.3480072,2.26921511
transition_rate:rapid:Adaptive:1,transition_rate,rapid,,,,OU_III,Adaptive,1,11,101,1009,4.0,30.0,900.0,adaptive,adaptive,adaptive,reconfigure,900.0,180000,0.294218868,0.244533047,0.210905135,0.43685481,7.35547161,6.11332607,5.27262831,13.5271063,0.858355522,24.570837,0.359532297,0.562288463,4.76966,0.0237688441,0.0267129503,0.0120293191,0.0377259105,-1.06519175,20.8015957,84.332222,0.0861111134,15.5816669,-31.6920319,-30.0,-1.69203186,24.944622,23.4581604,94.1711121,22.4666672,61.9516678,15.5816669,61.9516678,0.113701358,0.00015296007,3.95867801,0.485408455,6.78832531,7.81212234,0.200000003,5.0,0.388464272,1.69203186,1.06519175
transition_rate:rapid:FixedNominal:1,transition_rate,rapid,,,,OU_III,FixedNominal,1,11,101,1009,4.0,30.0,900.0,2.50470543,0.397530764,1.326771751559308,reconfigure,900.0,180000,0.553620577,0.472594678,0.441695482,0.851431966,13.8405142,11.814867,11.042387,26.3643894,0.858355522,51.4583359,0.712923229,1.82694936,12.4918642,0.0590943918,0.0616048239,0.0189429857,0.0874421969,-2.83338881,21.4601822,84.2950058,0.162222221,15.542778,-33.5132599,-30.0,-3.51325989,25.3908577,23.8346596,94.0755539,22.1577778,62.2994461,15.542778,62.2994461,0.334720492,0.000497324974,2.50470543,0.397530764,1.32677174,7.81212234,0.200000003,5.0,0.428599209,3.51325989,2.83338881
sensitivity:tau_x0.5:FixedSensitivity:2,sensitivity,tau_x0.5,tau,0.5,0.5,OU_III,FixedSensitivity,2,29,211,1103,1.5,,900.0,1.252352715,0.397530764,1.326771751559308,reconfigure,900.0,180000,0.0689877346,0.0503610149,0.0779660866,0.115647092,4.59918213,3.35740089,5.19773912,8.21220398,0.376656651,20.6995106,0.136873648,0.211309269,1.03089106,0.0124016386,0.0132989986,0.0111081321,0.0213085581,5.41823292,19.3133106,84.253891,0.0,15.7461119,-24.8620453,-30.0,5.13795471,21.9080868,20.2450104,91.9855576,0.0,84.253891,15.7461119,84.253891,0.0422574542,0.000113512309,1.25235271,0.397530764,1.32677174,5.22496367,0.207028821,5.0,0.631090164,5.13795471,5.41823292
sensitivity:tau_x0.75:FixedSensitivity:2,sensitivity,tau_x0.75,tau,0.75,0.75,OU_III,FixedSensitivity,2,29,211,1103,1.5,,900.0,1.8785290725000001,0.397530764,1.326771751559308,reconfigure,900.0,180000,0.0677535385,0.0553937517,0.0752682835,0.115431033,4.51690245,3.69291663,5.01788521,8.19686127,0.376656651,19.9832611,0.115785241,0.230572373,1.15578663,0.0115784416,0.012954561,0.0104317814,0.0202658083,5.500669,19.2969799,84.2688904,0.0,15.7311115,-24.7747192,-30.0,5.22528076,21.8604164,20.1934528,91.9994431,0.0,84.2688904,15.7311115,84.2688904,0.0433166884,0.000113959744,1.87852907,0.397530764,1.32677174,5.22496367,0.207028821,5.0,0.631090164,5.22528076,5.500669
sensitivity:tau_x1:FixedSensitivity:2,sensitivity,tau_x1,tau,1,1.0,OU_III,FixedSensitivity,2,29,211,1103,1.5,,900.0,2.50470543,0.397530764,1.326771751559308,reconfigure,900.0,180000,0.0676969141,0.059611626,0.0741248056,0.11675147,4.51312733,3.97410822,4.94165373,8.29062653,0.376656651,19.6796741,0.0969602838,0.236897022,1.21106076,0.0110628018,0.0127237178,0.0100864051,0.0196472425,5.56318188,19.2872334,84.3261108,0.0,15.6738892,-24.7052155,-30.0,5.29478455,21.836916,20.1651001,92.0094452,0.0,84.3261108,15.6738892,84.3261108,0.0429095738,0.000114118557,2.50470543,0.397530764,1.32677174,5.22496367,0.207028821,5.0,0.631090164,5.29478455,5.56318188
sensitivity:tau_x1.25:FixedSensitivity:2,sensitivity,tau_x1.25,tau,1.25,1.25,OU_III,FixedSensitivity,2,29,211,1103,1.5,,900.0,3.1308817875,0.397530764,1.326771751559308,reconfigure,900.0,180000,0.0681316331,0.0632472485,0.073660858,0.118608832,4.54210854,4.21648312,4.91072369,8.42251968,0.376656651,19.5565014,0.0801098719,0.236841217,1.23665226,0.0106997071,0.0125622293,0.00996717997,0.0192779154,5.61924696,19.2957344,84.3116684,0.0,15.6883335,-24.6458588,-30.0,5.35414124,21.8332615,20.1550045,92.0111084,0.0,84.3116684,15.6883335,84.3116684,0.0418077707,0.000114139104,3.13088179,0.397530764,1.32677174,5.22496367,0.207028821,5.0,0.631090164,5.35414124,5.61924696
sensitivity:tau_x1.5:FixedSensitivity:2,sensitivity,tau_x1.5,tau,1.5,1.5,OU_III,FixedSensitivity,2,29,211,1103,1.5,,900.0,3.7570581450000002,0.397530764,1.326771751559308,reconfigure,900.0,180000,0.0688101575,0.066450052,0.0735524744,0.120666541,4.58734369,4.43000317,4.90349817,8.5686388,0.376656651,19.5277252,0.0660041869,0.233575433,1.24752796,0.0104280496,0.012448634,0.0100144194,0.0190788172,5.67093277,19.3059235,84.3072205,0.0,15.6927786,-24.5921021,-30.0,5.40789795,21.8253632,20.1435642,92.007225,0.0,84.3072205,15.6927786,84.3072205,0.0404558256,0.000114091934,3.75705814,0.397530764,1.32677174,5.22496367,0.207028821,5.0,0.631090164,5.40789795,5.67093277
sensitivity:sigma_aw_x0.5:FixedSensitivity:2,sensitivity,sigma_aw_x0.5,sigma_aw,0.5,0.5,OU_III,FixedSensitivity,2,29,211,1103,1.5,,900.0,2.50470543,0.198765382,1.326771751559308,reconfigure,900.0,180000,0.0675282851,0.0506075174,0.0738890916,0.11216411,4.50188541,3.37383437,4.92593908,7.96487379,0.376656651,19.6170959,0.183431804,0.185983941,1.01181126,0.0101912767,0.0118680885,0.0154329902,0.0219747797,6.18988419,19.642437,83.9838943,0.0,16.0161114,-24.125946,-30.0,5.87405396,22.1235027,20.3209934,91.8872223,0.0,83.9838943,16.0161114,83.9838943,0.0430059582,0.000110183042,2.50470543,0.198765382,1.32677174,5.22496367,0.207028821,5.0,0.631090164,5.87405396,6.18988419
sensitivity:sigma_aw_x0.75:FixedSensitivity:2,sensitivity,sigma_aw_x0.75,sigma_aw,0.75,0.75,OU_III,FixedSensitivity,2,29,211,1103,1.5,,900.0,2.50470543,0.298148073,1.326771751559308,reconfigure,900.0,180000,0.0674796179,0.0561347306,0.0740525424,0.114840694,4.49864101,3.74231529,4.93683577,8.15494061,0.376656651,19.66049,0.0552079938,0.207952872,1.14039636,0.010313727,0.0112751117,0.0105511602,0.0185695477,5.72293901,19.3963661,84.0244446,0.0,15.9755564,-24.5684662,-30.0,5.43153381,21.9228458,20.2172947,91.9794464,0.0,84.0244446,15.9755564,84.0244446,0.0355169401,0.000112896916,2.50470543,0.298148066,1.32677174,5.22496367,0.207028821,5.0,0.631090164,5.43153381,5.72293901
sensitivity:sigma_aw_x1:FixedSensitivity:2,sensitivity,sigma_aw_x1,sigma_aw,1,1.0,OU_III,FixedSensitivity,2,29,211,1103,1.5,,900.0,2.50470543,0.397530764,1.326771751559308,reconfigure,900.0,180000,0.0676969141,0.059611626,0.0741248056,0.11675147,4.51312733,3.97410822,4.94165373,8.29062653,0.376656651,19.6796741,0.0969602838,0.236897022,1.21106076,0.0110628018,0.0127237178,0.0100864051,0.0196472425,5.56318188,19.2872334,84.3261108,0.0,15.6738892,-24.7052155,-30.0,5.29478455,21.836916,20.1651001,92.0094452,0.0,84.3261108,15.6738892,84.3261108,0.0429095738,0.000114118557,2.50470543,0.397530764,1.32677174,5.22496367,0.207028821,5.0,0.631090164,5.29478455,5.56318188
sensitivity:sigma_aw_x1.25:FixedSensitivity:2,sensitivity,sigma_aw_x1.25,sigma_aw,1.25,1.25,OU_III,FixedSensitivity,2,29,211,1103,1.5,,900.0,2.50470543,0.49691345499999995,1.326771751559308,reconfigure,900.0,180000,0.0677831322,0.0595506653,0.0741653144,0.116796099,4.51887512,3.97004414,4.94435406,8.29379559,0.376656651,19.6904297,0.123508848,0.252051234,1.23853195,0.0117663667,0.0133087309,0.0105778212,0.0206751041,5.49568653,19.2511997,84.335556,0.0,15.6644449,-24.7735443,-30.0,5.22645569,21.8093758,20.1509628,92.0211105,0.0,84.335556,15.6644449,84.335556,0.047317259,0.000114224495,2.50470543,0.496913463,1.32677174,5.22496367,0.207028821,5.0,0.631090164,5.22645569,5.49568653
sensitivity:sigma_aw_x1.5:FixedSensitivity:2,sensitivity,sigma_aw_x1.5,sigma_aw,1.5,1.5,OU_III,FixedSensitivity,2,29,211,1103,1.5,,900.0,2.50470543,0.596296146,1.326771751559308,reconfigure,900.0,180000,0.0678288788,0.0594661757,0.0741947144,0.116798282,4.52192497,3.9644115,4.94631433,8.29395103,0.376656651,19.6982346,0.138671413,0.260616392,1.25225115,0.0123704616,0.013822428,0.0112057021,0.0216715373,5.45783043,19.2307301,84.3561096,0.0,15.6438894,-24.8096313,-30.0,5.19036865,21.7874641,20.1383705,92.0305557,0.0,84.3561096,15.6438894,84.3561096,0.0498922169,0.000114079463,2.50470543,0.596296132,1.32677174,5.22496367,0.207028821,5.0,0.631090164,5.19036865,5.45783043
sensitivity:r_s_x0.5:FixedSensitivity:2,sensitivity,r_s_x0.5,r_s,0.5,0.5,OU_III,FixedSensitivity,2,29,211,1103,1.5,,900.0,2.50470543,0.397530764,0.663385875779654,reconfigure,900.0,180000,0.0735685602,0.0447693393,0.085173443,0.121124491,4.90457058,2.98462248,5.67822933,8.60115814,0.376656651,22.6130199,0.118444927,0.195897684,0.665061951,0.0121789612,0.0117379446,0.010764108,0.0200492498,5.34497929,19.3748016,84.0666656,0.0,15.9333334,-24.9365234,-30.0,5.06347656,22.1364288,20.4417953,91.9000015,0.0,84.0666656,15.9333334,84.0666656,0.038155742,0.000113611677,2.50470543,0.397530764,0.663385868,5.22496367,0.207028821,5.0,0.631090164,5.06347656,5.34497929
sensitivity:r_s_x0.75:FixedSensitivity:2,sensitivity,r_s_x0.75,r_s,0.75,0.75,OU_III,FixedSensitivity,2,29,211,1103,1.5,,900.0,2.50470543,0.397530764,0.995078813669481,reconfigure,900.0,180000,0.0683516487,0.0517917573,0.0769529045,0.115221888,4.55677652,3.45278358,5.13019323,8.1820097,0.376656651,20.4305191,0.102214575,0.205542475,1.04503882,0.011248894,0.0123780398,0.0102334786,0.0196081009,5.51675367,19.3433895,84.2249985,0.0,15.7750006,-24.7628021,-30.0,5.23719788,21.9331341,20.2498417,91.9694443,0.0,84.2249985,15.7750006,84.2249985,0.0382587425,0.000113645401,2.50470543,0.397530764,0.995078802,5.22496367,0.207028821,5.0,0.631090164,5.23719788,5.51675367
sensitivity:r_s_x1:FixedSensitivity:2,sensitivity,r_s_x1,r_s,1,1.0,OU_III,FixedSensitivity,2,29,211,1103,1.5,,900.0,2.50470543,0.397530764,1.326771751559308,reconfigure,900.0,180000,0.0676969141,0.059611626,0.0741248056,0.11675147,4.51312733,3.97410822,4.94165373,8.29062653,0.376656651,19.6796741,0.0969602838,0.236897022,1.21106076,0.0110628018,0.0127237178,0.0100864051,0.0196472425,5.56318188,19.2872334,84.3261108,0.0,15.6738892,-24.7052155,-30.0,5.29478455,21.836916,20.1651001,92.0094452,0.0,84.3261108,15.6738892,84.3261108,0.0429095738,0.000114118557,2.50470543,0.397530764,1.32677174,5.22496367,0.207028821,5.0,0.631090164,5.29478455,5.56318188
sensitivity:r_s_x1.25:FixedSensitivity:2,sensitivity,r_s_x1.25,r_s,1.25,1.25,OU_III,FixedSensitivity,2,29,211,1103,1.5,,900.0,2.50470543,0.397530764,1.658464689449135,reconfigure,900.0,180000,0.0691165626,0.0671541989,0.073622793,0.12127284,4.60777044,4.47694635,4.90818596,8.61169338,0.376656651,19.5463943,0.0946514457,0.255168229,1.29257584,0.0110247424,0.01292447,0.010025451,0.0197255295,5.58529663,19.2539845,84.3666687,0.0,15.6333342,-24.6776123,-30.0,5.3223877,21.7868462,20.1212292,92.0344467,0.0,84.3666687,15.6333342,84.3666687,0.0457515866,0.000114523107,2.50470543,0.397530764,1.65846467,5.22496367,0.207028821,5.0,0.631090164,5.3223877,5.58529663
sensitivity:r_s_x1.5:FixedSensitivity:2,sensitivity,r_s_x1.5,r_s,1.5,1.5,OU_III,FixedSensitivity,2,29,211,1103,1.5,,900.0,2.50470543,0.397530764,1.990157627338962,reconfigure,900.0,180000,0.0716003403,0.0742894188,0.074318558,0.127156496,4.77335596,4.95262766,4.95457029,9.02949715,0.376656651,19.7311153,0.0934128016,0.265848964,1.33814716,0.0110305753,0.0130565194,0.00999454502,0.0197999291,5.5949626,19.2272816,84.1888885,0.0,15.8111115,-24.6605377,-30.0,5.33946228,21.7409153,20.0865841,92.0650024,0.0,84.1888885,15.8111115,84.1888885,0.0474424697,0.0001148585,2.50470543,0.397530764,1.9901576,5.22496367,0.207028821,5.0,0.631090164,5.33946228,5.5949626
sensitivity:sigma_aw_rs_x0.5:FixedSensitivity:2,sensitivity,sigma_aw_rs_x0.5,sigma_aw_rs,0.5,0.5,OU_III,FixedSensitivity,2,29,211,1103,1.5,,900.0,2.50470543,0.198765382,0.7324373889676343,reconfigure,900.0,180000,0.0756666958,0.0435052216,0.082623668,0.120186619,5.04444599,2.90034795,5.50824451,8.53455925,0.376656651,21.9360714,0.164922535,0.260639399,0.680055559,0.0115751727,0.0106304279,0.0165914632,0.0228531696,6.04100084,19.73209,83.8333359,0.0,16.1666679,-24.2988281,-30.0,5.70117188,22.2822971,20.492712,91.797226,0.0,83.8333359,16.1666679,83.8333359,0.0515673198,0.000109268985,2.50470543,0.198765382,0.732437372,5.22496367,0.207028821,5.0,0.631090164,5.70117188,6.04100084
sensitivity:sigma_aw_rs_x0.75:FixedSensitivity:2,sensitivity,sigma_aw_rs_x0.75,sigma_aw_rs,0.75,0.75,OU_III,FixedSensitivity,2,29,211,1103,1.5,,900.0,2.50470543,0.298148073,1.0368259794888302,reconfigure,900.0,180000,0.067882739,0.0498502217,0.0763264969,0.113661095,4.52551556,3.32334805,5.08843279,8.07117653,0.376656651,20.2642117,0.0571756475,0.190660164,1.00834191,0.0105237141,0.0109259384,0.0107874218,0.0186143257,5.67125034,19.4207058,84.1972275,0.0,15.8027782,-24.6108704,-30.0,5.38912964,22.0050793,20.2893848,91.9555588,0.0,84.1972275,15.8027782,84.1972275,0.0326673985,0.000112471163,2.50470543,0.298148066,1.03682601,5.22496367,0.207028821,5.0,0.631090164,5.38912964,5.67125034
sensitivity:sigma_aw_rs_x1:FixedSensitivity:2,sensitivity,sigma_aw_rs_x1,sigma_aw_rs,1,1.0,OU_III,FixedSensitivity,2,29,211,1103,1.5,,900.0,2.50470543,0.397530764,1.326771751559308,reconfigure,900.0,180000,0.0676969141,0.059611626,0.0741248056,0.11675147,4.51312733,3.97410822,4.94165373,8.29062653,0.376656651,19.6796741,0.0969602838,0.236897022,1.21106076,0.0110628018,0.0127237178,0.0100864051,0.0196472425,5.56318188,19.2872334,84.3261108,0.0,15.6738892,-24.7052155,-30.0,5.29478455,21.836916,20.1651001,92.0094452,0.0,84.3261108,15.6738892,84.3261108,0.0429095738,0.000114118557,2.50470543,0.397530764,1.32677174,5.22496367,0.207028821,5.0,0.631090164,5.29478455,5.56318188
sensitivity:sigma_aw_rs_x1.25:FixedSensitivity:2,sensitivity,sigma_aw_rs_x1.25,sigma_aw_rs,1.25,1.25,OU_III,FixedSensitivity,2,29,211,1103,1.5,,900.0,2.50470543,0.49691345499999995,1.6064305023245595,reconfigure,900.0,180000,0.0688747987,0.0659327209,0.0736322403,0.120468117,4.59165287,4.39551449,4.90881586,8.55454922,0.376656651,19.5489025,0.121386282,0.269463152,1.31148016,0.0117455469,0.0134729855,0.0105628716,0.020761827,5.51345348,19.2164764,84.3850021,0.0,15.6150007,-24.7456512,-30.0,5.25434875,21.7576771,20.1073208,92.0527802,0.0,84.3850021,15.6150007,84.3850021,0.0499196053,0.00011459228,2.50470543,0.496913463,1.60643053,5.22496367,0.207028821,5.0,0.631090164,5.25434875,5.51345348
sensitivity:sigma_aw_rs_x1.5:FixedSensitivity:2,sensitivity,sigma_aw_rs_x1.5,sigma_aw_rs,1.5,1.5,OU_III,FixedSensitivity,2,29,211,1103,1.5,,900.0,2.50470543,0.596296146,1.8781556506932744,reconfigure,900.0,180000,0.070733726,0.0717815161,0.0740081891,0.125032231,4.71558142,4.78543425,4.9338789,8.87865067,0.376656651,19.6487141,0.13529183,0.289690375,1.36925149,0.0123694222,0.0140860891,0.0112202726,0.0218475387,5.4961834,19.1857891,84.2061157,0.0,15.793889,-24.7671814,-30.0,5.2328186,21.7088394,20.0725689,92.0922241,0.0,84.2061157,15.793889,84.2061157,0.0541844741,0.000114754672,2.50470543,0.596296132,1.87815571,5.22496367,0.207028821,5.0,0.631090164,5.2328186,5.4961834
sensitivity:tau_rs_x0.5:FixedSensitivity:2,sensitivity,tau_rs_x0.5,tau_rs,0.5,0.5,OU_III,FixedSensitivity,2,29,211,1103,1.5,,900.0,1.252352715,0.397530764,0.1742642782410629,reconfigure,900.0,180000,0.136777341,0.103502482,0.185858384,0.252911329,9.11848927,6.90016508,12.3905582,17.9594612,0.376656651,49.3442459,0.55521059,1.76615024,13.915597,0.0506687164,0.0495175533,0.0240208618,0.0748084858,2.29308343,19.7472839,81.6383362,0.0,18.3616676,-28.1250916,-30.0,1.87490845,24.6697483,22.7444019,91.4494476,0.0,81.6383362,18.3616676,81.6383362,0.316530079,0.000665552798,1.25235271,0.397530764,0.174264282,5.22496367,0.207028821,5.0,0.631090164,1.87490845,2.29308343
sensitivity:tau_rs_x0.75:FixedSensitivity:2,sensitivity,tau_rs_x0.75,tau_rs,0.75,0.75,OU_III,FixedSensitivity,2,29,211,1103,1.5,,900.0,1.8785290725000001,0.397530764,0.5713525920518797,reconfigure,900.0,180000,0.0801417306,0.0433204845,0.09447667,0.131244823,5.34278202,2.8880322,6.29844427,9.31981277,0.376656651,25.0829697,0.16156742,0.320444077,0.655836523,0.0144197466,0.011957122,0.0116782961,0.0220745206,5.01371956,19.3260098,83.8161163,0.0,16.1838894,-25.2315979,-30.0,4.7684021,22.3591022,20.6600418,91.8122253,0.0,83.8161163,16.1838894,83.8161163,0.0608636215,0.000116248055,1.87852907,0.397530764,0.571352601,5.22496367,0.207028821,5.0,0.631090164,4.7684021,5.01371956
sensitivity:tau_rs_x1:FixedSensitivity:2,sensitivity,tau_rs_x1,tau_rs,1,1.0,OU_III,FixedSensitivity,2,29,211,1103,1.5,,900.0,2.50470543,0.397530764,1.326771751559308,reconfigure,900.0,180000,0.0676969141,0.059611626,0.0741248056,0.11675147,4.51312733,3.97410822,4.94165373,8.29062653,0.376656651,19.6796741,0.0969602838,0.236897022,1.21106076,0.0110628018,0.0127237178,0.0100864051,0.0196472425,5.56318188,19.2872334,84.3261108,0.0,15.6738892,-24.7052155,-30.0,5.29478455,21.836916,20.1651001,92.0094452,0.0,84.3261108,15.6738892,84.3261108,0.0429095738,0.000114118557,2.50470543,0.397530764,1.32677174,5.22496367,0.207028821,5.0,0.631090164,5.29478455,5.56318188
sensitivity:tau_rs_x1.25:FixedSensitivity:2,sensitivity,tau_rs_x1.25,tau_rs,1.25,1.25,OU_III,FixedSensitivity,2,29,211,1103,1.5,,900.0,3.1308817875,0.397530764,2.5503754051943437,reconfigure,900.0,180000,0.08017537,0.0912719071,0.0786235332,0.14470768,5.34502459,6.08479357,5.24156857,10.2758217,0.376656651,20.8740597,0.0768570304,0.266445637,1.3707788,0.010752406,0.0130086914,0.00983374938,0.0195331238,5.64172745,19.2169762,84.2016678,0.0,15.7983341,-24.6094818,-30.0,5.39051819,21.7112255,20.06213,92.0744476,0.0,84.2016678,15.7983341,84.2016678,0.0466020815,0.000115372073,3.13088179,0.397530764,2.55037546,5.22496367,0.207028821,5.0,0.631090164,5.39051819,5.64172745
sensitivity:tau_rs_x1.5:FixedSensitivity:2,sensitivity,tau_rs_x1.5,tau_rs,1.5,1.5,OU_III,FixedSensitivity,2,29,211,1103,1.5,,900.0,3.7570581450000002,0.397530764,4.350027940126623,reconfigure,900.0,180000,0.107684501,0.132872969,0.0962723568,0.196263969,7.17896652,8.85819721,6.4181571,13.9368801,0.376656651,25.5597115,0.0643900186,0.258295238,1.37796223,0.0107168667,0.0131425541,0.00986067299,0.0196165964,5.65753889,19.2272949,84.461113,0.0,15.5388889,-24.5567322,-30.0,5.44326782,21.7064362,20.050684,92.0722198,0.0,84.461113,15.5388889,84.461113,0.0445660166,0.00011658961,3.75705814,0.397530764,4.35002804,5.22496367,0.207028821,5.0,0.631090164,5.44326782,5.65753889
low_motion:Hs0.27:Adaptive:2,low_motion,Hs0.27,,,,OU_III,Adaptive,2,29,211,1103,0.27,,900.0,adaptive,adaptive,adaptive,reconfigure,900.0,180000,0.00825663842,0.00940044597,0.0112381335,0.0168177318,3.05801415,3.48164654,4.1622715,8.80823326,0.0549178533,20.4635353,0.287797183,0.216888815,0.705161691,0.00648927921,0.00552213052,0.0107942531,0.0137521122,-0.549022317,0.554121614,0.195555568,0.0,99.8044434,29.3407593,30.0,-0.659240723,2.04558539,1.93652153,0.808888912,0.195555568,0.0,99.8044434,0.195555568,0.0623363182,0.000110633533,1.59618258,0.071097672,0.156001717,3.19942665,0.395209193,2.94249821,0.0360781439,0.659240723,0.549022317
low_motion:Hs0.05:Adaptive:2,low_motion,Hs0.05,,,,OU_III,Adaptive,2,29,211,1103,0.05,,900.0,adaptive,adaptive,adaptive,reconfigure,900.0,180000,0.00734528247,0.00995252095,0.00903597567,0.0153184431,14.6905651,19.9050426,18.0719509,43.3241158,0.0101699848,88.8494568,0.162977815,0.268850863,0.921819925,0.00421807636,0.00391228124,0.00590325892,0.00824297126,nan,nan,0.0,0.0,100.0,nan,30.0,nan,nan,nan,0.0,0.0,0.0,100.0,0.0,0.0544072054,0.000104992541,3.65095544,0.0500000007,0.150003538,7.2840395,0.200000003,4.99993229,0.00104975887,nan,nan
transition_rate:controlled:Adaptive:2,transition_rate,controlled,,,,OU_III,Adaptive,2,29,211,1103,4.0,120.0,900.0,adaptive,adaptive,adaptive,reconfigure,900.0,180000,0.305231333,0.196092531,0.18742016,0.408343941,7.63078308,4.90231323,4.68550396,9.93387794,0.883266568,21.2189808,0.0847673193,0.245227754,1.34301782,0.0126788588,0.0140175531,0.0100802314,0.0214209314,2.03526783,20.1188393,86.2094498,0.126666665,13.6638889,-27.6792603,-30.0,2.32073975,22.5354614,21.218132,95.8427811,24.4044456,61.9316673,13.6638889,61.9316673,0.0436177589,0.00011814195,4.8282814,0.467010498,9.90283585,9.67925262,0.200000003,5.0,0.293881238,2.32073975,2.03526783
transition_rate:controlled:FixedNominal:2,transition_rate,controlled,,,,OU_III,FixedNominal,2,29,211,1103,4.0,120.0,900.0,2.50470543,0.397530764,1.326771751559308,reconfigure,900.0,180000,0.574697554,0.37345916,0.445873678,0.817650497,14.3674393,9.33647919,11.146842,19.8911743,0.883266568,50.4800797,0.348359972,1.21685219,6.3988595,0.0353670008,0.0348083526,0.0155290328,0.051996123,2.37404418,21.6521797,85.2738876,0.353888899,14.3722229,-28.100235,-30.0,1.89976501,24.1657276,22.4621601,95.9122238,6.45444441,79.1733322,14.3722229,79.1733322,0.21490103,0.000432225002,2.50470543,0.397530764,1.32677174,9.67925262,0.200000003,5.0,0.350780845,1.89976501,2.37404418
transition_rate:rapid:Adaptive:2,transition_rate,rapid,,,,OU_III,Adaptive,2,29,211,1103,4.0,30.0,900.0,adaptive,adaptive,adaptive,reconfigure,900.0,180000,0.30678463,0.198814198,0.188948303,0.411515921,7.66961575,4.97035503,4.72370768,10.0110435,0.887939572,21.2794113,0.0878202766,0.241855875,1.32614708,0.0127638718,0.0140742632,0.0101544457,0.0215433072,1.69607913,19.5438042,87.2405548,0.12833333,12.6311111,-28.103241,-30.0,1.89675903,21.1407852,20.0737267,96.1505585,24.4083347,62.960556,12.6311111,62.960556,0.0432028137,0.000118659344,4.82828188,0.467010409,9.90284634,9.67924786,0.200000003,5.0,0.293881088,1.89675903,1.69607913
transition_rate:rapid:FixedNominal:2,transition_rate,rapid,,,,OU_III,FixedNominal,2,29,211,1103,4.0,30.0,900.0,2.50470543,0.397530764,1.326771751559308,reconfigure,900.0,180000,0.577489197,0.378776759,0.447995394,0.823204398,14.4372301,9.46941853,11.1998844,20.0262852,0.887939572,50.4533615,0.356699824,1.23013604,6.48369122,0.0356889926,0.0353147537,0.0156139145,0.0525797494,1.95997548,21.2087097,86.4916687,0.335555553,13.1727781,-28.5793915,-30.0,1.42060852,22.5941429,21.1853695,96.1577759,6.52222252,80.3050003,13.1727781,80.3050003,0.217481762,0.000433147827,2.50470543,0.397530764,1.32677174,9.67924786,0.200000003,5.0,0.350780845,1.42060852,1.95997548
sensitivity:tau_x0.5:FixedSensitivity:3,sensitivity,tau_x0.5,tau,0.5,0.5,OU_III,FixedSensitivity,3,47,307,1201,1.5,,900.0,1.252352715,0.397530764,1.326771751559308,reconfigure,900.0,180000,0.0679088831,0.0501066968,0.0765457377,0.113936596,4.52725887,3.34044623,5.1030488,8.02140522,0.387912065,19.7327557,0.305689752,0.09333013,0.931864142,0.013087539,0.015384567,0.0122176325,0.0236059129,7.58244705,19.2385998,85.5755539,0.0,14.4244452,-22.2543335,-30.0,7.7456665,21.5595131,18.9921055,93.8022232,0.0,85.5755539,14.4244452,85.5755539,0.0531778187,0.000118428521,1.25235271,0.397530764,1.32677174,4.34786606,0.365893871,4.02416754,0.709677517,7.7456665,7.58244705
sensitivity:tau_x0.75:FixedSensitivity:3,sensitivity,tau_x0.75,tau,0.75,0.75,OU_III,FixedSensitivity,3,47,307,1201,1.5,,900.0,1.8785290725000001,0.397530764,1.326771751559308,reconfigure,900.0,180000,0.0661205575,0.0557360277,0.073387675,0.113420382,4.40803719,3.71573496,4.89251137,7.9850626,0.387912065,18.9186363,0.325278103,0.0789991319,1.02654803,0.0121230735,0.0152946971,0.0118628899,0.0228391066,7.66885376,19.2706566,85.6122208,0.0,14.3877783,-22.1568756,-30.0,7.84312439,21.596426,18.9883385,93.8027802,0.0,85.6122208,14.3877783,85.6122208,0.0558156408,0.00011758296,1.87852907,0.397530764,1.32677174,4.34786606,0.365893871,4.02416754,0.709677517,7.84312439,7.66885376
sensitivity:tau_x1:FixedSensitivity:3,sensitivity,tau_x1,tau,1,1.0,OU_III,FixedSensitivity,3,47,307,1201,1.5,,900.0,2.50470543,0.397530764,1.326771751559308,reconfigure,900.0,180000,0.0657242388,0.0605632998,0.0719788298,0.11475426,4.38161564,4.03755331,4.79858828,8.07897091,0.387912065,18.5554504,0.343587101,0.0781452656,1.07789111,0.0115389321,0.0152466036,0.0118467901,0.0224933848,7.7350173,19.2979698,85.6261139,0.0,14.373889,-22.0845032,-30.0,7.91549683,21.6310329,18.9931049,93.8083344,0.0,85.6261139,14.373889,85.6261139,0.0588788465,0.000117197451,2.50470543,0.397530764,1.32677174,4.34786606,0.365893871,4.02416754,0.709677517,7.91549683,7.7350173
sensitivity:tau_x1.25:FixedSensitivity:3,sensitivity,tau_x1.25,tau,1.25,1.25,OU_III,FixedSensitivity,3,47,307,1201,1.5,,900.0,3.1308817875,0.397530764,1.326771751559308,reconfigure,900.0,180000,0.0659448802,0.0647759661,0.0713514015,0.116771892,4.39632511,4.31839752,4.75676012,8.22101688,0.387912065,18.3937054,0.361420572,0.077664353,1.10721362,0.0111371679,0.0152310338,0.012022486,0.0223732218,7.80141973,19.3258896,85.6016693,0.0,14.3983335,-22.0140228,-30.0,7.98597717,21.6702881,19.0035782,93.8038864,0.0,85.6016693,14.3983335,85.6016693,0.0618779734,0.000116963791,3.13088179,0.397530764,1.32677174,4.34786606,0.365893871,4.02416754,0.709677517,7.98597717,7.80141973
sensitivity:tau_x1.5:FixedSensitivity:3,sensitivity,tau_x1.5,tau,1.5,1.5,OU_III,FixedSensitivity,3,47,307,1201,1.5,,900.0,3.7570581450000002,0.397530764,1.326771751559308,reconfigure,900.0,180000,0.0664646029,0.0685224384,0.0711490288,0.119059034,4.43097353,4.56816244,4.74326849,8.38203716,0.387912065,18.3415356,0.379038811,0.0764118433,1.12383199,0.0108418483,0.0152393971,0.0123193972,0.0223953668,7.85972261,19.3547401,85.5938873,0.0,14.4061117,-21.9487305,-30.0,8.05126953,21.7068367,19.0144997,93.8005524,0.0,85.5938873,14.4061117,85.5938873,0.0648162514,0.000116782539,3.75705814,0.397530764,1.32677174,4.34786606,0.365893871,4.02416754,0.709677517,8.05126953,7.85972261
sensitivity:sigma_aw_x0.5:FixedSensitivity:3,sensitivity,sigma_aw_x0.5,sigma_aw,0.5,0.5,OU_III,FixedSensitivity,3,47,307,1201,1.5,,900.0,2.50470543,0.198765382,1.326771751559308,reconfigure,900.0,180000,0.0663066283,0.0525600165,0.072033748,0.111121491,4.42044163,3.5040009,4.80224991,7.82321548,0.387912065,18.5696068,0.564217806,0.150205672,1.02148557,0.01041611,0.0154656554,0.0184746329,0.0262486916,8.41952801,19.6871891,85.4333344,0.0,14.5666666,-21.3428345,-30.0,8.65716553,22.0459499,19.1337643,93.6949997,0.0,85.4333344,14.5666666,85.4333344,0.0987377539,0.000114135408,2.50470543,0.198765382,1.32677174,4.34786606,0.365893871,4.02416754,0.709677517,8.65716553,8.41952801
sensitivity:sigma_aw_x0.75:FixedSensitivity:3,sensitivity,sigma_aw_x0.75,sigma_aw,0.75,0.75,OU_III,FixedSensitivity,3,47,307,1201,1.5,,900.0,2.50470543,0.298148073,1.326771751559308,reconfigure,900.0,180000,0.0657506287,0.0584359877,0.0719645172,0.11365211,4.38337517,3.8957324,4.79763412,8.00137711,0.387912065,18.5517597,0.398417056,0.0813823715,1.05814159,0.0108621614,0.0144518102,0.0131256822,0.0223411024,7.90967751,19.3883381,85.5733337,0.0,14.4266672,-21.8911591,-30.0,8.10884094,21.7298145,19.0237865,93.7816696,0.0,85.5733337,14.4266672,85.5733337,0.068259947,0.000115356597,2.50470543,0.298148066,1.32677174,4.34786606,0.365893871,4.02416754,0.709677517,8.10884094,7.90967751
sensitivity:sigma_aw_x1:FixedSensitivity:3,sensitivity,sigma_aw_x1,sigma_aw,1,1.0,OU_III,FixedSensitivity,3,47,307,1201,1.5,,900.0,2.50470543,0.397530764,1.326771751559308,reconfigure,900.0,180000,0.0657242388,0.0605632998,0.0719788298,0.11475426,4.38161564,4.03755331,4.79858828,8.07897091,0.387912065,18.5554504,0.343587101,0.0781452656,1.07789111,0.0115389321,0.0152466036,0.0118467901,0.0224933848,7.7350173,19.2979698,85.6261139,0.0,14.373889,-22.0845032,-30.0,7.91549683,21.6310329,18.9931049,93.8083344,0.0,85.6261139,14.373889,85.6261139,0.0588788465,0.000117197451,2.50470543,0.397530764,1.32677174,4.34786606,0.365893871,4.02416754,0.709677517,7.91549683,7.7350173
sensitivity:sigma_aw_x1.25:FixedSensitivity:3,sensitivity,sigma_aw_x1.25,sigma_aw,1.25,1.25,OU_III,FixedSensitivity,3,47,307,1201,1.5,,900.0,2.50470543,0.49691345499999995,1.326771751559308,reconfigure,900.0,180000,0.0657389984,0.0604850166,0.0720071942,0.114739224,4.38259983,4.03233433,4.80047941,8.07791233,0.387912065,18.5627613,0.319901258,0.0840507075,1.09159541,0.0121976752,0.015657058,0.0117238825,0.0230515972,7.65431929,19.247797,85.6355591,0.0,14.3644447,-22.1633759,-30.0,7.83662415,21.5778217,18.9713364,93.8199997,0.0,85.6355591,14.3644447,85.6355591,0.0551136881,0.00011734591,2.50470543,0.496913463,1.32677174,4.34786606,0.365893871,4.02416754,0.709677517,7.83662415,7.65431929
sensitivity:sigma_aw_x1.5:FixedSensitivity:3,sensitivity,sigma_aw_x1.5,sigma_aw,1.5,1.5,OU_III,FixedSensitivity,3,47,307,1201,1.5,,900.0,2.50470543,0.596296146,1.326771751559308,reconfigure,900.0,180000,0.065753758,0.0603968352,0.0720472559,0.11472638,4.38358355,4.0264554,4.80315018,8.07700825,0.387912065,18.5730896,0.307251036,0.0889776275,1.10042429,0.012772142,0.0160606448,0.0119493948,0.0237457361,7.6170516,19.2244282,85.6411133,0.0,14.3588896,-22.2066345,-30.0,7.79336548,21.5498562,18.9599323,93.8311081,0.0,85.6411133,14.3588896,85.6411133,0.0532147214,0.000117325406,2.50470543,0.596296132,1.32677174,4.34786606,0.365893871,4.02416754,0.709677517,7.79336548,7.6170516
sensitivity:r_s_x0.5:FixedSensitivity:3,sensitivity,r_s_x0.5,r_s,0.5,0.5,OU_III,FixedSensitivity,3,47,307,1201,1.5,,900.0,2.50470543,0.397530764,0.663385875779654,reconfigure,900.0,180000,0.0735612437,0.0440016948,0.084608227,0.120440684,4.90408278,2.93344617,5.64054823,8.47930813,0.387912065,21.8111877,0.317717493,0.238604575,0.827359498,0.0133891525,0.0137093142,0.0130117321,0.0231628995,7.52781916,19.2867146,85.5005569,0.0,14.499445,-22.3042908,-30.0,7.69570923,21.6093941,19.0685539,93.7422256,0.0,85.5005569,14.499445,85.5005569,0.0667863116,0.00012183065,2.50470543,0.397530764,0.663385868,4.34786606,0.365893871,4.02416754,0.709677517,7.69570923,7.52781916
sensitivity:r_s_x0.75:FixedSensitivity:3,sensitivity,r_s_x0.75,r_s,0.75,0.75,OU_III,FixedSensitivity,3,47,307,1201,1.5,,900.0,2.50470543,0.397530764,0.995078813669481,reconfigure,900.0,180000,0.067168802,0.0516818687,0.0753807798,0.113423653,4.47792006,3.4454577,5.0253849,7.98529291,0.387912065,19.4324398,0.336057901,0.0941281095,0.949759781,0.0119179999,0.0147306537,0.0121265529,0.0224963147,7.68560886,19.2980824,85.5833359,0.0,14.416667,-22.1392212,-30.0,7.86077881,21.6283741,19.0147705,93.7850037,0.0,85.5833359,14.416667,85.5833359,0.0583138019,0.000117958858,2.50470543,0.397530764,0.995078802,4.34786606,0.365893871,4.02416754,0.709677517,7.86077881,7.68560886
sensitivity:r_s_x1:FixedSensitivity:3,sensitivity,r_s_x1,r_s,1,1.0,OU_III,FixedSensitivity,3,47,307,1201,1.5,,900.0,2.50470543,0.397530764,1.326771751559308,reconfigure,900.0,180000,0.0657242388,0.0605632998,0.0719788298,0.11475426,4.38161564,4.03755331,4.79858828,8.07897091,0.387912065,18.5554504,0.343587101,0.0781452656,1.07789111,0.0115389321,0.0152466036,0.0118467901,0.0224933848,7.7350173,19.2979698,85.6261139,0.0,14.373889,-22.0845032,-30.0,7.91549683,21.6310329,18.9931049,93.8083344,0.0,85.6261139,14.373889,85.6261139,0.0588788465,0.000117197451,2.50470543,0.397530764,1.32677174,4.34786606,0.365893871,4.02416754,0.709677517,7.91549683,7.7350173
sensitivity:r_s_x1.25:FixedSensitivity:3,sensitivity,r_s_x1.25,r_s,1.25,1.25,OU_III,FixedSensitivity,3,47,307,1201,1.5,,900.0,2.50470543,0.397530764,1.658464689449135,reconfigure,900.0,180000,0.0666272268,0.0693195015,0.0711573288,0.119614989,4.4418149,4.62129974,4.74382162,8.42117786,0.387912065,18.3436737,0.347757965,0.0864754692,1.14817238,0.0114083719,0.0155411158,0.011724689,0.0225642547,7.75939894,19.290905,85.6144485,0.0,14.3855562,-22.0543823,-30.0,7.94561768,21.6329041,18.9815998,93.8177795,0.0,85.6144485,14.3855562,85.6144485,0.0598926805,0.000117073658,2.50470543,0.397530764,1.65846467,4.34786606,0.365893871,4.02416754,0.709677517,7.94561768,7.75939894
sensitivity:r_s_x1.5:FixedSensitivity:3,sensitivity,r_s_x1.5,r_s,1.5,1.5,OU_III,FixedSensitivity,3,47,307,1201,1.5,,900.0,2.50470543,0.397530764,1.990157627338962,reconfigure,900.0,180000,0.0687242225,0.0777034983,0.0717198774,0.126113415,4.58161449,5.180233,4.78132486,8.87868214,0.387912065,18.4886932,0.350423753,0.0944616422,1.18889868,0.0113594839,0.0157330297,0.0116615966,0.0226397645,7.77246952,19.2861614,85.6394501,0.0,14.3605556,-22.0380859,-30.0,7.96191406,21.6292095,18.9746418,93.8433304,0.0,85.6394501,14.3605556,85.6394501,0.0606612116,0.000117157935,2.50470543,0.397530764,1.9901576,4.34786606,0.365893871,4.02416754,0.709677517,7.96191406,7.77246952
sensitivity:sigma_aw_rs_x0.5:FixedSensitivity:3,sensitivity,sigma_aw_rs_x0.5,sigma_aw_rs,0.5,0.5,OU_III,FixedSensitivity,3,47,307,1201,1.5,,900.0,2.50470543,0.198765382,0.7324373889676343,reconfigure,900.0,180000,0.0750530958,0.0439533815,0.0818822309,0.119455293,5.00353956,2.93022537,5.4588151,8.40993404,0.387912065,21.1084518,0.542629302,0.309725732,0.86243099,0.012256355,0.0138753997,0.0197236259,0.0270511806,8.22466946,19.6361885,85.2411118,0.0,14.7588892,-21.497818,-30.0,8.50218201,22.026535,19.1891727,93.628334,0.0,85.2411118,14.7588892,85.2411118,0.105899595,0.000116879077,2.50470543,0.198765382,0.732437372,4.34786606,0.365893871,4.02416754,0.709677517,8.50218201,8.22466946
sensitivity:sigma_aw_rs_x0.75:FixedSensitivity:3,sensitivity,sigma_aw_rs_x0.75,sigma_aw_rs,0.75,0.75,OU_III,FixedSensitivity,3,47,307,1201,1.5,,900.0,2.50470543,0.298148073,1.0368259794888302,reconfigure,900.0,180000,0.0667717233,0.0511371456,0.0746957585,0.11248523,4.45144796,3.40914297,4.97971725,7.91922522,0.387912065,19.2558479,0.391738683,0.110266946,0.958598971,0.0112207653,0.0139792282,0.0134191392,0.0223919097,7.86942625,19.3907394,85.5366669,0.0,14.4633341,-21.9402161,-30.0,8.05978394,21.729105,19.0427265,93.7577744,0.0,85.5366669,14.4633341,85.5366669,0.0683482736,0.000115882685,2.50470543,0.298148066,1.03682601,4.34786606,0.365893871,4.02416754,0.709677517,8.05978394,7.86942625
sensitivity:sigma_aw_rs_x1:FixedSensitivity:3,sensitivity,sigma_aw_rs_x1,sigma_aw_rs,1,1.0,OU_III,FixedSensitivity,3,47,307,1201,1.5,,900.0,2.50470543,0.397530764,1.326771751559308,reconfigure,900.0,180000,0.0657242388,0.0605632998,0.0719788298,0.11475426,4.38161564,4.03755331,4.79858828,8.07897091,0.387912065,18.5554504,0.343587101,0.0781452656,1.07789111,0.0115389321,0.0152466036,0.0118467901,0.0224933848,7.7350173,19.2979698,85.6261139,0.0,14.373889,-22.0845032,-30.0,7.91549683,21.6310329,18.9931049,93.8083344,0.0,85.6261139,14.373889,85.6261139,0.0588788465,0.000117197451,2.50470543,0.397530764,1.32677174,4.34786606,0.365893871,4.02416754,0.709677517,7.91549683,7.7350173
sensitivity:sigma_aw_rs_x1.25:FixedSensitivity:3,sensitivity,sigma_aw_rs_x1.25,sigma_aw_rs,1.25,1.25,OU_III,FixedSensitivity,3,47,307,1201,1.5,,900.0,2.50470543,0.49691345499999995,1.6064305023245595,reconfigure,900.0,180000,0.0663713291,0.0678771362,0.0711804703,0.118655458,4.4247551,4.52514219,4.74536467,8.35362434,0.387912065,18.3496418,0.32335043,0.0957330689,1.15480483,0.0120961918,0.0159032904,0.0116434433,0.0231257919,7.68099594,19.2470188,85.6366653,0.0,14.3633337,-22.1363068,-30.0,7.86369324,21.5817204,18.9628429,93.8344421,0.0,85.6366653,14.3633337,85.6366653,0.0562250689,0.000117223317,2.50470543,0.496913463,1.60643053,4.34786606,0.365893871,4.02416754,0.709677517,7.86369324,7.68099594
sensitivity:sigma_aw_rs_x1.5:FixedSensitivity:3,sensitivity,sigma_aw_rs_x1.5,sigma_aw_rs,1.5,1.5,OU_III,FixedSensitivity,3,47,307,1201,1.5,,900.0,2.50470543,0.596296146,1.8781556506932744,reconfigure,900.0,180000,0.0678531975,0.0747153088,0.0714038387,0.123632282,4.52354622,4.98102045,4.76025581,8.70400429,0.387912065,18.4072227,0.312777132,0.112662755,1.20336699,0.0126451021,0.0164585095,0.011856446,0.0239030644,7.64964008,19.2172871,85.6633377,0.0,14.3366671,-22.1673889,-30.0,7.83261108,21.5466003,18.9428673,93.8600006,0.0,85.6633377,14.3366671,85.6633377,0.0553799048,0.000117235824,2.50470543,0.596296132,1.87815571,4.34786606,0.365893871,4.02416754,0.709677517,7.83261108,7.64964008
sensitivity:tau_rs_x0.5:FixedSensitivity:3,sensitivity,tau_rs_x0.5,tau_rs,0.5,0.5,OU_III,FixedSensitivity,3,47,307,1201,1.5,,900.0,1.252352715,0.397530764,0.1742642782410629,reconfigure,900.0,180000,0.140651196,0.110690877,0.19146055,0.262092292,9.37674618,7.37939167,12.7640362,18.4519157,0.387912065,49.3566895,0.255887151,1.87227035,15.3583975,0.0549202263,0.0544475615,0.0259102378,0.0815604553,4.86802769,18.8243027,85.3116684,0.0,14.6883335,-25.0140381,-30.0,4.98596191,21.2731209,19.5795078,93.8611145,0.0,85.3116684,14.6883335,85.3116684,0.322946548,0.000554044207,1.25235271,0.397530764,0.174264282,4.34786606,0.365893871,4.02416754,0.709677517,4.98596191,4.86802769
sensitivity:tau_rs_x0.75:FixedSensitivity:3,sensitivity,tau_rs_x0.75,tau_rs,0.75,0.75,OU_III,FixedSensitivity,3,47,307,1201,1.5,,900.0,1.8785290725000001,0.397530764,0.5713525920518797,reconfigure,900.0,180000,0.0809128433,0.0426424555,0.0947528556,0.131694227,5.39418936,2.84283018,6.31685686,9.27158451,0.387912065,24.4263744,0.280927896,0.45555079,1.25650084,0.0163512509,0.013506446,0.0140870064,0.0254603829,7.2567668,19.2548504,85.4466705,0.0,14.5533333,-22.5755615,-30.0,7.42443848,21.5642567,19.1373005,93.714447,0.0,85.4466705,14.5533333,85.4466705,0.090737924,0.000129936248,1.87852907,0.397530764,0.571352601,4.34786606,0.365893871,4.02416754,0.709677517,7.42443848,7.2567668
sensitivity:tau_rs_x1:FixedSensitivity:3,sensitivity,tau_rs_x1,tau_rs,1,1.0,OU_III,FixedSensitivity,3,47,307,1201,1.5,,900.0,2.50470543,0.397530764,1.326771751559308,reconfigure,900.0,180000,0.0657242388,0.0605632998,0.0719788298,0.11475426,4.38161564,4.03755331,4.79858828,8.07897091,0.387912065,18.5554504,0.343587101,0.0781452656,1.07789111,0.0115389321,0.0152466036,0.0118467901,0.0224933848,7.7350173,19.2979698,85.6261139,0.0,14.373889,-22.0845032,-30.0,7.91549683,21.6310329,18.9931049,93.8083344,0.0,85.6261139,14.373889,85.6261139,0.0588788465,0.000117197451,2.50470543,0.397530764,1.32677174,4.34786606,0.365893871,4.02416754,0.709677517,7.91549683,7.7350173
sensitivity:tau_rs_x1.25:FixedSensitivity:3,sensitivity,tau_rs_x1.25,tau_rs,1.25,1.25,OU_III,FixedSensitivity,3,47,307,1201,1.5,,900.0,3.1308817875,0.397530764,2.5503754051943437,reconfigure,900.0,180000,0.0764707476,0.0977577567,0.0763294175,0.145707026,5.09804964,6.5171833,5.08862782,10.2581186,0.387912065,19.6769905,0.370136499,0.0968520269,1.22781622,0.0110131353,0.0158707686,0.0118118748,0.0226426758,7.86752224,19.3617496,85.6594467,0.0,14.3405561,-21.9559174,-30.0,8.04408264,21.6462879,18.9616337,93.8027802,0.0,85.6594467,14.3405561,85.6594467,0.0639921278,0.000117454059,3.13088179,0.397530764,2.55037546,4.34786606,0.365893871,4.02416754,0.709677517,8.04408264,7.86752224
sensitivity:tau_rs_x1.5:FixedSensitivity:3,sensitivity,tau_rs_x1.5,tau_rs,1.5,1.5,OU_III,FixedSensitivity,3,47,307,1201,1.5,,900.0,3.7570581450000002,0.397530764,4.350027940126623,reconfigure,900.0,180000,0.101010665,0.145765275,0.0968768746,0.202078685,6.73404408,9.71768475,6.45845795,14.2268162,0.387912065,24.9739285,0.389980704,0.0959406048,1.25220609,0.010881315,0.0161999073,0.0120930439,0.02295826,7.92324209,19.3776989,85.6727829,0.0,14.3272228,-21.8699036,-30.0,8.13009644,21.666769,18.9580975,93.8138885,0.0,85.6727829,14.3272228,85.6727829,0.0670843124,0.000118466967,3.75705814,0.397530764,4.35002804,4.34786606,0.365893871,4.02416754,0.709677517,8.13009644,7.92324209
low_motion:Hs0.27:Adaptive:3,low_motion,Hs0.27,,,,OU_III,Adaptive,3,47,307,1201,0.27,,900.0,adaptive,adaptive,adaptive,reconfigure,900.0,180000,0.00820255186,0.00934226532,0.0110175926,0.0166116562,3.03798199,3.46009827,4.08058977,9.23613071,0.0518298075,21.2572536,0.184329107,0.086393863,1.1299026,0.00612536957,0.0051616095,0.00989673287,0.012732151,4.15920734,4.15950298,0.0155555559,0.0,99.9844437,34.8420105,30.0,4.8420105,5.68956423,2.97501564,0.479444444,0.0155555559,0.0,99.9844437,0.0155555559,0.0336162075,0.000100785408,1.57063568,0.203040972,0.172534704,3.16243458,0.368042409,3.34599304,0.0576485395,4.8420105,4.15920734
low_motion:Hs0.05:Adaptive:3,low_motion,Hs0.05,,,,OU_III,Adaptive,3,47,307,1201,0.05,,900.0,adaptive,adaptive,adaptive,reconfigure,900.0,180000,0.00769876922,0.0108253844,0.0093940692,0.0162698664,15.3975382,21.6507683,18.7881393,48.8489075,0.00959808566,97.8744049,0.257816315,0.129124582,0.547485352,0.00412076013,0.00399061339,0.00582322199,0.00817407947,nan,nan,0.0,0.0,100.0,nan,30.0,nan,nan,nan,0.0,0.0,0.0,100.0,0.0,0.0486486033,0.000121459278,2.88975048,0.0500000007,0.150003672,5.76051474,0.200003758,4.99974442,0.00192079355,nan,nan
transition_rate:controlled:Adaptive:3,transition_rate,controlled,,,,OU_III,Adaptive,3,47,307,1201,4.0,120.0,900.0,adaptive,adaptive,adaptive,reconfigure,900.0,180000,0.279956281,0.217038408,0.18560642,0.399913639,6.99890709,5.42596006,4.64016056,12.6356945,0.855995059,21.6831188,0.341792673,0.0953642428,1.20407641,0.0124529246,0.0165398922,0.0113204252,0.0235965122,4.7043972,22.6798477,86.9027786,0.326111108,12.7711115,-25.2307434,-30.0,4.76925659,25.1590614,23.0676861,96.2750015,22.04389,65.1850052,12.7711115,65.1850052,0.0589990206,0.000115581839,4.73695278,0.480979502,10.3837023,9.49003696,0.200000003,5.0,0.330702901,4.76925659,4.7043972
transition_rate:controlled:FixedNominal:3,transition_rate,controlled,,,,OU_III,FixedNominal,3,47,307,1201,4.0,120.0,900.0,2.50470543,0.397530764,1.326771751559308,reconfigure,900.0,180000,0.568405569,0.36203447,0.427195132,0.79790318,14.2101393,9.05086136,10.6798782,25.2105961,0.855995059,49.9062614,0.292143494,1.11565375,6.33072329,0.03531361,0.0347442143,0.0167660005,0.0523001924,4.2694931,23.0124512,86.3261108,0.50999999,13.1638889,-24.9516144,-30.0,5.04838562,25.1914673,22.8871784,96.3811111,65.0849991,21.751112,13.1638889,65.0849991,0.194482177,0.000326013018,2.50470543,0.397530764,1.32677174,9.49003696,0.200000003,5.0,0.389747292,5.04838562,4.2694931
transition_rate:rapid:Adaptive:3,transition_rate,rapid,,,,OU_III,Adaptive,3,47,307,1201,4.0,30.0,900.0,adaptive,adaptive,adaptive,reconfigure,900.0,180000,0.284838051,0.219953984,0.189380854,0.406666428,7.12095118,5.49884939,4.73452139,12.8490553,0.855795681,22.1292133,0.33752507,0.097303845,1.2189914,0.0125884451,0.0166533608,0.0113395927,0.0237568878,4.37622023,22.8823357,87.3711166,0.325000018,12.3038893,-25.5546875,-30.0,4.4453125,25.3176174,23.3373833,96.5005569,22.042778,65.6533356,12.3038893,65.6533356,0.0583369248,0.000116910924,4.73695469,0.480979502,10.3837204,9.49004078,0.200000003,5.0,0.330702901,4.4453125,4.37622023
transition_rate:rapid:FixedNominal:3,transition_rate,rapid,,,,OU_III,FixedNominal,3,47,307,1201,4.0,30.0,900.0,2.50470543,0.397530764,1.326771751559308,reconfigure,900.0,180000,0.56937629,0.362098753,0.428039879,0.799076319,14.2344074,9.05246925,10.7009974,25.2476616,0.855795681,50.0165977,0.289574355,1.11574972,6.31993484,0.0353118554,0.0347360857,0.0167702883,0.0522949882,3.9520762,23.1989117,86.886116,0.507222235,12.6066666,-25.2812805,-30.0,4.71871948,25.349617,23.1645584,96.5933304,65.6433334,21.75,12.6066666,65.6433334,0.194377616,0.000327510847,2.50470543,0.397530764,1.32677174,9.49004078,0.200000003,5.0,0.389747292,4.71871948,3.9520762
sensitivity:tau_x0.5:FixedSensitivity:4,sensitivity,tau_x0.5,tau,0.5,0.5,OU_III,FixedSensitivity,4,71,401,1301,1.5,,900.0,1.252352715,0.397530764,1.326771751559308,reconfigure,900.0,180000,0.0714335069,0.0493422039,0.0828162879,0.11998307,4.76223373,3.28948021,5.52108574,8.13003063,0.406309724,20.3825512,0.16217953,0.308025151,0.96261394,0.0150474021,0.0128368754,0.0121610332,0.0232185367,4.04104567,17.4590435,83.6066666,0.0511111133,16.3422222,-25.4896088,-30.0,4.51039124,20.8453674,18.6425323,92.6138916,63.6644478,19.9933338,16.3422222,63.6644478,0.0590716004,0.000112133996,1.25235271,0.397530764,1.32677174,5.07493067,0.312303722,4.06380987,0.236051485,4.51039124,4.04104567
sensitivity:tau_x0.75:FixedSensitivity:4,sensitivity,tau_x0.75,tau,0.75,0.75,OU_III,FixedSensitivity,4,71,401,1301,1.5,,900.0,1.8785290725000001,0.397530764,1.326771751559308,reconfigure,900.0,180000,0.0699588582,0.0539977849,0.0790604353,0.118577212,4.66392374,3.59985209,5.27069569,8.03477001,0.406309724,19.4581699,0.150131285,0.267761886,1.02111053,0.0139792571,0.0123786628,0.0117737101,0.0220742188,4.12775421,17.4054909,83.5261154,0.0350000001,16.4388885,-25.3570709,-30.0,4.64292908,20.9570751,18.6875534,92.6050034,63.5533333,20.0077782,16.4388885,63.5533333,0.0519747175,0.00011249353,1.87852907,0.397530764,1.32677174,5.07493067,0.312303722,4.06380987,0.236051485,4.64292908,4.12775421
sensitivity:tau_x1:FixedSensitivity:4,sensitivity,tau_x1,tau,1,1.0,OU_III,FixedSensitivity,4,71,401,1301,1.5,,900.0,2.50470543,0.397530764,1.326771751559308,reconfigure,900.0,180000,0.0698410422,0.0580916926,0.0771182552,0.119162247,4.65606928,3.87277937,5.14121675,8.07441139,0.406309724,18.9801636,0.1408723,0.254462123,1.05366099,0.0133682638,0.0120866504,0.0117598353,0.0215195566,4.22132111,17.4148579,83.5188904,0.027777778,16.4533329,-25.2683563,-30.0,4.73164368,21.0307503,18.7201824,92.5888901,63.5361137,20.0105553,16.4533329,63.5361137,0.049222175,0.000112702997,2.50470543,0.397530764,1.32677174,5.07493067,0.312303722,4.06380987,0.236051485,4.73164368,4.22132111
sensitivity:tau_x1.25:FixedSensitivity:4,sensitivity,tau_x1.25,tau,1.25,1.25,OU_III,FixedSensitivity,4,71,401,1301,1.5,,900.0,3.1308817875,0.397530764,1.326771751559308,reconfigure,900.0,180000,0.0702944845,0.0617127046,0.0760026574,0.120524585,4.68629885,4.11418009,5.06684351,8.16672325,0.406309724,18.705595,0.134074003,0.252044857,1.07048523,0.0129722506,0.0118851438,0.0119558787,0.0212715529,4.2954793,17.4397335,83.5011139,0.027777778,16.4711113,-25.2005768,-30.0,4.79942322,21.0741596,18.7380428,92.5633316,63.5177803,20.0111122,16.4711113,63.5177803,0.0483414084,0.000112779933,3.13088179,0.397530764,1.32677174,5.07493067,0.312303722,4.06380987,0.236051485,4.79942322,4.2954793
sensitivity:tau_x1.5:FixedSensitivity:4,sensitivity,tau_x1.5,tau,1.5,1.5,OU_III,FixedSensitivity,4,71,401,1301,1.5,,900.0,3.7570581450000002,0.397530764,1.326771751559308,reconfigure,900.0,180000,0.0710309595,0.0649630278,0.0753415003,0.122237206,4.73539734,4.33086824,5.02276659,8.28277016,0.406309724,18.5428734,0.129833162,0.255028725,1.07848752,0.0126995221,0.0117425108,0.0122833541,0.0212142691,4.36526394,17.4768429,83.4205551,0.0300000012,16.5494442,-25.1356506,-30.0,4.86434937,21.1062012,18.7547436,92.5544434,63.5261116,19.9244442,16.5494442,63.5261116,0.0485128388,0.000112831003,3.75705814,0.397530764,1.32677174,5.07493067,0.312303722,4.06380987,0.236051485,4.86434937,4.36526394
sensitivity:sigma_aw_x0.5:FixedSensitivity:4,sensitivity,sigma_aw_x0.5,sigma_aw,0.5,0.5,OU_III,FixedSensitivity,4,71,401,1301,1.5,,900.0,2.50470543,0.198765382,1.326771751559308,reconfigure,900.0,180000,0.0710987523,0.0505396239,0.076965332,0.116331205,4.7399168,3.36930823,5.13102198,7.88258076,0.406309724,18.9425278,0.214162454,0.408294916,0.934956431,0.0131642297,0.0112176072,0.0188547764,0.0255858209,4.90027666,17.704422,83.339447,0.0500000007,16.6105556,-24.5549927,-30.0,5.44500732,21.3757496,18.917347,92.2472229,63.4638901,19.9255562,16.6105556,63.4638901,0.0791795924,0.000108298889,2.50470543,0.198765382,1.32677174,5.07493067,0.312303722,4.06380987,0.236051485,5.44500732,4.90027666
sensitivity:sigma_aw_x0.75:FixedSensitivity:4,sensitivity,sigma_aw_x0.75,sigma_aw,0.75,0.75,OU_III,FixedSensitivity,4,71,401,1301,1.5,,900.0,2.50470543,0.298148073,1.326771751559308,reconfigure,900.0,180000,0.0699657723,0.0559607372,0.0770589784,0.118173175,4.66438484,3.73071575,5.13726521,8.00739193,0.406309724,18.9655762,0.126349986,0.296825796,1.00914621,0.0129507408,0.0107586207,0.0131222941,0.0213462915,4.35191774,17.4786777,83.3838882,0.0455555581,16.5705566,-25.115036,-30.0,4.88496399,21.0573483,18.7350197,92.507225,63.503891,19.9255562,16.5705566,63.503891,0.0549181513,0.000110814377,2.50470543,0.298148066,1.32677174,5.07493067,0.312303722,4.06380987,0.236051485,4.88496399,4.35191774
sensitivity:sigma_aw_x1:FixedSensitivity:4,sensitivity,sigma_aw_x1,sigma_aw,1,1.0,OU_III,FixedSensitivity,4,71,401,1301,1.5,,900.0,2.50470543,0.397530764,1.326771751559308,reconfigure,900.0,180000,0.0698410422,0.0580916926,0.0771182552,0.119162247,4.65606928,3.87277937,5.14121675,8.07441139,0.406309724,18.9801636,0.1408723,0.254462123,1.05366099,0.0133682638,0.0120866504,0.0117598353,0.0215195566,4.22132111,17.4148579,83.5188904,0.027777778,16.4533329,-25.2683563,-30.0,4.73164368,21.0307503,18.7201824,92.5888901,63.5361137,20.0105553,16.4533329,63.5361137,0.049222175,0.000112702997,2.50470543,0.397530764,1.32677174,5.07493067,0.312303722,4.06380987,0.236051485,4.73164368,4.22132111
sensitivity:sigma_aw_x1.25:FixedSensitivity:4,sensitivity,sigma_aw_x1.25,sigma_aw,1.25,1.25,OU_III,FixedSensitivity,4,71,401,1301,1.5,,900.0,2.50470543,0.49691345499999995,1.326771751559308,reconfigure,900.0,180000,0.0698165148,0.0580363758,0.0771685988,0.119153515,4.6544342,3.86909151,5.14457321,8.07382011,0.406309724,18.9925556,0.155126184,0.235213161,1.06505322,0.0138835339,0.0127202943,0.0116240885,0.0221286658,4.16460657,17.3432312,83.5355606,0.0,16.4644451,-25.3287811,-30.0,4.67121887,21.0524273,18.7299976,92.6116638,63.5133362,20.0222225,16.4644451,63.5133362,0.0475570746,0.000112877708,2.50470543,0.496913463,1.32677174,5.07493067,0.312303722,4.06380987,0.236051485,4.67121887,4.16460657
sensitivity:sigma_aw_x1.5:FixedSensitivity:4,sensitivity,sigma_aw_x1.5,sigma_aw,1.5,1.5,OU_III,FixedSensitivity,4,71,401,1301,1.5,,900.0,2.50470543,0.596296146,1.326771751559308,reconfigure,900.0,180000,0.069806926,0.057968881,0.0772172287,0.119146541,4.65379477,3.86459184,5.14781523,8.07334709,0.406309724,19.0045242,0.164245024,0.224868178,1.06922698,0.0143656284,0.0132669732,0.0118571892,0.0228686873,4.14881182,17.3526649,83.5416718,0.0,16.458334,-25.3559113,-30.0,4.64408875,21.0779839,18.7425308,92.6294479,63.5150032,20.0266666,16.458334,63.5150032,0.0469376221,0.000112806578,2.50470543,0.596296132,1.32677174,5.07493067,0.312303722,4.06380987,0.236051485,4.64408875,4.14881182
sensitivity:r_s_x0.5:FixedSensitivity:4,sensitivity,r_s_x0.5,r_s,0.5,0.5,OU_III,FixedSensitivity,4,71,401,1301,1.5,,900.0,2.50470543,0.397530764,0.663385875779654,reconfigure,900.0,180000,0.0768225789,0.0448188856,0.0916266292,0.127694488,5.12150526,2.98792553,6.10844183,8.65255547,0.406309724,22.55093,0.149255753,0.485743344,0.986529648,0.0160083063,0.0115752798,0.0132334046,0.0237776339,4.04522657,17.9201775,83.8855591,0.0544444472,16.0599995,-25.647995,-30.0,4.352005,20.683609,18.5827599,92.5333328,63.9583359,19.9816666,16.0599995,63.9583359,0.0867849812,0.000111972055,2.50470543,0.397530764,0.663385868,5.07493067,0.312303722,4.06380987,0.236051485,4.352005,4.04522657
sensitivity:r_s_x0.75:FixedSensitivity:4,sensitivity,r_s_x0.75,r_s,0.75,0.75,OU_III,FixedSensitivity,4,71,401,1301,1.5,,900.0,2.50470543,0.397530764,0.995078813669481,reconfigure,900.0,180000,0.0707998797,0.0506131239,0.0814858526,0.119223557,4.71999168,3.37420821,5.43238974,8.0785656,0.406309724,20.0551071,0.141947642,0.314811766,0.974531651,0.0139819188,0.0118272426,0.0121265678,0.0219643209,4.15208626,17.5507946,83.590004,0.0572222248,16.3527775,-25.3742828,-30.0,4.62571716,20.8782997,18.6544876,92.5811081,63.6516685,19.9955559,16.3527775,63.6516685,0.0586750358,0.000112074558,2.50470543,0.397530764,0.995078802,5.07493067,0.312303722,4.06380987,0.236051485,4.62571716,4.15208626
sensitivity:r_s_x1:FixedSensitivity:4,sensitivity,r_s_x1,r_s,1,1.0,OU_III,FixedSensitivity,4,71,401,1301,1.5,,900.0,2.50470543,0.397530764,1.326771751559308,reconfigure,900.0,180000,0.0698410422,0.0580916926,0.0771182552,0.119162247,4.65606928,3.87277937,5.14121675,8.07441139,0.406309724,18.9801636,0.1408723,0.254462123,1.05366099,0.0133682638,0.0120866504,0.0117598353,0.0215195566,4.22132111,17.4148579,83.5188904,0.027777778,16.4533329,-25.2683563,-30.0,4.73164368,21.0307503,18.7201824,92.5888901,63.5361137,20.0105553,16.4533329,63.5361137,0.049222175,0.000112702997,2.50470543,0.397530764,1.32677174,5.07493067,0.312303722,4.06380987,0.236051485,4.73164368,4.22132111
sensitivity:r_s_x1.25:FixedSensitivity:4,sensitivity,r_s_x1.25,r_s,1.25,1.25,OU_III,FixedSensitivity,4,71,401,1301,1.5,,900.0,2.50470543,0.397530764,1.658464689449135,reconfigure,900.0,180000,0.0711671337,0.0656823292,0.0752956867,0.122671798,4.74447536,4.37882185,5.01971245,8.31221771,0.406309724,18.531599,0.140798017,0.227548912,1.10123241,0.0131254084,0.0122587197,0.0115977693,0.0213789809,4.31520844,17.4138069,83.4422226,0.0,16.5577774,-25.2003632,-30.0,4.79963684,21.1660194,18.7810955,92.5933304,63.4994469,19.9427776,16.5577774,63.4994469,0.0451709628,0.000113210757,2.50470543,0.397530764,1.65846467,5.07493067,0.312303722,4.06380987,0.236051485,4.79963684,4.31520844
sensitivity:r_s_x1.5:FixedSensitivity:4,sensitivity,r_s_x1.5,r_s,1.5,1.5,OU_III,FixedSensitivity,4,71,401,1301,1.5,,900.0,2.50470543,0.397530764,1.990157627338962,reconfigure,900.0,180000,0.073655352,0.0730650276,0.0748461708,0.127927944,4.91035652,4.87100172,4.98974466,8.66837311,0.406309724,18.4209652,0.140930638,0.213753372,1.12862492,0.0130177988,0.0123810302,0.0115141086,0.0213384088,4.42584896,17.511116,83.4049988,0.0,16.5950012,-25.1255341,-30.0,4.87446594,21.3150139,18.8536415,92.6233368,63.4688911,19.9361115,16.5950012,63.4688911,0.0431548767,0.000113601716,2.50470543,0.397530764,1.9901576,5.07493067,0.312303722,4.06380987,0.236051485,4.87446594,4.42584896
sensitivity:sigma_aw_rs_x0.5:FixedSensitivity:4,sensitivity,sigma_aw_rs_x0.5,sigma_aw_rs,0.5,0.5,OU_III,FixedSensitivity,4,71,401,1301,1.5,,900.0,2.50470543,0.198765382,0.7324373889676343,reconfigure,900.0,180000,0.0787457079,0.0448860265,0.088683255,0.12680836,5.24971342,2.9924016,5.91221666,8.59251022,0.406309724,21.8265152,0.189374804,0.575841367,0.930837393,0.0154719688,0.0100230072,0.0202767774,0.0274042003,4.75419521,18.1667233,83.5594482,0.0677777827,16.3727779,-24.8678436,-30.0,5.13215637,21.0518856,18.7753601,92.2866669,63.7755585,19.8516674,16.3727779,63.7755585,0.104065381,0.000107533117,2.50470543,0.198765382,0.732437372,5.07493067,0.312303722,4.06380987,0.236051485,5.13215637,4.75419521
sensitivity:sigma_aw_rs_x0.75:FixedSensitivity:4,sensitivity,sigma_aw_rs_x0.75,sigma_aw_rs,0.75,0.75,OU_III,FixedSensitivity,4,71,401,1301,1.5,,900.0,2.50470543,0.298148073,1.0368259794888302,reconfigure,900.0,180000,0.0705286413,0.0498296618,0.08065819,0.118165255,4.70190907,3.32197738,5.37721252,8.00685596,0.406309724,19.8514042,0.124578893,0.345569283,0.950926244,0.0134955421,0.0104772439,0.0134869451,0.0217669476,4.3344841,17.6404819,83.5633316,0.0655555576,16.3711109,-25.1968079,-30.0,4.80319214,20.9444447,18.6841297,92.5255585,63.6461143,19.9827785,16.3711109,63.6461143,0.0626482517,0.000110218149,2.50470543,0.298148066,1.03682601,5.07493067,0.312303722,4.06380987,0.236051485,4.80319214,4.3344841
sensitivity:sigma_aw_rs_x1:FixedSensitivity:4,sensitivity,sigma_aw_rs_x1,sigma_aw_rs,1,1.0,OU_III,FixedSensitivity,4,71,401,1301,1.5,,900.0,2.50470543,0.397530764,1.326771751559308,reconfigure,900.0,180000,0.0698410422,0.0580916926,0.0771182552,0.119162247,4.65606928,3.87277937,5.14121675,8.07441139,0.406309724,18.9801636,0.1408723,0.254462123,1.05366099,0.0133682638,0.0120866504,0.0117598353,0.0215195566,4.22132111,17.4148579,83.5188904,0.027777778,16.4533329,-25.2683563,-30.0,4.73164368,21.0307503,18.7201824,92.5888901,63.5361137,20.0105553,16.4533329,63.5361137,0.049222175,0.000112702997,2.50470543,0.397530764,1.32677174,5.07493067,0.312303722,4.06380987,0.236051485,4.73164368,4.22132111
sensitivity:sigma_aw_rs_x1.25:FixedSensitivity:4,sensitivity,sigma_aw_rs_x1.25,sigma_aw_rs,1.25,1.25,OU_III,FixedSensitivity,4,71,401,1301,1.5,,900.0,2.50470543,0.49691345499999995,1.6064305023245595,reconfigure,900.0,180000,0.0708053708,0.064441748,0.0755091161,0.121933445,4.72035789,4.29611635,5.03394079,8.262187,0.406309724,18.5841274,0.154574409,0.211259708,1.10908747,0.0136837382,0.0128580732,0.0115110362,0.022024503,4.27088308,17.412262,83.5138931,0.0,16.4861107,-25.2543488,-30.0,4.74565125,21.2047119,18.7981892,92.6138916,63.4883347,20.0255566,16.4861107,63.4883347,0.0440684408,0.000113302915,2.50470543,0.496913463,1.60643053,5.07493067,0.312303722,4.06380987,0.236051485,4.74565125,4.27088308
sensitivity:sigma_aw_rs_x1.5:FixedSensitivity:4,sensitivity,sigma_aw_rs_x1.5,sigma_aw_rs,1.5,1.5,OU_III,FixedSensitivity,4,71,401,1301,1.5,,900.0,2.50470543,0.596296146,1.8781556506932744,reconfigure,900.0,180000,0.0725697502,0.0704500452,0.0749338344,0.125875562,4.83798313,4.69666958,4.99558878,8.5293045,0.406309724,18.4425411,0.163165554,0.187637761,1.1422416,0.0140869003,0.013492262,0.0117171891,0.0227546562,4.43695688,17.5450191,82.968338,0.0,17.0316677,-24.9452667,-30.0,5.05473328,21.8944492,19.2866039,92.6422195,62.9394455,20.0288887,17.0316677,62.9394455,0.0417249799,0.000113580238,2.50470543,0.596296132,1.87815571,5.07493067,0.312303722,4.06380987,0.236051485,5.05473328,4.43695688
sensitivity:tau_rs_x0.5:FixedSensitivity:4,sensitivity,tau_rs_x0.5,tau_rs,0.5,0.5,OU_III,FixedSensitivity,4,71,401,1301,1.5,,900.0,1.252352715,0.397530764,0.1742642782410629,reconfigure,900.0,180000,0.146029472,0.116390914,0.202005416,0.275095701,9.73529816,7.75939417,13.4670277,18.6404343,0.406309724,49.7171021,0.707784534,2.16160202,14.6147566,0.0594497621,0.0561135858,0.0272071864,0.0861582235,0.476424515,18.0849762,82.8050003,0.0,17.1949997,-29.3980865,-30.0,0.601913452,20.4112358,18.8253689,92.0572205,63.209446,19.5955563,17.1949997,63.209446,0.389128745,0.000415831339,1.25235271,0.397530764,0.174264282,5.07493067,0.312303722,4.06380987,0.236051485,0.601913452,0.476424515
sensitivity:tau_rs_x0.75:FixedSensitivity:4,sensitivity,tau_rs_x0.75,tau_rs,0.75,0.75,OU_III,FixedSensitivity,4,71,401,1301,1.5,,900.0,1.8785290725000001,0.397530764,0.5713525920518797,reconfigure,900.0,180000,0.0841960758,0.0448243693,0.102252468,0.139834791,5.61307144,2.98829126,6.81683111,9.47517967,0.406309724,25.1661377,0.18136178,0.707563519,1.45199907,0.0194544774,0.0126065146,0.0145159746,0.0273516811,3.74055171,18.0687389,84.2366714,0.0305555556,15.7327785,-26.0427551,-30.0,3.95724487,20.5566883,18.5648098,92.5011139,64.3116684,19.9555569,15.7327785,64.3116684,0.124991387,0.000114113784,1.87852907,0.397530764,0.571352601,5.07493067,0.312303722,4.06380987,0.236051485,3.95724487,3.74055171
sensitivity:tau_rs_x1:FixedSensitivity:4,sensitivity,tau_rs_x1,tau_rs,1,1.0,OU_III,FixedSensitivity,4,71,401,1301,1.5,,900.0,2.50470543,0.397530764,1.326771751559308,reconfigure,900.0,180000,0.0698410422,0.0580916926,0.0771182552,0.119162247,4.65606928,3.87277937,5.14121675,8.07441139,0.406309724,18.9801636,0.1408723,0.254462123,1.05366099,0.0133682638,0.0120866504,0.0117598353,0.0215195566,4.22132111,17.4148579,83.5188904,0.027777778,16.4533329,-25.2683563,-30.0,4.73164368,21.0307503,18.7201824,92.5888901,63.5361137,20.0105553,16.4533329,63.5361137,0.049222175,0.000112702997,2.50470543,0.397530764,1.32677174,5.07493067,0.312303722,4.06380987,0.236051485,4.73164368,4.22132111
sensitivity:tau_rs_x1.25:FixedSensitivity:4,sensitivity,tau_rs_x1.25,tau_rs,1.25,1.25,OU_III,FixedSensitivity,4,71,401,1301,1.5,,900.0,3.1308817875,0.397530764,2.5503754051943437,reconfigure,900.0,180000,0.0824827626,0.0909688324,0.0768960491,0.144885257,5.49885082,6.06458855,5.12640285,9.81739807,0.406309724,18.9254761,0.135096803,0.212715566,1.14787591,0.0126845092,0.012315602,0.0116905896,0.0211952999,4.10274029,17.444376,82.9100037,0.0,17.0900002,-25.3096313,-30.0,4.69036865,22.4235516,19.61656,92.628891,47.5455551,35.3644447,17.0900002,47.5455551,0.0425080657,0.000114160073,3.13088179,0.397530764,2.55037546,5.07493067,0.312303722,4.06380987,0.236051485,4.69036865,4.10274029
sensitivity:tau_rs_x1.5:FixedSensitivity:4,sensitivity,tau_rs_x1.5,tau_rs,1.5,1.5,OU_III,FixedSensitivity,4,71,401,1301,1.5,,900.0,3.7570581450000002,0.397530764,4.350027940126623,reconfigure,900.0,180000,0.111384109,0.13422972,0.091337502,0.196892306,7.42560673,8.9486475,6.08916664,13.3413858,0.406309724,22.4797726,0.130714074,0.220806763,1.1514349,0.012634689,0.0124885589,0.0120392693,0.0214602761,3.83432388,17.7455292,83.9344482,0.0,16.0655556,-25.5251007,-30.0,4.47489929,21.6141777,19.1822376,92.5811081,47.878334,36.0561104,16.0655556,47.878334,0.0433558449,0.000115294642,3.75705814,0.397530764,4.35002804,5.07493067,0.312303722,4.06380987,0.236051485,4.47489929,3.83432388
low_motion:Hs0.27:Adaptive:4,low_motion,Hs0.27,,,,OU_III,Adaptive,4,71,401,1301,0.27,,900.0,adaptive,adaptive,adaptive,reconfigure,900.0,180000,0.00835897494,0.0090606492,0.011103943,0.0165911242,3.09591651,3.35579586,4.11257124,8.99891281,0.0529298224,20.9786129,0.344793111,0.276564658,0.741488636,0.00657679467,0.0054719625,0.011953244,0.0146995448,2.31379342,2.31442428,0.00722222216,0.0,99.9927826,33.3013306,30.0,3.30133057,3.78620267,1.85301673,0.326666653,0.00722222216,0.0,99.9927826,0.00722222216,0.0754028037,9.61630867e-05,1.74754655,0.092472069,0.155968264,3.52299356,0.27100426,3.5074501,0.0247334223,3.30133057,2.31379342
low_motion:Hs0.05:Adaptive:4,low_motion,Hs0.05,,,,OU_III,Adaptive,4,71,401,1301,0.05,,900.0,adaptive,adaptive,adaptive,reconfigure,900.0,180000,0.00763538713,0.00986197963,0.00918106921,0.0154870851,15.2707739,19.723959,18.3621387,45.3604774,0.0098017836,93.6673279,0.1948158,0.187873036,0.211778581,0.00411568442,0.00381676387,0.00587880332,0.00812815316,nan,nan,0.0,0.0,100.0,nan,30.0,nan,nan,nan,0.0,0.0,0.0,100.0,0.0,0.0462447591,9.11662646e-05,4.06362391,0.0500000007,0.150003597,8.72847939,0.200000003,4.99993229,0.00114466762,nan,nan
transition_rate:controlled:Adaptive:4,transition_rate,controlled,,,,OU_III,Adaptive,4,71,401,1301,4.0,120.0,900.0,adaptive,adaptive,adaptive,reconfigure,900.0,180000,0.296148121,0.205284238,0.190130472,0.407424748,7.40370321,5.13210583,4.75326157,10.7400532,0.902491868,21.0672779,0.145723179,0.257996678,0.732278705,0.0134655489,0.0120485267,0.0110873636,0.0211994722,6.16090202,18.9489937,85.7216721,0.0777777806,14.2005558,-23.4677734,-30.0,6.53222656,20.5945759,18.7471218,94.0883331,43.9700012,41.8294449,14.2005558,43.9700012,0.0493473001,0.000113138631,4.76036692,0.525534749,10.559803,9.48073101,0.247521982,4.08636141,0.34731859,6.53222656,6.16090202
transition_rate:controlled:FixedNominal:4,transition_rate,controlled,,,,OU_III,FixedNominal,4,71,401,1301,4.0,120.0,900.0,2.50470543,0.397530764,1.326771751559308,reconfigure,900.0,180000,0.592659473,0.423295587,0.463061363,0.863047063,14.8164864,10.5823898,11.5765343,22.7506332,0.902491868,51.3092003,0.403770506,1.53759754,8.1685667,0.0427838117,0.0432381295,0.017997779,0.0634343028,5.42269993,19.4926739,85.4411163,0.0811111107,14.4777784,-24.4169312,-30.0,5.58306885,20.8866806,19.3077068,93.6961136,43.6088905,41.9133339,14.4777784,43.6088905,0.270045996,0.000525049865,2.50470543,0.397530764,1.32677174,9.48073101,0.247521982,4.08636141,0.221103549,5.58306885,5.42269993
transition_rate:rapid:Adaptive:4,transition_rate,rapid,,,,OU_III,Adaptive,4,71,401,1301,4.0,30.0,900.0,adaptive,adaptive,adaptive,reconfigure,900.0,180000,0.303566247,0.206326336,0.193819657,0.415077209,7.58915615,5.1581583,4.84549141,10.9417791,0.906314194,21.3854809,0.146937624,0.260596305,0.726916015,0.0136634875,0.0120995957,0.0110812131,0.0213514511,6.0508132,19.6892357,85.9877777,0.0766666681,13.9355555,-23.3101196,-30.0,6.68988037,21.847311,19.7494373,94.5927811,17.2966671,68.7677765,13.9355555,68.7677765,0.04980563,0.00011446968,4.7603631,0.525534749,10.5597906,9.48071957,0.247522056,4.08636093,0.34731859,6.68988037,6.0508132
transition_rate:rapid:FixedNominal:4,transition_rate,rapid,,,,OU_III,FixedNominal,4,71,401,1301,4.0,30.0,900.0,2.50470543,0.397530764,1.326771751559308,reconfigure,900.0,180000,0.599109054,0.424262971,0.466394573,0.869744003,14.977726,10.6065741,11.6598644,22.9271736,0.906314194,51.4605827,0.405681789,1.54317701,8.17782784,0.0429638736,0.0432865433,0.018049702,0.0636035427,5.30611372,20.2221661,85.5311127,0.0816666707,14.3872223,-24.2424774,-30.0,5.75752258,22.1208439,20.2852554,94.163887,17.3294449,68.2833328,14.3872223,68.2833328,0.271036088,0.000524384668,2.50470543,0.397530764,1.32677174,9.48071957,0.247522056,4.08636093,0.221103549,5.75752258,5.30611372
sensitivity:tau_x0.5:FixedSensitivity:5,sensitivity,tau_x0.5,tau,0.5,0.5,OU_III,FixedSensitivity,5,97,503,1409,1.5,,900.0,1.252352715,0.397530764,1.326771751559308,reconfigure,900.0,180000,0.0682683513,0.0539679304,0.0811471269,0.118987232,4.55122328,3.59786201,5.40980816,8.37966633,0.394195497,20.5855026,0.0806480125,0.219697416,2.81052113,0.0168360882,0.0154247899,0.0121581731,0.0258688834,5.78675652,17.844408,86.3199997,0.0,13.6800003,-23.3900604,-30.0,6.60993958,20.6680374,18.3838444,93.9594421,76.7605591,9.55944443,13.6800003,76.7605591,0.038906008,0.000139161682,1.25235271,0.397530764,1.32677174,5.01997232,0.317340136,3.79627848,0.307369888,6.60993958,5.78675652
sensitivity:tau_x0.75:FixedSensitivity:5,sensitivity,tau_x0.75,tau,0.75,0.75,OU_III,FixedSensitivity,5,97,503,1409,1.5,,900.0,1.8785290725000001,0.397530764,1.326771751559308,reconfigure,900.0,180000,0.0674315169,0.0581598282,0.0788029134,0.118909523,4.49543428,3.87732172,5.25352716,8.37419319,0.394195497,19.9908199,0.0907000825,0.184611991,2.65356207,0.0157578103,0.0145247467,0.0118619855,0.0244945623,5.91854095,17.9092445,86.4100037,0.0,13.5900002,-23.241272,-30.0,6.75872803,20.7364864,18.4033699,93.9800034,76.7677765,9.6422224,13.5900002,76.7677765,0.0338221528,0.00013797381,1.87852907,0.397530764,1.32677174,5.01997232,0.317340136,3.79627848,0.307369888,6.75872803,5.91854095
sensitivity:tau_x1:FixedSensitivity:5,sensitivity,tau_x1,tau,1,1.0,OU_III,FixedSensitivity,5,97,503,1409,1.5,,900.0,2.50470543,0.397530764,1.326771751559308,reconfigure,900.0,180000,0.0677798688,0.0619412921,0.0780750886,0.12052615,4.51865768,4.12941933,5.20500565,8.48804474,0.394195497,19.8061848,0.104404546,0.173976287,2.58432746,0.0151497144,0.0139778219,0.0119132968,0.023807982,6.01390791,17.9465752,86.3744431,0.0,13.625556,-23.1123962,-30.0,6.88760376,20.8039799,18.4302216,93.9872208,76.753891,9.62055588,13.625556,76.753891,0.0332823433,0.000137365612,2.50470543,0.397530764,1.32677174,5.01997232,0.317340136,3.79627848,0.307369888,6.88760376,6.01390791
sensitivity:tau_x1.25:FixedSensitivity:5,sensitivity,tau_x1.25,tau,1.25,1.25,OU_III,FixedSensitivity,5,97,503,1409,1.5,,900.0,3.1308817875,0.397530764,1.326771751559308,reconfigure,900.0,180000,0.0685924739,0.0653307438,0.0780314505,0.122727096,4.57283163,4.35538292,5.20209646,8.64304638,0.394195497,19.7951145,0.119834296,0.173079163,2.55000162,0.0147620123,0.0135998502,0.0121589014,0.0234672502,6.10870695,18.0084133,86.3683319,0.0,13.6316671,-23.0013123,-30.0,6.99868774,20.8745747,18.4639874,93.9877777,76.7477798,9.62055588,13.6316671,76.7477798,0.0346096158,0.000137028444,3.13088179,0.397530764,1.32677174,5.01997232,0.317340136,3.79627848,0.307369888,6.99868774,6.10870695
sensitivity:tau_x1.5:FixedSensitivity:5,sensitivity,tau_x1.5,tau,1.5,1.5,OU_III,FixedSensitivity,5,97,503,1409,1.5,,900.0,3.7570581450000002,0.397530764,1.326771751559308,reconfigure,900.0,180000,0.0696156323,0.0684160963,0.0783341676,0.125153273,4.64104176,4.56107283,5.22227764,8.81390953,0.394195497,19.8719082,0.136321425,0.176910624,2.53278637,0.0144983884,0.0133188497,0.0125241484,0.0233334377,6.17945004,18.0649433,86.3638916,0.0,13.6361113,-22.9216766,-30.0,7.07832336,20.9380493,18.5065022,94.0088882,76.7433319,9.62055588,13.6361113,76.7433319,0.0368661918,0.000136805189,3.75705814,0.397530764,1.32677174,5.01997232,0.317340136,3.79627848,0.307369888,7.07832336,6.17945004
sensitivity:sigma_aw_x0.5:FixedSensitivity:5,sensitivity,sigma_aw_x0.5,sigma_aw,0.5,0.5,OU_III,FixedSensitivity,5,97,503,1409,1.5,,900.0,2.50470543,0.198765382,1.326771751559308,reconfigure,900.0,180000,0.0681709051,0.0545453876,0.0782117397,0.11721582,4.54472685,3.63635898,5.21411562,8.25491524,0.394195497,19.8408508,0.32151866,0.328577697,2.75739384,0.0151788089,0.0100725703,0.0191556662,0.0264346823,6.97081709,18.645977,85.7672272,0.0,14.2327785,-21.985672,-30.0,8.014328,21.944006,19.1282845,93.9238892,76.1544495,9.61277771,14.2327785,76.1544495,0.0780345649,0.000138543255,2.50470543,0.198765382,1.32677174,5.01997232,0.317340136,3.79627848,0.307369888,8.014328,6.97081709
sensitivity:sigma_aw_x0.75:FixedSensitivity:5,sensitivity,sigma_aw_x0.75,sigma_aw,0.75,0.75,OU_III,FixedSensitivity,5,97,503,1409,1.5,,900.0,2.50470543,0.298148073,1.326771751559308,reconfigure,900.0,180000,0.0676974803,0.0602312647,0.0781116933,0.11963357,4.513165,4.01541758,5.2074461,8.42518425,0.394195497,19.8154697,0.152572155,0.216992155,2.6475687,0.0148512432,0.0123081421,0.0133650033,0.023466425,6.20612097,18.0992012,86.3272247,0.0,13.6727781,-22.8814087,-30.0,7.11859131,20.995512,18.5556774,93.9850006,76.706665,9.62055588,13.6727781,76.706665,0.0443475582,0.000137344032,2.50470543,0.298148066,1.32677174,5.01997232,0.317340136,3.79627848,0.307369888,7.11859131,6.20612097
sensitivity:sigma_aw_x1:FixedSensitivity:5,sensitivity,sigma_aw_x1,sigma_aw,1,1.0,OU_III,FixedSensitivity,5,97,503,1409,1.5,,900.0,2.50470543,0.397530764,1.326771751559308,reconfigure,900.0,180000,0.0677798688,0.0619412921,0.0780750886,0.12052615,4.51865768,4.12941933,5.20500565,8.48804474,0.394195497,19.8061848,0.104404546,0.173976287,2.58432746,0.0151497144,0.0139778219,0.0119132968,0.023807982,6.01390791,17.9465752,86.3744431,0.0,13.625556,-23.1123962,-30.0,6.88760376,20.8039799,18.4302216,93.9872208,76.753891,9.62055588,13.625556,76.753891,0.0332823433,0.000137365612,2.50470543,0.397530764,1.32677174,5.01997232,0.317340136,3.79627848,0.307369888,6.88760376,6.01390791
sensitivity:sigma_aw_x1.25:FixedSensitivity:5,sensitivity,sigma_aw_x1.25,sigma_aw,1.25,1.25,OU_III,FixedSensitivity,5,97,503,1409,1.5,,900.0,2.50470543,0.49691345499999995,1.326771751559308,reconfigure,900.0,180000,0.0678137541,0.0619054362,0.0780551583,0.120513886,4.52091694,4.12702894,5.20367718,8.48718071,0.394195497,19.8011284,0.0876890048,0.155733913,2.56366801,0.015586487,0.0146549651,0.0117136585,0.024390908,5.91099691,17.8904724,86.3938904,0.0,13.6061115,-23.2306824,-30.0,6.76931763,20.7371883,18.3992386,94.0061111,76.7733383,9.62055588,13.6061115,76.7733383,0.0289239325,0.000137812429,2.50470543,0.496913463,1.32677174,5.01997232,0.317340136,3.79627848,0.307369888,6.76931763,5.91099691
sensitivity:sigma_aw_x1.5:FixedSensitivity:5,sensitivity,sigma_aw_x1.5,sigma_aw,1.5,1.5,OU_III,FixedSensitivity,5,97,503,1409,1.5,,900.0,2.50470543,0.596296146,1.326771751559308,reconfigure,900.0,180000,0.0678271353,0.0618543327,0.0780423731,0.120486893,4.52180862,4.12362194,5.20282459,8.48527908,0.394195497,19.7978859,0.0814380348,0.146158621,2.55371022,0.0160078816,0.0152096776,0.0119007602,0.0250841528,5.85543585,17.858614,86.4077835,0.0,13.5922222,-23.2995453,-30.0,6.70045471,20.692976,18.3763828,94.0194473,76.7872238,9.62055588,13.5922222,76.7872238,0.0268446859,0.000138158764,2.50470543,0.596296132,1.32677174,5.01997232,0.317340136,3.79627848,0.307369888,6.70045471,5.85543585
sensitivity:r_s_x0.5:FixedSensitivity:5,sensitivity,r_s_x0.5,r_s,0.5,0.5,OU_III,FixedSensitivity,5,97,503,1409,1.5,,900.0,2.50470543,0.397530764,0.663385875779654,reconfigure,900.0,180000,0.0727022588,0.0501603037,0.0882990137,0.124893516,4.84681702,3.34402013,5.88660049,8.7956152,0.394195497,22.3998032,0.0854661837,0.383926243,3.34523153,0.0179679468,0.0155970696,0.0130787948,0.0271508861,5.71704102,17.8386116,86.2516708,0.0,13.7483339,-23.462677,-30.0,6.537323,20.6921425,18.4416275,93.8683319,76.6922226,9.55944443,13.7483339,76.6922226,0.0667830482,0.000141456141,2.50470543,0.397530764,0.663385868,5.01997232,0.317340136,3.79627848,0.307369888,6.537323,5.71704102
sensitivity:r_s_x0.75:FixedSensitivity:5,sensitivity,r_s_x0.75,r_s,0.75,0.75,OU_III,FixedSensitivity,5,97,503,1409,1.5,,900.0,2.50470543,0.397530764,0.995078813669481,reconfigure,900.0,180000,0.0677923858,0.0550773181,0.0802507177,0.118614912,4.51949215,3.67182112,5.35004759,8.35344601,0.394195497,20.3581028,0.0976716131,0.227454871,2.77954912,0.015836563,0.0143114999,0.0121958852,0.0245836396,5.93495274,17.9173164,86.375,0.0,13.625,-23.2144165,-30.0,6.7855835,20.7627945,18.4245625,93.9461136,76.7355576,9.63944435,13.625,76.7355576,0.0412884243,0.000138205462,2.50470543,0.397530764,0.995078802,5.01997232,0.317340136,3.79627848,0.307369888,6.7855835,5.93495274
sensitivity:r_s_x1:FixedSensitivity:5,sensitivity,r_s_x1,r_s,1,1.0,OU_III,FixedSensitivity,5,97,503,1409,1.5,,900.0,2.50470543,0.397530764,1.326771751559308,reconfigure,900.0,180000,0.0677798688,0.0619412921,0.0780750886,0.12052615,4.51865768,4.12941933,5.20500565,8.48804474,0.394195497,19.8061848,0.104404546,0.173976287,2.58432746,0.0151497144,0.0139778219,0.0119132968,0.023807982,6.01390791,17.9465752,86.3744431,0.0,13.625556,-23.1123962,-30.0,6.88760376,20.8039799,18.4302216,93.9872208,76.753891,9.62055588,13.625556,76.753891,0.0332823433,0.000137365612,2.50470543,0.397530764,1.32677174,5.01997232,0.317340136,3.79627848,0.307369888,6.88760376,6.01390791
sensitivity:r_s_x1.25:FixedSensitivity:5,sensitivity,r_s_x1.25,r_s,1.25,1.25,OU_III,FixedSensitivity,5,97,503,1409,1.5,,900.0,2.50470543,0.397530764,1.658464689449135,reconfigure,900.0,180000,0.0699343756,0.0691217855,0.0784220174,0.125772208,4.66229153,4.60811901,5.22813416,8.85749817,0.394195497,19.8941936,0.108133338,0.150712207,2.4960649,0.0148616899,0.0138787599,0.0117924316,0.0235064086,6.06746626,17.9816628,86.3916702,0.0,13.6083336,-23.0509949,-30.0,6.94900513,20.8388367,18.4436131,94.003891,76.7711105,9.62055588,13.6083336,76.7711105,0.0300712269,0.000137115741,2.50470543,0.397530764,1.65846467,5.01997232,0.317340136,3.79627848,0.307369888,6.94900513,6.06746626
sensitivity:r_s_x1.5:FixedSensitivity:5,sensitivity,r_s_x1.5,r_s,1.5,1.5,OU_III,FixedSensitivity,5,97,503,1409,1.5,,900.0,2.50470543,0.397530764,1.990157627338962,reconfigure,900.0,180000,0.0731240734,0.0762678832,0.0800404176,0.132553339,4.87493801,5.08452559,5.33602762,9.33505821,0.394195497,20.3047523,0.110498577,0.139068499,2.4496882,0.014724738,0.0138616571,0.0117325289,0.0233798139,6.06564713,18.0109863,86.3855591,0.0,13.6144447,-23.0479431,-30.0,6.95205688,20.867218,18.4745483,94.0538864,76.7649994,9.62055588,13.6144447,76.7649994,0.0285695288,0.000137064257,2.50470543,0.397530764,1.9901576,5.01997232,0.317340136,3.79627848,0.307369888,6.95205688,6.06564713
sensitivity:sigma_aw_rs_x0.5:FixedSensitivity:5,sensitivity,sigma_aw_rs_x0.5,sigma_aw_rs,0.5,0.5,OU_III,FixedSensitivity,5,97,503,1409,1.5,,900.0,2.50470543,0.198765382,0.7324373889676343,reconfigure,900.0,180000,0.0748828873,0.04962264,0.085909985,0.124299556,4.99219227,3.3081758,5.72733212,8.75378609,0.394195497,21.7937508,0.291551679,0.481567591,3.30461979,0.0174976829,0.0109511521,0.0203260332,0.0289697144,6.93380451,18.6838913,85.6627808,0.0,14.3372221,-22.1641541,-30.0,7.83584595,22.05233,19.2417049,93.828331,76.1261139,9.53666687,14.3372221,76.1261139,0.0960025564,0.000141792378,2.50470543,0.198765382,0.732437372,5.01997232,0.317340136,3.79627848,0.307369888,7.83584595,6.93380451
sensitivity:sigma_aw_rs_x0.75:FixedSensitivity:5,sensitivity,sigma_aw_rs_x0.75,sigma_aw_rs,0.75,0.75,OU_III,FixedSensitivity,5,97,503,1409,1.5,,900.0,2.50470543,0.298148073,1.0368259794888302,reconfigure,900.0,180000,0.0674934238,0.0545091555,0.0797669664,0.117853209,4.49956131,3.63394356,5.31779766,8.29980278,0.394195497,20.2353821,0.144946218,0.260794938,2.80601406,0.0154458443,0.0125752324,0.0136515973,0.0241469815,6.16897678,18.065279,86.3338928,0.0,13.666111,-22.9392548,-30.0,7.06074524,20.9506912,18.5279884,93.9272232,76.7027817,9.63111115,13.666111,76.7027817,0.0502148531,0.000138035917,2.50470543,0.298148066,1.03682601,5.01997232,0.317340136,3.79627848,0.307369888,7.06074524,6.16897678
sensitivity:sigma_aw_rs_x1:FixedSensitivity:5,sensitivity,sigma_aw_rs_x1,sigma_aw_rs,1,1.0,OU_III,FixedSensitivity,5,97,503,1409,1.5,,900.0,2.50470543,0.397530764,1.326771751559308,reconfigure,900.0,180000,0.0677798688,0.0619412921,0.0780750886,0.12052615,4.51865768,4.12941933,5.20500565,8.48804474,0.394195497,19.8061848,0.104404546,0.173976287,2.58432746,0.0151497144,0.0139778219,0.0119132968,0.023807982,6.01390791,17.9465752,86.3744431,0.0,13.625556,-23.1123962,-30.0,6.88760376,20.8039799,18.4302216,93.9872208,76.753891,9.62055588,13.625556,76.753891,0.0332823433,0.000137365612,2.50470543,0.397530764,1.32677174,5.01997232,0.317340136,3.79627848,0.307369888,6.88760376,6.01390791
sensitivity:sigma_aw_rs_x1.25:FixedSensitivity:5,sensitivity,sigma_aw_rs_x1.25,sigma_aw_rs,1.25,1.25,OU_III,FixedSensitivity,5,97,503,1409,1.5,,900.0,2.50470543,0.49691345499999995,1.6064305023245595,reconfigure,900.0,180000,0.0695278868,0.0679528639,0.0782147124,0.12477684,4.63519239,4.53019094,5.21431398,8.78739929,0.394195497,19.8416042,0.0900380462,0.135344893,2.48523283,0.0153436018,0.0145630166,0.0116302921,0.024140656,5.9554143,17.916111,86.4088898,0.0,13.5911112,-23.1840515,-30.0,6.81594849,20.7549343,18.40135,94.0272217,76.7877808,9.62111092,13.5911112,76.7877808,0.0258993991,0.000137595402,2.50470543,0.496913463,1.60643053,5.01997232,0.317340136,3.79627848,0.307369888,6.81594849,5.9554143
sensitivity:sigma_aw_rs_x1.5:FixedSensitivity:5,sensitivity,sigma_aw_rs_x1.5,sigma_aw_rs,1.5,1.5,OU_III,FixedSensitivity,5,97,503,1409,1.5,,900.0,2.50470543,0.596296146,1.8781556506932744,reconfigure,900.0,180000,0.0719566345,0.0737535134,0.0792533606,0.129993975,4.79710865,4.91690063,5.28355694,9.15481472,0.394195497,20.1050892,0.0842971727,0.11534553,2.43109798,0.0156551246,0.0150903603,0.0118006468,0.0247397888,5.9284935,17.9069061,86.4266663,0.0,13.5733337,-23.2134247,-30.0,6.78657532,20.7327347,18.3852367,94.0966644,76.803894,9.62277794,13.5733337,76.803894,0.0221674386,0.000137903742,2.50470543,0.596296132,1.87815571,5.01997232,0.317340136,3.79627848,0.307369888,6.78657532,5.9284935
sensitivity:tau_rs_x0.5:FixedSensitivity:5,sensitivity,tau_rs_x0.5,tau_rs,0.5,0.5,OU_III,FixedSensitivity,5,97,503,1409,1.5,,900.0,1.252352715,0.397530764,0.1742642782410629,reconfigure,900.0,180000,0.136889756,0.126270488,0.192970544,0.268180281,9.12598324,8.41803265,12.8647022,18.8865738,0.394195497,48.9530067,0.556502581,2.13731146,19.2364292,0.068086341,0.0685490519,0.0269025601,0.100291923,2.01635647,17.6347237,86.3083344,0.0,13.6916666,-27.1365356,-30.0,2.86346436,20.5670757,19.1872482,93.3694458,76.8866653,9.4216671,13.6916666,76.8866653,0.377659619,0.000523973256,1.25235271,0.397530764,0.174264282,5.01997232,0.317340136,3.79627848,0.307369888,2.86346436,2.01635647
sensitivity:tau_rs_x0.75:FixedSensitivity:5,sensitivity,tau_rs_x0.75,tau_rs,0.75,0.75,OU_III,FixedSensitivity,5,97,503,1409,1.5,,900.0,1.8785290725000001,0.397530764,0.5713525920518797,reconfigure,900.0,180000,0.079411231,0.0507410504,0.0979034454,0.135889232,5.29408169,3.38273668,6.526896,9.56998825,0.394195497,24.8362656,0.0914781243,0.589562356,4.13648653,0.0214036088,0.0181767046,0.0140519422,0.0314000659,5.33732843,17.7203674,86.2511139,0.0,13.748889,-23.8603668,-30.0,6.13963318,20.6170197,18.5061169,93.8799973,76.6911163,9.56000042,13.748889,76.6911163,0.101878032,0.000147414583,1.87852907,0.397530764,0.571352601,5.01997232,0.317340136,3.79627848,0.307369888,6.13963318,5.33732843
sensitivity:tau_rs_x1:FixedSensitivity:5,sensitivity,tau_rs_x1,tau_rs,1,1.0,OU_III,FixedSensitivity,5,97,503,1409,1.5,,900.0,2.50470543,0.397530764,1.326771751559308,reconfigure,900.0,180000,0.0677798688,0.0619412921,0.0780750886,0.12052615,4.51865768,4.12941933,5.20500565,8.48804474,0.394195497,19.8061848,0.104404546,0.173976287,2.58432746,0.0151497144,0.0139778219,0.0119132968,0.023807982,6.01390791,17.9465752,86.3744431,0.0,13.625556,-23.1123962,-30.0,6.88760376,20.8039799,18.4302216,93.9872208,76.753891,9.62055588,13.625556,76.753891,0.0332823433,0.000137365612,2.50470543,0.397530764,1.32677174,5.01997232,0.317340136,3.79627848,0.307369888,6.88760376,6.01390791
sensitivity:tau_rs_x1.25:FixedSensitivity:5,sensitivity,tau_rs_x1.25,tau_rs,1.25,1.25,OU_III,FixedSensitivity,5,97,503,1409,1.5,,900.0,3.1308817875,0.397530764,2.5503754051943437,reconfigure,900.0,180000,0.0832000747,0.0940710455,0.0867685825,0.152644694,5.54667139,6.27140284,5.78457212,10.7499905,0.394195497,22.0115604,0.128030851,0.139251411,2.41381812,0.0143796327,0.0136221731,0.0119687216,0.0231427681,6.14924049,18.0746326,86.4827805,0.0,13.5172224,-22.9268646,-30.0,7.07313538,20.9510345,18.5226555,94.0738907,76.8688889,9.61388874,13.5172224,76.8688889,0.0305073727,0.000137017341,3.13088179,0.397530764,2.55037546,5.01997232,0.317340136,3.79627848,0.307369888,7.07313538,6.14924049
sensitivity:tau_rs_x1.5:FixedSensitivity:5,sensitivity,tau_rs_x1.5,tau_rs,1.5,1.5,OU_III,FixedSensitivity,5,97,503,1409,1.5,,900.0,3.7570581450000002,0.397530764,4.350027940126623,reconfigure,900.0,180000,0.113221236,0.138658494,0.109261326,0.209721878,7.54808187,9.24389935,7.28408813,14.7696457,0.394195497,27.7175465,0.14756684,0.145983174,2.39732409,0.0142826233,0.0136920707,0.0123452861,0.0233210698,6.20764065,18.1154575,86.293335,0.0,13.7066669,-22.8412323,-30.0,7.1587677,21.0124035,18.554409,94.0294418,76.6577759,9.63555622,13.7066669,76.6577759,0.033504121,0.000137448849,3.75705814,0.397530764,4.35002804,5.01997232,0.317340136,3.79627848,0.307369888,7.1587677,6.20764065
low_motion:Hs0.27:Adaptive:5,low_motion,Hs0.27,,,,OU_III,Adaptive,5,97,503,1409,0.27,,900.0,adaptive,adaptive,adaptive,reconfigure,900.0,180000,0.00878821686,0.0092395721,0.0112849781,0.0170280114,3.25489497,3.42206359,4.17962122,8.82307148,0.0538219661,20.9672356,0.220990047,0.171237335,1.76116896,0.00673788134,0.00567718083,0.0115241678,0.0145064089,12.7615891,12.7697334,0.112222224,0.0,99.8877792,41.559082,30.0,11.559082,11.5927162,0.881732464,0.481666654,0.112222224,0.0,99.8877792,0.112222224,0.0476029813,0.000130265151,1.49173367,0.154374242,0.15337728,2.96133399,0.36208716,2.7423594,0.0449731871,11.559082,12.7615891
low_motion:Hs0.05:Adaptive:5,low_motion,Hs0.05,,,,OU_III,Adaptive,5,97,503,1409,0.05,,900.0,adaptive,adaptive,adaptive,reconfigure,900.0,180000,0.00799410418,0.00999139249,0.00932561327,0.0158335306,15.9882088,19.9827843,18.651226,44.3024178,0.00996704958,93.5644302,0.0806711987,0.101013102,1.52877235,0.00438048132,0.00391889317,0.00601663347,0.00841107685,nan,nan,0.0,0.0,100.0,nan,30.0,nan,nan,nan,0.0,0.0,0.0,100.0,0.0,0.0214447863,0.000121808022,2.08266616,0.0500000007,0.150003687,4.09089184,0.200003758,4.99974442,0.00155626738,nan,nan
transition_rate:controlled:Adaptive:5,transition_rate,controlled,,,,OU_III,Adaptive,5,97,503,1409,4.0,120.0,900.0,adaptive,adaptive,adaptive,reconfigure,900.0,180000,0.269797415,0.22131151,0.181737661,0.393443763,6.74493551,5.5327878,4.54344177,9.60578823,0.797388077,22.7916222,0.0925541073,0.142839298,2.77870226,0.0167151093,0.0165723581,0.0111412378,0.0260416046,1.38712001,21.2475109,85.9211121,0.0694444478,14.0094452,-28.5031281,-30.0,1.49687195,23.5532494,22.2954426,94.8344421,36.2627792,49.7277794,14.0094452,49.7277794,0.0263864398,0.000140214805,4.43508053,0.435375243,8.1075964,8.82033348,0.200000003,5.0,0.267638862,1.49687195,1.38712001
transition_rate:controlled:FixedNominal:5,transition_rate,controlled,,,,OU_III,FixedNominal,5,97,503,1409,4.0,120.0,900.0,2.50470543,0.397530764,1.326771751559308,reconfigure,900.0,180000,0.462198675,0.38459897,0.380627632,0.711632907,11.5549669,9.61497402,9.5156908,17.3742619,0.797388077,47.7343025,0.286690176,1.15152872,8.39096355,0.0408371463,0.0405584872,0.0156100327,0.0596350282,0.953224063,22.8218212,84.7300034,0.26111111,15.0088892,-29.4740143,-30.0,0.525985718,25.8077908,24.2401428,94.8388901,33.3755569,51.6155586,15.0088892,51.6155586,0.201552957,0.000280704233,2.50470543,0.397530764,1.32677174,8.82033348,0.200000003,5.0,0.509800792,0.525985718,0.953224063
transition_rate:rapid:Adaptive:5,transition_rate,rapid,,,,OU_III,Adaptive,5,97,503,1409,4.0,30.0,900.0,adaptive,adaptive,adaptive,reconfigure,900.0,180000,0.273691833,0.229228407,0.184628651,0.401921153,6.84229565,5.73071003,4.61571646,9.81276131,0.806244493,22.8998356,0.092655696,0.144571975,2.78573561,0.0169879626,0.0168473218,0.0112052709,0.0264193341,0.550632715,21.4811668,85.9872208,0.0694444478,13.9433336,-29.303299,-30.0,0.69670105,23.7072678,22.484808,94.797226,36.2627792,49.7938919,13.9433336,49.7938919,0.0265983175,0.000140384567,4.43507433,0.435374618,8.10755062,8.82032299,0.200000003,5.0,0.267638087,0.69670105,0.550632715
transition_rate:rapid:FixedNominal:5,transition_rate,rapid,,,,OU_III,FixedNominal,5,97,503,1409,4.0,30.0,900.0,2.50470543,0.397530764,1.326771751559308,reconfigure,900.0,180000,0.467121899,0.392514706,0.386762917,0.722396195,11.6780472,9.81286812,9.6690731,17.637043,0.806244493,47.9709244,0.290433288,1.17685008,8.51177883,0.0414835513,0.0412241966,0.0158344116,0.0605891757,0.174650878,22.9739685,84.4494476,0.278333336,15.2722225,-30.3159485,-30.0,-0.315948486,25.8727493,24.3009071,94.7344437,33.4038887,51.3238907,15.2722225,51.3238907,0.205917597,0.000285337621,2.50470543,0.397530764,1.32677174,8.82032299,0.200000003,5.0,0.509800792,0.315948486,0.174650878
sensitivity:tau_x0.5:FixedSensitivity:6,sensitivity,tau_x0.5,tau,0.5,0.5,OU_III,FixedSensitivity,6,131,601,1511,1.5,,900.0,1.252352715,0.397530764,1.326771751559308,reconfigure,900.0,180000,0.0702429265,0.0489879549,0.0819479153,0.118529953,4.6828618,3.26586342,5.46319437,7.32132101,0.401663154,20.4021492,0.242931783,0.418206662,1.02262366,0.0169864558,0.0131396363,0.0140831284,0.0256812032,3.31127882,19.8560181,84.9727783,0.0488888919,14.9783335,-26.5346069,-30.0,3.46539307,23.4790955,21.6020985,94.1122208,53.2222252,31.7994461,14.9783335,53.2222252,0.0827055499,9.14621123e-05,1.25235271,0.397530764,1.32677174,5.07732344,0.223920226,4.96944427,0.305253893,3.46539307,3.31127882
sensitivity:tau_x0.75:FixedSensitivity:6,sensitivity,tau_x0.75,tau,0.75,0.75,OU_III,FixedSensitivity,6,131,601,1511,1.5,,900.0,1.8785290725000001,0.397530764,1.326771751559308,reconfigure,900.0,180000,0.0687201619,0.0526581965,0.0787770301,0.117051981,4.58134413,3.51054621,5.25180197,7.23003054,0.401663154,19.612711,0.263801455,0.380384475,0.856865287,0.0158742871,0.0125951124,0.0139785912,0.0246176925,3.41908479,19.9123783,84.9516678,0.0583333336,14.9900007,-26.461441,-30.0,3.53855896,23.5407352,21.6662121,94.1927795,53.2150002,31.7950001,14.9900007,53.2150002,0.0791119263,9.06525893e-05,1.87852907,0.397530764,1.32677174,5.07732344,0.223920226,4.96944427,0.305253893,3.53855896,3.41908479
sensitivity:tau_x1:FixedSensitivity:6,sensitivity,tau_x1,tau,1,1.0,OU_III,FixedSensitivity,6,131,601,1511,1.5,,900.0,2.50470543,0.397530764,1.326771751559308,reconfigure,900.0,180000,0.0685338899,0.0559847988,0.0774350762,0.117589891,4.56892586,3.73231983,5.16233826,7.26325607,0.401663154,19.2786102,0.28309679,0.367580771,0.782980204,0.0152435545,0.0122677255,0.0142090572,0.0241818167,3.52979112,19.9405327,85.046669,0.0588888898,14.8944445,-26.3955841,-30.0,3.60441589,23.5464783,21.6890526,94.2344437,53.2166672,31.8888893,14.8944445,53.2166672,0.0792880505,9.04634144e-05,2.50470543,0.397530764,1.32677174,5.07732344,0.223920226,4.96944427,0.305253893,3.60441589,3.52979112
sensitivity:tau_x1.25:FixedSensitivity:6,sensitivity,tau_x1.25,tau,1.25,1.25,OU_III,FixedSensitivity,6,131,601,1511,1.5,,900.0,3.1308817875,0.397530764,1.326771751559308,reconfigure,900.0,180000,0.0689213499,0.0589537323,0.0769095421,0.118914984,4.5947566,3.93024874,5.12730265,7.34510374,0.401663154,19.1477718,0.301924109,0.364567131,0.744924128,0.0148352515,0.0120553235,0.0146035142,0.0240557306,3.62086225,20.0117054,85.0133362,0.0650000051,14.9216671,-26.3133698,-30.0,3.68663025,23.5974636,21.7248096,94.2361145,53.2100029,31.8683338,14.9216671,53.2100029,0.0809097216,9.04541012e-05,3.13088179,0.397530764,1.32677174,5.07732344,0.223920226,4.96944427,0.305253893,3.68663025,3.62086225
sensitivity:tau_x1.5:FixedSensitivity:6,sensitivity,tau_x1.5,tau,1.5,1.5,OU_III,FixedSensitivity,6,131,601,1511,1.5,,900.0,3.7570581450000002,0.397530764,1.326771751559308,reconfigure,900.0,180000,0.0696011484,0.0616498217,0.0768178329,0.120606795,4.64007616,4.10998774,5.12118864,7.44960308,0.401663154,19.124939,0.320554763,0.366481543,0.72497642,0.0145545304,0.0119153624,0.0150892092,0.0241141953,3.7007637,20.0639172,85.0166702,0.0705555603,14.9127779,-26.243866,-30.0,3.75613403,23.5874748,21.7258816,94.2399979,53.205555,31.8816681,14.9127779,53.205555,0.0832472369,9.0515161e-05,3.75705814,0.397530764,1.32677174,5.07732344,0.223920226,4.96944427,0.305253893,3.75613403,3.7007637
sensitivity:sigma_aw_x0.5:FixedSensitivity:6,sensitivity,sigma_aw_x0.5,sigma_aw,0.5,0.5,OU_III,FixedSensitivity,6,131,601,1511,1.5,,900.0,2.50470543,0.198765382,1.326771751559308,reconfigure,900.0,180000,0.0694281533,0.0488326326,0.0775575265,0.114978537,4.62854338,3.25550866,5.17050171,7.10195827,0.401663154,19.3090973,0.514217138,0.49456054,0.888673604,0.0147301573,0.0108759645,0.022197986,0.028775245,4.40538406,20.221714,84.8011169,0.0544444472,15.1444445,-25.5293121,-30.0,4.47068787,23.6935749,21.7943592,94.0622253,52.9449997,31.9105568,15.1444445,52.9449997,0.122355856,9.06436035e-05,2.50470543,0.198765382,1.32677174,5.07732344,0.223920226,4.96944427,0.305253893,4.47068787,4.40538406
sensitivity:sigma_aw_x0.75:FixedSensitivity:6,sensitivity,sigma_aw_x0.75,sigma_aw,0.75,0.75,OU_III,FixedSensitivity,6,131,601,1511,1.5,,900.0,2.50470543,0.298148073,1.326771751559308,reconfigure,900.0,180000,0.0685462803,0.0543083102,0.0774238706,0.11680086,4.56975174,3.62055397,5.16159105,7.21451902,0.401663154,19.2758198,0.341711909,0.401427299,0.808922946,0.0148443719,0.0109538855,0.0160838049,0.0244751275,3.84011459,20.011095,84.7700043,0.0583333336,15.1716671,-26.1625824,-30.0,3.8374176,23.6337624,21.7439861,94.1383362,52.9961128,31.8322239,15.1716671,52.9961128,0.0902311727,9.04995322e-05,2.50470543,0.298148066,1.32677174,5.07732344,0.223920226,4.96944427,0.305253893,3.8374176,3.84011459
sensitivity:sigma_aw_x1:FixedSensitivity:6,sensitivity,sigma_aw_x1,sigma_aw,1,1.0,OU_III,FixedSensitivity,6,131,601,1511,1.5,,900.0,2.50470543,0.397530764,1.326771751559308,reconfigure,900.0,180000,0.0685338899,0.0559847988,0.0774350762,0.117589891,4.56892586,3.73231983,5.16233826,7.26325607,0.401663154,19.2786102,0.28309679,0.367580771,0.782980204,0.0152435545,0.0122677255,0.0142090572,0.0241818167,3.52979112,19.9405327,85.046669,0.0588888898,14.8944445,-26.3955841,-30.0,3.60441589,23.5464783,21.6890526,94.2344437,53.2166672,31.8888893,14.8944445,53.2166672,0.0792880505,9.04634144e-05,2.50470543,0.397530764,1.32677174,5.07732344,0.223920226,4.96944427,0.305253893,3.60441589,3.52979112
sensitivity:sigma_aw_x1.25:FixedSensitivity:6,sensitivity,sigma_aw_x1.25,sigma_aw,1.25,1.25,OU_III,FixedSensitivity,6,131,601,1511,1.5,,900.0,2.50470543,0.49691345499999995,1.326771751559308,reconfigure,900.0,180000,0.0685434416,0.0559318736,0.0774627179,0.117588475,4.56956244,3.72879148,5.16418123,7.26316833,0.401663154,19.2854919,0.25774461,0.349752039,0.757739127,0.0156820528,0.0128664868,0.0136400126,0.0244442876,3.43859076,19.9076595,85.0572281,0.0605555587,14.8822222,-26.4898071,-30.0,3.51019287,23.5239258,21.6704712,94.2588882,53.2227783,31.8950005,14.8822222,53.2227783,0.0741696656,9.02235188e-05,2.50470543,0.496913463,1.32677174,5.07732344,0.223920226,4.96944427,0.305253893,3.51019287,3.43859076
sensitivity:sigma_aw_x1.5:FixedSensitivity:6,sensitivity,sigma_aw_x1.5,sigma_aw,1.5,1.5,OU_III,FixedSensitivity,6,131,601,1511,1.5,,900.0,2.50470543,0.596296146,1.326771751559308,reconfigure,900.0,180000,0.0685580373,0.0558663309,0.0774987191,0.117589556,4.57053566,3.72442198,5.16658115,7.26323509,0.401663154,19.2944546,0.244362354,0.339572757,0.741549492,0.0160971452,0.0134019395,0.0135508757,0.0249470696,3.39296007,19.9098568,85.0411148,0.0611111112,14.8977785,-26.526413,-30.0,3.47358704,23.5644722,21.685503,94.2688904,53.2294464,31.8727779,14.8977785,53.2294464,0.0713699088,9.00837185e-05,2.50470543,0.596296132,1.32677174,5.07732344,0.223920226,4.96944427,0.305253893,3.47358704,3.39296007
sensitivity:r_s_x0.5:FixedSensitivity:6,sensitivity,r_s_x0.5,r_s,0.5,0.5,OU_III,FixedSensitivity,6,131,601,1511,1.5,,900.0,2.50470543,0.397530764,0.663385875779654,reconfigure,900.0,180000,0.0755458102,0.0458762795,0.0902533606,0.12632288,5.03638697,3.05841851,6.01689053,7.80267239,0.401663154,22.4699135,0.253980041,0.589055479,1.61038387,0.0182465315,0.0122323623,0.0158212688,0.0270717405,3.29172182,19.8347397,84.7333374,0.0338888913,15.2327785,-26.649231,-30.0,3.35076904,23.4773159,21.6338329,94.0183334,52.9950027,31.7722225,15.2327785,52.9950027,0.109956875,9.56172007e-05,2.50470543,0.397530764,0.663385868,5.07732344,0.223920226,4.96944427,0.305253893,3.35076904,3.29172182
sensitivity:r_s_x0.75:FixedSensitivity:6,sensitivity,r_s_x0.75,r_s,0.75,0.75,OU_III,FixedSensitivity,6,131,601,1511,1.5,,900.0,2.50470543,0.397530764,0.995078813669481,reconfigure,900.0,180000,0.0695845783,0.0499871261,0.080771789,0.117748924,4.63897181,3.33247495,5.38478565,7.27307892,0.401663154,20.1093349,0.27536869,0.424766093,0.995911956,0.0159813706,0.0121429581,0.0146190003,0.0248308461,3.49616194,19.8916149,84.7761154,0.0500000007,15.1738892,-26.4348755,-30.0,3.56512451,23.5075378,21.6408043,94.1127777,53.0205574,31.8055573,15.1738892,53.0205574,0.0866186842,9.14293123e-05,2.50470543,0.397530764,0.995078802,5.07732344,0.223920226,4.96944427,0.305253893,3.56512451,3.49616194
sensitivity:r_s_x1:FixedSensitivity:6,sensitivity,r_s_x1,r_s,1,1.0,OU_III,FixedSensitivity,6,131,601,1511,1.5,,900.0,2.50470543,0.397530764,1.326771751559308,reconfigure,900.0,180000,0.0685338899,0.0559847988,0.0774350762,0.117589891,4.56892586,3.73231983,5.16233826,7.26325607,0.401663154,19.2786102,0.28309679,0.367580771,0.782980204,0.0152435545,0.0122677255,0.0142090572,0.0241818167,3.52979112,19.9405327,85.046669,0.0588888898,14.8944445,-26.3955841,-30.0,3.60441589,23.5464783,21.6890526,94.2344437,53.2166672,31.8888893,14.8944445,53.2166672,0.0792880505,9.04634144e-05,2.50470543,0.397530764,1.32677174,5.07732344,0.223920226,4.96944427,0.305253893,3.60441589,3.52979112
sensitivity:r_s_x1.25:FixedSensitivity:6,sensitivity,r_s_x1.25,r_s,1.25,1.25,OU_III,FixedSensitivity,6,131,601,1511,1.5,,900.0,2.50470543,0.397530764,1.658464689449135,reconfigure,900.0,180000,0.0697873309,0.0622475445,0.0768683851,0.121052787,4.65248871,4.14983606,5.12455893,7.47715092,0.401663154,19.1375256,0.286765665,0.341601342,0.686508775,0.014927255,0.0123707959,0.0140225086,0.0239267685,3.58154392,20.0329895,85.039444,0.0733333379,14.8872223,-26.3547211,-30.0,3.64527893,23.5982952,21.7257423,94.2594452,53.2150002,31.8977795,14.8872223,53.2150002,0.076157473,9.02270549e-05,2.50470543,0.397530764,1.65846467,5.07732344,0.223920226,4.96944427,0.305253893,3.64527893,3.58154392
sensitivity:r_s_x1.5:FixedSensitivity:6,sensitivity,r_s_x1.5,r_s,1.5,1.5,OU_III,FixedSensitivity,6,131,601,1511,1.5,,900.0,2.50470543,0.397530764,1.990157627338962,reconfigure,900.0,180000,0.0722562,0.0684363917,0.0777784735,0.126309097,4.81708002,4.56242609,5.18523121,7.80182123,0.401663154,19.3641052,0.288811445,0.327754468,0.635058463,0.0147715788,0.0124512194,0.0139226457,0.0238132831,3.63072062,20.0354691,85.0350037,0.0772222206,14.8877783,-26.321991,-30.0,3.67800903,23.6181622,21.736145,94.2766647,53.2200012,31.8922234,14.8877783,53.2200012,0.074548766,9.02382017e-05,2.50470543,0.397530764,1.9901576,5.07732344,0.223920226,4.96944427,0.305253893,3.67800903,3.63072062
sensitivity:sigma_aw_rs_x0.5:FixedSensitivity:6,sensitivity,sigma_aw_rs_x0.5,sigma_aw_rs,0.5,0.5,OU_III,FixedSensitivity,6,131,601,1511,1.5,,900.0,2.50470543,0.198765382,0.7324373889676343,reconfigure,900.0,180000,0.077517353,0.045472458,0.0875751674,0.125483438,5.16782331,3.031497,5.8383441,7.75082159,0.401663154,21.8031368,0.488035262,0.659871697,1.4889679,0.0172107257,0.00997541472,0.0236191042,0.0308800917,4.14657021,20.1620331,84.5800018,0.0355555564,15.3844452,-25.7493896,-30.0,4.25061035,23.6769657,21.7822895,93.9311142,52.9150009,31.7005558,15.3844452,52.9150009,0.140852109,9.36776923e-05,2.50470543,0.198765382,0.732437372,5.07732344,0.223920226,4.96944427,0.305253893,4.25061035,4.14657021
sensitivity:sigma_aw_rs_x0.75:FixedSensitivity:6,sensitivity,sigma_aw_rs_x0.75,sigma_aw_rs,0.75,0.75,OU_III,FixedSensitivity,6,131,601,1511,1.5,,900.0,2.50470543,0.298148073,1.0368259794888302,reconfigure,900.0,180000,0.069233954,0.0493505374,0.0800939351,0.116806909,4.61559677,3.29003572,5.33959532,7.21489286,0.401663154,19.9405727,0.334659666,0.447960675,0.98151809,0.0154777076,0.0107804174,0.0164557658,0.0250313617,3.73466229,19.9465065,84.7050018,0.050555557,15.2444448,-26.2305603,-30.0,3.7694397,23.5434151,21.6787834,94.082222,52.9855576,31.7700005,15.2444448,52.9855576,0.0957743824,9.11937677e-05,2.50470543,0.298148066,1.03682601,5.07732344,0.223920226,4.96944427,0.305253893,3.7694397,3.73466229
sensitivity:sigma_aw_rs_x1:FixedSensitivity:6,sensitivity,sigma_aw_rs_x1,sigma_aw_rs,1,1.0,OU_III,FixedSensitivity,6,131,601,1511,1.5,,900.0,2.50470543,0.397530764,1.326771751559308,reconfigure,900.0,180000,0.0685338899,0.0559847988,0.0774350762,0.117589891,4.56892586,3.73231983,5.16233826,7.26325607,0.401663154,19.2786102,0.28309679,0.367580771,0.782980204,0.0152435545,0.0122677255,0.0142090572,0.0241818167,3.52979112,19.9405327,85.046669,0.0588888898,14.8944445,-26.3955841,-30.0,3.60441589,23.5464783,21.6890526,94.2344437,53.2166672,31.8888893,14.8944445,53.2166672,0.0792880505,9.04634144e-05,2.50470543,0.397530764,1.32677174,5.07732344,0.223920226,4.96944427,0.305253893,3.60441589,3.52979112
sensitivity:sigma_aw_rs_x1.25:FixedSensitivity:6,sensitivity,sigma_aw_rs_x1.25,sigma_aw_rs,1.25,1.25,OU_III,FixedSensitivity,6,131,601,1511,1.5,,900.0,2.50470543,0.49691345499999995,1.6064305023245595,reconfigure,900.0,180000,0.0694738477,0.0612134524,0.0768453702,0.120328359,4.63158989,4.08089685,5.12302446,7.43240452,0.401663154,19.131794,0.260826707,0.326707721,0.672066629,0.0154147558,0.0129459817,0.013494676,0.024234673,3.48502064,19.9694729,85.0644455,0.0716666654,14.8638897,-26.4555054,-30.0,3.54449463,23.5446644,21.6921272,94.2744446,53.2216682,31.9144459,14.8638897,53.2216682,0.0713024363,8.99831211e-05,2.50470543,0.496913463,1.60643053,5.07732344,0.223920226,4.96944427,0.305253893,3.54449463,3.48502064
sensitivity:sigma_aw_rs_x1.5:FixedSensitivity:6,sensitivity,sigma_aw_rs_x1.5,sigma_aw_rs,1.5,1.5,OU_III,FixedSensitivity,6,131,601,1511,1.5,,900.0,2.50470543,0.596296146,1.8781556506932744,reconfigure,900.0,180000,0.0712600499,0.0662423149,0.0773383901,0.124287032,4.75066996,4.41615438,5.15589237,7.6769228,0.401663154,19.2545395,0.249108642,0.303488106,0.607408822,0.0157054253,0.0135357408,0.0133491876,0.0246592257,3.48969531,19.9964275,85.0566711,0.0805555582,14.8627777,-26.472229,-30.0,3.527771,23.5721722,21.7083206,94.2994461,53.2355576,31.9016666,14.8627777,53.2355576,0.0668611452,8.98275539e-05,2.50470543,0.596296132,1.87815571,5.07732344,0.223920226,4.96944427,0.305253893,3.527771,3.48969531
sensitivity:tau_rs_x0.5:FixedSensitivity:6,sensitivity,tau_rs_x0.5,tau_rs,0.5,0.5,OU_III,FixedSensitivity,6,131,601,1511,1.5,,900.0,1.252352715,0.397530764,0.1742642782410629,reconfigure,900.0,180000,0.143393651,0.121846221,0.19952102,0.274256945,9.55957603,8.12308121,13.3014011,16.9402161,0.401663154,49.6737175,0.336383969,2.2845242,17.2883224,0.0654887855,0.0597841963,0.0300007835,0.0936107785,-0.184689835,19.5945702,82.9633331,0.0355555564,17.001112,-30.0099945,-30.0,-0.00999450684,23.4308243,21.8087807,93.4133301,78.7400055,4.2588892,17.001112,78.7400055,0.395147592,0.000493737927,1.25235271,0.397530764,0.174264282,5.07732344,0.223920226,4.96944427,0.305253893,0.00999450684,0.184689835
sensitivity:tau_rs_x0.75:FixedSensitivity:6,sensitivity,tau_rs_x0.75,tau_rs,0.75,0.75,OU_III,FixedSensitivity,6,131,601,1511,1.5,,900.0,1.8785290725000001,0.397530764,0.5713525920518797,reconfigure,900.0,180000,0.0827409402,0.0468063839,0.100718543,0.138495937,5.51606226,3.12042546,6.71456909,8.55457401,0.401663154,25.0753765,0.210879654,0.805703819,2.46177006,0.0218704753,0.0136256879,0.0170072075,0.0308742952,2.8206377,19.7869473,84.7311096,0.024444446,15.2444448,-27.0590973,-30.0,2.94090271,23.4320068,21.6362095,93.9250031,53.1561127,31.5994453,15.2444448,53.1561127,0.142856315,0.000103453283,1.87852907,0.397530764,0.571352601,5.07732344,0.223920226,4.96944427,0.305253893,2.94090271,2.8206377
sensitivity:tau_rs_x1:FixedSensitivity:6,sensitivity,tau_rs_x1,tau_rs,1,1.0,OU_III,FixedSensitivity,6,131,601,1511,1.5,,900.0,2.50470543,0.397530764,1.326771751559308,reconfigure,900.0,180000,0.0685338899,0.0559847988,0.0774350762,0.117589891,4.56892586,3.73231983,5.16233826,7.26325607,0.401663154,19.2786102,0.28309679,0.367580771,0.782980204,0.0152435545,0.0122677255,0.0142090572,0.0241818167,3.52979112,19.9405327,85.046669,0.0588888898,14.8944445,-26.3955841,-30.0,3.60441589,23.5464783,21.6890526,94.2344437,53.2166672,31.8888893,14.8944445,53.2166672,0.0792880505,9.04634144e-05,2.50470543,0.397530764,1.32677174,5.07732344,0.223920226,4.96944427,0.305253893,3.60441589,3.52979112
sensitivity:tau_rs_x1.25:FixedSensitivity:6,sensitivity,tau_rs_x1.25,tau_rs,1.25,1.25,OU_III,FixedSensitivity,6,131,601,1511,1.5,,900.0,3.1308817875,0.397530764,2.5503754051943437,reconfigure,900.0,180000,0.0812722296,0.083764635,0.0833510309,0.143419251,5.41814852,5.58430862,5.55673504,8.858675,0.401663154,20.7514744,0.308396906,0.32362622,0.592103601,0.0143947499,0.0123518761,0.0142922802,0.0237496719,3.76882529,20.1704502,85.0772247,0.0911111161,14.8316669,-26.1671295,-30.0,3.83287048,23.6190929,21.7581005,94.3811111,53.2366676,31.9316673,14.8316669,53.2366676,0.0762772933,9.07937865e-05,3.13088179,0.397530764,2.55037546,5.07732344,0.223920226,4.96944427,0.305253893,3.83287048,3.76882529
sensitivity:tau_rs_x1.5:FixedSensitivity:6,sensitivity,tau_rs_x1.5,tau_rs,1.5,1.5,OU_III,FixedSensitivity,6,131,601,1511,1.5,,900.0,3.7570581450000002,0.397530764,4.350027940126623,reconfigure,900.0,180000,0.111266993,0.122563757,0.105869092,0.196495503,7.41779947,8.17091656,7.05793905,12.1370726,0.401663154,26.3576813,0.328319699,0.324765116,0.566230893,0.0142767588,0.0124816103,0.0147653734,0.0240339898,3.29632592,20.5894966,84.4877777,0.100555561,15.4116669,-26.4727173,-30.0,3.52728271,24.1433029,22.1857033,94.3738861,29.0777779,55.5105553,15.4116669,55.5105553,0.0787538961,9.2202441e-05,3.75705814,0.397530764,4.35002804,5.07732344,0.223920226,4.96944427,0.305253893,3.52728271,3.29632592
low_motion:Hs0.27:Adaptive:6,low_motion,Hs0.27,,,,OU_III,Adaptive,6,131,601,1511,0.27,,900.0,adaptive,adaptive,adaptive,reconfigure,900.0,180000,0.00835914817,0.00875031855,0.0116919167,0.0168268941,3.09598064,3.24085855,4.33033943,8.72608757,0.0534241274,21.885088,0.108594671,0.35148409,0.534745932,0.00682812417,0.00496202847,0.0116833318,0.0144133708,nan,nan,0.0,0.0,100.0,39.1993103,30.0,9.1993103,9.33254623,1.57184231,0.413333327,0.0,0.0,100.0,0.0,0.0625395924,8.33243539e-05,1.47190011,0.230124995,0.180699274,2.94440055,0.363663852,2.83080506,0.0772520527,9.1993103,nan
low_motion:Hs0.05:Adaptive:6,low_motion,Hs0.05,,,,OU_III,Adaptive,6,131,601,1511,0.05,,900.0,adaptive,adaptive,adaptive,reconfigure,900.0,180000,0.00777414627,0.00963699166,0.00998033956,0.0159033388,15.5482922,19.273983,19.96068,44.5346107,0.00989331491,100.879631,0.17792286,0.274568349,1.07298481,0.00422811089,0.00370903034,0.00612232508,0.00831364468,nan,nan,0.0,0.0,100.0,nan,30.0,nan,nan,nan,0.0,0.0,0.0,100.0,0.0,0.0555847175,0.00010130908,1.71341693,0.0500000007,0.150003701,3.4110291,0.200000778,4.9998188,0.00266066939,nan,nan
transition_rate:controlled:Adaptive:6,transition_rate,controlled,,,,OU_III,Adaptive,6,131,601,1511,4.0,120.0,900.0,adaptive,adaptive,adaptive,reconfigure,900.0,180000,0.292338312,0.210453674,0.195318505,0.40975818,7.30845785,5.26134205,4.8829627,11.5919809,0.901504815,21.6658306,0.223267004,0.335717976,0.788275361,0.0147867789,0.0125064533,0.0124748368,0.0230365302,4.07254076,21.3516541,85.335556,0.229444444,14.4350004,-26.0428467,-30.0,3.95715332,22.9145069,21.1540298,94.9272232,23.6922226,61.8727798,14.4350004,61.8727798,0.068616949,0.000107847896,4.23681879,0.394604295,6.00870609,8.254282,0.291858256,3.67977214,0.237294018,3.95715332,4.07254076
transition_rate:controlled:FixedNominal:6,transition_rate,controlled,,,,OU_III,FixedNominal,6,131,601,1511,4.0,120.0,900.0,2.50470543,0.397530764,1.326771751559308,reconfigure,900.0,180000,0.578480601,0.477119803,0.463055313,0.881307721,14.4620152,11.9279947,11.5763826,24.9320278,0.901504815,51.3647079,0.233530432,1.59791136,10.1953802,0.0487975627,0.0476406701,0.019273689,0.0708682612,2.85296369,21.1639977,85.8938904,0.268888891,13.8372221,-27.4531097,-30.0,2.54689026,23.6775074,21.9136791,95.1999969,24.2544441,61.9083366,13.8372221,61.9083366,0.274909526,0.000492151885,2.50470543,0.397530764,1.32677174,8.254282,0.291858256,3.67977214,0.20638673,2.54689026,2.85296369
transition_rate:rapid:Adaptive:6,transition_rate,rapid,,,,OU_III,Adaptive,6,131,601,1511,4.0,30.0,900.0,adaptive,adaptive,adaptive,reconfigure,900.0,180000,0.29736495,0.212426499,0.199822322,0.416509151,7.43412399,5.31066227,4.99555826,11.7829647,0.921082377,21.6942959,0.220691398,0.340951711,0.811757267,0.0150334192,0.012627881,0.0125421127,0.0232974607,3.81335449,20.9617901,85.6594467,0.230000004,14.1105556,-26.3553467,-30.0,3.64465332,22.5794392,20.8282032,94.4694443,23.6916676,62.1977806,14.1105556,62.1977806,0.0691025555,0.000108883818,4.23681879,0.394604355,6.00870895,8.254282,0.291858137,3.67977238,0.237294152,3.64465332,3.81335449
transition_rate:rapid:FixedNominal:6,transition_rate,rapid,,,,OU_III,FixedNominal,6,131,601,1511,4.0,30.0,900.0,2.50470543,0.397530764,1.326771751559308,reconfigure,900.0,180000,0.592562497,0.491925746,0.476086497,0.905416787,14.8140621,12.2981434,11.9021626,25.614069,0.921082377,51.6877213,0.255649716,1.68276441,10.6511555,0.0510627814,0.0502573177,0.0197356548,0.0743148774,2.54319,21.1325531,85.6211166,0.3838889,13.9949999,-27.8922729,-30.0,2.10772705,24.02598,21.9922962,94.6855545,24.3738899,61.6311111,13.9949999,61.6311111,0.289847046,0.000509114005,2.50470543,0.397530764,1.32677174,8.254282,0.291858137,3.67977238,0.20638673,2.10772705,2.54319
sensitivity:tau_x0.5:FixedSensitivity:7,sensitivity,tau_x0.5,tau,0.5,0.5,OU_III,FixedSensitivity,7,173,701,1601,1.5,,900.0,1.252352715,0.397530764,1.326771751559308,reconfigure,900.0,180000,0.0689672977,0.0477453321,0.0792988092,0.115431391,4.59781981,3.18302202,5.28658724,6.91051292,0.381225914,20.8010025,0.147723615,0.107449323,1.75641084,0.0126220714,0.0158902928,0.0115649337,0.0233573504,2.84999895,21.207346,83.7688904,0.0,16.2311115,-25.8946686,-30.0,4.10533142,25.108202,23.3935642,93.9211121,20.3966675,63.3722229,16.2311115,63.3722229,0.0293882005,0.000137590949,1.25235271,0.397530764,1.32677174,4.6535573,0.21877569,4.41464663,0.492656648,4.10533142,2.84999895
sensitivity:tau_x0.75:FixedSensitivity:7,sensitivity,tau_x0.75,tau,0.75,0.75,OU_III,FixedSensitivity,7,173,701,1601,1.5,,900.0,1.8785290725000001,0.397530764,1.326771751559308,reconfigure,900.0,180000,0.0676719919,0.0526288338,0.0761437342,0.114661075,4.51146603,3.50858879,5.07624865,6.8643961,0.381225914,19.9733887,0.163244069,0.122488976,1.89765942,0.0118232612,0.0158899091,0.0110970046,0.0227029137,2.98175859,21.2031097,83.9638901,0.0,16.0361118,-25.7731171,-30.0,4.22688293,25.094841,23.3708496,93.9366684,20.3661118,63.5977783,16.0361118,63.5977783,0.0330884345,0.000136212417,1.87852907,0.397530764,1.32677174,4.6535573,0.21877569,4.41464663,0.492656648,4.22688293,2.98175859
sensitivity:tau_x1:FixedSensitivity:7,sensitivity,tau_x1,tau,1,1.0,OU_III,FixedSensitivity,7,173,701,1601,1.5,,900.0,2.50470543,0.397530764,1.326771751559308,reconfigure,900.0,180000,0.0676148459,0.0567624569,0.0746605396,0.115619808,4.5076561,3.78416371,4.97736931,6.92179251,0.381225914,19.5843296,0.180126607,0.129300117,1.95980155,0.011319668,0.0158821959,0.0109755117,0.0223794747,3.08359385,21.2566338,83.9794464,0.0,16.0205555,-25.6815338,-30.0,4.31846619,25.1328506,23.3984375,93.9327774,20.3833332,63.5961113,16.0205555,63.5961113,0.036175333,0.000135444439,2.50470543,0.397530764,1.32677174,4.6535573,0.21877569,4.41464663,0.492656648,4.31846619,3.08359385
sensitivity:tau_x1.25:FixedSensitivity:7,sensitivity,tau_x1.25,tau,1.25,1.25,OU_III,FixedSensitivity,7,173,701,1601,1.5,,900.0,3.1308817875,0.397530764,1.326771751559308,reconfigure,900.0,180000,0.0680861697,0.0603375658,0.0739430189,0.117234461,4.53907776,4.02250433,4.92953444,7.01845646,0.381225914,19.3961163,0.197922438,0.130271152,1.98914564,0.0109622572,0.0158879682,0.0110669006,0.0222502779,3.17290354,21.35606,83.9994431,0.0,16.000555,-25.5908356,-30.0,4.40916443,25.2461185,23.4897823,93.9344482,20.419445,63.5800018,16.000555,63.5800018,0.0388475321,0.000134950824,3.13088179,0.397530764,1.32677174,4.6535573,0.21877569,4.41464663,0.492656648,4.40916443,3.17290354
sensitivity:tau_x1.5:FixedSensitivity:7,sensitivity,tau_x1.5,tau,1.5,1.5,OU_III,FixedSensitivity,7,173,701,1601,1.5,,900.0,3.7570581450000002,0.397530764,1.326771751559308,reconfigure,900.0,180000,0.0688231662,0.0635031313,0.0736524537,0.119138405,4.58821106,4.23354197,4.9101634,7.13243961,0.381225914,19.3198967,0.216357514,0.128107592,2.00195312,0.0106923375,0.0159097333,0.0113003803,0.0222518388,3.16414714,21.3390179,83.5877762,0.0,16.4122219,-25.5171051,-30.0,4.4828949,25.7032833,23.8372478,93.9388885,20.0050011,63.5827789,16.4122219,63.5827789,0.0413988456,0.000134603964,3.75705814,0.397530764,1.32677174,4.6535573,0.21877569,4.41464663,0.492656648,4.4828949,3.16414714
sensitivity:sigma_aw_x0.5:FixedSensitivity:7,sensitivity,sigma_aw_x0.5,sigma_aw,0.5,0.5,OU_III,FixedSensitivity,7,173,701,1601,1.5,,900.0,2.50470543,0.198765382,1.326771751559308,reconfigure,900.0,180000,0.0686259419,0.0475133099,0.0747419223,0.112041906,4.57506275,3.1675539,4.98279476,6.70759439,0.381225914,19.6056767,0.425509423,0.138717934,1.72774196,0.0102065532,0.0163955279,0.0175448377,0.0260923058,3.92463374,21.7803917,83.6422272,0.0,16.3577785,-24.8780518,-30.0,5.12194824,25.3216743,23.2114697,93.836113,23.7227783,59.919445,16.3577785,59.919445,0.0758259818,0.000132979607,2.50470543,0.198765382,1.32677174,4.6535573,0.21877569,4.41464663,0.492656648,5.12194824,3.92463374
sensitivity:sigma_aw_x0.75:FixedSensitivity:7,sensitivity,sigma_aw_x0.75,sigma_aw,0.75,0.75,OU_III,FixedSensitivity,7,173,701,1601,1.5,,900.0,2.50470543,0.298148073,1.326771751559308,reconfigure,900.0,180000,0.0675986931,0.0542699806,0.0746572241,0.114405051,4.5065794,3.6179986,4.97714806,6.84906864,0.381225914,19.5834599,0.237834066,0.10864228,1.88431656,0.0105468491,0.0150422212,0.0120729869,0.0219832081,3.24375677,21.4190254,83.378891,0.0,16.6211109,-25.5754852,-30.0,4.42451477,26.3264866,24.1992645,93.921669,19.8172226,63.5616684,16.6211109,63.5616684,0.0433209576,0.000134568414,2.50470543,0.298148066,1.32677174,4.6535573,0.21877569,4.41464663,0.492656648,4.42451477,3.24375677
sensitivity:sigma_aw_x1:FixedSensitivity:7,sensitivity,sigma_aw_x1,sigma_aw,1,1.0,OU_III,FixedSensitivity,7,173,701,1601,1.5,,900.0,2.50470543,0.397530764,1.326771751559308,reconfigure,900.0,180000,0.0676148459,0.0567624569,0.0746605396,0.115619808,4.5076561,3.78416371,4.97736931,6.92179251,0.381225914,19.5843296,0.180126607,0.129300117,1.95980155,0.011319668,0.0158821959,0.0109755117,0.0223794747,3.08359385,21.2566338,83.9794464,0.0,16.0205555,-25.6815338,-30.0,4.31846619,25.1328506,23.3984375,93.9327774,20.3833332,63.5961113,16.0205555,63.5961113,0.036175333,0.000135444439,2.50470543,0.397530764,1.32677174,4.6535573,0.21877569,4.41464663,0.492656648,4.31846619,3.08359385
sensitivity:sigma_aw_x1.25:FixedSensitivity:7,sensitivity,sigma_aw_x1.25,sigma_aw,1.25,1.25,OU_III,FixedSensitivity,7,173,701,1601,1.5,,900.0,2.50470543,0.49691345499999995,1.326771751559308,reconfigure,900.0,180000,0.0676222369,0.0568204634,0.0746812448,0.115665987,4.50814915,3.78803086,4.97874928,6.92455721,0.381225914,19.5897598,0.156568304,0.143136561,1.98957074,0.0120274406,0.0162758045,0.0110530499,0.0230592936,2.94785476,21.1553326,84.0166702,0.0,15.9833336,-25.7914429,-30.0,4.20855713,24.9778976,23.2608242,93.9411087,20.4050007,63.6116676,15.9833336,63.6116676,0.0344122909,0.000135966591,2.50470543,0.496913463,1.32677174,4.6535573,0.21877569,4.41464663,0.492656648,4.20855713,2.94785476
sensitivity:sigma_aw_x1.5:FixedSensitivity:7,sensitivity,sigma_aw_x1.5,sigma_aw,1.5,1.5,OU_III,FixedSensitivity,7,173,701,1601,1.5,,900.0,2.50470543,0.596296146,1.326771751559308,reconfigure,900.0,180000,0.067637153,0.0567134246,0.0747122988,0.115642227,4.50914335,3.78089476,4.9808197,6.92313433,0.381225914,19.597908,0.144960508,0.151136816,2.00240183,0.0126306005,0.0166360904,0.0114298165,0.0238103401,2.88425493,21.1144466,84.0299988,0.0,15.9700003,-25.8516235,-30.0,4.14837646,24.9174995,23.2077122,93.9400024,20.4144459,63.6155586,15.9700003,63.6155586,0.0339042954,0.000136249189,2.50470543,0.596296132,1.32677174,4.6535573,0.21877569,4.41464663,0.492656648,4.14837646,2.88425493
sensitivity:r_s_x0.5:FixedSensitivity:7,sensitivity,r_s_x0.5,r_s,0.5,0.5,OU_III,FixedSensitivity,7,173,701,1601,1.5,,900.0,2.50470543,0.397530764,0.663385875779654,reconfigure,900.0,180000,0.0737953931,0.0423992723,0.0871042237,0.121780969,4.91969252,2.82661796,5.80694818,7.29064178,0.381225914,22.8484535,0.166534245,0.177939802,1.2899642,0.0122848218,0.0140351737,0.0119139086,0.0221324228,2.84134245,21.4208202,83.5866699,0.0,16.4133339,-25.9576874,-30.0,4.04231262,25.5827885,23.7895203,93.8450012,20.3061123,63.2805557,16.4133339,63.2805557,0.0407937989,0.000141155222,2.50470543,0.397530764,0.663385868,4.6535573,0.21877569,4.41464663,0.492656648,4.04231262,2.84134245
sensitivity:r_s_x0.75:FixedSensitivity:7,sensitivity,r_s_x0.75,r_s,0.75,0.75,OU_III,FixedSensitivity,7,173,701,1601,1.5,,900.0,2.50470543,0.397530764,0.995078813669481,reconfigure,900.0,180000,0.0683754534,0.0491501875,0.0781633183,0.114893205,4.55836344,3.27667904,5.21088791,6.87829304,0.381225914,20.503149,0.1760104,0.105500489,1.77515411,0.0114622777,0.0153310932,0.0111993402,0.0221777242,3.02321982,21.3165188,83.7227783,0.0,16.2772217,-25.7520294,-30.0,4.24797058,25.2815933,23.533268,93.9166641,20.3611107,63.3616676,16.2772217,63.3616676,0.0334559865,0.000136574017,2.50470543,0.397530764,0.995078802,4.6535573,0.21877569,4.41464663,0.492656648,4.24797058,3.02321982
sensitivity:r_s_x1:FixedSensitivity:7,sensitivity,r_s_x1,r_s,1,1.0,OU_III,FixedSensitivity,7,173,701,1601,1.5,,900.0,2.50470543,0.397530764,1.326771751559308,reconfigure,900.0,180000,0.0676148459,0.0567624569,0.0746605396,0.115619808,4.5076561,3.78416371,4.97736931,6.92179251,0.381225914,19.5843296,0.180126607,0.129300117,1.95980155,0.011319668,0.0158821959,0.0109755117,0.0223794747,3.08359385,21.2566338,83.9794464,0.0,16.0205555,-25.6815338,-30.0,4.31846619,25.1328506,23.3984375,93.9327774,20.3833332,63.5961113,16.0205555,63.5961113,0.036175333,0.000135444439,2.50470543,0.397530764,1.32677174,4.6535573,0.21877569,4.41464663,0.492656648,4.31846619,3.08359385
sensitivity:r_s_x1.25:FixedSensitivity:7,sensitivity,r_s_x1.25,r_s,1.25,1.25,OU_III,FixedSensitivity,7,173,701,1601,1.5,,900.0,2.50470543,0.397530764,1.658464689449135,reconfigure,900.0,180000,0.0690313578,0.0641568899,0.0736269131,0.119592465,4.60209036,4.27712584,4.90846062,7.15962315,0.381225914,19.3131981,0.182566315,0.148094848,2.04868031,0.0113051645,0.0161733385,0.0108770942,0.022532085,3.13556743,21.2558212,84.007782,0.0,15.9922228,-25.6314392,-30.0,4.36856079,25.1262894,23.3897476,93.9411087,20.4038887,63.6038895,15.9922228,63.6038895,0.0384245031,0.000135087379,2.50470543,0.397530764,1.65846467,4.6535573,0.21877569,4.41464663,0.492656648,4.36856079,3.13556743
sensitivity:r_s_x1.5:FixedSensitivity:7,sensitivity,r_s_x1.5,r_s,1.5,1.5,OU_III,FixedSensitivity,7,173,701,1601,1.5,,900.0,2.50470543,0.397530764,1.990157627338962,reconfigure,900.0,180000,0.0716051012,0.0711534619,0.0739692301,0.125146121,4.77367306,4.74356413,4.93128204,7.49210262,0.381225914,19.4029903,0.184250921,0.159869194,2.09836793,0.0113268327,0.0163516961,0.010825756,0.0226466805,3.17483902,21.3160114,84.0577774,0.0,15.9422226,-25.5862122,-30.0,4.41378784,25.1941853,23.4476204,93.9633331,20.4461117,63.6116676,15.9422226,63.6116676,0.039909374,0.000134990187,2.50470543,0.397530764,1.9901576,4.6535573,0.21877569,4.41464663,0.492656648,4.41378784,3.17483902
sensitivity:sigma_aw_rs_x0.5:FixedSensitivity:7,sensitivity,sigma_aw_rs_x0.5,sigma_aw_rs,0.5,0.5,OU_III,FixedSensitivity,7,173,701,1601,1.5,,900.0,2.50470543,0.198765382,0.7324373889676343,reconfigure,900.0,180000,0.0762778074,0.0413319841,0.0845141038,0.121116765,5.08518696,2.75546551,5.63427353,7.25087786,0.381225914,22.169035,0.410197437,0.267407238,1.26858926,0.011405699,0.0147794578,0.0186999161,0.026423648,3.67135525,21.9291706,83.1450043,0.0,16.8549995,-25.2185516,-30.0,4.78144836,25.6654873,23.5791607,93.757225,23.544445,59.6005554,16.8549995,59.6005554,0.0834174827,0.000137017254,2.50470543,0.198765382,0.732437372,4.6535573,0.21877569,4.41464663,0.492656648,4.78144836,3.67135525
sensitivity:sigma_aw_rs_x0.75:FixedSensitivity:7,sensitivity,sigma_aw_rs_x0.75,sigma_aw_rs,0.75,0.75,OU_III,FixedSensitivity,7,173,701,1601,1.5,,900.0,2.50470543,0.298148073,1.0368259794888302,reconfigure,900.0,180000,0.0680392012,0.0481160283,0.077489391,0.113794073,4.53594637,3.20773506,5.16595936,6.81249142,0.381225914,20.3263702,0.233503863,0.1063262,1.7354995,0.0107128508,0.0145431943,0.012338833,0.0218750201,3.24836659,21.5433331,83.3111115,0.0,16.6888885,-25.5321198,-30.0,4.46788025,25.9388847,24.0374031,93.8877792,19.9905567,63.3205566,16.6888885,63.3205566,0.0426331609,0.000135613227,2.50470543,0.298148066,1.03682601,4.6535573,0.21877569,4.41464663,0.492656648,4.46788025,3.24836659
sensitivity:sigma_aw_rs_x1:FixedSensitivity:7,sensitivity,sigma_aw_rs_x1,sigma_aw_rs,1,1.0,OU_III,FixedSensitivity,7,173,701,1601,1.5,,900.0,2.50470543,0.397530764,1.326771751559308,reconfigure,900.0,180000,0.0676148459,0.0567624569,0.0746605396,0.115619808,4.5076561,3.78416371,4.97736931,6.92179251,0.381225914,19.5843296,0.180126607,0.129300117,1.95980155,0.011319668,0.0158821959,0.0109755117,0.0223794747,3.08359385,21.2566338,83.9794464,0.0,16.0205555,-25.6815338,-30.0,4.31846619,25.1328506,23.3984375,93.9327774,20.3833332,63.5961113,16.0205555,63.5961113,0.036175333,0.000135444439,2.50470543,0.397530764,1.32677174,4.6535573,0.21877569,4.41464663,0.492656648,4.31846619,3.08359385
sensitivity:sigma_aw_rs_x1.25:FixedSensitivity:7,sensitivity,sigma_aw_rs_x1.25,sigma_aw_rs,1.25,1.25,OU_III,FixedSensitivity,7,173,701,1601,1.5,,900.0,2.50470543,0.49691345499999995,1.6064305023245595,reconfigure,900.0,180000,0.0686948746,0.0630839467,0.0736758858,0.118855819,4.57965803,4.20559645,4.91172552,7.11552238,0.381225914,19.3260441,0.158309013,0.161712587,2.06872725,0.0120244799,0.0165217519,0.0109985806,0.0232061464,2.98540902,21.1258049,84.0355606,0.0,15.9644451,-25.7613983,-30.0,4.23860168,24.9282227,23.2123547,93.9449997,20.4261112,63.6094475,15.9644451,63.6094475,0.0368360393,0.000135634036,2.50470543,0.496913463,1.60643053,4.6535573,0.21877569,4.41464663,0.492656648,4.23860168,2.98540902
sensitivity:sigma_aw_rs_x1.5:FixedSensitivity:7,sensitivity,sigma_aw_rs_x1.5,sigma_aw_rs,1.5,1.5,OU_III,FixedSensitivity,7,173,701,1601,1.5,,900.0,2.50470543,0.596296146,1.8781556506932744,reconfigure,900.0,180000,0.070568487,0.0687898248,0.0737064555,0.123063371,4.70456553,4.58598804,4.91376352,7.36741543,0.381225914,19.3340626,0.147526234,0.182887048,2.12909865,0.0126567706,0.0170279834,0.0113799842,0.0240759235,2.95745158,21.1243134,84.1033325,0.0,15.8966675,-25.7720337,-30.0,4.22796631,24.904171,23.1991405,93.9688873,20.4655552,63.6377792,15.8966675,63.6377792,0.0382914916,0.000135801791,2.50470543,0.596296132,1.87815571,4.6535573,0.21877569,4.41464663,0.492656648,4.22796631,2.95745158
sensitivity:tau_rs_x0.5:FixedSensitivity:7,sensitivity,tau_rs_x0.5,tau_rs,0.5,0.5,OU_III,FixedSensitivity,7,173,701,1601,1.5,,900.0,1.252352715,0.397530764,0.1742642782410629,reconfigure,900.0,180000,0.139042795,0.108504288,0.189719409,0.259035766,9.26951885,7.23361874,12.6479597,15.5076523,0.381225914,49.7656136,0.41653946,1.86737287,14.5334988,0.0530709177,0.0523017645,0.0249064695,0.0785641745,-1.58566284,22.0374374,81.5294495,0.149444446,18.3211117,-30.5608826,-30.0,-0.560882568,26.9809418,24.9554901,93.3438873,27.9738903,53.7050018,18.3211117,53.7050018,0.32741043,0.000826147792,1.25235271,0.397530764,0.174264282,4.6535573,0.21877569,4.41464663,0.492656648,0.560882568,1.58566284
sensitivity:tau_rs_x0.75:FixedSensitivity:7,sensitivity,tau_rs_x0.75,tau_rs,0.75,0.75,OU_III,FixedSensitivity,7,173,701,1601,1.5,,900.0,1.8785290725000001,0.397530764,0.5713525920518797,reconfigure,900.0,180000,0.0805238262,0.041054152,0.0967253149,0.132383227,5.36825466,2.73694324,6.44835424,7.92536592,0.381225914,25.3721771,0.144335672,0.364966393,0.786354244,0.0144351982,0.0130756674,0.0128346803,0.0233254582,2.50360179,21.4107704,83.2511139,0.0,16.7488899,-26.2766418,-30.0,3.72335815,26.0243282,24.1227837,93.7883301,20.1744442,63.0766678,16.7488899,63.0766678,0.0669525415,0.000150669803,1.87852907,0.397530764,0.571352601,4.6535573,0.21877569,4.41464663,0.492656648,3.72335815,2.50360179
sensitivity:tau_rs_x1:FixedSensitivity:7,sensitivity,tau_rs_x1,tau_rs,1,1.0,OU_III,FixedSensitivity,7,173,701,1601,1.5,,900.0,2.50470543,0.397530764,1.326771751559308,reconfigure,900.0,180000,0.0676148459,0.0567624569,0.0746605396,0.115619808,4.5076561,3.78416371,4.97736931,6.92179251,0.381225914,19.5843296,0.180126607,0.129300117,1.95980155,0.011319668,0.0158821959,0.0109755117,0.0223794747,3.08359385,21.2566338,83.9794464,0.0,16.0205555,-25.6815338,-30.0,4.31846619,25.1328506,23.3984375,93.9327774,20.3833332,63.5961113,16.0205555,63.5961113,0.036175333,0.000135444439,2.50470543,0.397530764,1.32677174,4.6535573,0.21877569,4.41464663,0.492656648,4.31846619,3.08359385
sensitivity:tau_rs_x1.25:FixedSensitivity:7,sensitivity,tau_rs_x1.25,tau_rs,1.25,1.25,OU_III,FixedSensitivity,7,173,701,1601,1.5,,900.0,3.1308817875,0.397530764,2.5503754051943437,reconfigure,900.0,180000,0.0807131603,0.0875624642,0.0781792179,0.142456263,5.38087702,5.83749723,5.21194744,8.52840614,0.381225914,20.5073204,0.203999817,0.163980886,2.13830352,0.0110706417,0.0164642334,0.0108828209,0.0226288717,3.30600166,21.3540249,84.0600052,0.0,15.9400005,-25.4906769,-30.0,4.50932312,25.2504292,23.4888306,93.9816666,20.4322224,63.6277809,15.9400005,63.6277809,0.0429343805,0.000134875896,3.13088179,0.397530764,2.55037546,4.6535573,0.21877569,4.41464663,0.492656648,4.50932312,3.30600166
sensitivity:tau_rs_x1.5:FixedSensitivity:7,sensitivity,tau_rs_x1.5,tau_rs,1.5,1.5,OU_III,FixedSensitivity,7,173,701,1601,1.5,,900.0,3.7570581450000002,0.397530764,4.350027940126623,reconfigure,900.0,180000,0.110318385,0.12502861,0.0987261981,0.193776056,7.35455894,8.33524036,6.5817461,11.6007595,0.381225914,25.8970318,0.225001037,0.165525496,2.1627121,0.011073282,0.0166740771,0.0110902674,0.0228831042,3.3230412,21.4850521,83.5955582,0.0,16.4044456,-25.4174957,-30.0,4.58250427,25.4353275,23.6216488,93.9711075,20.4727783,63.1227798,16.4044456,63.1227798,0.0458170511,0.000135498165,3.75705814,0.397530764,4.35002804,4.6535573,0.21877569,4.41464663,0.492656648,4.58250427,3.3230412
low_motion:Hs0.27:Adaptive:7,low_motion,Hs0.27,,,,OU_III,Adaptive,7,173,701,1601,0.27,,900.0,adaptive,adaptive,adaptive,reconfigure,900.0,180000,0.0082764281,0.00870367978,0.0115276463,0.0166475195,3.06534362,3.22358513,4.26949835,8.4484148,0.0544165261,21.1840916,0.145797595,0.158810049,2.06378508,0.00643994007,0.00498011103,0.009949876,0.012855907,2.19702768,3.22396231,0.319444448,0.0,99.6805573,27.9021912,30.0,-2.09780884,4.86388111,4.38889456,0.965555549,0.319444448,0.0,99.6805573,0.319444448,0.0364152342,0.000112700778,1.48557162,0.0819549486,0.150003269,2.97196007,0.325046301,3.1464777,0.0265528504,2.09780884,2.19702768
low_motion:Hs0.05:Adaptive:7,low_motion,Hs0.05,,,,OU_III,Adaptive,7,173,701,1601,0.05,,900.0,adaptive,adaptive,adaptive,reconfigure,900.0,180000,0.00782699231,0.00958983973,0.00961317867,0.0156729091,15.653985,19.1796799,19.2263565,42.9505844,0.0100770956,95.3963242,0.106602259,0.184230477,5.97824335,0.00433816668,0.00362999062,0.00603084266,0.00826846994,nan,nan,0.0,0.0,100.0,nan,30.0,nan,nan,nan,0.0,0.0,0.0,100.0,0.0,0.0358327962,0.000143069206,2.5487833,0.0500000007,0.150003746,5.24574804,0.200000003,4.99993229,0.000936909346,nan,nan
transition_rate:controlled:Adaptive:7,transition_rate,controlled,,,,OU_III,Adaptive,7,173,701,1601,4.0,120.0,900.0,adaptive,adaptive,adaptive,reconfigure,900.0,180000,0.288449436,0.204000399,0.193774924,0.402949095,7.211236,5.10000992,4.84437323,11.2550211,0.863170266,22.449213,0.159838527,0.137893185,1.70786035,0.0127214976,0.0164968912,0.0106420247,0.023393089,2.94770384,19.3790264,90.4861145,0.0,9.51388931,-27.1595459,-30.0,2.8404541,20.0978622,19.08395,96.4000015,7.49166679,82.9944458,9.51388931,82.9944458,0.0336971544,0.000135169641,4.20918465,0.465777665,7.27394295,8.36103821,0.242442891,3.72713518,0.283288479,2.8404541,2.94770384
transition_rate:controlled:FixedNominal:7,transition_rate,controlled,,,,OU_III,FixedNominal,7,173,701,1601,4.0,120.0,900.0,2.50470543,0.397530764,1.326771751559308,reconfigure,900.0,180000,0.539018214,0.41043812,0.429890662,0.802375257,13.4754553,10.2609529,10.7472668,22.4116402,0.863170266,49.8036919,0.261441022,1.26050329,6.64968348,0.0384285636,0.0359372497,0.017062258,0.0553114936,2.12687445,19.8932438,89.5794449,0.0,10.4205561,-27.9250793,-30.0,2.07492065,20.6933746,19.7121086,96.1694412,7.42833328,82.1511154,10.4205561,82.1511154,0.219367683,0.000346627436,2.50470543,0.397530764,1.32677174,8.36103821,0.242442891,3.72713518,0.24189283,2.07492065,2.12687445
transition_rate:rapid:Adaptive:7,transition_rate,rapid,,,,OU_III,Adaptive,7,173,701,1601,4.0,30.0,900.0,adaptive,adaptive,adaptive,reconfigure,900.0,180000,0.291329682,0.205786243,0.195553139,0.4067702,7.28324223,5.14465618,4.88882828,11.3617506,0.869003594,22.5031433,0.156041324,0.137590691,1.70761979,0.0128854718,0.0165851079,0.010680805,0.0235622749,3.48345256,19.681879,91.1955566,0.0,8.80444431,-26.6745605,-30.0,3.32543945,20.4127655,19.3317451,96.8827744,7.49166679,83.7038879,8.80444431,83.7038879,0.0331175961,0.000136544855,4.20918465,0.465777874,7.27395248,8.36104012,0.242442727,3.7271347,0.283288777,3.32543945,3.48345256
transition_rate:rapid:FixedNominal:7,transition_rate,rapid,,,,OU_III,FixedNominal,7,173,701,1601,4.0,30.0,900.0,2.50470543,0.397530764,1.326771751559308,reconfigure,900.0,180000,0.542572618,0.414271712,0.433713108,0.808772624,13.5643158,10.3567924,10.8428278,22.5903301,0.869003594,49.9092407,0.261386514,1.26364279,6.68519402,0.0386162028,0.0361540988,0.0171241853,0.0556018688,2.61899257,20.1899948,90.4361115,0.0,9.5638895,-27.4028473,-30.0,2.59715271,20.9924507,19.9598179,96.7488861,7.42833328,83.007782,9.5638895,83.007782,0.219876528,0.000353900716,2.50470543,0.397530764,1.32677174,8.36104012,0.242442727,3.7271347,0.24189283,2.59715271,2.61899257
sensitivity:tau_x0.5:FixedSensitivity:8,sensitivity,tau_x0.5,tau,0.5,0.5,OU_III,FixedSensitivity,8,211,809,1709,1.5,,900.0,1.252352715,0.397530764,1.326771751559308,reconfigure,900.0,180000,0.0719505996,0.0449523889,0.0816527531,0.117748789,4.79670668,2.9968257,5.44351673,8.38603973,0.394970715,20.6731167,0.686214387,0.303524345,2.53353572,0.0125561748,0.0233845189,0.0135033382,0.029779749,5.43506622,17.0098076,90.4266663,0.0,9.57333374,-24.4557953,-30.0,5.54420471,19.223732,17.8994713,96.8266678,0.0,90.4266663,9.57333374,90.4266663,0.127157062,0.000126832296,1.25235271,0.397530764,1.32677174,4.89582825,0.200000003,5.0,0.474538714,5.54420471,5.43506622
sensitivity:tau_x0.75:FixedSensitivity:8,sensitivity,tau_x0.75,tau,0.75,0.75,OU_III,FixedSensitivity,8,211,809,1709,1.5,,900.0,1.8785290725000001,0.397530764,1.326771751559308,reconfigure,900.0,180000,0.0703114271,0.0502441265,0.0791642442,0.117197037,4.68742847,3.34960842,5.27761602,8.34674454,0.394970715,20.043066,0.707349062,0.325135916,2.65623164,0.0119006932,0.0236637648,0.0131951049,0.0295924135,5.5525713,16.9787445,90.3961105,0.0,9.60388947,-24.3347473,-30.0,5.66525269,19.1660404,17.8213921,96.836113,0.0,90.3961105,9.60388947,90.3961105,0.131908178,0.000127814506,1.87852907,0.397530764,1.32677174,4.89582825,0.200000003,5.0,0.474538714,5.66525269,5.5525713
sensitivity:tau_x1:FixedSensitivity:8,sensitivity,tau_x1,tau,1,1.0,OU_III,FixedSensitivity,8,211,809,1709,1.5,,900.0,2.50470543,0.397530764,1.326771751559308,reconfigure,900.0,180000,0.0700184405,0.0546656922,0.0781860054,0.118338376,4.66789579,3.64437938,5.21239996,8.42803001,0.394970715,19.795393,0.726604044,0.331745058,2.70668173,0.0114732478,0.02380291,0.0132119274,0.0295426622,5.64561224,16.9780674,90.5477829,0.0,9.45222282,-24.2484589,-30.0,5.75154114,19.1182156,17.7630138,96.8399963,0.0,90.5477829,9.45222282,90.5477829,0.135334089,0.000128286352,2.50470543,0.397530764,1.32677174,4.89582825,0.200000003,5.0,0.474538714,5.75154114,5.64561224
sensitivity:tau_x1.25:FixedSensitivity:8,sensitivity,tau_x1.25,tau,1.25,1.25,OU_III,FixedSensitivity,8,211,809,1709,1.5,,900.0,3.1308817875,0.397530764,1.326771751559308,reconfigure,900.0,180000,0.0703032911,0.0584803186,0.0778504461,0.120096594,4.68688583,3.89868784,5.19002962,8.55325031,0.394970715,19.7104359,0.745192766,0.331634015,2.72852969,0.0111590801,0.0239023082,0.0134135177,0.0295933746,5.7038765,16.9855061,90.5322266,0.0,9.46777821,-24.1875,-30.0,5.8125,19.1170883,17.7510052,96.8333359,0.0,90.5322266,9.46777821,90.5322266,0.138199538,0.00012855696,3.13088179,0.397530764,1.32677174,4.89582825,0.200000003,5.0,0.474538714,5.8125,5.7038765
sensitivity:tau_x1.5:FixedSensitivity:8,sensitivity,tau_x1.5,tau,1.5,1.5,OU_III,FixedSensitivity,8,211,809,1709,1.5,,900.0,3.7570581450000002,0.397530764,1.326771751559308,reconfigure,900.0,180000,0.0708726123,0.0618811026,0.0778415427,0.122112669,4.72484064,4.12540674,5.18943596,8.69683361,0.394970715,19.7081814,0.763312757,0.328214228,2.73670101,0.0109140016,0.023988802,0.0137297139,0.0297167134,5.76282167,16.9908962,90.5177765,0.0,9.48222256,-24.129776,-30.0,5.870224,19.1200504,17.739193,96.836113,0.0,90.5177765,9.48222256,90.5177765,0.140786245,0.000128720989,3.75705814,0.397530764,1.32677174,4.89582825,0.200000003,5.0,0.474538714,5.870224,5.76282167
sensitivity:sigma_aw_x0.5:FixedSensitivity:8,sensitivity,sigma_aw_x0.5,sigma_aw,0.5,0.5,OU_III,FixedSensitivity,8,211,809,1709,1.5,,900.0,2.50470543,0.198765382,1.326771751559308,reconfigure,900.0,180000,0.0705250427,0.0482423492,0.0781197026,0.115774758,4.70166922,3.21615648,5.20798016,8.24545002,0.394970715,19.7786064,0.946902812,0.236032411,2.50392532,0.0100038452,0.0249421205,0.0202917978,0.0336740762,6.05874634,17.1385117,90.0233383,0.0,9.97666645,-23.729187,-30.0,6.27081299,19.6381874,18.0820045,96.7450027,0.0,90.0233383,9.97666645,90.0233383,0.165516883,0.00012737271,2.50470543,0.198765382,1.32677174,4.89582825,0.200000003,5.0,0.474538714,6.27081299,6.05874634
sensitivity:sigma_aw_x0.75:FixedSensitivity:8,sensitivity,sigma_aw_x0.75,sigma_aw,0.75,0.75,OU_III,FixedSensitivity,8,211,809,1709,1.5,,900.0,2.50470543,0.298148073,1.326771751559308,reconfigure,900.0,180000,0.0700125694,0.0536458939,0.0781432837,0.117838934,4.66750431,3.57639289,5.20955181,8.39245987,0.394970715,19.7845764,0.781773865,0.301506549,2.64809775,0.010629721,0.0235852934,0.0146143772,0.0297125746,5.75482035,17.061533,90.4477768,0.0,9.55222225,-24.1316681,-30.0,5.86833191,19.2437744,17.8514404,96.8205566,0.0,90.4477768,9.55222225,90.4477768,0.142058507,0.000128046027,2.50470543,0.298148066,1.32677174,4.89582825,0.200000003,5.0,0.474538714,5.86833191,5.75482035
sensitivity:sigma_aw_x1:FixedSensitivity:8,sensitivity,sigma_aw_x1,sigma_aw,1,1.0,OU_III,FixedSensitivity,8,211,809,1709,1.5,,900.0,2.50470543,0.397530764,1.326771751559308,reconfigure,900.0,180000,0.0700184405,0.0546656922,0.0781860054,0.118338376,4.66789579,3.64437938,5.21239996,8.42803001,0.394970715,19.795393,0.726604044,0.331745058,2.70668173,0.0114732478,0.02380291,0.0132119274,0.0295426622,5.64561224,16.9780674,90.5477829,0.0,9.45222282,-24.2484589,-30.0,5.75154114,19.1182156,17.7630138,96.8399963,0.0,90.5477829,9.45222282,90.5477829,0.135334089,0.000128286352,2.50470543,0.397530764,1.32677174,4.89582825,0.200000003,5.0,0.474538714,5.75154114,5.64561224
sensitivity:sigma_aw_x1.25:FixedSensitivity:8,sensitivity,sigma_aw_x1.25,sigma_aw,1.25,1.25,OU_III,FixedSensitivity,8,211,809,1709,1.5,,900.0,2.50470543,0.49691345499999995,1.326771751559308,reconfigure,900.0,180000,0.0700432137,0.0545865521,0.0782114044,0.118333288,4.66954756,3.63910341,5.21409321,8.42766762,0.394970715,19.8018227,0.702106178,0.348086715,2.74347997,0.0122028515,0.0240394827,0.0129950373,0.0299278703,5.5671649,16.9337292,90.4416656,0.0,9.5583334,-24.3092651,-30.0,5.69073486,19.0706406,17.7323704,96.8505554,0.0,90.4416656,9.5583334,90.4416656,0.13272512,0.000128442771,2.50470543,0.496913463,1.32677174,4.89582825,0.200000003,5.0,0.474538714,5.69073486,5.5671649
sensitivity:sigma_aw_x1.5:FixedSensitivity:8,sensitivity,sigma_aw_x1.5,sigma_aw,1.5,1.5,OU_III,FixedSensitivity,8,211,809,1709,1.5,,900.0,2.50470543,0.596296146,1.326771751559308,reconfigure,900.0,180000,0.0700615272,0.0545053743,0.0782322586,0.118320495,4.67076826,3.63369155,5.21548367,8.42675686,0.394970715,19.8071041,0.688783109,0.357537091,2.76584387,0.012811915,0.0242916625,0.0131458472,0.0304473862,5.53455496,16.9173393,90.461113,0.0,9.53888893,-24.3431854,-30.0,5.65681458,19.0474186,17.717659,96.8605576,0.0,90.461113,9.53888893,90.461113,0.131405532,0.000128518877,2.50470543,0.596296132,1.32677174,4.89582825,0.200000003,5.0,0.474538714,5.65681458,5.53455496
sensitivity:r_s_x0.5:FixedSensitivity:8,sensitivity,r_s_x0.5,r_s,0.5,0.5,OU_III,FixedSensitivity,8,211,809,1709,1.5,,900.0,2.50470543,0.397530764,0.663385875779654,reconfigure,900.0,180000,0.0773244351,0.0387388319,0.0886918753,0.12387903,5.15496206,2.58258867,5.91279125,8.82263374,0.394970715,22.4553032,0.697701275,0.250624567,2.06275654,0.0119112451,0.0212306511,0.0143252267,0.0282458924,5.25033426,17.2496376,90.2666702,0.0,9.73333359,-24.622467,-30.0,5.37753296,19.6518517,18.2925816,96.8038864,0.0,90.2666702,9.73333359,90.2666702,0.125872776,0.00012347415,2.50470543,0.397530764,0.663385868,4.89582825,0.200000003,5.0,0.474538714,5.37753296,5.25033426
sensitivity:r_s_x0.75:FixedSensitivity:8,sensitivity,r_s_x0.75,r_s,0.75,0.75,OU_III,FixedSensitivity,8,211,809,1709,1.5,,900.0,2.50470543,0.397530764,0.995078813669481,reconfigure,900.0,180000,0.0712325051,0.0464725681,0.0807105973,0.117251739,4.74883366,3.098171,5.38070631,8.3506403,0.394970715,20.4345779,0.718213201,0.295563221,2.53421807,0.0114538437,0.0230877958,0.0134804826,0.0290853959,5.51864862,17.0311604,90.340004,0.0,9.65999985,-24.3652802,-30.0,5.63471985,19.253334,17.9106045,96.8083344,0.0,90.340004,9.65999985,90.340004,0.131677672,0.000126921819,2.50470543,0.397530764,0.995078802,4.89582825,0.200000003,5.0,0.474538714,5.63471985,5.51864862
sensitivity:r_s_x1:FixedSensitivity:8,sensitivity,r_s_x1,r_s,1,1.0,OU_III,FixedSensitivity,8,211,809,1709,1.5,,900.0,2.50470543,0.397530764,1.326771751559308,reconfigure,900.0,180000,0.0700184405,0.0546656922,0.0781860054,0.118338376,4.66789579,3.64437938,5.21239996,8.42803001,0.394970715,19.795393,0.726604044,0.331745058,2.70668173,0.0114732478,0.02380291,0.0132119274,0.0295426622,5.64561224,16.9780674,90.5477829,0.0,9.45222282,-24.2484589,-30.0,5.75154114,19.1182156,17.7630138,96.8399963,0.0,90.5477829,9.45222282,90.5477829,0.135334089,0.000128286352,2.50470543,0.397530764,1.32677174,4.89582825,0.200000003,5.0,0.474538714,5.75154114,5.64561224
sensitivity:r_s_x1.25:FixedSensitivity:8,sensitivity,r_s_x1.25,r_s,1.25,1.25,OU_III,FixedSensitivity,8,211,809,1709,1.5,,900.0,2.50470543,0.397530764,1.658464689449135,reconfigure,900.0,180000,0.071057491,0.0625967979,0.0779247582,0.12263684,4.73716593,4.17311954,5.19498348,8.73416615,0.394970715,19.72925,0.731369495,0.350745887,2.78678274,0.0115347449,0.0241602659,0.0130946655,0.0298033375,5.69329691,16.9412746,90.5516663,0.0,9.44833374,-24.197937,-30.0,5.80206299,19.0436783,17.6818104,96.8516693,0.0,90.5516663,9.44833374,90.5516663,0.137356222,0.000129001957,2.50470543,0.397530764,1.65846467,4.89582825,0.200000003,5.0,0.474538714,5.80206299,5.69329691
sensitivity:r_s_x1.5:FixedSensitivity:8,sensitivity,r_s_x1.5,r_s,1.5,1.5,OU_III,FixedSensitivity,8,211,809,1709,1.5,,900.0,2.50470543,0.397530764,1.990157627338962,reconfigure,900.0,180000,0.0732532367,0.070182763,0.0787892118,0.128449976,4.88354874,4.67885065,5.25261402,9.14817524,0.394970715,19.9481144,0.734514534,0.361402333,2.82996488,0.011594303,0.0243710931,0.0130340168,0.0299710464,5.70877934,16.9171963,90.5650024,0.0,9.43500042,-24.1729279,-30.0,5.82707214,19.0080643,17.6400414,96.8772202,0.0,90.5650024,9.43500042,90.5650024,0.138555154,0.000129448817,2.50470543,0.397530764,1.9901576,4.89582825,0.200000003,5.0,0.474538714,5.82707214,5.70877934
sensitivity:sigma_aw_rs_x0.5:FixedSensitivity:8,sensitivity,sigma_aw_rs_x0.5,sigma_aw_rs,0.5,0.5,OU_III,FixedSensitivity,8,211,809,1709,1.5,,900.0,2.50470543,0.198765382,0.7324373889676343,reconfigure,900.0,180000,0.0787028223,0.0390100367,0.0862766281,0.123124219,5.24685478,2.60066891,5.75177479,8.76887608,0.394970715,21.8438034,0.925059259,0.25240168,2.05570745,0.0109274834,0.0229583587,0.0214887634,0.0332905836,5.80167198,17.5527515,88.7277832,0.0,11.2722225,-24.0178528,-30.0,5.98214722,20.9074326,19.0884056,96.7505569,0.0,88.7277832,11.2722225,88.7277832,0.16291444,0.00012422858,2.50470543,0.198765382,0.732437372,4.89582825,0.200000003,5.0,0.474538714,5.98214722,5.80167198
sensitivity:sigma_aw_rs_x0.75:FixedSensitivity:8,sensitivity,sigma_aw_rs_x0.75,sigma_aw_rs,0.75,0.75,OU_III,FixedSensitivity,8,211,809,1709,1.5,,900.0,2.50470543,0.298148073,1.0368259794888302,reconfigure,900.0,180000,0.0708441436,0.04672198,0.0801499933,0.116729848,4.72294283,3.11479855,5.34333277,8.31347084,0.394970715,20.2926426,0.774826825,0.276281983,2.51041436,0.010658497,0.022990277,0.0148935672,0.0293934457,5.66084003,17.1192474,90.2844467,0.0,9.71555614,-24.2155914,-30.0,5.78440857,19.3686333,17.9756088,96.8011093,0.0,90.2844467,9.71555614,90.2844467,0.139548749,0.000126982137,2.50470543,0.298148066,1.03682601,4.89582825,0.200000003,5.0,0.474538714,5.78440857,5.66084003
sensitivity:sigma_aw_rs_x1:FixedSensitivity:8,sensitivity,sigma_aw_rs_x1,sigma_aw_rs,1,1.0,OU_III,FixedSensitivity,8,211,809,1709,1.5,,900.0,2.50470543,0.397530764,1.326771751559308,reconfigure,900.0,180000,0.0700184405,0.0546656922,0.0781860054,0.118338376,4.66789579,3.64437938,5.21239996,8.42803001,0.394970715,19.795393,0.726604044,0.331745058,2.70668173,0.0114732478,0.02380291,0.0132119274,0.0295426622,5.64561224,16.9780674,90.5477829,0.0,9.45222282,-24.2484589,-30.0,5.75154114,19.1182156,17.7630138,96.8399963,0.0,90.5477829,9.45222282,90.5477829,0.135334089,0.000128286352,2.50470543,0.397530764,1.32677174,4.89582825,0.200000003,5.0,0.474538714,5.75154114,5.64561224
sensitivity:sigma_aw_rs_x1.25:FixedSensitivity:8,sensitivity,sigma_aw_rs_x1.25,sigma_aw_rs,1.25,1.25,OU_III,FixedSensitivity,8,211,809,1709,1.5,,900.0,2.50470543,0.49691345499999995,1.6064305023245595,reconfigure,900.0,180000,0.070791021,0.0612942055,0.0778891593,0.121799298,4.71940136,4.08628035,5.19261026,8.67451572,0.394970715,19.7202377,0.706134975,0.365708709,2.81504798,0.0122657334,0.0243498553,0.012915263,0.0301689878,5.63628864,16.9039288,90.5638885,0.0,9.43611145,-24.2612915,-30.0,5.7387085,19.0005474,17.6568222,96.867775,0.0,90.5638885,9.43611145,90.5638885,0.134619787,0.000129070875,2.50470543,0.496913463,1.60643053,4.89582825,0.200000003,5.0,0.474538714,5.7387085,5.63628864
sensitivity:sigma_aw_rs_x1.5:FixedSensitivity:8,sensitivity,sigma_aw_rs_x1.5,sigma_aw_rs,1.5,1.5,OU_III,FixedSensitivity,8,211,809,1709,1.5,,900.0,2.50470543,0.596296146,1.8781556506932744,reconfigure,900.0,180000,0.0723541304,0.0674914569,0.0784157738,0.126250744,4.8236084,4.49943018,5.22771788,8.99154663,0.394970715,19.8535671,0.695450902,0.386486173,2.87944961,0.0129386941,0.0247903559,0.0130493501,0.030858662,5.62322426,16.8711929,90.5999985,0.0,9.40000057,-24.2676086,-30.0,5.73239136,18.964941,17.6172638,96.8961105,0.0,90.5999985,9.40000057,90.5999985,0.134603888,0.00012957539,2.50470543,0.596296132,1.87815571,4.89582825,0.200000003,5.0,0.474538714,5.73239136,5.62322426
sensitivity:tau_rs_x0.5:FixedSensitivity:8,sensitivity,tau_rs_x0.5,tau_rs,0.5,0.5,OU_III,FixedSensitivity,8,211,809,1709,1.5,,900.0,1.252352715,0.397530764,0.1742642782410629,reconfigure,900.0,180000,0.144083098,0.0990709513,0.19217205,0.259817421,9.60553932,6.60472965,12.8114691,18.5041332,0.394970715,48.6547585,0.181687325,1.67226851,12.6398697,0.0473740324,0.0437954217,0.025369253,0.0693248585,2.23720312,17.2063503,89.5972214,0.0,10.4027777,-27.1997681,-30.0,2.80023193,20.3806458,19.1245403,96.706665,35.9033356,53.6938896,10.4027777,53.6938896,0.287788779,0.00040859828,1.25235271,0.397530764,0.174264282,4.89582825,0.200000003,5.0,0.474538714,2.80023193,2.23720312
sensitivity:tau_rs_x0.75:FixedSensitivity:8,sensitivity,tau_rs_x0.75,tau_rs,0.75,0.75,OU_III,FixedSensitivity,8,211,809,1709,1.5,,900.0,1.8785290725000001,0.397530764,0.5713525920518797,reconfigure,900.0,180000,0.0845495909,0.0363259055,0.0980544314,0.134472579,5.63663912,2.42172694,6.53696203,9.57710361,0.394970715,24.8257465,0.655122638,0.343079686,1.50222468,0.0138050979,0.0191595275,0.0153166745,0.0281472709,5.70970154,18.3154697,89.9055557,0.158333331,9.93611145,-24.4767761,-30.0,5.52322388,20.7241917,18.9158592,96.8111115,35.8372231,54.2266693,9.93611145,54.2266693,0.125868812,0.000119289165,1.87852907,0.397530764,0.571352601,4.89582825,0.200000003,5.0,0.474538714,5.52322388,5.70970154
sensitivity:tau_rs_x1:FixedSensitivity:8,sensitivity,tau_rs_x1,tau_rs,1,1.0,OU_III,FixedSensitivity,8,211,809,1709,1.5,,900.0,2.50470543,0.397530764,1.326771751559308,reconfigure,900.0,180000,0.0700184405,0.0546656922,0.0781860054,0.118338376,4.66789579,3.64437938,5.21239996,8.42803001,0.394970715,19.795393,0.726604044,0.331745058,2.70668173,0.0114732478,0.02380291,0.0132119274,0.0295426622,5.64561224,16.9780674,90.5477829,0.0,9.45222282,-24.2484589,-30.0,5.75154114,19.1182156,17.7630138,96.8399963,0.0,90.5477829,9.45222282,90.5477829,0.135334089,0.000128286352,2.50470543,0.397530764,1.32677174,4.89582825,0.200000003,5.0,0.474538714,5.75154114,5.64561224
sensitivity:tau_rs_x1.25:FixedSensitivity:8,sensitivity,tau_rs_x1.25,tau_rs,1.25,1.25,OU_III,FixedSensitivity,8,211,809,1709,1.5,,900.0,3.1308817875,0.397530764,2.5503754051943437,reconfigure,900.0,180000,0.0813142657,0.0884811431,0.0833601356,0.146252632,5.42095089,5.89874268,5.55734205,10.4160767,0.394970715,21.1053963,0.755444527,0.362183958,2.85581326,0.0113728456,0.0245657451,0.013213397,0.0301232692,5.71396303,16.9020214,90.9250031,0.0,9.07499981,-24.1116028,-30.0,5.88839722,18.9396019,17.5651855,96.8927765,0.0,90.9250031,9.07499981,90.9250031,0.14167811,0.000130004992,3.13088179,0.397530764,2.55037546,4.89582825,0.200000003,5.0,0.474538714,5.88839722,5.71396303
sensitivity:tau_rs_x1.5:FixedSensitivity:8,sensitivity,tau_rs_x1.5,tau_rs,1.5,1.5,OU_III,FixedSensitivity,8,211,809,1709,1.5,,900.0,3.7570581450000002,0.397530764,4.350027940126623,reconfigure,900.0,180000,0.107571542,0.133321926,0.101919867,0.199333966,7.17143583,8.88812828,6.79465771,14.196516,0.394970715,25.8044128,0.777532637,0.356592029,2.86088228,0.0113465749,0.0248354189,0.0135355545,0.0304754656,5.79837561,16.8504658,90.9105606,0.0,9.08944511,-24.0488129,-30.0,5.95118713,18.9155903,17.4959679,96.9027786,0.0,90.9105606,9.08944511,90.9105606,0.144333601,0.000130726141,3.75705814,0.397530764,4.35002804,4.89582825,0.200000003,5.0,0.474538714,5.95118713,5.79837561
low_motion:Hs0.27:Adaptive:8,low_motion,Hs0.27,,,,OU_III,Adaptive,8,211,809,1709,0.27,,900.0,adaptive,adaptive,adaptive,reconfigure,900.0,180000,0.00809681322,0.00886886287,0.0114438608,0.0165884625,2.99881959,3.28476405,4.23846674,8.21632004,0.0511944331,22.3537197,0.508232474,0.332012981,1.46575105,0.00635137176,0.00536246784,0.00935299508,0.0125129735,10.3938265,10.4605513,0.323333353,0.0,99.6766663,40.2240601,30.0,10.2240601,10.3304729,1.48080206,0.444444448,0.323333353,0.0,99.6766663,0.323333353,0.102693096,0.000106601852,1.61945927,0.0500000007,0.150763407,3.2368834,0.20849137,3.52641654,0.0266735666,10.2240601,10.3938265
low_motion:Hs0.05:Adaptive:8,low_motion,Hs0.05,,,,OU_III,Adaptive,8,211,809,1709,0.05,,900.0,adaptive,adaptive,adaptive,reconfigure,900.0,180000,0.00741099194,0.00968886074,0.0090657128,0.0151981572,14.8219843,19.3777218,18.1314259,40.6495667,0.00948038325,95.6260147,0.623524129,0.369402885,0.628558993,0.00411324762,0.00376243889,0.00547714951,0.00781498011,nan,nan,0.0,0.0,100.0,nan,30.0,nan,nan,nan,0.0,0.0,0.0,100.0,0.0,0.122976594,0.000106362793,3.88835788,0.0500000007,0.150003612,7.84725809,0.200000003,4.99993229,0.00102031766,nan,nan
transition_rate:controlled:Adaptive:8,transition_rate,controlled,,,,OU_III,Adaptive,8,211,809,1709,4.0,120.0,900.0,adaptive,adaptive,adaptive,reconfigure,900.0,180000,0.286334723,0.171070844,0.184979126,0.381405413,7.15836811,4.27677107,4.62447834,11.798398,0.815294206,22.6886368,0.702855825,0.367244989,2.54410481,0.0136033054,0.0234265588,0.0120882001,0.0296644252,10.0651274,22.7563133,85.4411163,0.180555567,14.378334,-19.3353882,-30.0,10.6646118,23.7427731,20.3514271,94.4594421,0.107777782,85.5138931,14.378334,85.5138931,0.133743092,0.000124481507,4.62673855,0.370922208,7.35349131,9.26677704,0.200000003,4.99293613,0.217260897,10.6646118,10.0651274
transition_rate:controlled:FixedNominal:8,transition_rate,controlled,,,,OU_III,FixedNominal,8,211,809,1709,4.0,120.0,900.0,2.50470543,0.397530764,1.326771751559308,reconfigure,900.0,180000,0.551566482,0.311795413,0.398035169,0.748247266,13.7891617,7.79488516,9.9508791,23.1462879,0.815294206,48.8210449,0.512822747,1.09098864,4.41281271,0.0294175185,0.022917999,0.0173876099,0.0411455221,8.10477924,21.7149563,84.5744476,0.115000002,15.3105555,-22.0174866,-30.0,7.98251343,23.0405178,20.5871525,94.4749985,0.0716666654,84.6177826,15.3105555,84.6177826,0.204791635,0.000221502487,2.50470543,0.397530764,1.32677174,9.26677704,0.200000003,4.99293613,0.235738695,7.98251343,8.10477924
transition_rate:rapid:Adaptive:8,transition_rate,rapid,,,,OU_III,Adaptive,8,211,809,1709,4.0,30.0,900.0,adaptive,adaptive,adaptive,reconfigure,900.0,180000,0.309203178,0.17276971,0.203171417,0.408331484,7.73007965,4.31924295,5.07928562,10.3588905,0.842852533,24.105217,0.69756496,0.359103352,2.5198307,0.0139300087,0.0235245954,0.0121625895,0.0299229063,10.5253792,22.7532196,85.0588913,0.180000007,14.7611113,-18.8845673,-30.0,11.1154327,23.7241192,20.0532284,94.2861099,0.107222222,85.1316681,14.7611113,85.1316681,0.132286116,0.000126464685,4.62673807,0.370922208,7.35349226,9.26677322,0.200000003,4.99293947,0.217260912,11.1154327,10.5253792
transition_rate:rapid:FixedNominal:8,transition_rate,rapid,,,,OU_III,FixedNominal,8,211,809,1709,4.0,30.0,900.0,2.50470543,0.397530764,1.326771751559308,reconfigure,900.0,180000,0.568169773,0.319962829,0.413249254,0.771989703,14.2042446,7.99907064,10.3312311,19.5844707,0.842852533,49.0298386,0.482151538,1.17132473,4.78598785,0.0312800556,0.0244776849,0.0179027915,0.0435672887,9.00503159,22.366888,84.0827789,0.213888898,15.7033339,-21.258255,-30.0,8.741745,23.7027149,20.7190037,94.2438889,45.0077782,39.2888908,15.7033339,45.0077782,0.215352833,0.000254524988,2.50470543,0.397530764,1.32677174,9.26677322,0.200000003,4.99293947,0.235738695,8.741745,9.00503159
sensitivity:tau_x0.5:FixedSensitivity:9,sensitivity,tau_x0.5,tau,0.5,0.5,OU_III,FixedSensitivity,9,257,907,1801,1.5,,900.0,1.252352715,0.397530764,1.326771751559308,reconfigure,900.0,180000,0.0713233426,0.0465264656,0.0795077384,0.116504125,4.75488949,3.1017642,5.30051565,8.66183472,0.386223346,20.5859489,0.129074886,0.204304993,2.05414605,0.0126914503,0.0166363809,0.0114563247,0.0238555968,5.77460051,16.7490139,87.5005569,0.0,12.499445,-23.6606445,-30.0,6.33935547,17.4447975,16.1767254,94.0005569,87.5005569,0.0,12.499445,87.5005569,0.0403194055,0.000119086246,1.25235271,0.397530764,1.32677174,4.87081909,0.200000003,5.0,0.379200995,6.33935547,5.77460051
sensitivity:tau_x0.75:FixedSensitivity:9,sensitivity,tau_x0.75,tau,0.75,0.75,OU_III,FixedSensitivity,9,257,907,1801,1.5,,900.0,1.8785290725000001,0.397530764,1.326771751559308,reconfigure,900.0,180000,0.070454821,0.0511253811,0.0769161582,0.11616274,4.69698811,3.40835857,5.12774372,8.63645363,0.386223346,19.9149437,0.151405454,0.220276445,2.17154551,0.0119370949,0.0166488569,0.0109047359,0.0232075825,5.8898201,16.7842846,87.5266724,0.0,12.4733334,-23.5308685,-30.0,6.46913147,17.4975662,16.1822414,94.0027771,87.5266724,0.0,12.4733334,87.5266724,0.0448120311,0.000119114382,1.87852907,0.397530764,1.32677174,4.87081909,0.200000003,5.0,0.379200995,6.46913147,5.8898201
sensitivity:tau_x1:FixedSensitivity:9,sensitivity,tau_x1,tau,1,1.0,OU_III,FixedSensitivity,9,257,907,1801,1.5,,900.0,2.50470543,0.397530764,1.326771751559308,reconfigure,900.0,180000,0.070820488,0.054983817,0.0758447126,0.117435865,4.72136545,3.66558766,5.05631399,8.73110771,0.386223346,19.6375275,0.172536999,0.225308269,2.2204175,0.0114721097,0.0166328903,0.0107082529,0.0228676405,5.97672272,16.818367,87.5316696,0.0,12.4683332,-23.4314423,-30.0,6.56855774,17.5473709,16.1957607,93.9983368,87.5316696,0.0,12.4683332,87.5316696,0.0476914085,0.000119456286,2.50470543,0.397530764,1.32677174,4.87081909,0.200000003,5.0,0.379200995,6.56855774,5.97672272
sensitivity:tau_x1.25:FixedSensitivity:9,sensitivity,tau_x1.25,tau,1.25,1.25,OU_III,FixedSensitivity,9,257,907,1801,1.5,,900.0,3.1308817875,0.397530764,1.326771751559308,reconfigure,900.0,180000,0.0716870204,0.0583247393,0.0754334629,0.119293809,4.77913427,3.88831592,5.02889729,8.86924171,0.386223346,19.5310478,0.193333268,0.224820778,2.24135756,0.0111465622,0.0166263804,0.0107369637,0.022714857,6.04793787,16.8511829,87.5516663,0.0,12.4483337,-23.3493805,-30.0,6.65061951,17.5923119,16.2099762,93.9822235,87.5516663,0.0,12.4483337,87.5516663,0.0499100052,0.00011985944,3.13088179,0.397530764,1.32677174,4.87081909,0.200000003,5.0,0.379200995,6.65061951,6.04793787
sensitivity:tau_x1.5:FixedSensitivity:9,sensitivity,tau_x1.5,tau,1.5,1.5,OU_III,FixedSensitivity,9,257,907,1801,1.5,,900.0,3.7570581450000002,0.397530764,1.326771751559308,reconfigure,900.0,180000,0.0727969334,0.0612790994,0.0753706247,0.121388845,4.85312891,4.08527327,5.02470827,9.02500343,0.386223346,19.5147781,0.213906139,0.221526444,2.24883008,0.0109046511,0.0166342296,0.0109201986,0.0226905216,6.11581802,16.8815498,87.5699997,0.0,12.4300003,-23.2720032,-30.0,6.72799683,17.634388,16.2231464,93.9627762,87.5699997,0.0,12.4300003,87.5699997,0.0518959388,0.000120264762,3.75705814,0.397530764,1.32677174,4.87081909,0.200000003,5.0,0.379200995,6.72799683,6.11581802
sensitivity:sigma_aw_x0.5:FixedSensitivity:9,sensitivity,sigma_aw_x0.5,sigma_aw,0.5,0.5,OU_III,FixedSensitivity,9,257,907,1801,1.5,,900.0,2.50470543,0.198765382,1.326771751559308,reconfigure,900.0,180000,0.0718609393,0.0462758057,0.0759497359,0.114340745,4.79072905,3.08505368,5.06331539,8.50099182,0.386223346,19.6647186,0.431812793,0.177623481,2.0661664,0.0106079942,0.0174497273,0.0170560256,0.0266069639,6.78757143,17.2874107,87.1305542,0.0,12.8694448,-22.511322,-30.0,7.48867798,18.1913261,16.4791622,93.7983322,87.1305542,0.0,12.8694448,87.1305542,0.0793447942,0.000119559867,2.50470543,0.198765382,1.32677174,4.87081909,0.200000003,5.0,0.379200995,7.48867798,6.78757143
sensitivity:sigma_aw_x0.75:FixedSensitivity:9,sensitivity,sigma_aw_x0.75,sigma_aw,0.75,0.75,OU_III,FixedSensitivity,9,257,907,1801,1.5,,900.0,2.50470543,0.298148073,1.326771751559308,reconfigure,900.0,180000,0.0708456263,0.0523263253,0.0758354142,0.116224602,4.72304153,3.48842144,5.0556941,8.6410532,0.386223346,19.6351185,0.236969143,0.201299742,2.16170835,0.0107415812,0.0159895271,0.01165115,0.0225121267,6.18115854,16.934721,87.4188919,0.0,12.581111,-23.2120514,-30.0,6.78794861,17.6915016,16.2578106,93.9277802,87.4188919,0.0,12.581111,87.4188919,0.0524073057,0.000120055171,2.50470543,0.298148066,1.32677174,4.87081909,0.200000003,5.0,0.379200995,6.78794861,6.18115854
sensitivity:sigma_aw_x1:FixedSensitivity:9,sensitivity,sigma_aw_x1,sigma_aw,1,1.0,OU_III,FixedSensitivity,9,257,907,1801,1.5,,900.0,2.50470543,0.397530764,1.326771751559308,reconfigure,900.0,180000,0.070820488,0.054983817,0.0758447126,0.117435865,4.72136545,3.66558766,5.05631399,8.73110771,0.386223346,19.6375275,0.172536999,0.225308269,2.2204175,0.0114721097,0.0166328903,0.0107082529,0.0228676405,5.97672272,16.818367,87.5316696,0.0,12.4683332,-23.4314423,-30.0,6.56855774,17.5473709,16.1957607,93.9983368,87.5316696,0.0,12.4683332,87.5316696,0.0476914085,0.000119456286,2.50470543,0.397530764,1.32677174,4.87081909,0.200000003,5.0,0.379200995,6.56855774,5.97672272
sensitivity:sigma_aw_x1.25:FixedSensitivity:9,sensitivity,sigma_aw_x1.25,sigma_aw,1.25,1.25,OU_III,FixedSensitivity,9,257,907,1801,1.5,,900.0,2.50470543,0.49691345499999995,1.326771751559308,reconfigure,900.0,180000,0.0708158538,0.0549119674,0.0758582652,0.117408201,4.72105694,3.6607976,5.0572176,8.72905064,0.386223346,19.6410351,0.143432423,0.238961324,2.25037193,0.0121552497,0.0170216747,0.0109046688,0.0235881172,5.85902596,16.7539616,87.6566696,0.0,12.3433332,-23.5345764,-30.0,6.46542358,17.4795761,16.165123,94.0277786,87.6566696,0.0,12.3433332,87.6566696,0.0468064882,0.000119524433,2.50470543,0.496913463,1.32677174,4.87081909,0.200000003,5.0,0.379200995,6.46542358,5.85902596
sensitivity:sigma_aw_x1.5:FixedSensitivity:9,sensitivity,sigma_aw_x1.5,sigma_aw,1.5,1.5,OU_III,FixedSensitivity,9,257,907,1801,1.5,,900.0,2.50470543,0.596296146,1.326771751559308,reconfigure,900.0,180000,0.0708132386,0.0548112318,0.0758707374,0.117367603,4.72088242,3.65408206,5.0580492,8.72603226,0.386223346,19.6442642,0.12787047,0.246791437,2.26662111,0.0127411764,0.0173834655,0.011360555,0.0243635923,5.80810881,16.7219276,87.7016678,0.0,12.2983332,-23.5897369,-30.0,6.41026306,17.4385128,16.1448421,94.0522232,87.7016678,0.0,12.2983332,87.7016678,0.046679493,0.000119650525,2.50470543,0.596296132,1.32677174,4.87081909,0.200000003,5.0,0.379200995,6.41026306,5.80810881
sensitivity:r_s_x0.5:FixedSensitivity:9,sensitivity,r_s_x0.5,r_s,0.5,0.5,OU_III,FixedSensitivity,9,257,907,1801,1.5,,900.0,2.50470543,0.397530764,0.663385875779654,reconfigure,900.0,180000,0.0757724717,0.0414151438,0.0865472779,0.122258388,5.05149794,2.76100945,5.76981831,9.08965206,0.386223346,22.4086094,0.148038819,0.207506299,1.65940225,0.0124373687,0.0147337951,0.0116725992,0.022539353,5.67866468,16.7790356,87.3705597,0.0,12.6294451,-23.7462616,-30.0,6.2537384,17.4803524,16.245842,93.8933334,87.3705597,0.0,12.6294451,87.3705597,0.0427069813,0.000120062716,2.50470543,0.397530764,0.663385868,4.87081909,0.200000003,5.0,0.379200995,6.2537384,5.67866468
sensitivity:r_s_x0.75:FixedSensitivity:9,sensitivity,r_s_x0.75,r_s,0.75,0.75,OU_III,FixedSensitivity,9,257,907,1801,1.5,,900.0,2.50470543,0.397530764,0.995078813669481,reconfigure,900.0,180000,0.0708484426,0.0478737727,0.0785420164,0.116104469,4.72322941,3.19158483,5.23613405,8.63212109,0.386223346,20.335907,0.166094303,0.199141204,2.0628643,0.0115897292,0.0160818249,0.0109282508,0.0226356685,5.90269089,16.8129101,87.4522247,0.0,12.5477781,-23.5140991,-30.0,6.48590088,17.5275326,16.2073383,93.9727783,87.4522247,0.0,12.5477781,87.4522247,0.0434205569,0.000118979937,2.50470543,0.397530764,0.995078802,4.87081909,0.200000003,5.0,0.379200995,6.48590088,5.90269089
sensitivity:r_s_x1:FixedSensitivity:9,sensitivity,r_s_x1,r_s,1,1.0,OU_III,FixedSensitivity,9,257,907,1801,1.5,,900.0,2.50470543,0.397530764,1.326771751559308,reconfigure,900.0,180000,0.070820488,0.054983817,0.0758447126,0.117435865,4.72136545,3.66558766,5.05631399,8.73110771,0.386223346,19.6375275,0.172536999,0.225308269,2.2204175,0.0114721097,0.0166328903,0.0107082529,0.0228676405,5.97672272,16.818367,87.5316696,0.0,12.4683332,-23.4314423,-30.0,6.56855774,17.5473709,16.1957607,93.9983368,87.5316696,0.0,12.4683332,87.5316696,0.0476914085,0.000119456286,2.50470543,0.397530764,1.32677174,4.87081909,0.200000003,5.0,0.379200995,6.56855774,5.97672272
sensitivity:r_s_x1.25:FixedSensitivity:9,sensitivity,r_s_x1.25,r_s,1.25,1.25,OU_III,FixedSensitivity,9,257,907,1801,1.5,,900.0,2.50470543,0.397530764,1.658464689449135,reconfigure,900.0,180000,0.0730680227,0.0618776157,0.0754042268,0.121875234,4.87120152,4.12517405,5.02694845,9.06116581,0.386223346,19.5234756,0.175791785,0.240670875,2.29361987,0.0114801517,0.0169067364,0.0106156729,0.0230287686,5.9800086,16.8012619,87.6694489,0.0,12.3305559,-23.3986359,-30.0,6.60136414,17.5458469,16.1815605,94.0161133,87.6694489,0.0,12.3305559,87.6694489,0.0501754768,0.000120074968,2.50470543,0.397530764,1.65846467,4.87081909,0.200000003,5.0,0.379200995,6.60136414,5.9800086
sensitivity:r_s_x1.5:FixedSensitivity:9,sensitivity,r_s_x1.5,r_s,1.5,1.5,OU_III,FixedSensitivity,9,257,907,1801,1.5,,900.0,2.50470543,0.397530764,1.990157627338962,reconfigure,900.0,180000,0.0764907151,0.0684442967,0.0761235952,0.127789885,5.09938097,4.562953,5.07490635,9.50090694,0.386223346,19.709734,0.177765012,0.249397248,2.33249187,0.0115202004,0.0170654859,0.010568751,0.02314399,6.00631094,16.7905521,87.6866684,0.0,12.3133335,-23.3822632,-30.0,6.61773682,17.5336208,16.1616821,94.0661087,87.6866684,0.0,12.3133335,87.6866684,0.0516096428,0.000120632511,2.50470543,0.397530764,1.9901576,4.87081909,0.200000003,5.0,0.379200995,6.61773682,6.00631094
sensitivity:sigma_aw_rs_x0.5:FixedSensitivity:9,sensitivity,sigma_aw_rs_x0.5,sigma_aw_rs,0.5,0.5,OU_III,FixedSensitivity,9,257,907,1801,1.5,,900.0,2.50470543,0.198765382,0.7324373889676343,reconfigure,900.0,180000,0.0786636025,0.0396856144,0.0842009038,0.121871665,5.24423981,2.64570761,5.61339331,9.06089973,0.386223346,21.8010921,0.412507981,0.253354698,1.69444525,0.011806746,0.0157547202,0.0182920117,0.0268739313,6.56824017,17.2321186,87.1866684,0.0,12.8133335,-22.7875824,-30.0,7.2124176,18.0653095,16.4650497,93.7694473,87.1866684,0.0,12.8133335,87.1866684,0.0823774114,0.000118774391,2.50470543,0.198765382,0.732437372,4.87081909,0.200000003,5.0,0.379200995,7.2124176,6.56824017
sensitivity:sigma_aw_rs_x0.75:FixedSensitivity:9,sensitivity,sigma_aw_rs_x0.75,sigma_aw_rs,0.75,0.75,OU_III,FixedSensitivity,9,257,907,1801,1.5,,900.0,2.50470543,0.298148073,1.0368259794888302,reconfigure,900.0,180000,0.0706542283,0.046513401,0.0779773965,0.115047775,4.71028185,3.10089326,5.198493,8.55355835,0.386223346,20.1897163,0.231312469,0.187835693,2.03791428,0.0108861579,0.0155012691,0.0119227935,0.0223819297,6.12243462,16.928854,87.4472275,0.0,12.5527782,-23.2765808,-30.0,6.72341919,17.6762276,16.2680435,93.9066696,87.4472275,0.0,12.5527782,87.4472275,0.0501696318,0.000119505654,2.50470543,0.298148066,1.03682601,4.87081909,0.200000003,5.0,0.379200995,6.72341919,6.12243462
sensitivity:sigma_aw_rs_x1:FixedSensitivity:9,sensitivity,sigma_aw_rs_x1,sigma_aw_rs,1,1.0,OU_III,FixedSensitivity,9,257,907,1801,1.5,,900.0,2.50470543,0.397530764,1.326771751559308,reconfigure,900.0,180000,0.070820488,0.054983817,0.0758447126,0.117435865,4.72136545,3.66558766,5.05631399,8.73110771,0.386223346,19.6375275,0.172536999,0.225308269,2.2204175,0.0114721097,0.0166328903,0.0107082529,0.0228676405,5.97672272,16.818367,87.5316696,0.0,12.4683332,-23.4314423,-30.0,6.56855774,17.5473709,16.1957607,93.9983368,87.5316696,0.0,12.4683332,87.5316696,0.0476914085,0.000119456286,2.50470543,0.397530764,1.32677174,4.87081909,0.200000003,5.0,0.379200995,6.56855774,5.97672272
sensitivity:sigma_aw_rs_x1.25:FixedSensitivity:9,sensitivity,sigma_aw_rs_x1.25,sigma_aw_rs,1.25,1.25,OU_III,FixedSensitivity,9,257,907,1801,1.5,,900.0,2.50470543,0.49691345499999995,1.6064305023245595,reconfigure,900.0,180000,0.0725880116,0.0607353076,0.0753694624,0.120989062,4.8392005,4.04902029,5.02463055,8.99528027,0.386223346,19.5144768,0.146171376,0.253881007,2.31626296,0.0121715283,0.0172553081,0.010857272,0.0237438846,5.89050817,16.7442913,87.7200012,0.0,12.2800007,-23.5053864,-30.0,6.49461365,17.470623,16.1446209,94.0672226,87.7200012,0.0,12.2800007,87.7200012,0.0492959842,0.000120036129,2.50470543,0.496913463,1.60643053,4.87081909,0.200000003,5.0,0.379200995,6.49461365,5.89050817
sensitivity:sigma_aw_rs_x1.5:FixedSensitivity:9,sensitivity,sigma_aw_rs_x1.5,sigma_aw_rs,1.5,1.5,OU_III,FixedSensitivity,9,257,907,1801,1.5,,900.0,2.50470543,0.596296146,1.8781556506932744,reconfigure,900.0,180000,0.0751390681,0.0660730973,0.0757354498,0.125488609,5.00927114,4.40487289,5.04902983,9.32981205,0.386223346,19.6092358,0.13216868,0.271674275,2.37098527,0.0128019108,0.0177498609,0.0113235675,0.0246408135,5.85738516,16.7105045,87.7166672,0.0,12.2833338,-23.5402374,-30.0,6.45976257,17.4310341,16.1179142,94.1022186,87.7166672,0.0,12.2833338,87.7166672,0.0509020612,0.000120588164,2.50470543,0.596296132,1.87815571,4.87081909,0.200000003,5.0,0.379200995,6.45976257,5.85738516
sensitivity:tau_rs_x0.5:FixedSensitivity:9,sensitivity,tau_rs_x0.5,tau_rs,0.5,0.5,OU_III,FixedSensitivity,9,257,907,1801,1.5,,900.0,1.252352715,0.397530764,0.1742642782410629,reconfigure,900.0,180000,0.140716851,0.106221564,0.18747054,0.257350832,9.38112259,7.08143711,12.4980354,19.1334877,0.386223346,48.5394096,0.456541628,1.76654041,14.5315437,0.0528136306,0.0534153469,0.024244206,0.0789319947,2.16205931,16.9138412,87.8338928,0.0,12.166111,-27.6945953,-30.0,2.30540466,17.6387386,17.4267998,93.6883316,87.8338928,0.0,12.166111,87.8338928,0.311522692,0.000558086496,1.25235271,0.397530764,0.174264282,4.87081909,0.200000003,5.0,0.379200995,2.30540466,2.16205931
sensitivity:tau_rs_x0.75:FixedSensitivity:9,sensitivity,tau_rs_x0.75,tau_rs,0.75,0.75,OU_III,FixedSensitivity,9,257,907,1801,1.5,,900.0,1.8785290725000001,0.397530764,0.5713525920518797,reconfigure,900.0,180000,0.08238253,0.0399774611,0.0957173556,0.132464677,5.49216843,2.66516399,6.38115692,9.84846783,0.386223346,24.7829018,0.10663005,0.353179991,1.32033646,0.0147397211,0.0137802009,0.0127336523,0.0238599908,5.34762764,16.7470798,87.3238907,0.0,12.6761112,-24.1359406,-30.0,5.86405945,17.4049091,16.3090038,93.8133316,87.3238907,0.0,12.6761112,87.3238907,0.0626107678,0.000124263315,1.87852907,0.397530764,0.571352601,4.87081909,0.200000003,5.0,0.379200995,5.86405945,5.34762764
sensitivity:tau_rs_x1:FixedSensitivity:9,sensitivity,tau_rs_x1,tau_rs,1,1.0,OU_III,FixedSensitivity,9,257,907,1801,1.5,,900.0,2.50470543,0.397530764,1.326771751559308,reconfigure,900.0,180000,0.070820488,0.054983817,0.0758447126,0.117435865,4.72136545,3.66558766,5.05631399,8.73110771,0.386223346,19.6375275,0.172536999,0.225308269,2.2204175,0.0114721097,0.0166328903,0.0107082529,0.0228676405,5.97672272,16.818367,87.5316696,0.0,12.4683332,-23.4314423,-30.0,6.56855774,17.5473709,16.1957607,93.9983368,87.5316696,0.0,12.4683332,87.5316696,0.0476914085,0.000119456286,2.50470543,0.397530764,1.32677174,4.87081909,0.200000003,5.0,0.379200995,6.56855774,5.97672272
sensitivity:tau_rs_x1.25:FixedSensitivity:9,sensitivity,tau_rs_x1.25,tau_rs,1.25,1.25,OU_III,FixedSensitivity,9,257,907,1801,1.5,,900.0,3.1308817875,0.397530764,2.5503754051943437,reconfigure,900.0,180000,0.0876663476,0.0841081887,0.0805502906,0.145766675,5.84442282,5.60721254,5.37001896,10.8374434,0.386223346,20.8558826,0.199630186,0.248471513,2.35384059,0.0113222124,0.017122902,0.010567273,0.0230879523,6.09921741,16.819891,87.6705551,0.0,12.3294449,-23.2870331,-30.0,6.71296692,17.5767994,16.1680946,94.0705566,87.6705551,0.0,12.3294449,87.6705551,0.0537729412,0.000121812322,3.13088179,0.397530764,2.55037546,4.87081909,0.200000003,5.0,0.379200995,6.71296692,6.09921741
sensitivity:tau_rs_x1.5:FixedSensitivity:9,sensitivity,tau_rs_x1.5,tau_rs,1.5,1.5,OU_III,FixedSensitivity,9,257,907,1801,1.5,,900.0,3.7570581450000002,0.397530764,4.350027940126623,reconfigure,900.0,180000,0.121561155,0.12115182,0.0991364792,0.198199183,8.10407639,8.07678795,6.60909843,14.7356882,0.386223346,25.6681728,0.222412914,0.240020901,2.35164928,0.0114089958,0.0172491707,0.0107514858,0.0233086571,6.18588686,16.8343029,87.6838913,0.0,12.3161116,-23.1957245,-30.0,6.80427551,17.5867519,16.1464863,94.0722198,87.6838913,0.0,12.3161116,87.6838913,0.0552389361,0.000123402409,3.75705814,0.397530764,4.35002804,4.87081909,0.200000003,5.0,0.379200995,6.80427551,6.18588686
low_motion:Hs0.27:Adaptive:9,low_motion,Hs0.27,,,,OU_III,Adaptive,9,257,907,1801,0.27,,900.0,adaptive,adaptive,adaptive,reconfigure,900.0,180000,0.00888907537,0.00862078089,0.0112327533,0.0167185012,3.29225016,3.19288182,4.1602788,8.89945793,0.05272118,21.3059578,0.0858741477,0.23600696,1.11847794,0.00648656208,0.00487258984,0.00994725339,0.0128360996,-2.94250369,3.40077305,0.308333337,0.0,99.6916656,29.1704407,30.0,-0.829559326,2.36233425,2.21189713,0.926666677,0.308333337,0.0,99.6916656,0.308333337,0.0431965254,0.000133131252,1.47743559,0.216232106,0.167861119,2.90867877,0.311922282,2.9619894,0.0634121597,0.829559326,2.94250369
low_motion:Hs0.05:Adaptive:9,low_motion,Hs0.05,,,,OU_III,Adaptive,9,257,907,1801,0.05,,900.0,adaptive,adaptive,adaptive,reconfigure,900.0,180000,0.00852986053,0.00940261502,0.00965740252,0.0159509592,17.059721,18.8052292,19.314806,45.8507881,0.00976319797,98.9163895,0.0479199924,0.271664351,0.514141321,0.00449407334,0.00360501092,0.00591273047,0.00825549383,nan,nan,0.0,0.0,100.0,nan,30.0,nan,nan,nan,0.0,0.0,0.0,100.0,0.0,0.0475574061,0.00014161873,1.87029696,0.0500000007,0.15000385,3.65263534,0.200000003,4.99993229,0.00211333181,nan,nan
transition_rate:controlled:Adaptive:9,transition_rate,controlled,,,,OU_III,Adaptive,9,257,907,1801,4.0,120.0,900.0,adaptive,adaptive,adaptive,reconfigure,900.0,180000,0.293677121,0.20101206,0.188653648,0.402793109,7.34192801,5.02530146,4.71634102,11.2715616,0.886212051,21.2876415,0.139533788,0.245115757,2.11513615,0.0132355327,0.017505588,0.0104055842,0.0242878795,3.77500415,24.0127087,85.6888885,0.175555557,14.1355562,-26.2250366,-30.0,3.77496338,24.8831749,23.7734528,95.0772247,47.2450027,38.6194458,14.1355562,47.2450027,0.0473866388,0.000125228733,3.70568585,0.628479064,6.34968519,7.3106823,0.200000003,5.0,0.518016636,3.77496338,3.77500415
transition_rate:controlled:FixedNominal:9,transition_rate,controlled,,,,OU_III,FixedNominal,9,257,907,1801,4.0,120.0,900.0,2.50470543,0.397530764,1.326771751559308,reconfigure,900.0,180000,0.558100998,0.391228318,0.434539467,0.808307409,13.9525251,9.78070831,10.8634863,22.6192722,0.886212051,49.0333481,0.177563056,1.17940652,6.80294657,0.0374068506,0.0368271731,0.0168159921,0.0551206954,1.87521327,22.9715195,85.0400009,0.141111121,14.8188896,-27.9205933,-30.0,2.07940674,24.2070751,23.3996162,94.7594452,47.1227798,38.0583344,14.8188896,47.1227798,0.20243302,0.000399738783,2.50470543,0.397530764,1.32677174,7.3106823,0.200000003,5.0,0.399156362,2.07940674,1.87521327
transition_rate:rapid:Adaptive:9,transition_rate,rapid,,,,OU_III,Adaptive,9,257,907,1801,4.0,30.0,900.0,adaptive,adaptive,adaptive,reconfigure,900.0,180000,0.297221392,0.201842323,0.191350192,0.407057464,7.43053484,5.04605818,4.78375483,11.390893,0.898112833,21.3058071,0.140130922,0.245944709,2.10353613,0.0133345164,0.0176068638,0.0104355346,0.0244276766,3.34481287,23.8755245,85.4822235,0.175555557,14.3422222,-26.8392944,-30.0,3.16070557,25.0337276,24.0125122,94.7949982,47.0400009,38.6177788,14.3422222,47.0400009,0.0475578867,0.000125660241,3.70567966,0.628479302,6.34966946,7.31069708,0.200000003,5.0,0.518016934,3.16070557,3.34481287
transition_rate:rapid:FixedNominal:9,transition_rate,rapid,,,,OU_III,FixedNominal,9,257,907,1801,4.0,30.0,900.0,2.50470543,0.397530764,1.326771751559308,reconfigure,900.0,180000,0.567286909,0.395633757,0.4422355,0.820921898,14.1821728,9.89084435,11.0558872,22.9722691,0.898112833,49.2405281,0.184374794,1.20506907,6.96000242,0.038171798,0.0375719145,0.0169864148,0.056189619,1.27157092,22.873106,84.9277802,0.141111121,14.9311113,-28.7188721,-30.0,1.28112793,24.4038029,23.6702175,94.4861145,47.0061111,38.0627785,14.9311113,47.0061111,0.20693922,0.000409266126,2.50470543,0.397530764,1.32677174,7.31069708,0.200000003,5.0,0.399156362,1.28112793,1.27157092
sensitivity:tau_x0.5:FixedSensitivity:10,sensitivity,tau_x0.5,tau,0.5,0.5,OU_III,FixedSensitivity,10,307,1009,1901,1.5,,900.0,1.252352715,0.397530764,1.326771751559308,reconfigure,900.0,180000,0.0715958923,0.0441450737,0.0818525627,0.117365249,4.77305937,2.94300485,5.45683718,8.50806427,0.389813691,20.9978676,0.301634073,0.186889127,1.43847752,0.0128943603,0.0164429769,0.012148519,0.0241706967,5.47891426,19.655735,84.5872269,0.0938888937,15.3188896,-24.4830017,-30.0,5.51699829,21.641243,19.0622215,92.0444412,33.6211128,51.0600014,15.3188896,51.0600014,0.0604347736,0.000102753067,1.25235271,0.397530764,1.32677174,4.24816227,0.294476509,3.51990032,0.220418215,5.51699829,5.47891426
sensitivity:tau_x0.75:FixedSensitivity:10,sensitivity,tau_x0.75,tau,0.75,0.75,OU_III,FixedSensitivity,10,307,1009,1901,1.5,,900.0,1.8785290725000001,0.397530764,1.326771751559308,reconfigure,900.0,180000,0.0706330091,0.048490949,0.0791981742,0.116673663,4.70886707,3.23272991,5.27987814,8.45792961,0.389813691,20.3169308,0.322547525,0.193176761,1.54852986,0.0120655112,0.0164002907,0.0117567331,0.0235109944,5.58953667,19.7176342,84.5577774,0.124444447,15.3177786,-24.3768921,-30.0,5.62310791,21.705637,19.0826473,92.0772247,33.6094437,51.0727806,15.3177786,51.0727806,0.0641261712,0.000102511505,1.87852907,0.397530764,1.32677174,4.24816227,0.294476509,3.51990032,0.220418215,5.62310791,5.58953667
sensitivity:tau_x1:FixedSensitivity:10,sensitivity,tau_x1,tau,1,1.0,OU_III,FixedSensitivity,10,307,1009,1901,1.5,,900.0,2.50470543,0.397530764,1.326771751559308,reconfigure,900.0,180000,0.0709699467,0.052169092,0.0780844614,0.117709517,4.73132944,3.47793937,5.20563078,8.53302097,0.389813691,20.0312252,0.341952175,0.196184173,1.59693015,0.0115680564,0.016353745,0.0117172292,0.0232068598,5.64639854,19.7851963,84.542778,0.176666677,15.2805557,-24.3182831,-30.0,5.68171692,21.7692299,19.1115112,92.085556,33.6444435,51.0750008,15.2805557,51.0750008,0.0673157051,0.000102511818,2.50470543,0.397530764,1.32677174,4.24816227,0.294476509,3.51990032,0.220418215,5.68171692,5.64639854
sensitivity:tau_x1.25:FixedSensitivity:10,sensitivity,tau_x1.25,tau,1.25,1.25,OU_III,FixedSensitivity,10,307,1009,1901,1.5,,900.0,3.1308817875,0.397530764,1.326771751559308,reconfigure,900.0,180000,0.0718463659,0.0553438701,0.0776403025,0.119385347,4.78975773,3.68959117,5.17602015,8.65450573,0.389813691,19.9172859,0.36087513,0.19611153,1.61969352,0.0112292795,0.0163271055,0.0118823647,0.0231054462,5.6891675,19.7828426,84.4633331,0.201111123,15.335556,-24.2777863,-30.0,5.72221375,21.8255711,19.1442642,92.0927811,33.580555,51.083889,15.335556,51.083889,0.0701982379,0.000102584068,3.13088179,0.397530764,1.32677174,4.24816227,0.294476509,3.51990032,0.220418215,5.72221375,5.6891675
sensitivity:tau_x1.5:FixedSensitivity:10,sensitivity,tau_x1.5,tau,1.5,1.5,OU_III,FixedSensitivity,10,307,1009,1901,1.5,,900.0,3.7570581450000002,0.397530764,1.326771751559308,reconfigure,900.0,180000,0.0729767978,0.0581526496,0.0775480345,0.121330298,4.86511946,3.87684321,5.16986895,8.7954998,0.389813691,19.8936157,0.379491329,0.19436045,1.62960279,0.0109839784,0.0163203683,0.0121786445,0.0231370181,5.64613438,19.4931622,84.3800049,0.11388889,15.5061111,-24.2550812,-30.0,5.74491882,21.8663998,19.1742744,92.0977783,33.4133339,51.080555,15.5061111,51.080555,0.072931096,0.00010265928,3.75705814,0.397530764,1.32677174,4.24816227,0.294476509,3.51990032,0.220418215,5.74491882,5.64613438
sensitivity:sigma_aw_x0.5:FixedSensitivity:10,sensitivity,sigma_aw_x0.5,sigma_aw,0.5,0.5,OU_III,FixedSensitivity,10,307,1009,1901,1.5,,900.0,2.50470543,0.198765382,1.326771751559308,reconfigure,900.0,180000,0.0712582916,0.0447660126,0.0781065002,0.114814483,4.75055265,2.98440075,5.20709991,8.3231535,0.389813691,20.0368786,0.579248309,0.200797126,1.47239327,0.010455966,0.0170092285,0.0187151078,0.0273659695,5.73830986,19.0714207,84.7527771,0.00444444455,15.2427778,-24.0638428,-30.0,5.93615723,20.9564228,18.7949829,91.9261093,33.0555573,51.7016678,15.2427778,51.7016678,0.105462581,0.000100218633,2.50470543,0.198765382,1.32677174,4.24816227,0.294476509,3.51990032,0.220418215,5.93615723,5.73830986
sensitivity:sigma_aw_x0.75:FixedSensitivity:10,sensitivity,sigma_aw_x0.75,sigma_aw,0.75,0.75,OU_III,FixedSensitivity,10,307,1009,1901,1.5,,900.0,2.50470543,0.298148073,1.326771751559308,reconfigure,900.0,180000,0.0711020082,0.0506212972,0.0780741945,0.117105044,4.74013376,3.374753,5.20494604,8.48920155,0.389813691,20.0285912,0.400973618,0.185435697,1.55954421,0.010900178,0.0157118235,0.0130323414,0.0231412444,5.65268326,19.5084,84.2816696,0.143333331,15.5750008,-24.2795868,-30.0,5.72041321,21.8907757,19.2093201,92.0538864,33.3433342,51.0816689,15.5750008,51.0816689,0.0756499097,0.000101921825,2.50470543,0.298148066,1.32677174,4.24816227,0.294476509,3.51990032,0.220418215,5.72041321,5.65268326
sensitivity:sigma_aw_x1:FixedSensitivity:10,sensitivity,sigma_aw_x1,sigma_aw,1,1.0,OU_III,FixedSensitivity,10,307,1009,1901,1.5,,900.0,2.50470543,0.397530764,1.326771751559308,reconfigure,900.0,180000,0.0709699467,0.052169092,0.0780844614,0.117709517,4.73132944,3.47793937,5.20563078,8.53302097,0.389813691,20.0312252,0.341952175,0.196184173,1.59693015,0.0115680564,0.016353745,0.0117172292,0.0232068598,5.64639854,19.7851963,84.542778,0.176666677,15.2805557,-24.3182831,-30.0,5.68171692,21.7692299,19.1115112,92.085556,33.6444435,51.0750008,15.2805557,51.0750008,0.0673157051,0.000102511818,2.50470543,0.397530764,1.32677174,4.24816227,0.294476509,3.51990032,0.220418215,5.68171692,5.64639854
sensitivity:sigma_aw_x1.25:FixedSensitivity:10,sensitivity,sigma_aw_x1.25,sigma_aw,1.25,1.25,OU_III,FixedSensitivity,10,307,1009,1901,1.5,,900.0,2.50470543,0.49691345499999995,1.326771751559308,reconfigure,900.0,180000,0.0709430352,0.0520881973,0.0780949593,0.117664427,4.72953558,3.47254634,5.2063303,8.52975178,0.389813691,20.0339184,0.315926909,0.204969093,1.62094283,0.0122192921,0.016737204,0.0116135078,0.0237553921,5.58927345,19.6823673,84.6916656,0.106666669,15.2016668,-24.3417206,-30.0,5.65827942,21.6709728,19.0493202,92.0999985,33.7311134,51.0672226,15.2016668,51.0672226,0.0642206743,0.000102494058,2.50470543,0.496913463,1.32677174,4.24816227,0.294476509,3.51990032,0.220418215,5.65827942,5.58927345
sensitivity:sigma_aw_x1.5:FixedSensitivity:10,sensitivity,sigma_aw_x1.5,sigma_aw,1.5,1.5,OU_III,FixedSensitivity,10,307,1009,1901,1.5,,900.0,2.50470543,0.596296146,1.326771751559308,reconfigure,900.0,180000,0.0709172711,0.0520000197,0.0781042948,0.11761608,4.72781801,3.46666789,5.20695257,8.52624798,0.389813691,20.036314,0.301777959,0.210662827,1.6342752,0.0127887465,0.0171104725,0.0118653197,0.0244357549,5.56360292,19.6511459,84.757782,0.0811111107,15.1611118,-24.3605652,-30.0,5.63943481,21.6146755,19.0165806,92.1061096,33.7755547,51.0633354,15.1611118,51.0633354,0.0627152249,0.000102487211,2.50470543,0.596296132,1.32677174,4.24816227,0.294476509,3.51990032,0.220418215,5.63943481,5.56360292
sensitivity:r_s_x0.5:FixedSensitivity:10,sensitivity,r_s_x0.5,r_s,0.5,0.5,OU_III,FixedSensitivity,10,307,1009,1901,1.5,,900.0,2.50470543,0.397530764,0.663385875779654,reconfigure,900.0,180000,0.076327458,0.0394345187,0.089049831,0.123736955,5.08849716,2.62896776,5.93665504,8.96996307,0.389813691,22.8442039,0.317201644,0.245736435,1.12517023,0.0129316011,0.0146280294,0.0129150338,0.0234094784,5.33301687,19.764986,84.3511124,0.207777783,15.4411116,-24.7159729,-30.0,5.2840271,21.7772732,19.1976261,91.9494476,33.4599991,51.0988884,15.4411116,51.0988884,0.0685082972,0.00010433259,2.50470543,0.397530764,0.663385868,4.24816227,0.294476509,3.51990032,0.220418215,5.2840271,5.33301687
sensitivity:r_s_x0.75:FixedSensitivity:10,sensitivity,r_s_x0.75,r_s,0.75,0.75,OU_III,FixedSensitivity,10,307,1009,1901,1.5,,900.0,2.50470543,0.397530764,0.995078813669481,reconfigure,900.0,180000,0.0710927621,0.0454079546,0.0808717087,0.116860159,4.73951721,3.02719688,5.39144707,8.4714489,0.389813691,20.7462463,0.335204393,0.185490996,1.45188701,0.0117962398,0.0158502106,0.0120056598,0.0231196098,5.58053112,19.7758179,84.4272232,0.174444452,15.3983335,-24.4217834,-30.0,5.57821655,21.7613869,19.1283989,92.035553,33.545002,51.0566673,15.3983335,51.0566673,0.065382652,0.0001026545,2.50470543,0.397530764,0.995078802,4.24816227,0.294476509,3.51990032,0.220418215,5.57821655,5.58053112
sensitivity:r_s_x1:FixedSensitivity:10,sensitivity,r_s_x1,r_s,1,1.0,OU_III,FixedSensitivity,10,307,1009,1901,1.5,,900.0,2.50470543,0.397530764,1.326771751559308,reconfigure,900.0,180000,0.0709699467,0.052169092,0.0780844614,0.117709517,4.73132944,3.47793937,5.20563078,8.53302097,0.389813691,20.0312252,0.341952175,0.196184173,1.59693015,0.0115680564,0.016353745,0.0117172292,0.0232068598,5.64639854,19.7851963,84.542778,0.176666677,15.2805557,-24.3182831,-30.0,5.68171692,21.7692299,19.1115112,92.085556,33.6444435,51.0750008,15.2805557,51.0750008,0.0673157051,0.000102511818,2.50470543,0.397530764,1.32677174,4.24816227,0.294476509,3.51990032,0.220418215,5.68171692,5.64639854
sensitivity:r_s_x1.25:FixedSensitivity:10,sensitivity,r_s_x1.25,r_s,1.25,1.25,OU_III,FixedSensitivity,10,307,1009,1901,1.5,,900.0,2.50470543,0.397530764,1.658464689449135,reconfigure,900.0,180000,0.0731945187,0.0587352589,0.077581957,0.121762998,4.87963438,3.91568375,5.17213011,8.8268671,0.389813691,19.902317,0.345561594,0.206925929,1.66678464,0.0115236035,0.0166085698,0.0115906335,0.0233019479,5.69746304,19.7926865,84.5344467,0.184444442,15.2811117,-24.2609863,-30.0,5.73901367,21.7754192,19.1000366,92.1188889,33.6466675,51.0722237,15.2811117,51.0722237,0.0688056871,0.000102628415,2.50470543,0.397530764,1.65846467,4.24816227,0.294476509,3.51990032,0.220418215,5.73901367,5.69746304
sensitivity:r_s_x1.5:FixedSensitivity:10,sensitivity,r_s_x1.5,r_s,1.5,1.5,OU_III,FixedSensitivity,10,307,1009,1901,1.5,,900.0,2.50470543,0.397530764,1.990157627338962,reconfigure,900.0,180000,0.0765724853,0.0649760813,0.0782404095,0.127305925,5.10483217,4.33173847,5.21602726,9.22868538,0.389813691,20.0712318,0.347853303,0.214176133,1.70531762,0.0115329549,0.0167606696,0.0115244007,0.0233824905,5.72930717,19.8034077,84.5355606,0.191666678,15.2727785,-24.2253418,-30.0,5.7746582,21.7788067,19.0915737,92.1411133,33.6483345,51.0788918,15.2727785,51.0788918,0.0698083416,0.000102781392,2.50470543,0.397530764,1.9901576,4.24816227,0.294476509,3.51990032,0.220418215,5.7746582,5.72930717
sensitivity:sigma_aw_rs_x0.5:FixedSensitivity:10,sensitivity,sigma_aw_rs_x0.5,sigma_aw_rs,0.5,0.5,OU_III,FixedSensitivity,10,307,1009,1901,1.5,,900.0,2.50470543,0.198765382,0.7324373889676343,reconfigure,900.0,180000,0.0778306872,0.038571436,0.0866082609,0.122663617,5.18871212,2.57142901,5.77388382,8.89215374,0.389813691,22.2178593,0.560680211,0.310023516,1.15138471,0.0119464528,0.0153499395,0.0200275667,0.0279184859,5.486094,18.895525,84.6044464,0.00555555569,15.3900003,-24.330307,-30.0,5.66969299,20.7975712,18.7198277,91.8916702,32.8055573,51.8044472,15.3900003,51.8044472,0.110155977,0.000100907993,2.50470543,0.198765382,0.732437372,4.24816227,0.294476509,3.51990032,0.220418215,5.66969299,5.486094
sensitivity:sigma_aw_rs_x0.75:FixedSensitivity:10,sensitivity,sigma_aw_rs_x0.75,sigma_aw_rs,0.75,0.75,OU_III,FixedSensitivity,10,307,1009,1901,1.5,,900.0,2.50470543,0.298148073,1.0368259794888302,reconfigure,900.0,180000,0.070939526,0.0448832586,0.0802940279,0.116163909,4.72930145,2.99221706,5.35293484,8.42097664,0.389813691,20.598053,0.395675689,0.186377391,1.44672441,0.0111309867,0.0152657768,0.0133415544,0.0231287666,5.57049179,19.4935932,84.30056,0.141111121,15.5583334,-24.367691,-30.0,5.63230896,21.8881359,19.2279606,92.0194473,33.3483353,51.0933342,15.5583334,51.0933342,0.0748790503,0.000101925245,2.50470543,0.298148066,1.03682601,4.24816227,0.294476509,3.51990032,0.220418215,5.63230896,5.57049179
sensitivity:sigma_aw_rs_x1:FixedSensitivity:10,sensitivity,sigma_aw_rs_x1,sigma_aw_rs,1,1.0,OU_III,FixedSensitivity,10,307,1009,1901,1.5,,900.0,2.50470543,0.397530764,1.326771751559308,reconfigure,900.0,180000,0.0709699467,0.052169092,0.0780844614,0.117709517,4.73132944,3.47793937,5.20563078,8.53302097,0.389813691,20.0312252,0.341952175,0.196184173,1.59693015,0.0115680564,0.016353745,0.0117172292,0.0232068598,5.64639854,19.7851963,84.542778,0.176666677,15.2805557,-24.3182831,-30.0,5.68171692,21.7692299,19.1115112,92.085556,33.6444435,51.0750008,15.2805557,51.0750008,0.0673157051,0.000102511818,2.50470543,0.397530764,1.32677174,4.24816227,0.294476509,3.51990032,0.220418215,5.68171692,5.64639854
sensitivity:sigma_aw_rs_x1.25:FixedSensitivity:10,sensitivity,sigma_aw_rs_x1.25,sigma_aw_rs,1.25,1.25,OU_III,FixedSensitivity,10,307,1009,1901,1.5,,900.0,2.50470543,0.49691345499999995,1.6064305023245595,reconfigure,900.0,180000,0.0726705939,0.0576450229,0.0775560588,0.12090867,4.84470606,3.84300137,5.17040396,8.76493454,0.389813691,19.8956738,0.318971753,0.216514155,1.68409717,0.0121905338,0.016954422,0.0115316017,0.0238545462,5.63060808,19.6923656,84.6472244,0.111666672,15.2411118,-24.2935486,-30.0,5.70645142,21.6778183,19.0411549,92.1255569,33.6955566,51.0633354,15.2411118,51.0633354,0.0657748953,0.000102571285,2.50470543,0.496913463,1.60643053,4.24816227,0.294476509,3.51990032,0.220418215,5.70645142,5.63060808
sensitivity:sigma_aw_rs_x1.5:FixedSensitivity:10,sensitivity,sigma_aw_rs_x1.5,sigma_aw_rs,1.5,1.5,OU_III,FixedSensitivity,10,307,1009,1901,1.5,,900.0,2.50470543,0.596296146,1.8781556506932744,reconfigure,900.0,180000,0.0751289576,0.0627289712,0.0778669417,0.125070155,5.0085969,4.18193102,5.19112921,9.06660938,0.389813691,19.9754238,0.306697637,0.231745422,1.7359966,0.0127799409,0.0174552649,0.0117721194,0.0246291682,5.63208818,19.6678104,84.7000046,0.0905555561,15.209445,-24.2812042,-30.0,5.71879578,21.6260643,19.0023727,92.1527786,33.7377777,51.0527802,15.209445,51.0527802,0.06556651,0.000102669394,2.50470543,0.596296132,1.87815571,4.24816227,0.294476509,3.51990032,0.220418215,5.71879578,5.63208818
sensitivity:tau_rs_x0.5:FixedSensitivity:10,sensitivity,tau_rs_x0.5,tau_rs,0.5,0.5,OU_III,FixedSensitivity,10,307,1009,1901,1.5,,900.0,1.252352715,0.397530764,0.1742642782410629,reconfigure,900.0,180000,0.140988991,0.111468412,0.192139581,0.2630983,9.39926529,7.43122721,12.8093052,19.0725727,0.389813691,49.2901077,0.321765661,1.85172975,15.7741098,0.0564227402,0.0564046875,0.0251234807,0.0836433098,1.6833117,19.5272198,84.3405609,0.0938888937,15.5655556,-28.7888947,-30.0,1.21110535,21.7423782,19.8753757,91.922226,33.4444466,50.9900017,15.5655556,50.9900017,0.32126224,0.000595309946,1.25235271,0.397530764,0.174264282,4.24816227,0.294476509,3.51990032,0.220418215,1.21110535,1.6833117
sensitivity:tau_rs_x0.75:FixedSensitivity:10,sensitivity,tau_rs_x0.75,tau_rs,0.75,0.75,OU_III,FixedSensitivity,10,307,1009,1901,1.5,,900.0,1.8785290725000001,0.397530764,0.5713525920518797,reconfigure,900.0,180000,0.0832519233,0.0384627804,0.0984082446,0.134515613,5.55012798,2.56418538,6.56054926,9.75133133,0.389813691,25.2449417,0.276179463,0.41994679,1.05720258,0.0155173829,0.0137904789,0.0140232686,0.0250523165,4.90412092,19.3483334,84.3255539,0.100000001,15.5744448,-25.1106262,-30.0,4.88937378,21.7700138,19.2674522,91.9161148,33.2427788,51.1827774,15.5744448,51.1827774,0.0859382078,0.000108384236,1.87852907,0.397530764,0.571352601,4.24816227,0.294476509,3.51990032,0.220418215,4.88937378,4.90412092
sensitivity:tau_rs_x1:FixedSensitivity:10,sensitivity,tau_rs_x1,tau_rs,1,1.0,OU_III,FixedSensitivity,10,307,1009,1901,1.5,,900.0,2.50470543,0.397530764,1.326771751559308,reconfigure,900.0,180000,0.0709699467,0.052169092,0.0780844614,0.117709517,4.73132944,3.47793937,5.20563078,8.53302097,0.389813691,20.0312252,0.341952175,0.196184173,1.59693015,0.0115680564,0.016353745,0.0117172292,0.0232068598,5.64639854,19.7851963,84.542778,0.176666677,15.2805557,-24.3182831,-30.0,5.68171692,21.7692299,19.1115112,92.085556,33.6444435,51.0750008,15.2805557,51.0750008,0.0673157051,0.000102511818,2.50470543,0.397530764,1.32677174,4.24816227,0.294476509,3.51990032,0.220418215,5.68171692,5.64639854
sensitivity:tau_rs_x1.25:FixedSensitivity:10,sensitivity,tau_rs_x1.25,tau_rs,1.25,1.25,OU_III,FixedSensitivity,10,307,1009,1901,1.5,,900.0,3.1308817875,0.397530764,2.5503754051943437,reconfigure,900.0,180000,0.087250188,0.0798068866,0.0823826864,0.144113287,5.816679,5.32045889,5.49217892,10.4470882,0.389813691,21.1338615,0.368392944,0.2159096,1.73357379,0.0112961484,0.0168164968,0.011658919,0.0233736597,5.70352983,19.4975967,84.4444427,0.108333334,15.4472227,-24.1655273,-30.0,5.83447266,21.8327007,19.118679,92.1944427,33.4822235,51.0705566,15.4472227,51.0705566,0.0730738267,0.000103185419,3.13088179,0.397530764,2.55037546,4.24816227,0.294476509,3.51990032,0.220418215,5.83447266,5.70352983
sensitivity:tau_rs_x1.5:FixedSensitivity:10,sensitivity,tau_rs_x1.5,tau_rs,1.5,1.5,OU_III,FixedSensitivity,10,307,1009,1901,1.5,,900.0,3.7570581450000002,0.397530764,4.350027940126623,reconfigure,900.0,180000,0.116325572,0.115130194,0.0990969241,0.191329032,7.75503778,7.6753459,6.60646152,13.8698616,0.389813691,25.4216137,0.390632272,0.215859264,1.74983871,0.0112581886,0.0170020852,0.01194702,0.0236336421,5.89752245,19.5860844,84.5172272,0.127777785,15.3550005,-24.0316162,-30.0,5.96838379,21.9344807,19.1629753,92.1394424,33.6727791,50.9722252,15.3550005,50.9722252,0.0765477344,0.000104059676,3.75705814,0.397530764,4.35002804,4.24816227,0.294476509,3.51990032,0.220418215,5.96838379,5.89752245
low_motion:Hs0.27:Adaptive:10,low_motion,Hs0.27,,,,OU_III,Adaptive,10,307,1009,1901,0.27,,900.0,adaptive,adaptive,adaptive,reconfigure,900.0,180000,0.00819241628,0.00827588886,0.010920438,0.0159643982,3.03422809,3.06514406,4.04460669,8.13447762,0.051800631,21.0816689,0.150050879,0.230846956,2.289855,0.00647561997,0.00484085223,0.0101206722,0.0129535906,10.6048861,10.6532192,0.411666691,0.0,99.5883331,39.5144806,30.0,9.51448059,9.66296101,1.69003892,0.792777777,0.411666691,0.0,99.5883331,0.411666691,0.0469957516,0.000101156285,1.55703247,0.260042638,0.209243044,3.04316425,0.295361161,3.39604187,0.0963558927,9.51448059,10.6048861
low_motion:Hs0.05:Adaptive:10,low_motion,Hs0.05,,,,OU_III,Adaptive,10,307,1009,1901,0.05,,900.0,adaptive,adaptive,adaptive,reconfigure,900.0,180000,0.00755371852,0.009184503,0.00864965469,0.0147047704,15.1074371,18.3690052,17.2993088,40.4603004,0.00959271379,90.1690063,0.248907447,0.260307372,4.47629547,0.00416921545,0.00359049509,0.00575833069,0.00796444528,nan,nan,0.0,0.0,100.0,nan,30.0,nan,nan,nan,0.0,0.0,0.0,100.0,0.0,0.0619400293,9.84132421e-05,1.99014258,0.0500000007,0.150003731,3.87807274,0.200000003,4.99993229,0.00300430809,nan,nan
transition_rate:controlled:Adaptive:10,transition_rate,controlled,,,,OU_III,Adaptive,10,307,1009,1901,4.0,120.0,900.0,adaptive,adaptive,adaptive,reconfigure,900.0,180000,0.294680268,0.194766074,0.183065593,0.397848338,7.36700678,4.86915207,4.57663965,11.1973209,0.859156907,21.3075848,0.314598024,0.225262776,1.71102476,0.0126445927,0.017146172,0.0109423343,0.0239501912,1.68062878,19.7928982,88.2249985,0.0161111113,11.7588892,-27.8352356,-30.0,2.1647644,19.9149666,19.3297901,94.4394455,42.7361107,45.5050011,11.7588892,45.5050011,0.0663975999,0.000104244922,4.30227995,0.480932117,7.39498615,8.79132652,0.200000003,5.0,0.329914957,2.1647644,1.68062878
transition_rate:controlled:FixedNominal:10,transition_rate,controlled,,,,OU_III,FixedNominal,10,307,1009,1901,4.0,120.0,900.0,2.50470543,0.397530764,1.326771751559308,reconfigure,900.0,180000,0.57099396,0.398481309,0.435762107,0.821407378,14.2748489,9.96203232,10.8940525,23.1182632,0.859156907,50.7197342,0.21842356,1.28543627,7.14457035,0.0380942822,0.0352374054,0.0171667561,0.0546584539,1.35730088,20.2627296,87.5883331,0.0461111106,12.3655558,-28.3568878,-30.0,1.64311218,21.1941986,20.2539883,94.4066696,51.0627785,36.5716667,12.3655558,51.0627785,0.220790118,0.000332034513,2.50470543,0.397530764,1.32677174,8.79132652,0.200000003,5.0,0.390495718,1.64311218,1.35730088
transition_rate:rapid:Adaptive:10,transition_rate,rapid,,,,OU_III,Adaptive,10,307,1009,1901,4.0,30.0,900.0,adaptive,adaptive,adaptive,reconfigure,900.0,180000,0.295496702,0.19465594,0.183474272,0.398587555,7.38741779,4.86639833,4.58685684,11.2181273,0.862929523,21.2617912,0.314163387,0.22559543,1.70923245,0.0127016744,0.0172867421,0.010974234,0.0240955967,1.86248243,19.6064434,89.4455566,0.0161111113,10.5383339,-27.5569458,-30.0,2.4430542,19.7283363,19.097681,94.9550018,43.9561119,45.505558,10.5383339,45.505558,0.0663656443,0.000103819832,4.30227613,0.480932146,7.39497948,8.79132462,0.200000003,5.0,0.329915017,2.4430542,1.86248243
transition_rate:rapid:FixedNominal:10,transition_rate,rapid,,,,OU_III,FixedNominal,10,307,1009,1901,4.0,30.0,900.0,2.50470543,0.397530764,1.326771751559308,reconfigure,900.0,180000,0.572107494,0.399412036,0.436638772,0.823098004,14.3026876,9.98530102,10.9159689,23.1658459,0.862929523,50.5995865,0.218579233,1.28920078,7.16952991,0.0382084846,0.0354066044,0.0172102954,0.0548608229,1.62326169,19.9953461,88.7355576,0.0461111106,11.2183332,-28.0015259,-30.0,1.99847412,20.9175549,19.925005,94.8827744,52.2116661,36.5699997,11.2183332,52.2116661,0.22142683,0.000332613708,2.50470543,0.397530764,1.32677174,8.79132462,0.200000003,5.0,0.390495718,1.99847412,1.62326169
