experiment,parameter,left_case,right_case,comparison,metric,n_pairs,mean_paired_difference,std_paired_difference,bootstrap_ci95_low,bootstrap_ci95_high,cohen_dz,hedges_gz
sensitivity,tau,x0.5,x1,tau_x0.5_minus_x1,accel_x_rms_mps2,10,0.0014650094500000001,0.00023893748234303337,0.0013250172517499997,0.0016029142139999998,6.131350492329799,5.6032872677201055
sensitivity,tau,x0.5,x1,tau_x0.5_minus_x1,accel_y_rms_mps2,10,0.0005082561899999999,0.000665328841346068,0.00013853028000000052,0.0009154042752499993,0.7639172667935382,0.6981248095294069
sensitivity,tau,x0.5,x1,tau_x0.5_minus_x1,accel_z_rms_mps2,10,0.00040874040999999987,0.0003229378037213999,0.0002224844304999997,0.0005999526517500001,1.2656939054203216,1.156685880858489
sensitivity,tau,x0.5,x1,tau_x0.5_minus_x1,accel_3d_rms_mps2,10,0.0013425890300000002,0.000598825449092094,0.0009818876892500011,0.001682671271500001,2.2420373616979026,2.0489416513165297
sensitivity,tau,x0.5,x1,tau_x0.5_minus_x1,disp_x_rms_m,10,0.0013351850299999982,0.0006070049241856532,0.0009725637999999981,0.0016748118842499964,2.199628004321807,2.0101848044334587
sensitivity,tau,x0.5,x1,tau_x0.5_minus_x1,disp_y_rms_m,10,-0.00855464302,0.001128180609531034,-0.00920913041575,-0.007895930836,-7.58268928550015,-6.929629350282994
sensitivity,tau,x0.5,x1,tau_x0.5_minus_x1,disp_z_rms_m,10,0.00415306466,0.0007506584514384103,0.003728652730749998,0.004619342937750004,5.532562315180632,5.056069787121252
sensitivity,tau,x0.5,x1,tau_x0.5_minus_x1,disp_3d_rms_m,10,-0.0003536468999999987,0.0008153020160258892,-0.0008259642500000004,0.00014833904500000079,-0.43376183677775787,-0.3964040516490121
sensitivity,tau,x0.5,x1,tau_x0.5_minus_x1,disp_x_pct_hs,10,0.08901233800000004,0.04046689400350222,0.06459198574999982,0.11209272412500007,2.1996335570576884,2.0101898789393613
sensitivity,tau,x0.5,x1,tau_x0.5_minus_x1,disp_y_pct_hs,10,-0.570309472,0.07521202558739187,-0.6139595574249997,-0.5268412813500002,-7.582689969403026,-6.92962997528466
sensitivity,tau,x0.5,x1,tau_x0.5_minus_x1,disp_z_pct_hs,10,0.27687096699999997,0.05004385722283453,0.24867997695000013,0.3068887854500001,5.532566479980812,5.056073593227565
sensitivity,tau,x0.5,x1,tau_x0.5_minus_x1,disp_3d_pct_refmax,10,-0.02617659500000018,0.05618746747975334,-0.05891363647500009,0.00742309339999923,-0.46587960223394453,-0.42575567107990325
sensitivity,tau,x0.5,x1,tau_x0.5_minus_x1,disp_z_ref_rms_m,10,0.0,0.0,0.0,0.0,nan,nan
sensitivity,tau,x0.5,x1,tau_x0.5_minus_x1,disp_z_pct_refrms,10,1.059167680000001,0.18097916226284688,0.955292937250001,1.1669748257500014,5.85242890262531,5.34838783011031
sensitivity,tau,x0.5,x1,tau_x0.5_minus_x1,roll_rms_deg,10,-0.015216994200000009,0.03585017186738137,-0.03433251258750002,0.007315091999999993,-0.4244608437664239,-0.387904107667216
sensitivity,tau,x0.5,x1,tau_x0.5_minus_x1,pitch_rms_deg,10,0.010609330330000003,0.035415523947089474,-0.009893278394999998,0.03153765117749997,0.2995672278024254,0.2737669678925363
sensitivity,tau,x0.5,x1,tau_x0.5_minus_x1,yaw_rms_deg,10,-0.03989108300000003,0.19529216325480162,-0.15078767274500005,0.08177672604000003,-0.2042636137321769,-0.18667138789664883
sensitivity,tau,x0.5,x1,tau_x0.5_minus_x1,dir_axis_error_deg,10,-0.20428924499999995,0.0460147915749958,-0.23140762264999998,-0.177930754225,-4.439642949746831,-4.0572782202974516
sensitivity,tau,x0.5,x1,tau_x0.5_minus_x1,dir_axis_abs_error_deg,10,-0.20428924499999995,0.0460147915749958,-0.2306245044,-0.17827381314999977,-4.439642949746831,-4.0572782202974516
sensitivity,tau,x0.5,x1,tau_x0.5_minus_x1,dir_axis_rmse_deg,10,-0.0660877100000004,0.09275156469503143,-0.11678389950000032,-0.007773182750000186,-0.7125239365750626,-0.6511577354371386
sensitivity,tau,x0.5,x1,tau_x0.5_minus_x1,dir_axis_circ_std_deg,10,-0.015600970000000913,0.0735965239585716,-0.05497853675000118,0.030460551749999266,-0.21197971263945692,-0.19372293695059997
sensitivity,tau,x0.5,x1,tau_x0.5_minus_x1,dir_axis_available_pct,10,-0.021054839999999332,0.04013204221162899,-0.047612612749997715,-0.001107946999999092,-0.5246391372004066,-0.47945453473915944
sensitivity,tau,x0.5,x1,tau_x0.5_minus_x1,dir_sense_forward_pct,10,0.015500450000000044,0.04594656795765336,-0.007443620000000095,0.04544532675000203,0.33735816817234376,0.30830315943383424
sensitivity,tau,x0.5,x1,tau_x0.5_minus_x1,dir_sense_reverse_pct,10,-0.06127795499999973,0.07356103144927652,-0.10683573037500227,-0.021610070250000078,-0.8330219654716711,-0.7612778585562424
sensitivity,tau,x0.5,x1,tau_x0.5_minus_x1,dir_sense_uncertain_pct,10,0.04577809200000012,0.09388728219699402,-0.010666271999999762,0.10105738505000016,0.4875856551470801,0.44559228783713845
sensitivity,tau,x0.5,x1,tau_x0.5_minus_x1,dir_sense_dominant_pct,10,-0.033500279999999806,0.09466444138060424,-0.0907230399999989,0.019613123500000638,-0.3538845157846531,-0.32340617356975954
sensitivity,tau,x0.5,x1,tau_x0.5_minus_x1,dir_travel_error_deg,10,-0.19580067199999973,0.032122731452260064,-0.2136577070499997,-0.17621379632499956,-6.09539298645862,-5.570426605932952
sensitivity,tau,x0.5,x1,tau_x0.5_minus_x1,dir_travel_abs_error_deg,10,-0.19580067199999973,0.032122731452260064,-0.21422353649999976,-0.17602065784999965,-6.09539298645862,-5.570426605932952
sensitivity,tau,x0.5,x1,tau_x0.5_minus_x1,dir_travel_rmse_deg,10,-0.03765162000000011,0.0622103203325407,-0.07385411875000045,-0.0010083030000000558,-0.605231090255381,-0.5531054971166247
sensitivity,tau,x0.5,x1,tau_x0.5_minus_x1,dir_travel_correct_pct,10,-0.042000579999997,0.08947919205128509,-0.09478124349999753,0.008777610000002767,-0.46938935228566125,-0.4289631435286348
sensitivity,tau,x0.5,x1,tau_x0.5_minus_x1,dir_travel_wrong_pct,10,-0.0037777764900000016,0.03024001101633024,-0.02333333325,0.010888891259999997,-0.12492642571988229,-0.11416712378678773
sensitivity,tau,x0.5,x1,tau_x0.5_minus_x1,dir_travel_unresolved_pct,10,0.04577809200000012,0.09388728219699402,-0.009613695449999902,0.09889073509999995,0.4875856551470801,0.44559228783713845
sensitivity,tau,x0.5,x1,tau_x0.5_minus_x1,accel_bias_3d_rms_mps2,10,-0.0005938310100000018,0.0074519159940649015,-0.004806063110000002,0.004008138039749995,-0.07968836611590362,-0.07282519696129669
sensitivity,tau,x0.5,x1,tau_x0.5_minus_x1,gyro_bias_3d_rms_radps,10,2.2745536999999927e-07,1.2524043772662267e-06,-4.991603409999975e-07,9.808534182500003e-07,0.18161495929652802,0.1659733512750233
sensitivity,tau,x0.75,x1,tau_x0.75_minus_x1,accel_x_rms_mps2,10,0.0005455658100000004,7.215998484065271e-05,0.0005026616839999999,0.0005869492627500003,7.56050338985999,6.909354217305522
sensitivity,tau,x0.75,x1,tau_x0.75_minus_x1,accel_y_rms_mps2,10,0.0001986306300000006,0.00024638418597962085,5.835076550000036e-05,0.00035208969675000105,0.8061825445908687,0.7367499857030244
sensitivity,tau,x0.75,x1,tau_x0.75_minus_x1,accel_z_rms_mps2,10,3.208006000000006e-05,0.0001609951253451498,-5.717983299999985e-05,0.00012982146450000044,0.19926106415473852,0.18209968344288044
sensitivity,tau,x0.75,x1,tau_x0.75_minus_x1,accel_3d_rms_mps2,10,0.0004411611800000003,0.00021264600958289444,0.0003168815015000002,0.0005628772270000003,2.0746271273340082,1.89594964150226
sensitivity,tau,x0.75,x1,tau_x0.75_minus_x1,disp_x_rms_m,10,2.1956129999999018e-05,0.00027697232876855346,-0.0001396086945000034,0.0001793665740000016,0.07927192617983954,0.07244462295978804
sensitivity,tau,x0.75,x1,tau_x0.75_minus_x1,disp_y_rms_m,10,-0.003969763220000002,0.00046651212939554596,-0.004248869754500003,-0.0037016792817500016,-8.509453387939935,-7.776575794117374
sensitivity,tau,x0.75,x1,tau_x0.75_minus_x1,disp_z_rms_m,10,0.00125247837,0.0003300063801042562,0.0010697812417500003,0.0014500655997499996,3.795315622698915,3.4684436540125536
sensitivity,tau,x0.75,x1,tau_x0.75_minus_x1,disp_3d_rms_m,10,-0.0010637803999999987,0.0003441434236403976,-0.0012620875000000004,-0.0008609734749999977,-3.0910961155299144,-2.8248751281002784
sensitivity,tau,x0.75,x1,tau_x0.75_minus_x1,disp_x_pct_hs,10,0.0014636520000001596,0.018464717947940596,-0.009761634699999844,0.012082420225000307,0.07926749837862557,0.07244057650343273
sensitivity,tau,x0.75,x1,tau_x0.75_minus_x1,disp_y_pct_hs,10,-0.26465082300000004,0.031100748920769004,-0.28332268140000005,-0.24686318429999998,-8.50946784832139,-7.776589009096912
sensitivity,tau,x0.75,x1,tau_x0.75_minus_x1,disp_z_pct_hs,10,0.08349857299999988,0.022000411246748793,0.07097940502499972,0.09696494152499993,3.795318735795871,3.468446498993697
sensitivity,tau,x0.75,x1,tau_x0.75_minus_x1,disp_3d_pct_refmax,10,-0.07458014500000018,0.026035926337557767,-0.08933279032500033,-0.0586951174500001,-2.864508987814104,-2.6178028412774075
sensitivity,tau,x0.75,x1,tau_x0.75_minus_x1,disp_z_ref_rms_m,10,0.0,0.0,0.0,0.0,nan,nan
sensitivity,tau,x0.75,x1,tau_x0.75_minus_x1,disp_z_pct_refrms,10,0.31930596999999955,0.0807886704830854,0.27246699574999933,0.3679556382499998,3.952360746756591,3.6119632497673098
sensitivity,tau,x0.75,x1,tau_x0.75_minus_x1,roll_rms_deg,10,-0.007934569370000014,0.017019941039138432,-0.01746500950750002,0.00277413035849999,-0.4661925297951367,-0.42604164772102665
sensitivity,tau,x0.75,x1,tau_x0.75_minus_x1,pitch_rms_deg,10,0.0021636948100000066,0.008894399846480456,-0.0028670567977499895,0.007370094215,0.2432648461218199,0.22231363492651
sensitivity,tau,x0.75,x1,tau_x0.75_minus_x1,yaw_rms_deg,10,-0.012507023300000076,0.06065384170715492,-0.04663810420000001,0.02504477339249991,-0.20620331619529894,-0.18844403327524423
sensitivity,tau,x0.75,x1,tau_x0.75_minus_x1,dir_axis_error_deg,10,-0.08804931499999977,0.022916536250350526,-0.10212253512499983,-0.07525600364999963,-3.842173792675714,-3.5112661590296974
sensitivity,tau,x0.75,x1,tau_x0.75_minus_x1,dir_axis_abs_error_deg,10,-0.08804931499999977,0.022916536250350526,-0.10225067099999965,-0.07519458814999957,-3.842173792675714,-3.5112661590296974
sensitivity,tau,x0.75,x1,tau_x0.75_minus_x1,dir_axis_rmse_deg,10,-0.03139152999999943,0.04062513980125196,-0.05352421074999935,-0.005881141999999313,-0.7727119255115038,-0.7061620273136401
sensitivity,tau,x0.75,x1,tau_x0.75_minus_x1,dir_axis_circ_std_deg,10,-0.01052206000000062,0.030548837208683694,-0.025971062750000325,0.009318650999998988,-0.34443405908129493,-0.3147696384725879
sensitivity,tau,x0.75,x1,tau_x0.75_minus_x1,dir_axis_available_pct,10,-0.002886960000000727,0.01740301711289134,-0.01388841300000159,0.0068929557499991904,-0.1658884767666063,-0.15160131375471364
sensitivity,tau,x0.75,x1,tau_x0.75_minus_x1,dir_sense_forward_pct,10,0.0014440799999984933,0.02054913586719526,-0.010277520000003194,0.014056282499998447,0.07027448790699903,0.06422209003178575
sensitivity,tau,x0.75,x1,tau_x0.75_minus_x1,dir_sense_reverse_pct,10,-0.027833837999996548,0.05619860059020569,-0.06444571824999608,0.0019446395500024847,-0.4952763539960359,-0.4526206244155371
sensitivity,tau,x0.75,x1,tau_x0.75_minus_x1,dir_sense_uncertain_pct,10,0.026389115000000275,0.06292345465634358,-0.00877909749999968,0.0654462228750003,0.4193843955981822,0.3832648691467736
sensitivity,tau,x0.75,x1,tau_x0.75_minus_x1,dir_sense_dominant_pct,10,-0.017889769999997897,0.051850288146139394,-0.05216864999999519,0.006610889999998956,-0.3450273979109972,-0.3153118759313784
sensitivity,tau,x0.75,x1,tau_x0.75_minus_x1,dir_travel_error_deg,10,-0.0863868469999999,0.018151921360259535,-0.09658421804999999,-0.07522149689999996,-4.759102096438608,-4.3492239134125406
sensitivity,tau,x0.75,x1,tau_x0.75_minus_x1,dir_travel_abs_error_deg,10,-0.0863868469999999,0.018151921360259535,-0.09661810752499994,-0.07555563657499971,-4.759102096438608,-4.3492239134125406
sensitivity,tau,x0.75,x1,tau_x0.75_minus_x1,dir_travel_rmse_deg,10,-0.02210004999999917,0.028946686802897092,-0.03855100199999966,-0.004976420999999321,-0.7634742501095951,-0.6977199477053061
sensitivity,tau,x0.75,x1,tau_x0.75_minus_x1,dir_travel_correct_pct,10,-0.023889149999996563,0.06088692071519424,-0.0620587735000014,0.00905823350000263,-0.39235273716240116,-0.35856131521880097
sensitivity,tau,x0.75,x1,tau_x0.75_minus_x1,dir_travel_wrong_pct,10,-0.0025000008100000016,0.01843732242292488,-0.014833334410000005,0.005999998799999998,-0.1355945702230337,-0.12391647319023252
sensitivity,tau,x0.75,x1,tau_x0.75_minus_x1,dir_travel_unresolved_pct,10,0.026389115000000275,0.06292345465634358,-0.009277549999999484,0.06477810275000036,0.4193843955981822,0.3832648691467736
sensitivity,tau,x0.75,x1,tau_x0.75_minus_x1,accel_bias_3d_rms_mps2,10,-0.0008681845200000003,0.0026135406312804603,-0.002300200106500001,0.000710516729499999,-0.3321871141427971,-0.30357746299212884
sensitivity,tau,x0.75,x1,tau_x0.75_minus_x1,gyro_bias_3d_rms_radps,10,3.466487999999714e-08,4.375876528083049e-07,-2.1344447550001018e-07,2.9954555500000326e-07,0.07921814013153354,0.07239546924071244
sensitivity,tau,x1.25,x1,tau_x1.25_minus_x1,accel_x_rms_mps2,10,-0.0003680010199999995,3.332750367648658e-05,-0.000386723396249999,-0.00034769204974999934,-11.041961725433213,-10.09097157700778
sensitivity,tau,x1.25,x1,tau_x1.25_minus_x1,accel_y_rms_mps2,10,-0.00013304798000000044,0.0001752761151044238,-0.00024160021125,-3.288674300000078e-05,-0.7590765000738109,-0.6937009543672231
sensitivity,tau,x1.25,x1,tau_x1.25_minus_x1,accel_z_rms_mps2,10,0.0001670658539999998,0.00014228948949067548,8.222762050000046e-05,0.0002476453793999995,1.1741264558472393,1.0730046877881685
sensitivity,tau,x1.25,x1,tau_x1.25_minus_x1,accel_3d_rms_mps2,10,-0.00019523351999999953,0.0001447384960082132,-0.0002799601347499998,-0.00011210726549999886,-1.3488707246821259,-1.232699087561019
sensitivity,tau,x1.25,x1,tau_x1.25_minus_x1,disp_x_rms_m,10,0.0005215324499999979,0.000240425977674815,0.0003893033762500017,0.0006672274349999948,2.1692017436875717,1.982379008788695
sensitivity,tau,x1.25,x1,tau_x1.25_minus_x1,disp_y_rms_m,10,0.0034819778,0.0003713192694305695,0.0032705830730000007,0.0037072951195000012,9.377315121134783,8.569692841631714
sensitivity,tau,x1.25,x1,tau_x1.25_minus_x1,disp_z_rms_m,10,-0.0005264028700000007,0.00027689546538577363,-0.0006965103075000003,-0.00036499602649999873,-1.9010888071663101,-1.7373573279371437
sensitivity,tau,x1.25,x1,tau_x1.25_minus_x1,disp_3d_rms_m,10,0.0017221051000000029,0.00027600338207486695,0.001561072815000003,0.0018870952725000023,6.2394347745089425,5.7020627794010466
sensitivity,tau,x1.25,x1,tau_x1.25_minus_x1,disp_x_pct_hs,10,0.03476877200000006,0.016028511132745702,0.02589608062500027,0.0445774061500001,2.1691828836783626,1.9823617730998198
sensitivity,tau,x1.25,x1,tau_x1.25_minus_x1,disp_y_pct_hs,10,0.232131861,0.024754716777397923,0.2181220882500001,0.24705673164999992,9.377277998669973,8.5696589163432
sensitivity,tau,x1.25,x1,tau_x1.25_minus_x1,disp_z_pct_hs,10,-0.03509350000000007,0.01845961445008246,-0.04637793952500007,-0.024603532700000045,-1.9010960437390556,-1.7373639412592783
sensitivity,tau,x1.25,x1,tau_x1.25_minus_x1,disp_3d_pct_refmax,10,0.12016010299999982,0.023548352396168246,0.10627191922499994,0.13347504660000004,5.102696824749068,4.663226508567754
sensitivity,tau,x1.25,x1,tau_x1.25_minus_x1,disp_z_ref_rms_m,10,0.0,0.0,0.0,0.0,nan,nan
sensitivity,tau,x1.25,x1,tau_x1.25_minus_x1,disp_z_pct_refrms,10,-0.13403740000000006,0.06863471193541792,-0.17595737274999987,-0.09492416999999982,-1.952909777287665,-1.7847152113993818
sensitivity,tau,x1.25,x1,tau_x1.25_minus_x1,roll_rms_deg,10,0.008581597509999993,0.01601298080234554,-0.001473827697500013,0.017875921752499982,0.5359150564111701,0.48975931418775753
sensitivity,tau,x1.25,x1,tau_x1.25_minus_x1,pitch_rms_deg,10,-0.0009104847,0.0013036972195905076,-0.0016961671525000009,-0.00017868424250000423,-0.6983866240705675,-0.6382380005018556
sensitivity,tau,x1.25,x1,tau_x1.25_minus_x1,yaw_rms_deg,10,0.00506759710000001,0.030476273305079044,-0.013979761022500042,0.022400630000000053,0.16628007792394572,0.15195918822000304
sensitivity,tau,x1.25,x1,tau_x1.25_minus_x1,dir_axis_error_deg,10,0.07566833500000007,0.02009728580925301,0.06377205002500025,0.08737369429999992,3.7651021992811358,3.440832364955948
sensitivity,tau,x1.25,x1,tau_x1.25_minus_x1,dir_axis_abs_error_deg,10,0.07566833500000007,0.02009728580925301,0.06388225527500026,0.08753974732499996,3.7651021992811358,3.440832364955948
sensitivity,tau,x1.25,x1,tau_x1.25_minus_x1,dir_axis_rmse_deg,10,0.047077180000000496,0.03352443948766016,0.02795503650000075,0.06693210000000108,1.4042644923960295,1.2833220610365446
sensitivity,tau,x1.25,x1,tau_x1.25_minus_x1,dir_axis_circ_std_deg,10,0.025829899999999028,0.029825928229571166,0.00923394574999917,0.04453288024999846,0.8660216641435406,0.7914354546091841
sensitivity,tau,x1.25,x1,tau_x1.25_minus_x1,dir_axis_available_pct,10,-0.004832450000002098,0.009740844576917183,-0.01094359000000086,0.00038987999999736897,-0.49610174578224187,-0.45337492924484246
sensitivity,tau,x1.25,x1,tau_x1.25_minus_x1,dir_sense_forward_pct,10,-0.005055800000000943,0.026017394798352956,-0.021555320000000933,0.009556072749997388,-0.19432383753968335,-0.1775876760042916
sensitivity,tau,x1.25,x1,tau_x1.25_minus_x1,dir_sense_reverse_pct,10,-0.010110669999998123,0.011426745762759972,-0.016610924499997955,-0.0032777997499986535,-0.8848249720361356,-0.8086193255748714
sensitivity,tau,x1.25,x1,tau_x1.25_minus_x1,dir_sense_uncertain_pct,10,0.015166828999999993,0.02293902465874301,0.0015543129499999398,0.028722349225000058,0.661180203850528,0.6042359872492788
sensitivity,tau,x1.25,x1,tau_x1.25_minus_x1,dir_sense_dominant_pct,10,-0.009277719999998624,0.013953345477361379,-0.016666029999997587,-0.0006650565000009954,-0.6649100758704263,-0.6076446236378634
sensitivity,tau,x1.25,x1,tau_x1.25_minus_x1,dir_travel_error_deg,10,0.07179191300000007,0.01670606221230084,0.06199459920000007,0.08137198802500008,4.297356976627261,3.9272466420092065
sensitivity,tau,x1.25,x1,tau_x1.25_minus_x1,dir_travel_abs_error_deg,10,0.07179191300000007,0.01670606221230084,0.061925199850000084,0.08160910534999995,4.297356976627261,3.9272466420092065
sensitivity,tau,x1.25,x1,tau_x1.25_minus_x1,dir_travel_rmse_deg,10,0.033183500000000164,0.0338462002823889,0.014344135249999779,0.054116370500000704,0.9804202457924486,0.8959814460348012
sensitivity,tau,x1.25,x1,tau_x1.25_minus_x1,dir_travel_correct_pct,10,-0.017111219999996763,0.028383121230164274,-0.03483356024999704,-0.0013336099999975205,-0.602866043562952,-0.5509441403264967
sensitivity,tau,x1.25,x1,tau_x1.25_minus_x1,dir_travel_wrong_pct,10,0.001944445129999997,0.009193285898252189,-0.0028888894700000054,0.008111113329999997,0.2115070880553896,0.19329101720997696
sensitivity,tau,x1.25,x1,tau_x1.25_minus_x1,dir_travel_unresolved_pct,10,0.015166828999999993,0.02293902465874301,0.0017225079499995743,0.02833354250000003,0.661180203850528,0.6042359872492788
sensitivity,tau,x1.25,x1,tau_x1.25_minus_x1,accel_bias_3d_rms_mps2,10,0.0012780882599999974,0.0018540970566390605,0.00014139124199999856,0.002291355505999995,0.6893319070991895,0.6299631220094254
sensitivity,tau,x1.25,x1,tau_x1.25_minus_x1,gyro_bias_3d_rms_radps,10,6.0377200000017546e-09,2.869784988305734e-07,-1.631388529999964e-07,1.7112395749999838e-07,0.021038928089056278,0.01922694813081759
sensitivity,tau,x1.5,x1,tau_x1.5_minus_x1,accel_x_rms_mps2,10,-0.0006328489200000002,4.863516151824963e-05,-0.0006607351745000004,-0.0006031532887500002,-13.012168567848446,-11.891494141928947
sensitivity,tau,x1.5,x1,tau_x1.5_minus_x1,accel_y_rms_mps2,10,-0.00022276852000000029,0.00031408575429254463,-0.0004118496399999996,-4.765048400000182e-05,-0.7092601843778945,-0.6481750742511139
sensitivity,tau,x1.5,x1,tau_x1.5_minus_x1,accel_z_rms_mps2,10,0.0004617686399999996,0.0002626491846467289,0.00029865792424999975,0.0006095275559999996,1.7581194497941899,1.6067012219390464
sensitivity,tau,x1.5,x1,tau_x1.5_minus_x1,accel_3d_rms_mps2,10,-0.0002352062700000001,0.000256446828565088,-0.00038852035550000075,-8.664617999999922e-05,-0.9171736352368387,-0.8381819566570476
sensitivity,tau,x1.5,x1,tau_x1.5_minus_x1,disp_x_rms_m,10,0.0013101145600000002,0.0004594607678117292,0.0010553460795000003,0.0015933328899999993,2.851417687389664,2.6058390305185983
sensitivity,tau,x1.5,x1,tau_x1.5_minus_x1,disp_y_rms_m,10,0.006593068330000002,0.0006875697188417699,0.006204812989999999,0.007003850880000004,9.588945163417328,8.763096223622727
sensitivity,tau,x1.5,x1,tau_x1.5_minus_x1,disp_z_rms_m,10,-0.0006678059600000008,0.0005178483584654869,-0.0009887858087500006,-0.0003746101497499996,-1.2895782116194698,-1.178513148601776
sensitivity,tau,x1.5,x1,tau_x1.5_minus_x1,disp_3d_rms_m,10,0.003719713700000002,0.0005087251625015545,0.0034246665350000007,0.0040237816175,7.3118335285580365,6.68210107471613
sensitivity,tau,x1.5,x1,tau_x1.5_minus_x1,disp_x_pct_hs,10,0.08734087900000001,0.030630749216500525,0.07025002644999997,0.1060330928000001,2.8514117752284758,2.6058336275429324
sensitivity,tau,x1.5,x1,tau_x1.5_minus_x1,disp_y_pct_hs,10,0.43953795400000006,0.04583801780049469,0.41398623339999996,0.46712077717500006,9.588938943936107,8.763090539794998
sensitivity,tau,x1.5,x1,tau_x1.5_minus_x1,disp_z_pct_hs,10,-0.04452042599999988,0.03452308301863368,-0.06543184989999971,-0.02497599932499992,-1.2895843043904907,-1.1785187166322333
sensitivity,tau,x1.5,x1,tau_x1.5_minus_x1,disp_3d_pct_refmax,10,0.25933084400000006,0.045079067612370224,0.23234470482499986,0.2857600839500001,5.7527996415089255,5.257339149888202
sensitivity,tau,x1.5,x1,tau_x1.5_minus_x1,disp_z_ref_rms_m,10,0.0,0.0,0.0,0.0,nan,nan
sensitivity,tau,x1.5,x1,tau_x1.5_minus_x1,disp_z_pct_refrms,10,-0.16983108000000016,0.1287465792852402,-0.2469544429999999,-0.0950340200000003,-1.3191113965345562,-1.20550278477034
sensitivity,tau,x1.5,x1,tau_x1.5_minus_x1,roll_rms_deg,10,0.017845848399999992,0.03103326424353839,-0.001514909802500011,0.035721259699999994,0.5750554714435423,0.5255287567401823
sensitivity,tau,x1.5,x1,tau_x1.5_minus_x1,pitch_rms_deg,10,-0.0013401917699999947,0.002050710807067971,-0.002472739191750008,-0.00010157850074999062,-0.6535254826672272,-0.5972405297561877
sensitivity,tau,x1.5,x1,tau_x1.5_minus_x1,yaw_rms_deg,10,0.006197671500000057,0.04595167192717149,-0.02253229741250001,0.03159266595000005,0.13487368881425482,0.12325767777078947
sensitivity,tau,x1.5,x1,tau_x1.5_minus_x1,dir_axis_error_deg,10,0.1406967150000001,0.03684582633206934,0.11815979035000017,0.1613769520000002,3.8185251629854893,3.4896542701305013
sensitivity,tau,x1.5,x1,tau_x1.5_minus_x1,dir_axis_abs_error_deg,10,0.1406967150000001,0.03684582633206934,0.11800830860000003,0.1610778800000002,3.8185251629854893,3.4896542701305013
sensitivity,tau,x1.5,x1,tau_x1.5_minus_x1,dir_axis_rmse_deg,10,0.1189182300000006,0.1655057531364065,0.04676785025000041,0.23002680475000112,0.7185141769784317,0.6566320657375789
sensitivity,tau,x1.5,x1,tau_x1.5_minus_x1,dir_axis_circ_std_deg,10,0.07460936999999994,0.13348023066938128,0.016056996249999615,0.16376171899999953,0.5589544580935041,0.5108144449071657
sensitivity,tau,x1.5,x1,tau_x1.5_minus_x1,dir_axis_available_pct,10,-0.0035003700000004303,0.01864400374479148,-0.0146703457500017,0.006778710250000408,-0.1877477631905281,-0.17157796677003756
sensitivity,tau,x1.5,x1,tau_x1.5_minus_x1,dir_sense_forward_pct,10,-0.06216735000000071,0.13402625585666436,-0.15033478275000026,0.001887140000000187,-0.4638445624153387,-0.42389589928588134
sensitivity,tau,x1.5,x1,tau_x1.5_minus_x1,dir_sense_reverse_pct,10,-0.021834369999998417,0.026891093667484545,-0.03928071499999683,-0.007833840749999715,-0.8119554477771024,-0.7420256969776726
sensitivity,tau,x1.5,x1,tau_x1.5_minus_x1,dir_sense_uncertain_pct,10,0.08400001400000008,0.12982818822846207,0.018605603400000233,0.16633597554999985,0.6470090597904906,0.5912853345048354
sensitivity,tau,x1.5,x1,tau_x1.5_minus_x1,dir_sense_dominant_pct,10,-0.011835469999999048,0.021632636811797213,-0.0232835654999983,0.001943814000001234,-0.547111760021074,-0.4999917004876917
sensitivity,tau,x1.5,x1,tau_x1.5_minus_x1,dir_travel_error_deg,10,0.11919751200000009,0.04997796962331696,0.08619322499999989,0.14449796700000012,2.385001089447802,2.179592612544229
sensitivity,tau,x1.5,x1,tau_x1.5_minus_x1,dir_travel_abs_error_deg,10,0.11919751200000009,0.04997796962331696,0.08696232952500005,0.14538255857500013,2.385001089447802,2.179592612544229
sensitivity,tau,x1.5,x1,tau_x1.5_minus_x1,dir_travel_rmse_deg,10,0.024698259999999906,0.11840462356660447,-0.053652389500000355,0.07888807600000032,0.2085920233183018,0.19062701273880256
sensitivity,tau,x1.5,x1,tau_x1.5_minus_x1,dir_travel_correct_pct,10,-0.07711181999999894,0.12375969978894977,-0.15922320900000017,-0.01855126274999992,-0.623076980079133,-0.5694144077482478
sensitivity,tau,x1.5,x1,tau_x1.5_minus_x1,dir_travel_wrong_pct,10,-0.006888888930000001,0.020977813637047035,-0.020722223700000004,0.002555556420000001,-0.32838927112185573,-0.30010670961232094
sensitivity,tau,x1.5,x1,tau_x1.5_minus_x1,dir_travel_unresolved_pct,10,0.08400001400000008,0.12982818822846207,0.018944737500000062,0.1688902475999995,0.6470090597904906,0.5912853345048354
sensitivity,tau,x1.5,x1,tau_x1.5_minus_x1,accel_bias_3d_rms_mps2,10,0.0028057825599999997,0.00342205887492316,0.0007024829882499987,0.00465707846625,0.8199106627185079,0.7492957681714361
sensitivity,tau,x1.5,x1,tau_x1.5_minus_x1,gyro_bias_3d_rms_radps,10,2.4052969999997906e-08,5.085053608038662e-07,-2.858722234999984e-07,3.10818136499997e-07,0.04730131057413826,0.0432274800825865
sensitivity,sigma_aw,x0.5,x1,sigma_aw_x0.5_minus_x1,accel_x_rms_mps2,10,-0.0007467655199999999,0.0004924652138186338,-0.00102717220025,-0.00045004434500000044,-1.5163822723832436,-1.385783685090381
sensitivity,sigma_aw,x0.5,x1,sigma_aw_x0.5_minus_x1,accel_y_rms_mps2,10,-0.0008135188099999997,0.0019615974587405016,-0.0020213301199999987,0.00022358987924999925,-0.4147226059939648,-0.3790045766766598
sensitivity,sigma_aw,x0.5,x1,sigma_aw_x0.5_minus_x1,accel_z_rms_mps2,10,0.00683614769,0.0006888670993734363,0.006418289342499999,0.0072157796877500005,9.923754082925232,9.069069688709193
sensitivity,sigma_aw,x0.5,x1,sigma_aw_x0.5_minus_x1,accel_3d_rms_mps2,10,0.0033868784099999995,0.0011570998271181895,0.00264866111875,0.003991278518,2.927040805489684,2.6749490993892695
sensitivity,sigma_aw,x0.5,x1,sigma_aw_x0.5_minus_x1,disp_x_rms_m,10,0.0006364613899999996,0.0004233911299906926,0.0003825788900000015,0.0008779452534999994,1.5032468677697404,1.3737795686205643
sensitivity,sigma_aw,x0.5,x1,sigma_aw_x0.5_minus_x1,disp_y_rms_m,10,-0.00798411222,0.0009481655186279544,-0.00853107422375,-0.007426112879000001,-8.42058908823581,-7.695364941841046
sensitivity,sigma_aw,x0.5,x1,sigma_aw_x0.5_minus_x1,disp_z_rms_m,10,1.8688310000000707e-05,0.00012862360597335964,-6.15064855000003e-05,8.712402299999907e-05,0.14529455816898343,0.1327810486247264
sensitivity,sigma_aw,x0.5,x1,sigma_aw_x0.5_minus_x1,disp_3d_rms_m,10,-0.0033311366999999982,0.0006751330670229295,-0.0037479538449999962,-0.0029597426349999988,-4.934044653876898,-4.50909952416137
sensitivity,sigma_aw,x0.5,x1,sigma_aw_x0.5_minus_x1,disp_x_pct_hs,10,0.04243073500000012,0.028226114329742657,0.025653399099999932,0.05859277712500023,1.5032439288070782,1.3737768827763794
sensitivity,sigma_aw,x0.5,x1,sigma_aw_x0.5_minus_x1,disp_y_pct_hs,10,-0.5322741020000001,0.06321102739953206,-0.5690815882,-0.494842874275,-8.420589316413174,-7.69536515036661
sensitivity,sigma_aw,x0.5,x1,sigma_aw_x0.5_minus_x1,disp_z_pct_hs,10,0.0012459259999999972,0.008574938767829688,-0.003994911675000059,0.005843684625000096,0.14529853025590064,0.13278467861522805
sensitivity,sigma_aw,x0.5,x1,sigma_aw_x0.5_minus_x1,disp_3d_pct_refmax,10,-0.23218736499999987,0.05428110416163513,-0.26548925842500004,-0.20142847002500008,-4.277498930541387,-3.909098872291267
sensitivity,sigma_aw,x0.5,x1,sigma_aw_x0.5_minus_x1,disp_z_ref_rms_m,10,0.0,0.0,0.0,0.0,nan,nan
sensitivity,sigma_aw,x0.5,x1,sigma_aw_x0.5_minus_x1,disp_z_pct_refrms,10,0.00464497000000037,0.03308699394310796,-0.016378312749999742,0.022383254250000602,0.14038658235278942,0.12829577275678164
sensitivity,sigma_aw,x0.5,x1,sigma_aw_x0.5_minus_x1,roll_rms_deg,10,0.16448853409999997,0.126977887726952,0.07958597802999999,0.22828808669999995,1.2954108549490861,1.1838434548934935
sensitivity,sigma_aw,x0.5,x1,sigma_aw_x0.5_minus_x1,pitch_rms_deg,10,0.04509620440000002,0.09309338974555795,-0.009056784419999988,0.097806777795,0.4844189745722718,0.4426983379694939
sensitivity,sigma_aw,x0.5,x1,sigma_aw_x0.5_minus_x1,yaw_rms_deg,10,-0.07363160859999998,0.14277562367043792,-0.153308568775,0.012096224345000009,-0.5157155451827006,-0.4712994880495775
sensitivity,sigma_aw,x0.5,x1,sigma_aw_x0.5_minus_x1,dir_axis_error_deg,10,0.7369888310000002,0.2413042119224554,0.5897628811000003,0.8702742763000003,3.054189668420857,2.791147252742041
sensitivity,sigma_aw,x0.5,x1,sigma_aw_x0.5_minus_x1,dir_axis_abs_error_deg,10,0.7369888310000002,0.2413042119224554,0.5928601480500004,0.8706147761750003,3.054189668420857,2.791147252742041
sensitivity,sigma_aw,x0.5,x1,sigma_aw_x0.5_minus_x1,dir_axis_rmse_deg,10,0.3464321000000002,0.4972074809199227,0.03015077375000051,0.6213327300000003,0.6967556066514504,0.6367474546344483
sensitivity,sigma_aw,x0.5,x1,sigma_aw_x0.5_minus_x1,dir_axis_circ_std_deg,10,0.18934536999999985,0.2958748974038566,0.015614105249999462,0.35866238749999957,0.6399507753493244,0.5848349455749237
sensitivity,sigma_aw,x0.5,x1,sigma_aw_x0.5_minus_x1,dir_axis_available_pct,10,-0.13805466000000166,0.08931296593164471,-0.19455497725000026,-0.09010999100000369,-1.545740403534031,-1.4126133440190383
sensitivity,sigma_aw,x0.5,x1,sigma_aw_x0.5_minus_x1,dir_sense_forward_pct,10,0.1544443300000001,1.148841398475262,-0.32266955700000216,0.9273328800000005,0.13443485776624872,0.12285664109427769
sensitivity,sigma_aw,x0.5,x1,sigma_aw_x0.5_minus_x1,dir_sense_reverse_pct,10,-0.436721416999997,1.1771604288984832,-1.2140673534999982,0.06661289165000212,-0.37099566573831827,-0.33904362388211146
sensitivity,sigma_aw,x0.5,x1,sigma_aw_x0.5_minus_x1,dir_sense_uncertain_pct,10,0.28227794300000025,0.20179838696811137,0.16538904050000025,0.40261687832500026,1.3988116914165742,1.2783388831314786
sensitivity,sigma_aw,x0.5,x1,sigma_aw_x0.5_minus_x1,dir_sense_dominant_pct,10,-0.5640552399999968,1.144480533727831,-1.3353558499999987,-0.0481610419999974,-0.49284826030438617,-0.45040165055581843
sensitivity,sigma_aw,x0.5,x1,sigma_aw_x0.5_minus_x1,dir_travel_error_deg,10,0.6758297220000002,0.2554942985168923,0.511654817075,0.8074078670000003,2.645185140815645,2.4173682843341644
sensitivity,sigma_aw,x0.5,x1,sigma_aw_x0.5_minus_x1,dir_travel_abs_error_deg,10,0.6758297220000002,0.2554942985168923,0.509422447,0.8073849129500003,2.645185140815645,2.4173682843341644
sensitivity,sigma_aw,x0.5,x1,sigma_aw_x0.5_minus_x1,dir_travel_rmse_deg,10,0.2789627099999997,0.37908637876987406,0.023099146499999265,0.4578655977499992,0.7358816502593072,0.672503763502849
sensitivity,sigma_aw,x0.5,x1,sigma_aw_x0.5_minus_x1,dir_travel_correct_pct,10,-0.2650550899999956,0.2373518125253064,-0.39894763474999795,-0.1174397214999962,-1.1167182048451199,-1.020540728615607
sensitivity,sigma_aw,x0.5,x1,sigma_aw_x0.5_minus_x1,dir_travel_wrong_pct,10,-0.017222222335000002,0.05512923028444923,-0.053388889925,0.00444444454,-0.31239729352539175,-0.2854920428168035
sensitivity,sigma_aw,x0.5,x1,sigma_aw_x0.5_minus_x1,dir_travel_unresolved_pct,10,0.28227794300000025,0.20179838696811137,0.16305550049999984,0.40078168417500026,1.3988116914165742,1.2783388831314786
sensitivity,sigma_aw,x0.5,x1,sigma_aw_x0.5_minus_x1,accel_bias_3d_rms_mps2,10,0.030935379880000002,0.014366929234032915,0.021699926735,0.03846163830450001,2.1532353487702247,1.9677877213612873
sensitivity,sigma_aw,x0.5,x1,sigma_aw_x0.5_minus_x1,gyro_bias_3d_rms_radps,10,-1.9809150400000016e-06,2.00721826244268e-06,-3.1213271725000027e-06,-8.092353169999992e-07,-0.9868956839747617,-0.9018991864029721
sensitivity,sigma_aw,x0.75,x1,sigma_aw_x0.75_minus_x1,accel_x_rms_mps2,10,-0.0005785782599999996,0.00022011243737926934,-0.0007037161599999996,-0.000447912147499999,-2.6285577811446803,-2.4021729578140656
sensitivity,sigma_aw,x0.75,x1,sigma_aw_x0.75_minus_x1,accel_y_rms_mps2,10,-0.00104247302,0.00047734143787627804,-0.0013168865599999997,-0.0007564024607500006,-2.1839147773091474,-1.9958248807975527
sensitivity,sigma_aw,x0.75,x1,sigma_aw_x0.75_minus_x1,accel_z_rms_mps2,10,0.0012686051499999997,0.0003745922593606793,0.0010384194522499994,0.0014760389464999997,3.386629377139672,3.094955555574996
sensitivity,sigma_aw,x0.75,x1,sigma_aw_x0.75_minus_x1,accel_3d_rms_mps2,10,-0.00025923270000000054,0.00038080393067599615,-0.0004973065307500004,-4.659768300000039e-05,-0.6807511139389119,-0.6221213505885824
sensitivity,sigma_aw,x0.75,x1,sigma_aw_x0.75_minus_x1,disp_x_rms_m,10,1.2281539999997593e-05,0.00010710872323419769,-5.4912214250000396e-05,7.211195874999559e-05,0.11466423676009557,0.10478876696160791
sensitivity,sigma_aw,x0.75,x1,sigma_aw_x0.75_minus_x1,disp_y_rms_m,10,-0.002124016740000001,0.0006868688706507673,-0.002546418090000001,-0.0017426416210000013,-3.092317661721402,-2.825991468493844
sensitivity,sigma_aw,x0.75,x1,sigma_aw_x0.75_minus_x1,disp_z_rms_m,10,-1.8954279999999767e-05,3.1408176784426184e-05,-3.734382825000257e-05,-7.928467499998629e-07,-0.6034823393314027,-0.5515073575552019
sensitivity,sigma_aw,x0.75,x1,sigma_aw_x0.75_minus_x1,disp_3d_rms_m,10,-0.0010431334,0.0003975653964872236,-0.0012773722299999992,-0.0008261616900000001,-2.6238033018387275,-2.397827958552808
sensitivity,sigma_aw,x0.75,x1,sigma_aw_x0.75_minus_x1,disp_x_pct_hs,10,0.0008187780000000089,0.007140514984112038,-0.003567178174999972,0.004629731275,0.11466651940676915,0.10479085301508974
sensitivity,sigma_aw,x0.75,x1,sigma_aw_x0.75_minus_x1,disp_y_pct_hs,10,-0.14160108700000004,0.04579126542995828,-0.16929804942500007,-0.11514964725000001,-3.0923165295921162,-2.8259904338693156
sensitivity,sigma_aw,x0.75,x1,sigma_aw_x0.75_minus_x1,disp_z_pct_hs,10,-0.0012637150000000652,0.0020938353901937675,-0.0025284338500001866,-6.011492499997014e-05,-0.6035407587045888,-0.5515607455535508
sensitivity,sigma_aw,x0.75,x1,sigma_aw_x0.75_minus_x1,disp_3d_pct_refmax,10,-0.07259321100000013,0.029011784399080073,-0.09054771332500035,-0.05679030407499988,-2.5021973830159157,-2.286695362647277
sensitivity,sigma_aw,x0.75,x1,sigma_aw_x0.75_minus_x1,disp_z_ref_rms_m,10,0.0,0.0,0.0,0.0,nan,nan
sensitivity,sigma_aw,x0.75,x1,sigma_aw_x0.75_minus_x1,disp_z_pct_refrms,10,-0.004857069999999552,0.008065160620712577,-0.009709546999999964,-0.0002859522499992217,-0.6022285517198315,-0.5503615525373463
sensitivity,sigma_aw,x0.75,x1,sigma_aw_x0.75_minus_x1,roll_rms_deg,10,0.028771752249999994,0.046378934049101164,-0.0006893494437499948,0.05485671859999998,0.6203625167309682,0.5669337278496689
sensitivity,sigma_aw,x0.75,x1,sigma_aw_x0.75_minus_x1,pitch_rms_deg,10,0.004201036860000002,0.03102308009240943,-0.013682844850499996,0.022659221712499997,0.1354164978940273,0.12375373735983056
sensitivity,sigma_aw,x0.75,x1,sigma_aw_x0.75_minus_x1,yaw_rms_deg,10,-0.024789972400000037,0.04790094940913055,-0.050952167875000086,0.004853690114999969,-0.5175257005506189,-0.4729537435905615
sensitivity,sigma_aw,x0.75,x1,sigma_aw_x0.75_minus_x1,dir_axis_error_deg,10,0.16378173800000012,0.06444578080484507,0.12468787877500043,0.20072509617500012,2.541388062252896,2.3225107403942493
sensitivity,sigma_aw,x0.75,x1,sigma_aw_x0.75_minus_x1,dir_axis_abs_error_deg,10,0.16378173800000012,0.06444578080484507,0.1245711516500002,0.19972316737500018,2.541388062252896,2.3225107403942493
sensitivity,sigma_aw,x0.75,x1,sigma_aw_x0.75_minus_x1,dir_axis_rmse_deg,10,0.21986255999999962,0.3448741830150317,0.09213465974999867,0.44530060725,0.6375152760866901,0.582609203949823
sensitivity,sigma_aw,x0.75,x1,sigma_aw_x0.75_minus_x1,dir_axis_circ_std_deg,10,0.14365960999999922,0.23354727345650508,0.05378435099999867,0.2965262054999988,0.6151200477480796,0.5621427670752057
sensitivity,sigma_aw,x0.75,x1,sigma_aw_x0.75_minus_x1,dir_axis_available_pct,10,-0.03933184000000125,0.031989758084569934,-0.05916523000000073,-0.021886479750003397,-1.2295135179209975,-1.1236215331475317
sensitivity,sigma_aw,x0.75,x1,sigma_aw_x0.75_minus_x1,dir_sense_forward_pct,10,-0.11588877999999916,0.1989265396724006,-0.24283571024999945,-0.011996492249998977,-0.5825707328486636,-0.5323967654435802
sensitivity,sigma_aw,x0.75,x1,sigma_aw_x0.75_minus_x1,dir_sense_reverse_pct,10,-0.06833361999999817,0.08962337883734271,-0.12866964974999806,-0.02611160524999667,-0.7624530662252392,-0.6967867133934901
sensitivity,sigma_aw,x0.75,x1,sigma_aw_x0.75_minus_x1,dir_sense_uncertain_pct,10,0.18422250300000015,0.18922491589877183,0.08160866014999983,0.3053891130000004,0.9735636669462293,0.8897153907836456
sensitivity,sigma_aw,x0.75,x1,sigma_aw_x0.75_minus_x1,dir_sense_dominant_pct,10,-0.0952785499999976,0.09557434580668843,-0.1563356732500011,-0.044334761249997766,-0.9969050710816362,-0.9110465139621767
sensitivity,sigma_aw,x0.75,x1,sigma_aw_x0.75_minus_x1,dir_travel_error_deg,10,0.1689840320000001,0.08080884553961906,0.11952550177499996,0.2152790194250001,2.091157606219611,1.9110564311051192
sensitivity,sigma_aw,x0.75,x1,sigma_aw_x0.75_minus_x1,dir_travel_abs_error_deg,10,0.1689840320000001,0.08080884553961906,0.12109389957499994,0.21538442625,2.091157606219611,1.9110564311051192
sensitivity,sigma_aw,x0.75,x1,sigma_aw_x0.75_minus_x1,dir_travel_rmse_deg,10,0.0700237199999993,0.1262473576297723,-0.012904352500001047,0.12349464624999922,0.5546549354747521,0.506885219139194
sensitivity,sigma_aw,x0.75,x1,sigma_aw_x0.75_minus_x1,dir_travel_correct_pct,10,-0.1824447799999973,0.18697678776098337,-0.3011261367499998,-0.0824413254999952,-0.9757616556832743,-0.8917240775028739
sensitivity,sigma_aw,x0.75,x1,sigma_aw_x0.75_minus_x1,dir_travel_wrong_pct,10,-0.001777777210000003,0.012466140441964955,-0.010111110540000006,0.005055556289999999,-0.14260846958016332,-0.1303262997062732
sensitivity,sigma_aw,x0.75,x1,sigma_aw_x0.75_minus_x1,dir_travel_unresolved_pct,10,0.18422250300000015,0.18922491589877183,0.08032777310000005,0.3036694681000004,0.9735636669462293,0.8897153907836456
sensitivity,sigma_aw,x0.75,x1,sigma_aw_x0.75_minus_x1,accel_bias_3d_rms_mps2,10,0.005814025589999999,0.005472948102290974,0.0022904209512500003,0.0085715995255,1.0623206142894448,0.9708281364327639
sensitivity,sigma_aw,x0.75,x1,sigma_aw_x0.75_minus_x1,gyro_bias_3d_rms_radps,10,-6.372805299999969e-07,8.180645044711818e-07,-1.137343507499998e-06,-1.7418908074999577e-07,-0.779010122694361,-0.7119177915826119
sensitivity,sigma_aw,x1.25,x1,sigma_aw_x1.25_minus_x1,accel_x_rms_mps2,10,0.0005808022000000003,0.0001522069755178781,0.0004879542120000003,0.00066568717325,3.8158711059321972,3.487228794028113
sensitivity,sigma_aw,x1.25,x1,sigma_aw_x1.25_minus_x1,accel_y_rms_mps2,10,0.00049064787,0.0001451984401611667,0.0004042624267499998,0.0005718748540000003,3.379153863191594,3.088123871074602
sensitivity,sigma_aw,x1.25,x1,sigma_aw_x1.25_minus_x1,accel_z_rms_mps2,10,-8.964623000000029e-05,0.00029045808036228687,-0.0002503508782500007,8.743072499999992e-05,-0.3086374112511692,-0.2820559808102957
sensitivity,sigma_aw,x1.25,x1,sigma_aw_x1.25_minus_x1,accel_3d_rms_mps2,10,0.0005831014499999995,0.00020724920351618742,0.00046822488849999905,0.0007121891867499993,2.8135280623862844,2.5712126535685744
sensitivity,sigma_aw,x1.25,x1,sigma_aw_x1.25_minus_x1,disp_x_rms_m,10,7.472179999999662e-06,3.6755923041900126e-05,-1.3352950000003472e-05,3.0307008500002612e-05,0.20329186105547417,0.18578332752437798
sensitivity,sigma_aw,x1.25,x1,sigma_aw_x1.25_minus_x1,disp_y_rms_m,10,-4.638620000000232e-05,4.3134262703201644e-05,-6.8170274500002e-05,-1.820592225000275e-05,-1.0753910486236107,-0.9827728781955813
sensitivity,sigma_aw,x1.25,x1,sigma_aw_x1.25_minus_x1,disp_z_rms_m,10,2.2192309999999327e-05,1.886620219254445e-05,1.039356999999741e-05,3.260544475000123e-05,1.1762998071105846,1.0749908589387853
sensitivity,sigma_aw,x1.25,x1,sigma_aw_x1.25_minus_x1,disp_3d_rms_m,10,-3.6997999999996423e-06,2.871806683295781e-05,-1.9600272500001485e-05,1.3737637499999476e-05,-0.12883179155198665,-0.11773613956401242
sensitivity,sigma_aw,x1.25,x1,sigma_aw_x1.25_minus_x1,disp_x_pct_hs,10,0.0004980549999999972,0.00245051468254339,-0.0008575305500000673,0.0020264707000000803,0.203245058496473,0.18574055584083518
sensitivity,sigma_aw,x1.25,x1,sigma_aw_x1.25_minus_x1,disp_y_pct_hs,10,-0.003092409000000007,0.002875570655622328,-0.004498237350000121,-0.001248217000000107,-1.0754070653606496,-0.9827875154894096
sensitivity,sigma_aw,x1.25,x1,sigma_aw_x1.25_minus_x1,disp_z_pct_hs,10,0.0014794349999999845,0.0012577810384008738,0.000676436625000072,0.0021745751749999574,1.176226191071316,1.0749235830888648
sensitivity,sigma_aw,x1.25,x1,sigma_aw_x1.25_minus_x1,disp_3d_pct_refmax,10,-0.0003324050000001577,0.0019654593552436614,-0.0014170249999996254,0.0008650877249998156,-0.16912331415723877,-0.15455755042504438
sensitivity,sigma_aw,x1.25,x1,sigma_aw_x1.25_minus_x1,disp_z_ref_rms_m,10,0.0,0.0,0.0,0.0,nan,nan
sensitivity,sigma_aw,x1.25,x1,sigma_aw_x1.25_minus_x1,disp_z_pct_refrms,10,0.005658520000000777,0.004772459028820965,0.002685155500001475,0.008240034750000928,1.1856613049643536,1.0835460967769148
sensitivity,sigma_aw,x1.25,x1,sigma_aw_x1.25_minus_x1,roll_rms_deg,10,-0.010170593580000014,0.022935656896033732,-0.02306532406000002,0.004401197067999962,-0.4434402566319701,-0.4052489165460032
sensitivity,sigma_aw,x1.25,x1,sigma_aw_x1.25_minus_x1,pitch_rms_deg,10,0.00010124530999999214,0.01601943419694074,-0.00941035450025001,0.009405536409999998,0.006320155178722051,0.005775831130066752
sensitivity,sigma_aw,x1.25,x1,sigma_aw_x1.25_minus_x1,yaw_rms_deg,10,0.010865741800000018,0.023608765857371566,-0.0036379217700000153,0.024103885800000002,0.4602418383766263,0.42060346024484463
sensitivity,sigma_aw,x1.25,x1,sigma_aw_x1.25_minus_x1,dir_axis_error_deg,10,-0.0822631839999999,0.029354449957694345,-0.09847877629999992,-0.0638379298999998,-2.8024093150632243,-2.5610515095618442
sensitivity,sigma_aw,x1.25,x1,sigma_aw_x1.25_minus_x1,dir_axis_abs_error_deg,10,-0.0822631839999999,0.029354449957694345,-0.09849403527499984,-0.06406837415,-2.8024093150632243,-2.5610515095618442
sensitivity,sigma_aw,x1.25,x1,sigma_aw_x1.25_minus_x1,dir_axis_rmse_deg,10,-0.056717869999999594,0.04700075233005542,-0.08639773174999979,-0.030868909999999517,-1.2067438751130457,-1.1028129282902597
sensitivity,sigma_aw,x1.25,x1,sigma_aw_x1.25_minus_x1,dir_axis_circ_std_deg,10,-0.03808270000000036,0.0397096663252723,-0.06419313175000047,-0.018079892250000475,-0.9590284563978696,-0.8764320268165814
sensitivity,sigma_aw,x1.25,x1,sigma_aw_x1.25_minus_x1,dir_axis_available_pct,10,0.01794431000000003,0.0075591771813332004,0.013555119999998021,0.02244566875000025,2.3738443443701924,2.1693967433436714
sensitivity,sigma_aw,x1.25,x1,sigma_aw_x1.25_minus_x1,dir_sense_forward_pct,10,0.023945240000000468,0.045726093553831525,0.0005544467500003249,0.05289004825000044,0.5236668636871568,0.4785659983874455
sensitivity,sigma_aw,x1.25,x1,sigma_aw_x1.25_minus_x1,dir_sense_reverse_pct,10,-0.004000290000000106,0.036855169254485204,-0.02839053000000149,0.011222830000001238,-0.10854081207382539,-0.0991927228890429
sensitivity,sigma_aw,x1.25,x1,sigma_aw_x1.25_minus_x1,dir_sense_uncertain_pct,10,-0.019944302000000035,0.059600480553249714,-0.05399981275000035,0.01677787605000028,-0.33463324145819445,-0.3058129173277984
sensitivity,sigma_aw,x1.25,x1,sigma_aw_x1.25_minus_x1,dir_sense_dominant_pct,10,0.006999960000000272,0.05605616975983033,-0.025891733500002408,0.04205588024999949,0.12487403313482223,0.11411924351878523
sensitivity,sigma_aw,x1.25,x1,sigma_aw_x1.25_minus_x1,dir_travel_error_deg,10,-0.08803674999999984,0.025601097454218905,-0.10360502417499969,-0.07341770999999993,-3.4387881284164217,-3.1426221287540703
sensitivity,sigma_aw,x1.25,x1,sigma_aw_x1.25_minus_x1,dir_travel_abs_error_deg,10,-0.08803674999999984,0.025601097454218905,-0.10359436312499971,-0.07328501055000003,-3.4387881284164217,-3.1426221287540703
sensitivity,sigma_aw,x1.25,x1,sigma_aw_x1.25_minus_x1,dir_travel_rmse_deg,10,-0.060270680000000354,0.02504293060232506,-0.0755130614999994,-0.04670331124999984,-2.4066943664494542,-2.1994175537167395
sensitivity,sigma_aw,x1.25,x1,sigma_aw_x1.25_minus_x1,dir_travel_correct_pct,10,0.029666879999999195,0.06922526780418985,-0.010555269999998984,0.07027951324999938,0.42855565519680966,0.3916462530200707
sensitivity,sigma_aw,x1.25,x1,sigma_aw_x1.25_minus_x1,dir_travel_wrong_pct,10,-0.009722222210000003,0.0227412396297521,-0.02500000041975,0.00016666727999999908,-0.4275150505551391,-0.3906952705657652
sensitivity,sigma_aw,x1.25,x1,sigma_aw_x1.25_minus_x1,dir_travel_unresolved_pct,10,-0.019944302000000035,0.059600480553249714,-0.05489448025000008,0.01649999105000035,-0.33463324145819445,-0.3058129173277984
sensitivity,sigma_aw,x1.25,x1,sigma_aw_x1.25_minus_x1,accel_bias_3d_rms_mps2,10,-0.0019295850399999996,0.002683649357342818,-0.003358130365999998,-0.00021505446800000112,-0.7190153343693731,-0.6570900608939966
sensitivity,sigma_aw,x1.25,x1,sigma_aw_x1.25_minus_x1,gyro_bias_3d_rms_radps,10,1.3370380000000152e-07,2.2303219243907262e-07,1.0187017499999875e-08,2.6562190000000426e-07,0.5994820682064828,0.5478516102137748
sensitivity,sigma_aw,x1.5,x1,sigma_aw_x1.5_minus_x1,accel_x_rms_mps2,10,0.0010958338399999997,0.0002617822763621676,0.0009290242699999997,0.00124117385025,4.186050542565945,3.825526486625607
sensitivity,sigma_aw,x1.5,x1,sigma_aw_x1.5_minus_x1,accel_y_rms_mps2,10,0.0009253980800000008,0.0002445303809376335,0.0007782551655000007,0.0010657974782500013,3.7843889845164878,3.4584580737259314
sensitivity,sigma_aw,x1.5,x1,sigma_aw_x1.5_minus_x1,accel_z_rms_mps2,10,0.00016080158999999972,0.0004897076179854158,-0.00011234465725000039,0.0004600049282499998,0.32836244341371185,0.3000821924434439
sensitivity,sigma_aw,x1.5,x1,sigma_aw_x1.5_minus_x1,accel_3d_rms_mps2,10,0.0012696504699999996,0.0003548102551848402,0.001071713892249999,0.0014846432767499996,3.578392821082831,3.2702033521583176
sensitivity,sigma_aw,x1.5,x1,sigma_aw_x1.5_minus_x1,disp_x_rms_m,10,1.3445309999997324e-05,5.7918121156040316e-05,-1.9297927500004885e-05,4.955750000000258e-05,0.2321434074799076,0.2121500313910549
sensitivity,sigma_aw,x1.5,x1,sigma_aw_x1.5_minus_x1,disp_y_rms_m,10,-0.00012601951000000138,4.414843550637841e-05,-0.00015053835324999948,-9.910384375000246e-05,-2.8544501872958676,-2.608610356042241
sensitivity,sigma_aw,x1.5,x1,sigma_aw_x1.5_minus_x1,disp_z_rms_m,10,4.666597999999911e-05,3.591604912823726e-05,2.4455836749997587e-05,6.581214000000231e-05,1.299307165812685,1.1874041955623549
sensitivity,sigma_aw,x1.5,x1,sigma_aw_x1.5_minus_x1,disp_3d_rms_m,10,-2.3389500000001173e-05,4.0727311923327836e-05,-4.681784000000404e-05,6.062574999993018e-07,-0.5742952062250911,-0.5248339694459365
sensitivity,sigma_aw,x1.5,x1,sigma_aw_x1.5_minus_x1,disp_x_pct_hs,10,0.0008963590000000465,0.0038612456771282824,-0.0012728120999998093,0.003221563449999865,0.2321424418315423,0.21214914890925954
sensitivity,sigma_aw,x1.5,x1,sigma_aw_x1.5_minus_x1,disp_y_pct_hs,10,-0.008401274999999986,0.0029431446795230745,-0.010031297799999896,-0.006641599799999961,-2.854523278604632,-2.6086771523541294
sensitivity,sigma_aw,x1.5,x1,sigma_aw_x1.5_minus_x1,disp_z_pct_hs,10,0.003111077000000062,0.0023944430033542145,0.0015971612750000541,0.004385637174999975,1.2992904803505294,1.187388947137433
sensitivity,sigma_aw,x1.5,x1,sigma_aw_x1.5_minus_x1,disp_3d_pct_refmax,10,-0.00173134800000021,0.0029255811053030393,-0.003465453450000369,1.6830174999545606e-05,-0.5917962748877107,-0.540827756676242
sensitivity,sigma_aw,x1.5,x1,sigma_aw_x1.5_minus_x1,disp_z_ref_rms_m,10,0.0,0.0,0.0,0.0,nan,nan
sensitivity,sigma_aw,x1.5,x1,sigma_aw_x1.5_minus_x1,disp_z_pct_refrms,10,0.01189061000000038,0.009051931295027448,0.006225005999999889,0.01684552000000039,1.3135992323022072,1.2004653562789591
sensitivity,sigma_aw,x1.5,x1,sigma_aw_x1.5_minus_x1,roll_rms_deg,10,-0.014966964610000013,0.03552884163141311,-0.033427401390249994,0.007404731919999973,-0.42126238635280616,-0.384981117744443
sensitivity,sigma_aw,x1.5,x1,sigma_aw_x1.5_minus_x1,pitch_rms_deg,10,0.000556994900000013,0.025082063235274073,-0.014443591529999982,0.014880906457500008,0.022206901193705834,0.020294329425445814
sensitivity,sigma_aw,x1.5,x1,sigma_aw_x1.5_minus_x1,yaw_rms_deg,10,0.01630610659999999,0.03675955134867343,-0.005850046165000064,0.03705036075000011,0.4435882920695234,0.4053842024154787
sensitivity,sigma_aw,x1.5,x1,sigma_aw_x1.5_minus_x1,dir_axis_error_deg,10,-0.12586975199999986,0.04460635432665647,-0.15103473974999984,-0.09843704119999988,-2.821789718080164,-2.578762773271846
sensitivity,sigma_aw,x1.5,x1,sigma_aw_x1.5_minus_x1,dir_axis_abs_error_deg,10,-0.12586975199999986,0.04460635432665647,-0.15135963824999987,-0.09900501249999967,-2.821789718080164,-2.578762773271846
sensitivity,sigma_aw,x1.5,x1,sigma_aw_x1.5_minus_x1,dir_axis_rmse_deg,10,-0.08009701999999948,0.07632403215491167,-0.12423059574999971,-0.03520989924999896,-1.049433811848802,-0.9590512112467694
sensitivity,sigma_aw,x1.5,x1,sigma_aw_x1.5_minus_x1,dir_axis_circ_std_deg,10,-0.05434550000000016,0.05785461496060602,-0.09029423000000021,-0.02404524325000018,-0.9393459802127235,-0.8584447060226715
sensitivity,sigma_aw,x1.5,x1,sigma_aw_x1.5_minus_x1,dir_axis_available_pct,10,0.030112439999997777,0.014276710793785057,0.022001620999996342,0.038610847999995916,2.109200111632599,1.9275450237870804
sensitivity,sigma_aw,x1.5,x1,sigma_aw_x1.5_minus_x1,dir_sense_forward_pct,10,0.0366111900000007,0.06279314724827091,0.003993848250000505,0.07694816724999899,0.5830443544300742,0.5328295963150425
sensitivity,sigma_aw,x1.5,x1,sigma_aw_x1.5_minus_x1,dir_sense_reverse_pct,10,-0.00011101999999922896,0.034551728172885876,-0.02316708350000093,0.017110824500002016,-0.0032131533173599923,-0.002936420140215243
sensitivity,sigma_aw,x1.5,x1,sigma_aw_x1.5_minus_x1,dir_sense_uncertain_pct,10,-0.03649978899999997,0.06989844812804986,-0.07861096227500006,0.003614299799999747,-0.5221831096040143,-0.4772100327852669
sensitivity,sigma_aw,x1.5,x1,sigma_aw_x1.5_minus_x1,dir_sense_dominant_pct,10,0.019333270000001335,0.06423123485579299,-0.015444939749998915,0.06105537000000041,0.300994835976716,0.27507162315833833
sensitivity,sigma_aw,x1.5,x1,sigma_aw_x1.5_minus_x1,dir_travel_error_deg,10,-0.1297243589999999,0.03934412801470335,-0.15306839094999986,-0.10685782009999992,-3.297172044365056,-3.013202745265543
sensitivity,sigma_aw,x1.5,x1,sigma_aw_x1.5_minus_x1,dir_travel_abs_error_deg,10,-0.1297243589999999,0.03934412801470335,-0.15317327699999989,-0.10696618599999982,-3.297172044365056,-3.013202745265543
sensitivity,sigma_aw,x1.5,x1,sigma_aw_x1.5_minus_x1,dir_travel_rmse_deg,10,-0.0821412899999995,0.03456529352230669,-0.10327382049999914,-0.06273947874999987,-2.3764094451270803,-2.1717409245203094
sensitivity,sigma_aw,x1.5,x1,sigma_aw_x1.5_minus_x1,dir_travel_correct_pct,10,0.04911194000000165,0.08555619655313283,0.002001142250000605,0.10294637100000065,0.5740313615916965,0.524592848460143
sensitivity,sigma_aw,x1.5,x1,sigma_aw_x1.5_minus_x1,dir_travel_wrong_pct,10,-0.01261111179,0.030261833683751252,-0.03216666855000001,0.00011111091999999878,-0.416733233081358,-0.3808420382885864
sensitivity,sigma_aw,x1.5,x1,sigma_aw_x1.5_minus_x1,dir_travel_unresolved_pct,10,-0.03649978899999997,0.06989844812804986,-0.07966649899999982,0.003337639249999859,-0.5221831096040143,-0.4772100327852669
sensitivity,sigma_aw,x1.5,x1,sigma_aw_x1.5_minus_x1,accel_bias_3d_rms_mps2,10,-0.002773577190000002,0.004169125929787821,-0.004976568555000003,-0.0001098732077500032,-0.6652658702830686,-0.6079697752182174
sensitivity,sigma_aw,x1.5,x1,sigma_aw_x1.5_minus_x1,gyro_bias_3d_rms_radps,10,1.5188722999999947e-07,3.939832669126374e-07,-7.55465700000042e-08,3.975885350000016e-07,0.3855169565708465,0.3523142669703764
sensitivity,r_s,x0.5,x1,r_s_x0.5_minus_x1,accel_x_rms_mps2,10,0.0018552365,0.0010330991552256255,0.0012535569510000004,0.002469777147499999,1.7957971319750257,1.641133909665052
sensitivity,r_s,x0.5,x1,r_s_x0.5_minus_x1,accel_y_rms_mps2,10,-0.00068490531,0.001671374934517412,-0.0015877321697500006,0.000369084432,-0.409785557899226,-0.37449273238330577
sensitivity,r_s,x0.5,x1,r_s_x0.5_minus_x1,accel_z_rms_mps2,10,0.00117677385,0.00028157903697323405,0.0010104137064999997,0.001338300084,4.179195520552406,3.8192618541247483
sensitivity,r_s,x0.5,x1,r_s_x0.5_minus_x1,accel_3d_rms_mps2,10,0.0012394996400000003,0.0018865739734259543,0.00016888394675000052,0.0023591434922499996,0.6570108871740189,0.6004257534226852
sensitivity,r_s,x0.5,x1,r_s_x0.5_minus_x1,disp_x_rms_m,10,0.006352368729999998,0.0010417673002072031,0.005734680961249999,0.006949039013000001,6.097684894444794,5.572521123095815
sensitivity,r_s,x0.5,x1,r_s_x0.5_minus_x1,disp_y_rms_m,10,-0.013254495330000001,0.002339104117288862,-0.014590361073000001,-0.011801586623000002,-5.666483690073027,-5.178457169109748
sensitivity,r_s,x0.5,x1,r_s_x0.5_minus_x1,disp_z_rms_m,10,0.011800566339999999,0.0013427935811545664,0.011044153692250003,0.012602970705499998,8.788071752512836,8.031198121892853
sensitivity,r_s,x0.5,x1,r_s_x0.5_minus_x1,disp_3d_rms_m,10,0.0061777041000000005,0.0015971633425405233,0.005282028642499998,0.007119368522500004,3.867922544586738,3.534797296896178
sensitivity,r_s,x0.5,x1,r_s_x0.5_minus_x1,disp_x_pct_hs,10,0.423491193,0.06945101228632797,0.382937871575,0.4633142158000001,6.097696477828991,5.5725317088597945
sensitivity,r_s,x0.5,x1,r_s_x0.5_minus_x1,disp_y_pct_hs,10,-0.883632946,0.15594026570462227,-0.9748857122999999,-0.7907770045750001,-5.666483521797718,-5.17845701532717
sensitivity,r_s,x0.5,x1,r_s_x0.5_minus_x1,disp_z_pct_hs,10,0.786704397,0.08951948746495042,0.737279985,0.8421951550499999,8.788079772105695,8.031205450797408
sensitivity,r_s,x0.5,x1,r_s_x0.5_minus_x1,disp_3d_pct_refmax,10,0.42631840699999984,0.10176825324111938,0.36929836212499995,0.48854071227499996,4.189109996709133,3.8283224449496576
sensitivity,r_s,x0.5,x1,r_s_x0.5_minus_x1,disp_z_ref_rms_m,10,0.0,0.0,0.0,0.0,nan,nan
sensitivity,r_s,x0.5,x1,r_s_x0.5_minus_x1,disp_z_pct_refrms,10,3.01040096,0.3112194773897539,2.8364961235,3.1994041109999998,9.672919526916182,8.83983828597859
sensitivity,r_s,x0.5,x1,r_s_x0.5_minus_x1,roll_rms_deg,10,-0.009755415240000015,0.02392714959681979,-0.022765986371500013,0.004873198699999967,-0.4077132213565726,-0.37259887604963066
sensitivity,r_s,x0.5,x1,r_s_x0.5_minus_x1,pitch_rms_deg,10,0.0988281944,0.12058673868359565,0.0276540241525,0.16737742843249998,0.8195610518940452,0.7489762676170607
sensitivity,r_s,x0.5,x1,r_s_x0.5_minus_x1,yaw_rms_deg,10,-0.07876041140000001,0.6380215436082313,-0.42809216199500005,0.3047910841949999,-0.12344475227996658,-0.11281305963221286
sensitivity,r_s,x0.5,x1,r_s_x0.5_minus_x1,dir_axis_error_deg,10,-0.317132568,0.06710786349925277,-0.35608425120000015,-0.2781524249250001,-4.7257139694744,-4.318711342495969
sensitivity,r_s,x0.5,x1,r_s_x0.5_minus_x1,dir_axis_abs_error_deg,10,-0.317132568,0.06710786349925277,-0.35515693760000006,-0.2773086158249999,-4.7257139694744,-4.318711342495969
sensitivity,r_s,x0.5,x1,r_s_x0.5_minus_x1,dir_axis_rmse_deg,10,0.056263339999999926,0.278949655266025,-0.09970293150000072,0.22451787475000026,0.20169711249990058,0.18432592686071686
sensitivity,r_s,x0.5,x1,r_s_x0.5_minus_x1,dir_axis_circ_std_deg,10,0.11734924999999982,0.21414537914458065,0.0007792777499993344,0.24924615475000012,0.547988709673587,0.5007931227564896
sensitivity,r_s,x0.5,x1,r_s_x0.5_minus_x1,dir_axis_available_pct,10,-0.1026657300000025,0.05011704695259689,-0.13466571025000015,-0.07544401100000273,-2.04851914154297,-1.8720902088125535
sensitivity,r_s,x0.5,x1,r_s_x0.5_minus_x1,dir_sense_forward_pct,10,-0.023722460000001177,0.18081156521153438,-0.11655819500000175,0.09538765999999868,-0.13119990401193576,-0.11990029808210102
sensitivity,r_s,x0.5,x1,r_s_x0.5_minus_x1,dir_sense_reverse_pct,10,-0.12150021499999805,0.12271728951250799,-0.1969469674999977,-0.05361099987499796,-0.990082289811446,-0.9048113454671574
sensitivity,r_s,x0.5,x1,r_s_x0.5_minus_x1,dir_sense_uncertain_pct,10,0.14522246600000005,0.2217459881925854,-9.525749999896905e-06,0.2595573754000001,0.6549045923386672,0.5985008634579448
sensitivity,r_s,x0.5,x1,r_s_x0.5_minus_x1,dir_sense_dominant_pct,10,-0.10305596999999907,0.21511642528180422,-0.2117222189999984,0.034451624499999806,-0.47907067005690024,-0.43781065675923514
sensitivity,r_s,x0.5,x1,r_s_x0.5_minus_x1,dir_travel_error_deg,10,-0.2722204549999998,0.06730130671379696,-0.3128765259249999,-0.23387770644999972,-4.044801925728343,-3.696442922197296
sensitivity,r_s,x0.5,x1,r_s_x0.5_minus_x1,dir_travel_abs_error_deg,10,-0.2722204549999998,0.06730130671379696,-0.31214556897499984,-0.23337613529999965,-4.044801925728343,-3.696442922197296
sensitivity,r_s,x0.5,x1,r_s_x0.5_minus_x1,dir_travel_rmse_deg,10,0.07867280999999941,0.19105797006240732,-0.02075683800000104,0.2001260239999994,0.41177455185094697,0.3763104240157108
sensitivity,r_s,x0.5,x1,r_s_x0.5_minus_x1,dir_travel_correct_pct,10,-0.15116578999999888,0.2108006225571288,-0.2599998699999958,-0.013943480750002025,-0.7171031478288525,-0.6553425616261911
sensitivity,r_s,x0.5,x1,r_s_x0.5_minus_x1,dir_travel_wrong_pct,10,0.0059444440199999974,0.017219333625911347,-0.004723611011249998,0.016444443309999994,0.3452191675440276,0.31548712938401313
sensitivity,r_s,x0.5,x1,r_s_x0.5_minus_x1,dir_travel_unresolved_pct,10,0.14522246600000005,0.2217459881925854,0.0031668398500002584,0.2574447581500001,0.6549045923386672,0.5985008634579448
sensitivity,r_s,x0.5,x1,r_s_x0.5_minus_x1,accel_bias_3d_rms_mps2,10,0.013119516569999998,0.018843763283098565,0.0020921089499999976,0.024331685976999994,0.6962259275336586,0.6362633941879915
sensitivity,r_s,x0.5,x1,r_s_x0.5_minus_x1,gyro_bias_3d_rms_radps,10,1.3938983200000014e-06,3.4889582665952647e-06,-7.338516524999997e-07,3.3940016230000056e-06,0.3995170516499904,0.3651086023459144
sensitivity,r_s,x0.75,x1,r_s_x0.75_minus_x1,accel_x_rms_mps2,10,0.0003951687500000002,0.00031075744583586296,0.0002182865327500001,0.0005782606452500001,1.271630833935744,1.162111490763101
sensitivity,r_s,x0.75,x1,r_s_x0.75_minus_x1,accel_y_rms_mps2,10,-0.00025888147999999985,0.00043420666503970725,-0.00048517800200000006,1.539639475000034e-05,-0.5962171952757236,-0.5448679248174608
sensitivity,r_s,x0.75,x1,r_s_x0.75_minus_x1,accel_z_rms_mps2,10,0.0002860498699999995,7.98809692286808e-05,0.0002391063867499995,0.0003336718417499998,3.5809514176161867,3.272541589288379
sensitivity,r_s,x0.75,x1,r_s_x0.75_minus_x1,accel_3d_rms_mps2,10,0.00019917246000000012,0.0005195111050667706,-9.254398974999926e-05,0.0005161037537499991,0.38338441287872244,0.3503653888344936
sensitivity,r_s,x0.75,x1,r_s_x0.75_minus_x1,disp_x_rms_m,10,0.0007316164699999988,0.0005163461992445371,0.00042031984999999584,0.0010268166167500005,1.4169107297979966,1.2948791398738502
sensitivity,r_s,x0.75,x1,r_s_x0.75_minus_x1,disp_y_rms_m,10,-0.007272578400000002,0.0009166453327275152,-0.007823999200750002,-0.006750354607250001,-7.93390653979566,-7.2505979805479805
sensitivity,r_s,x0.75,x1,r_s_x0.75_minus_x1,disp_z_rms_m,10,0.0030821084999999985,0.0006184683303713579,0.0027393980072499963,0.0034645426425,4.983454040644819,4.554253522147441
sensitivity,r_s,x0.75,x1,r_s_x0.75_minus_x1,disp_3d_rms_m,10,-0.0008966810999999977,0.0006775980780793077,-0.0012910956124999988,-0.000476317837499996,-1.323322968302528,-1.2093516344640716
sensitivity,r_s,x0.75,x1,r_s_x0.75_minus_x1,disp_x_pct_hs,10,0.04877438600000002,0.034422924039789755,0.028110773750000054,0.0683437915499999,1.4169158303815585,1.2948838011691008
sensitivity,r_s,x0.75,x1,r_s_x0.75_minus_x1,disp_y_pct_hs,10,-0.4848384860000001,0.06110960154348177,-0.5207443786,-0.4491323667750001,-7.933916663734411,-7.2506072325614115
sensitivity,r_s,x0.75,x1,r_s_x0.75_minus_x1,disp_z_pct_hs,10,0.20547390000000004,0.04123125108599157,0.18189729582500003,0.2307311730999997,4.983450528131327,4.554250312149553
sensitivity,r_s,x0.75,x1,r_s_x0.75_minus_x1,disp_3d_pct_refmax,10,-0.06361856499999999,0.04809018671422437,-0.09150289592499976,-0.035536977274999826,-1.3229011851846804,-1.2089661774628886
sensitivity,r_s,x0.75,x1,r_s_x0.75_minus_x1,disp_z_ref_rms_m,10,0.0,0.0,0.0,0.0,nan,nan
sensitivity,r_s,x0.75,x1,r_s_x0.75_minus_x1,disp_z_pct_refrms,10,0.7859575100000005,0.14981526147147217,0.7005391355000002,0.8758816465000007,5.246177874539588,4.794350237419347
sensitivity,r_s,x0.75,x1,r_s_x0.75_minus_x1,roll_rms_deg,10,-0.0031988867000000087,0.006239137793000683,-0.006509910812500019,0.000739579605000001,-0.5127129430589992,-0.4685554853586838
sensitivity,r_s,x0.75,x1,r_s_x0.75_minus_x1,pitch_rms_deg,10,0.01127777473,0.041265030808287285,-0.012184169313249997,0.035558495266499984,0.27330101320886635,0.2497629338730476
sensitivity,r_s,x0.75,x1,r_s_x0.75_minus_x1,yaw_rms_deg,10,-0.04071438290000009,0.17454328830801777,-0.13663199378749996,0.06619282500499983,-0.23326238032224494,-0.21317263257626473
sensitivity,r_s,x0.75,x1,r_s_x0.75_minus_x1,dir_axis_error_deg,10,-0.08478240899999975,0.027758369239133274,-0.10026798467499981,-0.06859279287499975,-3.054300786534497,-2.7912488007961205
sensitivity,r_s,x0.75,x1,r_s_x0.75_minus_x1,dir_axis_abs_error_deg,10,-0.08478240899999975,0.027758369239133274,-0.10054492972499976,-0.06803729557499957,-3.054300786534497,-2.7912488007961205
sensitivity,r_s,x0.75,x1,r_s_x0.75_minus_x1,dir_axis_rmse_deg,10,0.0067365500000001076,0.09342962829429174,-0.04623151049999903,0.06200308774999999,0.07210293054769318,0.065893057852199
sensitivity,r_s,x0.75,x1,r_s_x0.75_minus_x1,dir_axis_circ_std_deg,10,0.02735462999999925,0.07288303416639709,-0.014064590000000977,0.07265092499999931,0.37532232724486614,0.3429976511982309
sensitivity,r_s,x0.75,x1,r_s_x0.75_minus_x1,dir_axis_available_pct,10,-0.0369995099999997,0.03258416933053663,-0.05833496350000086,-0.021333299999997734,-1.1355056998591395,-1.0377101485885973
sensitivity,r_s,x0.75,x1,r_s_x0.75_minus_x1,dir_sense_forward_pct,10,-0.02533320999999944,0.0847230443406632,-0.07705516999999915,0.023110784750000377,-0.2990120361838869,-0.2732595922122203
sensitivity,r_s,x0.75,x1,r_s_x0.75_minus_x1,dir_sense_reverse_pct,10,-0.06666660300000019,0.09065895460413825,-0.12194423792499934,-0.017553665999999683,-0.7353559644615304,-0.6720233524512889
sensitivity,r_s,x0.75,x1,r_s_x0.75_minus_x1,dir_sense_uncertain_pct,10,0.0920000029999997,0.12868886872577606,0.016495912499999783,0.1678946654999991,0.7149025701363737,0.6533315089255959
sensitivity,r_s,x0.75,x1,r_s_x0.75_minus_x1,dir_sense_dominant_pct,10,-0.07655563999999941,0.11092625501961358,-0.14189020275000117,-0.010940192749997866,-0.6901489641605869,-0.6307098099429983
sensitivity,r_s,x0.75,x1,r_s_x0.75_minus_x1,dir_travel_error_deg,10,-0.06925611299999987,0.02592303994483467,-0.08528669414999994,-0.05509001584999994,-2.6716046091577152,-2.4415123731064905
sensitivity,r_s,x0.75,x1,r_s_x0.75_minus_x1,dir_travel_abs_error_deg,10,-0.06925611299999987,0.02592303994483467,-0.08553221439999996,-0.055258136449999884,-2.6716046091577152,-2.4415123731064905
sensitivity,r_s,x0.75,x1,r_s_x0.75_minus_x1,dir_travel_rmse_deg,10,0.029546560000000353,0.057323800875382094,-0.003091630249999948,0.06374298025000101,0.5154326745400657,0.47104097967164826
sensitivity,r_s,x0.75,x1,r_s_x0.75_minus_x1,dir_travel_correct_pct,10,-0.09755554999999987,0.1177582969428035,-0.16733322025000316,-0.02766435650000103,-0.8284388661580565,-0.7570894791669385
sensitivity,r_s,x0.75,x1,r_s_x0.75_minus_x1,dir_travel_wrong_pct,10,0.005555556869999997,0.014849498968514755,-0.001944444320000001,0.01527777983275,0.37412419649844003,0.3419027095919874
sensitivity,r_s,x0.75,x1,r_s_x0.75_minus_x1,dir_travel_unresolved_pct,10,0.0920000029999997,0.12868886872577606,0.015720877999999574,0.1687262318499999,0.7149025701363737,0.6533315089255959
sensitivity,r_s,x0.75,x1,r_s_x0.75_minus_x1,accel_bias_3d_rms_mps2,10,0.0016004846399999973,0.006031738050282167,-0.0018581534200000048,0.005240049410499997,0.265343857219583,0.2424910888043648
sensitivity,r_s,x0.75,x1,r_s_x0.75_minus_x1,gyro_bias_3d_rms_radps,10,6.150440000003731e-09,8.776312226928299e-07,-5.069739399999905e-07,5.157970965000068e-07,0.007008000445941722,0.006404435649217148
sensitivity,r_s,x1.25,x1,r_s_x1.25_minus_x1,accel_x_rms_mps2,10,-0.00014071575999999967,0.0001598126530330313,-0.00023570861449999952,-4.91245419999996e-05,-0.8805044990456135,-0.8046709537881653
sensitivity,r_s,x1.25,x1,r_s_x1.25_minus_x1,accel_y_rms_mps2,10,0.0001586879900000001,0.00019611454676272676,3.3246375750000436e-05,0.0002597912342499999,0.8091597110947208,0.7394707434195807
sensitivity,r_s,x1.25,x1,r_s_x1.25_minus_x1,accel_z_rms_mps2,10,-0.00012577659000000043,3.826129799344532e-05,-0.00014810287050000037,-0.00010334599750000047,-3.2873058833902515,-3.004186308472286
sensitivity,r_s,x1.25,x1,r_s_x1.25_minus_x1,accel_3d_rms_mps2,10,-3.761424999999957e-05,0.00024641167000433916,-0.0001899664494999986,9.879350275000049e-05,-0.1526480056700935,-0.13950117966410558
sensitivity,r_s,x1.25,x1,r_s_x1.25_minus_x1,disp_x_rms_m,10,0.0015195474000000014,0.0005013377645396947,0.0012382305902500054,0.0018227397129999998,3.0309853106621243,2.769941372806164
sensitivity,r_s,x1.25,x1,r_s_x1.25_minus_x1,disp_y_rms_m,10,0.007266449919999999,0.0007475400599825685,0.006853852081,0.007719525159999997,9.720482297857645,8.883304708126074
sensitivity,r_s,x1.25,x1,r_s_x1.25_minus_x1,disp_z_rms_m,10,-0.000636027010000001,0.0005577530128127186,-0.0009770649359999997,-0.0003226277165000014,-1.140338098386149,-1.0421263562695666
sensitivity,r_s,x1.25,x1,r_s_x1.25_minus_x1,disp_3d_rms_m,10,0.0042203753,0.0005698115923535189,0.0038943408125000013,0.004557325569999998,7.4066153736332225,6.768719823128114
sensitivity,r_s,x1.25,x1,r_s_x1.25_minus_x1,disp_x_pct_hs,10,0.10130310100000024,0.033422604492836946,0.08261064515000036,0.12164152950000022,3.0309756686290346,2.769932561194217
sensitivity,r_s,x1.25,x1,r_s_x1.25_minus_x1,disp_y_pct_hs,10,0.48443002700000015,0.049836062360295,0.45719986754999997,0.5146343240000001,9.720471563298135,8.883294898081664
sensitivity,r_s,x1.25,x1,r_s_x1.25_minus_x1,disp_z_pct_hs,10,-0.04240183699999998,0.03718351353735163,-0.06547892502500013,-0.021102499049999852,-1.1403397088176304,-1.0421278280024624
sensitivity,r_s,x1.25,x1,r_s_x1.25_minus_x1,disp_3d_pct_refmax,10,0.29418959599999994,0.050502896035206205,0.26381535872500006,0.32336181234999983,5.825202495217634,5.32350629998672
sensitivity,r_s,x1.25,x1,r_s_x1.25_minus_x1,disp_z_ref_rms_m,10,0.0,0.0,0.0,0.0,nan,nan
sensitivity,r_s,x1.25,x1,r_s_x1.25_minus_x1,disp_z_pct_refrms,10,-0.1616771699999994,0.13888138934772107,-0.2473478399999987,-0.083964527,-1.1641384836322737,-1.0638769307609899
sensitivity,r_s,x1.25,x1,r_s_x1.25_minus_x1,roll_rms_deg,10,0.0019445606799999877,0.0029655146769522935,6.146978199999098e-05,0.003544662617999963,0.6557245172694419,0.5992501722653347
sensitivity,r_s,x1.25,x1,r_s_x1.25_minus_x1,pitch_rms_deg,10,-0.0010406605699999933,0.021109587368153222,-0.013689324156750006,0.011313455471749998,-0.0492980062495194,-0.045052210126868095
sensitivity,r_s,x1.25,x1,r_s_x1.25_minus_x1,yaw_rms_deg,10,0.022616999000000006,0.081973132771354,-0.02856359700000004,0.06949700745,0.27590746181538706,0.25214490181129456
sensitivity,r_s,x1.25,x1,r_s_x1.25_minus_x1,dir_axis_error_deg,10,0.04697723400000011,0.013678411917572965,0.038911250250000085,0.054944114025000074,3.4344070264214954,3.138618349642525
sensitivity,r_s,x1.25,x1,r_s_x1.25_minus_x1,dir_axis_abs_error_deg,10,0.04697723400000011,0.013678411917572965,0.038814738725000256,0.05478835955000013,3.4344070264214954,3.138618349642525
sensitivity,r_s,x1.25,x1,r_s_x1.25_minus_x1,dir_axis_rmse_deg,10,0.015172580000000125,0.05855901690770832,-0.018611140000000147,0.05117460350000001,0.25909895352090356,0.23678402811247923
sensitivity,r_s,x1.25,x1,r_s_x1.25_minus_x1,dir_axis_circ_std_deg,10,-0.002406500000000733,0.04142921393654498,-0.02767097525000043,0.021013878999999673,-0.05808703017360278,-0.05308427841445195
sensitivity,r_s,x1.25,x1,r_s_x1.25_minus_x1,dir_axis_available_pct,10,0.018390659999998605,0.010086645653781456,0.012557229999997333,0.024392544000000047,1.823268173706885,1.6662390049551836
sensitivity,r_s,x1.25,x1,r_s_x1.25_minus_x1,dir_sense_forward_pct,10,0.012999930000000859,0.046567406801708885,-0.008555970000000458,0.043556230250002895,0.2791637089725984,0.2551207043297409
sensitivity,r_s,x1.25,x1,r_s_x1.25_minus_x1,dir_sense_reverse_pct,10,-0.004888709999998397,0.027818185354368617,-0.021888730000000578,0.01066668475000415,-0.17573791883699078,-0.16060247156100324
sensitivity,r_s,x1.25,x1,r_s_x1.25_minus_x1,dir_sense_uncertain_pct,10,-0.008110897999999978,0.0610454045161943,-0.04500116554999986,0.02666673699999981,-0.13286664351365376,-0.12142348946387993
sensitivity,r_s,x1.25,x1,r_s_x1.25_minus_x1,dir_sense_dominant_pct,10,0.012443950000002956,0.04926300676979382,-0.011834329249999645,0.04377964325000405,0.2526023240553215,0.23084692156260414
sensitivity,r_s,x1.25,x1,r_s_x1.25_minus_x1,dir_travel_error_deg,10,0.04214930700000017,0.025227480796027248,0.027686382000000353,0.05723016260000007,1.670769560416739,1.5268743512361371
sensitivity,r_s,x1.25,x1,r_s_x1.25_minus_x1,dir_travel_abs_error_deg,10,0.04214930700000017,0.025227480796027248,0.027517143825000277,0.05753361452500005,1.670769560416739,1.5268743512361371
sensitivity,r_s,x1.25,x1,r_s_x1.25_minus_x1,dir_travel_rmse_deg,10,-0.0029504700000000383,0.043597186881343696,-0.026864434000000194,0.024261447999999974,-0.0676756967836064,-0.06184712007510386
sensitivity,r_s,x1.25,x1,r_s_x1.25_minus_x1,dir_travel_correct_pct,10,0.011277770000002362,0.054497237929360676,-0.01816788999999943,0.04505543875000548,0.20694204749643658,0.18911914126313514
sensitivity,r_s,x1.25,x1,r_s_x1.25_minus_x1,dir_travel_wrong_pct,10,-0.003166666890000003,0.013583177970699134,-0.011277777490000005,0.004333334430000002,-0.23313151729521311,-0.21305304014159637
sensitivity,r_s,x1.25,x1,r_s_x1.25_minus_x1,dir_travel_unresolved_pct,10,-0.008110897999999978,0.0610454045161943,-0.04388996005000003,0.026611234249999945,-0.13286664351365376,-0.12142348946387993
sensitivity,r_s,x1.25,x1,r_s_x1.25_minus_x1,accel_bias_3d_rms_mps2,10,-0.00023665570000000366,0.0029666626065998226,-0.0019930894422500005,0.0015092894119999969,-0.07977169344216112,-0.07290134771256362
sensitivity,r_s,x1.25,x1,r_s_x1.25_minus_x1,gyro_bias_3d_rms_radps,10,1.9569857000000224e-07,4.1184478116346544e-07,-3.971052974999813e-08,4.3946801500000747e-07,0.4751755490191035,0.4342510034422998
sensitivity,r_s,x1.5,x1,r_s_x1.5_minus_x1,accel_x_rms_mps2,10,-0.00019331108999999982,0.0002543476709009732,-0.00034536418124999973,-4.378468449999983e-05,-0.7600269714097868,-0.69456956625654
sensitivity,r_s,x1.5,x1,r_s_x1.5_minus_x1,accel_y_rms_mps2,10,0.0002677007700000001,0.0002992937784475714,8.073642200000095e-05,0.0004243778470000003,0.8944414795006989,0.8174076102934714
sensitivity,r_s,x1.5,x1,r_s_x1.5_minus_x1,accel_z_rms_mps2,10,-0.00019117539300000046,5.9254623595174426e-05,-0.00022638689632500033,-0.0001566628681000006,-3.2263371430068353,-2.9484685074516634
sensitivity,r_s,x1.5,x1,r_s_x1.5_minus_x1,accel_3d_rms_mps2,10,-2.8037829999999485e-05,0.00038185800024662477,-0.0002600066300000002,0.00018074227375000098,-0.0734247547043433,-0.06710103976032641
sensitivity,r_s,x1.5,x1,r_s_x1.5_minus_x1,disp_x_rms_m,10,0.004189209649999999,0.0009807449012115645,0.0036486453517499996,0.004775889826999998,4.271456976044283,3.903577281779011
sensitivity,r_s,x1.5,x1,r_s_x1.5_minus_x1,disp_y_rms_m,10,0.014278708010000002,0.0014173308819388707,0.0134688765125,0.01513454097875,10.074364562258822,9.206708824213003
sensitivity,r_s,x1.5,x1,r_s_x1.5_minus_x1,disp_z_rms_m,10,4.612669999999597e-06,0.0010679874537866153,-0.0006657514589999975,0.0006221980015000014,0.004319030138083637,0.003947053200089955
sensitivity,r_s,x1.5,x1,r_s_x1.5_minus_x1,disp_3d_rms_m,10,0.010011210299999998,0.0010728348922513697,0.009421464799999998,0.010667961257499992,9.331548006414327,8.527867424618899
sensitivity,r_s,x1.5,x1,r_s_x1.5_minus_x1,disp_x_pct_hs,10,0.2792805680000002,0.06538303692428543,0.24271116400000023,0.3187521502750002,4.271452981350674,3.903573631128821
sensitivity,r_s,x1.5,x1,r_s_x1.5_minus_x1,disp_y_pct_hs,10,0.9519138819999998,0.09448870480343857,0.8989888566750001,1.0096807719999998,10.074366920154443,9.206710979034607
sensitivity,r_s,x1.5,x1,r_s_x1.5_minus_x1,disp_z_pct_hs,10,0.0003075120000000098,0.07119910363364715,-0.043868328050000155,0.03974505587500006,0.004319043138271846,0.003947065080635548
sensitivity,r_s,x1.5,x1,r_s_x1.5_minus_x1,disp_3d_pct_refmax,10,0.6971594819999998,0.10128568916926461,0.6364675679499998,0.7548525621749997,6.883099554517861,6.290291860582373
sensitivity,r_s,x1.5,x1,r_s_x1.5_minus_x1,disp_z_ref_rms_m,10,0.0,0.0,0.0,0.0,nan,nan
sensitivity,r_s,x1.5,x1,r_s_x1.5_minus_x1,disp_z_pct_refrms,10,0.002488320000000499,0.26735854378981105,-0.16018420774999897,0.1531733987500002,0.009307052487377171,0.008505481584809415
sensitivity,r_s,x1.5,x1,r_s_x1.5_minus_x1,roll_rms_deg,10,0.003268408909999995,0.004666235740220289,0.0002940594124999911,0.005823042232499989,0.7004380172712183,0.6401127172411244
sensitivity,r_s,x1.5,x1,r_s_x1.5_minus_x1,pitch_rms_deg,10,-0.0005909635599999977,0.032880730466738374,-0.020028899973999998,0.018486493349000002,-0.017972944992746043,-0.01642502316043928
sensitivity,r_s,x1.5,x1,r_s_x1.5_minus_x1,yaw_rms_deg,10,0.035820475999999976,0.1264492902371291,-0.043371826975000055,0.10747140407499996,0.2832793757309842,0.25888190884321494
sensitivity,r_s,x1.5,x1,r_s_x1.5_minus_x1,dir_axis_error_deg,10,0.07769470099999994,0.02989151251304518,0.061333846549999994,0.0966217030249998,2.5992228050050197,2.3753644596686962
sensitivity,r_s,x1.5,x1,r_s_x1.5_minus_x1,dir_axis_abs_error_deg,10,0.07769470099999994,0.02989151251304518,0.06132507300000003,0.09663112597499983,2.5992228050050197,2.3753644596686962
sensitivity,r_s,x1.5,x1,r_s_x1.5_minus_x1,dir_axis_rmse_deg,10,0.03985940000000028,0.11368614130240809,-0.022755116249999718,0.11098395575000035,0.35060913795968535,0.32041288801438744
sensitivity,r_s,x1.5,x1,r_s_x1.5_minus_x1,dir_axis_circ_std_deg,10,0.009530069999999924,0.07870936980515414,-0.03734858375000025,0.05537625749999995,0.12107923140017142,0.11065126949415703
sensitivity,r_s,x1.5,x1,r_s_x1.5_minus_x1,dir_axis_available_pct,10,0.054943839999998544,0.02760868932658038,0.04116586174999881,0.07305741299999874,1.990092298481592,1.8186953839320563
sensitivity,r_s,x1.5,x1,r_s_x1.5_minus_x1,dir_sense_forward_pct,10,0.015833289999999067,0.057964337241684635,-0.013888550000001488,0.05383338999999907,0.2731557152802684,0.24963014974427244
sensitivity,r_s,x1.5,x1,r_s_x1.5_minus_x1,dir_sense_reverse_pct,10,-0.022888179999998214,0.05254994313416396,-0.05539064499999862,0.005724202250001375,-0.43555099463310487,-0.39803911809046716
sensitivity,r_s,x1.5,x1,r_s_x1.5_minus_x1,dir_sense_uncertain_pct,10,0.007055839999999947,0.09179973435553686,-0.04611242175000024,0.06083362025000018,0.07686122459432125,0.07024154330917838
sensitivity,r_s,x1.5,x1,r_s_x1.5_minus_x1,dir_sense_dominant_pct,10,-0.005555349999998782,0.07667286923391077,-0.05027695949999712,0.03994367999999895,-0.07245522510773302,-0.06621501100513451
sensitivity,r_s,x1.5,x1,r_s_x1.5_minus_x1,dir_travel_error_deg,10,0.07061135800000011,0.05513854021260621,0.04260526265000028,0.1063981143250001,1.2806171096973724,1.170323822552377
sensitivity,r_s,x1.5,x1,r_s_x1.5_minus_x1,dir_travel_abs_error_deg,10,0.07061135800000011,0.05513854021260621,0.0424623629500001,0.10636204467500021,1.2806171096973724,1.170323822552377
sensitivity,r_s,x1.5,x1,r_s_x1.5_minus_x1,dir_travel_rmse_deg,10,-0.001067159999999845,0.08683840621491791,-0.05463253449999935,0.046526045999998926,-0.012289032543489014,-0.011230638285916174
sensitivity,r_s,x1.5,x1,r_s_x1.5_minus_x1,dir_travel_correct_pct,10,-0.0006660499999966874,0.08358298699892636,-0.05105517874999698,0.048780544750001514,-0.007968726937280226,-0.007282419467531362
sensitivity,r_s,x1.5,x1,r_s_x1.5_minus_x1,dir_travel_wrong_pct,10,-0.0063888886500000006,0.02547659602904256,-0.02344444349,0.0058333336400000005,-0.25077481476398406,-0.22917680670673324
sensitivity,r_s,x1.5,x1,r_s_x1.5_minus_x1,dir_travel_unresolved_pct,10,0.007055839999999947,0.09179973435553686,-0.04639139775000027,0.06128239249999969,0.07686122459432125,0.07024154330917838
sensitivity,r_s,x1.5,x1,r_s_x1.5_minus_x1,accel_bias_3d_rms_mps2,10,-0.00020787914000000156,0.004590463674497244,-0.002916260043250002,0.002413361409999994,-0.04528499836626392,-0.04138482298179534
sensitivity,r_s,x1.5,x1,r_s_x1.5_minus_x1,gyro_bias_3d_rms_radps,10,4.191613900000023e-07,6.395797107423537e-07,3.699958775000264e-08,7.888136925000027e-07,0.65537005467776,0.5989262378027169
sensitivity,sigma_aw_rs,x0.5,x1,sigma_aw_rs_x0.5_minus_x1,accel_x_rms_mps2,10,0.0010205186300000003,0.0010560407521901637,0.00041480757675000084,0.0016454180757500005,0.9663629248052287,0.8831348133387125
sensitivity,sigma_aw_rs,x0.5,x1,sigma_aw_rs_x0.5_minus_x1,accel_y_rms_mps2,10,-0.0017307996499999995,0.0007897236171153168,-0.0021937038089999993,-0.0012839198622500007,-2.191652386340201,-2.0028960874135397
sensitivity,sigma_aw_rs,x0.5,x1,sigma_aw_rs_x0.5_minus_x1,accel_z_rms_mps2,10,0.00809546941,0.0007543036186429551,0.0076359473515,0.0085224927035,10.732375146979031,9.808048176122538
sensitivity,sigma_aw_rs,x0.5,x1,sigma_aw_rs_x0.5_minus_x1,accel_3d_rms_mps2,10,0.004604746030000001,0.0010561289801727645,0.004036938346750001,0.0052557302632499974,4.360022418139443,3.9845150155902846
sensitivity,sigma_aw_rs,x0.5,x1,sigma_aw_rs_x0.5_minus_x1,disp_x_rms_m,10,0.008374935399999998,0.0008926365418906098,0.007829098401,0.008878903053249999,9.382245748377983,8.57419881807006
sensitivity,sigma_aw_rs,x0.5,x1,sigma_aw_rs_x0.5_minus_x1,disp_y_rms_m,10,-0.01394629107,0.0022154023459170463,-0.015210786989,-0.01262505229725,-6.295150447819471,-5.752979934318855
sensitivity,sigma_aw_rs,x0.5,x1,sigma_aw_rs_x0.5_minus_x1,disp_z_rms_m,10,0.00923721345,0.0011693251547643876,0.008575912580000001,0.009942266957,7.899610653515143,7.2192558311844435
sensitivity,sigma_aw_rs,x0.5,x1,sigma_aw_rs_x0.5_minus_x1,disp_3d_rms_m,10,0.005363224500000002,0.0015275096825033952,0.004491124782500001,0.006283953115000006,3.5110903462231122,3.208697310228521
sensitivity,sigma_aw_rs,x0.5,x1,sigma_aw_rs_x0.5_minus_x1,disp_x_pct_hs,10,0.5583289640000001,0.0595089908534743,0.5218614590000001,0.5913105367,9.382262343764872,8.574213984177458
sensitivity,sigma_aw_rs,x0.5,x1,sigma_aw_rs_x0.5_minus_x1,disp_y_pct_hs,10,-0.9297526850000001,0.1476934763689054,-1.0138486178000001,-0.839692762,-6.295150658365472,-5.752980126731559
sensitivity,sigma_aw_rs,x0.5,x1,sigma_aw_rs_x0.5_minus_x1,disp_z_pct_hs,10,0.6158141609999999,0.07795502628987996,0.5722945108999999,0.6632431099999997,7.899608149833235,7.21925354313241
sensitivity,sigma_aw_rs,x0.5,x1,sigma_aw_rs_x0.5_minus_x1,disp_3d_pct_refmax,10,0.3696246620000002,0.09602956204421523,0.3156449972750005,0.4277944917500001,3.8490716205683895,3.51756991074872
sensitivity,sigma_aw_rs,x0.5,x1,sigma_aw_rs_x0.5_minus_x1,disp_z_ref_rms_m,10,0.0,0.0,0.0,0.0,nan,nan
sensitivity,sigma_aw_rs,x0.5,x1,sigma_aw_rs_x0.5_minus_x1,disp_z_pct_refrms,10,2.356147,0.27263760116963565,2.1999711257500008,2.51879166725,8.64204713470172,7.897749890091669
sensitivity,sigma_aw_rs,x0.5,x1,sigma_aw_rs_x0.5_minus_x1,roll_rms_deg,10,0.1447016948,0.12193665605813311,0.06429686926999997,0.2070126328775,1.1866956129337654,1.084491324860541
sensitivity,sigma_aw_rs,x0.5,x1,sigma_aw_rs_x0.5_minus_x1,pitch_rms_deg,10,0.16499493199999998,0.14093790555088576,0.0798239641,0.24460448129749995,1.1706923794211517,1.0698663715658703
sensitivity,sigma_aw_rs,x0.5,x1,sigma_aw_rs_x0.5_minus_x1,yaw_rms_deg,10,-0.10943051759999997,0.5827646524528399,-0.43402192869999995,0.2435817971224999,-0.18777823455731232,-0.17160581378706027
sensitivity,sigma_aw_rs,x0.5,x1,sigma_aw_rs_x0.5_minus_x1,dir_axis_error_deg,10,0.4866744980000002,0.25955301963041105,0.3318298693000001,0.6332800655250004,1.8750484917994688,1.7135597375490275
sensitivity,sigma_aw_rs,x0.5,x1,sigma_aw_rs_x0.5_minus_x1,dir_axis_abs_error_deg,10,0.4866744980000002,0.25955301963041105,0.3286865220000002,0.6363984661250001,1.8750484917994688,1.7135597375490275
sensitivity,sigma_aw_rs,x0.5,x1,sigma_aw_rs_x0.5_minus_x1,dir_axis_rmse_deg,10,0.4518396499999998,0.7263713385008888,0.0045384394999999095,0.8799321164999999,0.6220504940799602,0.5684763279668271
sensitivity,sigma_aw_rs,x0.5,x1,sigma_aw_rs_x0.5_minus_x1,dir_axis_circ_std_deg,10,0.3248020099999991,0.461689136393735,0.070550100999999,0.6078267114999992,0.7035080195670954,0.642918315257072
sensitivity,sigma_aw_rs,x0.5,x1,sigma_aw_rs_x0.5_minus_x1,dir_axis_available_pct,10,-0.20088731000000165,0.0652536916568224,-0.23955385000000434,-0.16344225975000215,-3.078558544342502,-2.8134173565880407
sensitivity,sigma_aw_rs,x0.5,x1,sigma_aw_rs_x0.5_minus_x1,dir_sense_forward_pct,10,0.13388920999999954,1.1146115593310586,-0.3598981685000011,0.8830114904999999,0.12012185669450083,0.1097763487886074
sensitivity,sigma_aw_rs,x0.5,x1,sigma_aw_rs_x0.5_minus_x1,dir_sense_reverse_pct,10,-0.6601112310000001,1.331290383421766,-1.5252598989750004,-0.012330952024999694,-0.49584316030537295,-0.45313861447014975
sensitivity,sigma_aw_rs,x0.5,x1,sigma_aw_rs_x0.5_minus_x1,dir_sense_uncertain_pct,10,0.5262222980000002,0.5309023442594596,0.25983340750000006,0.8650555340000003,0.9911847323522607,0.9058188400248519
sensitivity,sigma_aw_rs,x0.5,x1,sigma_aw_rs_x0.5_minus_x1,dir_sense_dominant_pct,10,-0.7205001700000004,1.3212361313997527,-1.5927795400000022,-0.06799405999999998,-0.5453227874086999,-0.4983568033351385
sensitivity,sigma_aw_rs,x0.5,x1,sigma_aw_rs_x0.5_minus_x1,dir_travel_error_deg,10,0.48154590000000025,0.29229820729020267,0.29650820715000015,0.6376899320500002,1.6474473260176605,1.5055607467983187
sensitivity,sigma_aw_rs,x0.5,x1,sigma_aw_rs_x0.5_minus_x1,dir_travel_abs_error_deg,10,0.48154590000000025,0.29229820729020267,0.2964677697000001,0.6389294690500003,1.6474473260176605,1.5055607467983187
sensitivity,sigma_aw_rs,x0.5,x1,sigma_aw_rs_x0.5_minus_x1,dir_travel_rmse_deg,10,0.36916601,0.4753674167256094,0.05694518649999972,0.5876460737500004,0.7765909000302585,0.7097069247322332
sensitivity,sigma_aw_rs,x0.5,x1,sigma_aw_rs_x0.5_minus_x1,dir_travel_correct_pct,10,-0.5143325799999985,0.5413062351662637,-0.8600701665000008,-0.23532349449999745,-0.9501693248407157,-0.8683358889234114
sensitivity,sigma_aw_rs,x0.5,x1,sigma_aw_rs_x0.5_minus_x1,dir_travel_wrong_pct,10,-0.011888889401000005,0.05873214823381812,-0.051166668393000006,0.015000000139999994,-0.20242558391818455,-0.18499165859927508
sensitivity,sigma_aw_rs,x0.5,x1,sigma_aw_rs_x0.5_minus_x1,dir_travel_unresolved_pct,10,0.5262222980000002,0.5309023442594596,0.2580501167499999,0.8806207417500002,0.9911847323522607,0.9058188400248519
sensitivity,sigma_aw_rs,x0.5,x1,sigma_aw_rs_x0.5_minus_x1,accel_bias_3d_rms_mps2,10,0.04240679006,0.016423686576695563,0.032586190748999995,0.05129744147675,2.5820506170748065,2.359671228282131
sensitivity,sigma_aw_rs,x0.5,x1,sigma_aw_rs_x0.5_minus_x1,gyro_bias_3d_rms_radps,10,-1.2970614900000037e-06,3.5841615332195993e-06,-3.4114913525000068e-06,8.519470817499938e-07,-0.36188700703867904,-0.33071944939860337
sensitivity,sigma_aw_rs,x0.75,x1,sigma_aw_rs_x0.75_minus_x1,accel_x_rms_mps2,10,-0.0002143690099999998,0.0004604352785473051,-0.0004698523334999999,6.026701450000052e-05,-0.4655790292098036,-0.4254809849399907
sensitivity,sigma_aw_rs,x0.75,x1,sigma_aw_rs_x0.75_minus_x1,accel_y_rms_mps2,10,-0.0012931953099999999,0.0002970971091067149,-0.0014633791519999997,-0.0011204554125000008,-4.35276975224789,-3.9778869863334343
sensitivity,sigma_aw_rs,x0.75,x1,sigma_aw_rs_x0.75_minus_x1,accel_z_rms_mps2,10,0.0015711822299999997,0.0004116053803050709,0.00131986272675,0.0017989865289999997,3.8172052776265497,3.488448060040922
sensitivity,sigma_aw_rs,x0.75,x1,sigma_aw_rs_x0.75_minus_x1,accel_3d_rms_mps2,10,-4.530920999999966e-05,0.0005464282706251554,-0.0003726108737499997,0.0002730212392499993,-0.08291886133227054,-0.07577746542759037
sensitivity,sigma_aw_rs,x0.75,x1,sigma_aw_rs_x0.75_minus_x1,disp_x_rms_m,10,0.00042120964999999564,0.0004682193517039944,0.00014051688474999523,0.0006890497682499993,0.8995989774174946,0.8221209181441034
sensitivity,sigma_aw_rs,x0.75,x1,sigma_aw_rs_x0.75_minus_x1,disp_y_rms_m,10,-0.008103904890000001,0.0010060141578342012,-0.00872532605725,-0.007522757063500003,-8.055458093598308,-7.361680893626591
sensitivity,sigma_aw_rs,x0.75,x1,sigma_aw_rs_x0.75_minus_x1,disp_z_rms_m,10,0.0024510085800000013,0.0005260724978968018,0.0021507437450000023,0.0027806341107500013,4.659069975714276,4.257807069909813
sensitivity,sigma_aw_rs,x0.75,x1,sigma_aw_rs_x0.75_minus_x1,disp_3d_rms_m,10,-0.0018737516999999967,0.0007284996307333865,-0.002300801209999998,-0.0014565081524999975,-2.5720695261213455,-2.3505497598670653
sensitivity,sigma_aw_rs,x0.75,x1,sigma_aw_rs_x0.75_minus_x1,disp_x_pct_hs,10,0.02808065500000012,0.031214543422280007,0.00943613100000018,0.04548838425000015,0.8996016574747331,0.8221233673811222
sensitivity,sigma_aw_rs,x0.75,x1,sigma_aw_rs_x0.75_minus_x1,disp_y_pct_hs,10,-0.540260244,0.06706759107358236,-0.580901464325,-0.50173571105,-8.055459206925446,-7.36168191106831
sensitivity,sigma_aw_rs,x0.75,x1,sigma_aw_rs_x0.75_minus_x1,disp_z_pct_hs,10,0.16340055300000014,0.03507149715098448,0.14361373225000018,0.18470625320000011,4.659069793814416,4.257806903676097
sensitivity,sigma_aw_rs,x0.75,x1,sigma_aw_rs_x0.75_minus_x1,disp_3d_pct_refmax,10,-0.13142762000000002,0.053973758612154664,-0.16326920985000026,-0.10014246147499976,-2.435028120691285,-2.2253110603085697
sensitivity,sigma_aw_rs,x0.75,x1,sigma_aw_rs_x0.75_minus_x1,disp_z_ref_rms_m,10,0.0,0.0,0.0,0.0,nan,nan
sensitivity,sigma_aw_rs,x0.75,x1,sigma_aw_rs_x0.75_minus_x1,disp_z_pct_refrms,10,0.6249448700000005,0.12768183228705715,0.5536123200000006,0.7038565530000005,4.894548102935941,4.473004617944024
sensitivity,sigma_aw_rs,x0.75,x1,sigma_aw_rs_x0.75_minus_x1,roll_rms_deg,10,0.025116287319999993,0.042026328044177996,-0.0006488517020000095,0.046845321374999985,0.5976322103039267,0.5461610715232447
sensitivity,sigma_aw_rs,x0.75,x1,sigma_aw_rs_x0.75_minus_x1,pitch_rms_deg,10,0.0196425255,0.0603586594163784,-0.015565543240000016,0.05465216945749993,0.3254301154122382,0.2974024115083969
sensitivity,sigma_aw_rs,x0.75,x1,sigma_aw_rs_x0.75_minus_x1,yaw_rms_deg,10,-0.055366212700000014,0.18563386813540528,-0.15826370018,0.05995060412749997,-0.29825491035727775,-0.27256767392935455
sensitivity,sigma_aw_rs,x0.75,x1,sigma_aw_rs_x0.75_minus_x1,dir_axis_error_deg,10,0.10486450200000001,0.07029177726051412,0.05917686105000027,0.14238285209999998,1.4918459325811764,1.3633605402087816
sensitivity,sigma_aw_rs,x0.75,x1,sigma_aw_rs_x0.75_minus_x1,dir_axis_abs_error_deg,10,0.10486450200000001,0.07029177726051412,0.060075490625000214,0.142343177125,1.4918459325811764,1.3633605402087816
sensitivity,sigma_aw_rs,x0.75,x1,sigma_aw_rs_x0.75_minus_x1,dir_axis_rmse_deg,10,0.17055377999999982,0.2415531099188655,0.05573956974999965,0.33232054975000036,0.7060715552670243,0.6452610661674507
sensitivity,sigma_aw_rs,x0.75,x1,sigma_aw_rs_x0.75_minus_x1,dir_axis_circ_std_deg,10,0.13515644999999984,0.19024307394280357,0.04637671125000002,0.2602386399999993,0.7104408439102204,0.6492540493534621
sensitivity,sigma_aw_rs,x0.75,x1,sigma_aw_rs_x0.75_minus_x1,dir_axis_available_pct,10,-0.06733169000000175,0.03295768527587005,-0.08911119325000308,-0.05155122450000016,-2.042973875028129,-1.8670225289763422
sensitivity,sigma_aw_rs,x0.75,x1,sigma_aw_rs_x0.75_minus_x1,dir_sense_forward_pct,10,-0.0773885700000001,0.17721857858067105,-0.183949485500001,0.02072673825000039,-0.43668429472687775,-0.39907481259103234
sensitivity,sigma_aw_rs,x0.75,x1,sigma_aw_rs_x0.75_minus_x1,dir_sense_reverse_pct,10,-0.08977718299999893,0.10779662378051841,-0.15800180049999846,-0.029776307074998266,-0.8328385421679965,-0.7611102326044447
sensitivity,sigma_aw_rs,x0.75,x1,sigma_aw_rs_x0.75_minus_x1,dir_sense_uncertain_pct,10,0.1671669890000004,0.23399489521785666,0.03910994225000078,0.31216855249999986,0.7144044268331693,0.6528762682682828
sensitivity,sigma_aw_rs,x0.75,x1,sigma_aw_rs_x0.75_minus_x1,dir_sense_dominant_pct,10,-0.10149955999999918,0.12528307073836342,-0.17394373899999963,-0.02838579599999879,-0.8101618151742717,-0.7403865411768451
sensitivity,sigma_aw_rs,x0.75,x1,sigma_aw_rs_x0.75_minus_x1,dir_travel_error_deg,10,0.11487667600000014,0.08461624731565119,0.06044756790000007,0.1591949520250001,1.3576196019597264,1.2406944668363926
sensitivity,sigma_aw_rs,x0.75,x1,sigma_aw_rs_x0.75_minus_x1,dir_travel_abs_error_deg,10,0.11487667600000014,0.08461624731565119,0.0609597412500001,0.15877266612500018,1.3576196019597264,1.2406944668363926
sensitivity,sigma_aw_rs,x0.75,x1,sigma_aw_rs_x0.75_minus_x1,dir_travel_rmse_deg,10,0.10636234999999986,0.16175988167424993,0.0018106895000000298,0.1890624702499997,0.6575323182678326,0.6009022762071214
sensitivity,sigma_aw_rs,x0.75,x1,sigma_aw_rs_x0.75_minus_x1,dir_travel_correct_pct,10,-0.170944209999999,0.22137769781679476,-0.3125597289999991,-0.05283001475000142,-0.7721835202273495,-0.7056791309917609
sensitivity,sigma_aw_rs,x0.75,x1,sigma_aw_rs_x0.75_minus_x1,dir_travel_wrong_pct,10,0.003777777279999997,0.02203594907580192,-0.008555556760000003,0.016611111059999996,0.1714370126289883,0.15667198136555507
sensitivity,sigma_aw_rs,x0.75,x1,sigma_aw_rs_x0.75_minus_x1,dir_travel_unresolved_pct,10,0.1671669890000004,0.23399489521785666,0.0370556885250005,0.31350038650000045,0.7144044268331693,0.6528762682682828
sensitivity,sigma_aw_rs,x0.75,x1,sigma_aw_rs_x0.75_minus_x1,accel_bias_3d_rms_mps2,10,0.007574506589999999,0.00790672538570098,0.0026018433465000005,0.011754434517500002,0.9579827577796257,0.8754763891049862
sensitivity,sigma_aw_rs,x0.75,x1,sigma_aw_rs_x0.75_minus_x1,gyro_bias_3d_rms_radps,10,-6.740801599999994e-07,1.0632182350847622e-06,-1.3019627875000016e-06,-7.273317999999863e-08,-0.6339998109101846,-0.5793965085920435
sensitivity,sigma_aw_rs,x1.25,x1,sigma_aw_rs_x1.25_minus_x1,accel_x_rms_mps2,10,0.0004674205699999998,0.0002913559131745077,0.0002893802922499999,0.0006274757312499998,1.604294091398921,1.4661240891806195
sensitivity,sigma_aw_rs,x1.25,x1,sigma_aw_rs_x1.25_minus_x1,accel_y_rms_mps2,10,0.0006216486999999996,0.00011360619520471192,0.0005514524102499996,0.00068322840625,5.4719612683078065,5.000688011967833
sensitivity,sigma_aw_rs,x1.25,x1,sigma_aw_rs_x1.25_minus_x1,accel_z_rms_mps2,10,-0.00017265649999999994,0.00032733152977668475,-0.0003585155092499999,2.9366675250000263e-05,-0.5274667555483925,-0.4820386241509557
sensitivity,sigma_aw_rs,x1.25,x1,sigma_aw_rs_x1.25_minus_x1,accel_3d_rms_mps2,10,0.0005642142200000002,0.000348180476373813,0.0003556453792499998,0.0007651429392500007,1.6204648401774524,1.4809021304708045
sensitivity,sigma_aw_rs,x1.25,x1,sigma_aw_rs_x1.25_minus_x1,disp_x_rms_m,10,0.00116506071,0.0004226749217701189,0.0009311424242499986,0.0014260335832499975,2.7563989486786826,2.5190037909608356
sensitivity,sigma_aw_rs,x1.25,x1,sigma_aw_rs_x1.25_minus_x1,disp_y_rms_m,10,0.006088887159999999,0.0006297270459879428,0.005738128734749997,0.006471910896250001,9.669089486933965,8.83633810860428
sensitivity,sigma_aw_rs,x1.25,x1,sigma_aw_rs_x1.25_minus_x1,disp_z_rms_m,10,-0.0006366744399999999,0.00045712778542497407,-0.0009157377889999978,-0.0003780773057499981,-1.3927712563087984,-1.27281868115098
sensitivity,sigma_aw_rs,x1.25,x1,sigma_aw_rs_x1.25_minus_x1,disp_3d_rms_m,10,0.003388092899999998,0.0004854820303200263,0.0031073505999999985,0.003676297947499999,6.978822465924416,6.377770625886107
sensitivity,sigma_aw_rs,x1.25,x1,sigma_aw_rs_x1.25_minus_x1,disp_x_pct_hs,10,0.07767062100000013,0.028178328423809726,0.061912726999999904,0.09506546877500018,2.7563956183565206,2.51900074746303
sensitivity,sigma_aw_rs,x1.25,x1,sigma_aw_rs_x1.25_minus_x1,disp_y_pct_hs,10,0.4059259169999999,0.04198191586186903,0.38241011999999996,0.431147092725,9.669066041092488,8.836316682038438
sensitivity,sigma_aw_rs,x1.25,x1,sigma_aw_rs_x1.25_minus_x1,disp_z_pct_hs,10,-0.04244499200000016,0.030475171190097097,-0.06163896812500022,-0.025556894850000178,-1.3927728817416014,-1.2728201665932068
sensitivity,sigma_aw_rs,x1.25,x1,sigma_aw_rs_x1.25_minus_x1,disp_3d_pct_refmax,10,0.23614759399999982,0.041922303650930824,0.2115628884999999,0.2599418908,5.632982289482475,5.147841080270159
sensitivity,sigma_aw_rs,x1.25,x1,sigma_aw_rs_x1.25_minus_x1,disp_z_ref_rms_m,10,0.0,0.0,0.0,0.0,nan,nan
sensitivity,sigma_aw_rs,x1.25,x1,sigma_aw_rs_x1.25_minus_x1,disp_z_pct_refrms,10,-0.16195906999999962,0.11370450297709853,-0.2324564799999989,-0.09572618524999917,-1.4243857170073568,-1.301710343000955
sensitivity,sigma_aw_rs,x1.25,x1,sigma_aw_rs_x1.25_minus_x1,roll_rms_deg,10,-0.008748711590000013,0.020476582004395946,-0.02006233545725002,0.003880522609999984,-0.4272544894515025,-0.390457150315374
sensitivity,sigma_aw_rs,x1.25,x1,sigma_aw_rs_x1.25_minus_x1,pitch_rms_deg,10,0.00033806802000000693,0.035562059237635425,-0.020629655549999997,0.021205560955999996,0.009506424184857906,0.00868768237327112
sensitivity,sigma_aw_rs,x1.25,x1,sigma_aw_rs_x1.25_minus_x1,yaw_rms_deg,10,0.03151662030000002,0.09621004191902696,-0.027575584649999953,0.08574591647499998,0.3275814007702572,0.29936841718217144
sensitivity,sigma_aw_rs,x1.25,x1,sigma_aw_rs_x1.25_minus_x1,dir_axis_error_deg,10,-0.04099426099999992,0.037173318905252814,-0.061128727924999945,-0.01745540452499996,-1.1027872196315294,-1.0078095510109732
sensitivity,sigma_aw_rs,x1.25,x1,sigma_aw_rs_x1.25_minus_x1,dir_axis_abs_error_deg,10,-0.04099426099999992,0.037173318905252814,-0.06108405929999993,-0.01856964079999978,-1.1027872196315294,-1.0078095510109732
sensitivity,sigma_aw_rs,x1.25,x1,sigma_aw_rs_x1.25_minus_x1,dir_axis_rmse_deg,10,-0.050287609999999816,0.097841903636307,-0.10268844724999952,0.010974473000000127,-0.5139680252637601,-0.4697024734727504
sensitivity,sigma_aw_rs,x1.25,x1,sigma_aw_rs_x1.25_minus_x1,dir_axis_circ_std_deg,10,-0.04673175,0.06924566053279245,-0.08811997474999875,-0.00719712450000037,-0.674869004648593,-0.6167458385973803
sensitivity,sigma_aw_rs,x1.25,x1,sigma_aw_rs_x1.25_minus_x1,dir_axis_available_pct,10,0.03683394999999763,0.015297599956292327,0.028110489749998812,0.04627683024999513,2.407825417401297,2.200451192782967
sensitivity,sigma_aw_rs,x1.25,x1,sigma_aw_rs_x1.25_minus_x1,dir_sense_forward_pct,10,0.027166750000000305,0.06323686956689471,-0.004111099999999368,0.06911225274999973,0.4296030177658009,0.39260341137447513
sensitivity,sigma_aw_rs,x1.25,x1,sigma_aw_rs_x1.25_minus_x1,dir_sense_reverse_pct,10,0.012110704000003202,0.01964130295459011,0.001666059350002427,0.024832718750004704,0.6165937172295878,0.563489516613157
sensitivity,sigma_aw_rs,x1.25,x1,sigma_aw_rs_x1.25_minus_x1,dir_sense_uncertain_pct,10,-0.039277446999999556,0.0593579476411532,-0.07788828702499997,-0.009721946824999361,-0.6617049369269008,-0.604715527632669
sensitivity,sigma_aw_rs,x1.25,x1,sigma_aw_rs_x1.25_minus_x1,dir_sense_dominant_pct,10,0.02594375000000255,0.06346880509253142,-0.004888538999997376,0.06755447000000032,0.4087638007707733,0.37355897419810274
sensitivity,sigma_aw_rs,x1.25,x1,sigma_aw_rs_x1.25_minus_x1,dir_travel_error_deg,10,-0.044065785999999815,0.04303997604503416,-0.06695272957499994,-0.01733833052499974,-1.0238338876836808,-0.9356560833204717
sensitivity,sigma_aw_rs,x1.25,x1,sigma_aw_rs_x1.25_minus_x1,dir_travel_abs_error_deg,10,-0.044065785999999815,0.04303997604503416,-0.06710956379999992,-0.016991110874999892,-1.0238338876836808,-0.9356560833204717
sensitivity,sigma_aw_rs,x1.25,x1,sigma_aw_rs_x1.25_minus_x1,dir_travel_rmse_deg,10,-0.06067790000000102,0.048385364457883155,-0.08795990000000081,-0.03127760125000084,-1.2540548300058347,-1.1460492220735095
sensitivity,sigma_aw_rs,x1.25,x1,sigma_aw_rs_x1.25_minus_x1,dir_travel_correct_pct,10,0.04994428000000255,0.05781290831175811,0.020498805750003086,0.08539169550000195,0.8638949580373346,0.7894919112965005
sensitivity,sigma_aw_rs,x1.25,x1,sigma_aw_rs_x1.25_minus_x1,dir_travel_wrong_pct,10,-0.010666667140000002,0.0228308626206085,-0.025055556380000003,0.0011111102799999995,-0.46720385984766216,-0.4269658768633449
sensitivity,sigma_aw_rs,x1.25,x1,sigma_aw_rs_x1.25_minus_x1,dir_travel_unresolved_pct,10,-0.039277446999999556,0.0593579476411532,-0.07955519699999947,-0.00916494899999975,-0.6617049369269008,-0.604715527632669
sensitivity,sigma_aw_rs,x1.25,x1,sigma_aw_rs_x1.25_minus_x1,accel_bias_3d_rms_mps2,10,-0.002017507800000001,0.004501746609679924,-0.004504331602250002,0.0007557310919999979,-0.44816111943347403,-0.4095631945278951
sensitivity,sigma_aw_rs,x1.25,x1,sigma_aw_rs_x1.25_minus_x1,gyro_bias_3d_rms_radps,10,2.8979786000000215e-07,3.6624562119918486e-07,6.623706750000284e-08,4.93278133500007e-07,0.7912664158307953,0.7231185101464486
sensitivity,sigma_aw_rs,x1.5,x1,sigma_aw_rs_x1.5_minus_x1,accel_x_rms_mps2,10,0.0009474099699999999,0.0004845539157876931,0.00064611702725,0.00121554255875,1.9552209550507622,1.7868273387275457
sensitivity,sigma_aw_rs,x1.5,x1,sigma_aw_rs_x1.5_minus_x1,accel_y_rms_mps2,10,0.0011409767200000003,0.00020093789286046006,0.0010171007552500007,0.0012523663247499999,5.67825562295681,5.189215243000105
sensitivity,sigma_aw_rs,x1.5,x1,sigma_aw_rs_x1.5_minus_x1,accel_z_rms_mps2,10,6.353332999999971e-05,0.0005512714674392991,-0.0002502910525000001,0.00040491594624999995,0.11524871819526089,0.10532290986992437
sensitivity,sigma_aw_rs,x1.5,x1,sigma_aw_rs_x1.5_minus_x1,accel_3d_rms_mps2,10,0.001278757500000001,0.0005754875462650237,0.0009281647760000007,0.0016017439700000006,2.22204200299255,2.0306683950433224
sensitivity,sigma_aw_rs,x1.5,x1,sigma_aw_rs_x1.5_minus_x1,disp_x_rms_m,10,0.003108838189999999,0.0008115402809814301,0.002655969776249999,0.0036089595289999984,3.830787285432522,3.5008603159549305
sensitivity,sigma_aw_rs,x1.5,x1,sigma_aw_rs_x1.5_minus_x1,disp_y_rms_m,10,0.011799319449999998,0.0011843199052460711,0.011129226794999999,0.012519908662999995,9.962949535622645,9.104889428801801
sensitivity,sigma_aw_rs,x1.5,x1,sigma_aw_rs_x1.5_minus_x1,disp_z_rms_m,10,-0.0003383785300000025,0.0008615909707653636,-0.0008719769167500024,0.0001500081564999971,-0.3927368571416388,-0.35891235282326217
sensitivity,sigma_aw_rs,x1.5,x1,sigma_aw_rs_x1.5_minus_x1,disp_3d_rms_m,10,0.007793855000000001,0.0009074889605158926,0.007275933622500001,0.008356965954999997,8.588374447628896,7.848699769000777
sensitivity,sigma_aw_rs,x1.5,x1,sigma_aw_rs_x1.5_minus_x1,disp_x_pct_hs,10,0.20725579300000013,0.05410283981602269,0.17636201852500005,0.23982572497500004,3.8307747560899905,3.50084886570338
sensitivity,sigma_aw_rs,x1.5,x1,sigma_aw_rs_x1.5_minus_x1,disp_y_pct_hs,10,0.7866213309999999,0.07895476945212018,0.7424785587999999,0.8355506756499999,9.96293620332871,9.104877244753125
sensitivity,sigma_aw_rs,x1.5,x1,sigma_aw_rs_x1.5_minus_x1,disp_z_pct_hs,10,-0.022558500000000058,0.057439406730447264,-0.058148013100000145,0.009252846200000154,-0.39273560233417826,-0.35891120608622995
sensitivity,sigma_aw_rs,x1.5,x1,sigma_aw_rs_x1.5_minus_x1,disp_3d_pct_refmax,10,0.5427801149999997,0.0827699640380862,0.4928126976249998,0.5902991749249996,6.557694222873433,5.9929120983371025
sensitivity,sigma_aw_rs,x1.5,x1,sigma_aw_rs_x1.5_minus_x1,disp_z_ref_rms_m,10,0.0,0.0,0.0,0.0,nan,nan
sensitivity,sigma_aw_rs,x1.5,x1,sigma_aw_rs_x1.5_minus_x1,disp_z_pct_refrms,10,-0.08532180999999958,0.21532674739059765,-0.21587514199999946,0.033351080500001296,-0.3962434348447563,-0.3621169261422609
sensitivity,sigma_aw_rs,x1.5,x1,sigma_aw_rs_x1.5_minus_x1,roll_rms_deg,10,-0.012791959200000003,0.031657357553865006,-0.030404075880000006,0.0074718538199999894,-0.40407539316048346,-0.36927435620056975
sensitivity,sigma_aw_rs,x1.5,x1,sigma_aw_rs_x1.5_minus_x1,pitch_rms_deg,10,0.0026116171000000105,0.056800335352993364,-0.031345116317499984,0.035641930665,0.04597890283164286,0.04201896485000789
sensitivity,sigma_aw_rs,x1.5,x1,sigma_aw_rs_x1.5_minus_x1,yaw_rms_deg,10,0.05044978229999991,0.15169458791517465,-0.043973310165000036,0.1347518411499997,0.33257470153259966,0.3039316693760448
sensitivity,sigma_aw_rs,x1.5,x1,sigma_aw_rs_x1.5_minus_x1,dir_axis_error_deg,10,-0.02619171199999981,0.13018888670396847,-0.0838943479999997,0.06059993545000017,-0.20118239477349664,-0.18385553925419573
sensitivity,sigma_aw_rs,x1.5,x1,sigma_aw_rs_x1.5_minus_x1,dir_axis_abs_error_deg,10,-0.02619171199999981,0.13018888670396847,-0.08383453367499978,0.06262824822500024,-0.20118239477349664,-0.18385553925419573
sensitivity,sigma_aw_rs,x1.5,x1,sigma_aw_rs_x1.5_minus_x1,dir_axis_rmse_deg,10,-0.002363769999999832,0.3134555823298055,-0.1322904742499999,0.20508764799999962,-0.007541004637501613,-0.00689153479710392
sensitivity,sigma_aw_rs,x1.5,x1,sigma_aw_rs_x1.5_minus_x1,dir_axis_circ_std_deg,10,-0.014425280000001095,0.21365142620674227,-0.10885437375000033,0.12874986474999894,-0.06751782684587514,-0.06170284670284241
sensitivity,sigma_aw_rs,x1.5,x1,sigma_aw_rs_x1.5_minus_x1,dir_axis_available_pct,10,0.07966687999999919,0.03937134021351445,0.059107336249998005,0.10522459050000026,2.0234739170157345,1.849202006957806
sensitivity,sigma_aw_rs,x1.5,x1,sigma_aw_rs_x1.5_minus_x1,dir_sense_forward_pct,10,-0.017055500000000022,0.21230694368853625,-0.1592784600000016,0.07500731350000149,-0.08033416007825538,-0.0734153718487612
sensitivity,sigma_aw_rs,x1.5,x1,sigma_aw_rs_x1.5_minus_x1,dir_sense_reverse_pct,10,0.002055736000001218,0.048540592444830125,-0.029499871399998358,0.026608342249998945,0.042350863400312015,0.0387033907072813
sensitivity,sigma_aw_rs,x1.5,x1,sigma_aw_rs_x1.5_minus_x1,dir_sense_uncertain_pct,10,0.015000334999999865,0.21320786093049648,-0.08533306000000032,0.15711718999999996,0.07035545000327083,0.06429607925875544
sensitivity,sigma_aw_rs,x1.5,x1,sigma_aw_rs_x1.5_minus_x1,dir_sense_dominant_pct,10,-0.03555525999999887,0.21113347200791927,-0.1770044592499994,0.061554307499999454,-0.16840181550495817,-0.15389819092226298
sensitivity,sigma_aw_rs,x1.5,x1,sigma_aw_rs_x1.5_minus_x1,dir_travel_error_deg,10,-0.047318694999999834,0.10112386647918985,-0.09494366332499957,0.018941951950000174,-0.4679280633492934,-0.42762770826003393
sensitivity,sigma_aw_rs,x1.5,x1,sigma_aw_rs_x1.5_minus_x1,dir_travel_abs_error_deg,10,-0.047318694999999834,0.10112386647918985,-0.09562025979999968,0.018821096000000193,-0.4679280633492934,-0.42762770826003393
sensitivity,sigma_aw_rs,x1.5,x1,sigma_aw_rs_x1.5_minus_x1,dir_travel_rmse_deg,10,-0.07132377000000005,0.09825186780731765,-0.12344266424999932,-0.01224534725000072,-0.7259278789475386,-0.6634072618223787
sensitivity,sigma_aw_rs,x1.5,x1,sigma_aw_rs_x1.5_minus_x1,dir_travel_correct_pct,10,-0.0005546599999988189,0.2110406817971371,-0.14049968174999874,0.0985592947500002,-0.0026282136471298266,-0.002401858462378479
sensitivity,sigma_aw_rs,x1.5,x1,sigma_aw_rs_x1.5_minus_x1,dir_travel_wrong_pct,10,-0.014444444519999999,0.032076085239208685,-0.03589166506225,0.0021666668400000004,-0.45031818603423635,-0.4115344835342561
sensitivity,sigma_aw_rs,x1.5,x1,sigma_aw_rs_x1.5_minus_x1,dir_travel_unresolved_pct,10,0.015000334999999865,0.21320786093049648,-0.08533583725000037,0.15789351525,0.07035545000327083,0.06429607925875544
sensitivity,sigma_aw_rs,x1.5,x1,sigma_aw_rs_x1.5_minus_x1,accel_bias_3d_rms_mps2,10,-0.00265683854,0.007143073195009091,-0.006725642284499999,0.0016962517400000003,-0.3719461452328879,-0.3399122432273623
sensitivity,sigma_aw_rs,x1.5,x1,sigma_aw_rs_x1.5_minus_x1,gyro_bias_3d_rms_radps,10,4.890441400000009e-07,5.591277248061556e-07,1.5162143650000188e-07,8.020101300000051e-07,0.8746555005290569,0.7993257009017524
sensitivity,tau_rs,x0.5,x1,tau_rs_x0.5_minus_x1,accel_x_rms_mps2,10,0.04532575013,0.006471483059257699,0.041710852018000004,0.0492429330095,7.003920077509871,6.400706702958017
sensitivity,tau_rs,x0.5,x1,tau_rs_x0.5_minus_x1,accel_y_rms_mps2,10,0.04117811231,0.010410218974289584,0.034966612143,0.04716493557049999,3.9555471802945514,3.614875251372018
sensitivity,tau_rs,x0.5,x1,tau_rs_x0.5_minus_x1,accel_z_rms_mps2,10,0.014281719459999998,0.0011499568992736863,0.013584108793,0.01493096227075,12.419351950512532,11.34973391990826
sensitivity,tau_rs,x0.5,x1,tau_rs_x0.5_minus_x1,accel_3d_rms_mps2,10,0.06185200434,0.01184921384819621,0.054665562564250016,0.068658151963,5.219924725167792,4.770358143377983
sensitivity,tau_rs,x0.5,x1,tau_rs_x0.5_minus_x1,disp_x_rms_m,10,0.07250886856,0.0028654282643498534,0.07079034658749998,0.07418673589699999,25.304723018934755,23.125351010769503
sensitivity,tau_rs,x0.5,x1,tau_rs_x0.5_minus_x1,disp_y_rms_m,10,0.05617534338,0.009505052176819375,0.05057883070099999,0.06188063050499999,5.910051027073652,5.4010472428553955
sensitivity,tau_rs,x0.5,x1,tau_rs_x0.5_minus_x1,disp_z_rms_m,10,0.11672785888000001,0.004498882971569292,0.11423189735900002,0.11955480373249999,25.945964724502094,23.711365705057727
sensitivity,tau_rs,x0.5,x1,tau_rs_x0.5_minus_x1,disp_3d_rms_m,10,0.1472019502,0.0075246435060025395,0.142779062755,0.1515909620075,19.562647729766123,17.87781257721583
sensitivity,tau_rs,x0.5,x1,tau_rs_x0.5_minus_x1,disp_x_pct_hs,10,4.8339242460000005,0.1910284499729979,4.724674227249999,4.94598126365,25.304734696236512,23.12536168236238
sensitivity,tau_rs,x0.5,x1,tau_rs_x0.5_minus_x1,disp_y_pct_hs,10,3.7450227259999997,0.6336699471928557,3.389841867,4.1212622836,5.910052611127243,5.4010486904822
sensitivity,tau_rs,x0.5,x1,tau_rs_x0.5_minus_x1,disp_z_pct_hs,10,7.781856815,0.29992563241272174,7.617181919749999,7.9651099052,25.945954510121833,23.71135637039207
sensitivity,tau_rs,x0.5,x1,tau_rs_x0.5_minus_x1,disp_3d_pct_refmax,10,10.221060949999998,0.8499742793658767,9.731066468249999,10.722850568425,12.025141463839848,10.989474854056773
sensitivity,tau_rs,x0.5,x1,tau_rs_x0.5_minus_x1,disp_z_ref_rms_m,10,0.0,0.0,0.0,0.0,nan,nan
sensitivity,tau_rs,x0.5,x1,tau_rs_x0.5_minus_x1,disp_z_pct_refrms,10,29.79238491,0.733356121150813,29.362881220250003,30.223638045250002,40.62471703822224,37.12590888740839
sensitivity,tau_rs,x0.5,x1,tau_rs_x0.5_minus_x1,roll_rms_deg,10,0.2081377425,0.3672359002992099,-0.02533550250999999,0.4113677002075,0.5667685058307678,0.5179555069375193
sensitivity,tau_rs,x0.5,x1,tau_rs_x0.5_minus_x1,pitch_rms_deg,10,1.7265050407,0.20552109190376916,1.60018360705,1.8403913204724998,8.40062216829988,7.677117675045166
sensitivity,tau_rs,x0.5,x1,tau_rs_x0.5_minus_x1,yaw_rms_deg,10,13.9672339932,2.249629262194591,12.664944886849998,15.26227702007,6.208682571800511,5.673959113478497
sensitivity,tau_rs,x0.5,x1,tau_rs_x0.5_minus_x1,dir_axis_error_deg,10,-3.9020034789199998,0.652240693632121,-4.274735261529,-3.509280851532,-5.982459415696655,-5.467219451173115
sensitivity,tau_rs,x0.5,x1,tau_rs_x0.5_minus_x1,dir_axis_abs_error_deg,10,-3.2816238408799996,1.5004341378098718,-3.9676902388424997,-2.2871371844585,-2.187116220689343,-1.9987505995202086
sensitivity,tau_rs,x0.5,x1,tau_rs_x0.5_minus_x1,dir_axis_rmse_deg,10,0.49723892999999997,1.1172595205156635,-0.08872842950000075,1.2079195200000001,0.4450523095748629,0.40672213125475326
sensitivity,tau_rs,x0.5,x1,tau_rs_x0.5_minus_x1,dir_axis_circ_std_deg,10,0.9350501999999998,0.7681481395335371,0.5148786924999991,1.4196704609999997,1.2172784803824626,1.1124402395409252
sensitivity,tau_rs,x0.5,x1,tau_rs_x0.5_minus_x1,dir_axis_available_pct,10,-0.41088868000000217,0.2673105882599436,-0.5622772300000023,-0.2526657717500052,-1.537120855087257,-1.4047361551149422
sensitivity,tau_rs,x0.5,x1,tau_rs_x0.5_minus_x1,dir_sense_forward_pct,10,6.881889539999999,13.016015242627585,0.06776348350000004,15.545961948749998,0.528724760359971,0.4831882831620115
sensitivity,tau_rs,x0.5,x1,tau_rs_x0.5_minus_x1,dir_sense_reverse_pct,10,-7.871555228,13.365783377215449,-16.785921393,-0.9064292198000092,-0.5889333236852081,-0.5382113774558477
sensitivity,tau_rs,x0.5,x1,tau_rs_x0.5_minus_x1,dir_sense_uncertain_pct,10,0.9896667380000002,1.0244921116976689,0.41765541775000015,1.6110640019499995,0.9660071821929793,0.8828097090974372
sensitivity,tau_rs,x0.5,x1,tau_rs_x0.5_minus_x1,dir_sense_dominant_pct,10,-2.484055329999999,15.10594200357288,-12.272728040499999,5.779308882499999,-0.1644422657926574,-0.15027965785738687
sensitivity,tau_rs,x0.5,x1,tau_rs_x0.5_minus_x1,dir_travel_error_deg,10,-3.7675094103000006,0.5062614475169961,-4.0655346259325,-3.4739871356000003,-7.441825619505658,-6.800897582764775
sensitivity,tau_rs,x0.5,x1,tau_rs_x0.5_minus_x1,dir_travel_abs_error_deg,10,-2.9993396111,1.2589257043317135,-3.6439846184,-2.20930154664,-2.3824595850095585,-2.1772699954507386
sensitivity,tau_rs,x0.5,x1,tau_rs_x0.5_minus_x1,dir_travel_rmse_deg,10,0.11332018000000055,0.4461777779246694,-0.14605788249999924,0.37484498650000025,0.25397988337091276,0.23210583843307792
sensitivity,tau_rs,x0.5,x1,tau_rs_x0.5_minus_x1,dir_travel_correct_pct,10,-0.9827224699999974,1.053794179457051,-1.6364484840000006,-0.3903599879999947,-0.93255636551943,-0.8522398476295248
sensitivity,tau_rs,x0.5,x1,tau_rs_x0.5_minus_x1,dir_travel_wrong_pct,10,-0.00694444422,0.06433219819573614,-0.0414444443,0.033950000658749924,-0.1079466334862512,-0.0986497179966181
sensitivity,tau_rs,x0.5,x1,tau_rs_x0.5_minus_x1,dir_travel_unresolved_pct,10,0.9896667380000002,1.0244921116976689,0.41899439085000023,1.6201837033000002,0.9660071821929793,0.8828097090974372
sensitivity,tau_rs,x0.5,x1,tau_rs_x0.5_minus_x1,accel_bias_3d_rms_mps2,10,0.28405871874,0.057964683184293826,0.24769643267625,0.3145550745545,4.900548111974652,4.478487875555031
sensitivity,tau_rs,x0.5,x1,tau_rs_x0.5_minus_x1,gyro_bias_3d_rms_radps,10,0.00043442242673000003,0.00012134047874638482,0.00036775682145425006,0.0005087453522217499,3.5801937755494726,3.2718491992266427
sensitivity,tau_rs,x0.75,x1,tau_rs_x0.75_minus_x1,accel_x_rms_mps2,10,0.004696009979999999,0.0017208126446935704,0.003714795451,0.005691714571999999,2.7289490198023443,2.4939179901792583
sensitivity,tau_rs,x0.75,x1,tau_rs_x0.75_minus_x1,accel_y_rms_mps2,10,-0.00033824971999999994,0.0033554137937089937,-0.0021494802800000002,0.0017552082830000007,-0.1008071554793565,-0.0921251283056119
sensitivity,tau_rs,x0.75,x1,tau_rs_x0.75_minus_x1,accel_z_rms_mps2,10,0.00224200216,0.0003874868971577982,0.0020174022805,0.0024684688759999992,5.786007672633582,5.287687135738891
sensitivity,tau_rs,x0.75,x1,tau_rs_x0.75_minus_x1,accel_3d_rms_mps2,10,0.003744330259999999,0.003484240282478177,0.0017444769659999998,0.005835597029749996,1.0746475433481963,0.9820934073924649
sensitivity,tau_rs,x0.75,x1,tau_rs_x0.75_minus_x1,disp_x_rms_m,10,0.013348616659999998,0.0013284956876626044,0.012558344183999998,0.014134662055500003,10.047918697791152,9.18254061268425
sensitivity,tau_rs,x0.75,x1,tau_rs_x0.75_minus_x1,disp_y_rms_m,10,-0.01380210446,0.003624375597910419,-0.0158435603015,-0.011595192540500003,-3.808133038959153,-3.4801571689104387
sensitivity,tau_rs,x0.75,x1,tau_rs_x0.75_minus_x1,disp_z_rms_m,10,0.02157423346,0.0018144947668814139,0.020564588035499997,0.022690942086,11.88993975280502,10.86591740501465
sensitivity,tau_rs,x0.75,x1,tau_rs_x0.75_minus_x1,disp_3d_rms_m,10,0.017272190199999995,0.0023225300745401568,0.015967091135,0.018676199107499993,7.436799372089835,6.796304221451518
sensitivity,tau_rs,x0.75,x1,tau_rs_x0.75_minus_x1,disp_x_pct_hs,10,0.8899076459999999,0.0885662985539181,0.8380783385750002,0.9406626065499999,10.047926361721382,9.18254761655766
sensitivity,tau_rs,x0.75,x1,tau_rs_x0.75_minus_x1,disp_y_pct_hs,10,-0.9201402439999999,0.24162494659998746,-1.056344412875,-0.7740616018750002,-3.808134288067951,-3.4801583104396063
sensitivity,tau_rs,x0.75,x1,tau_rs_x0.75_minus_x1,disp_z_pct_hs,10,1.438282156,0.12096636726561716,1.3712059561250003,1.512576076025,11.889934272737392,10.865912396918441
sensitivity,tau_rs,x0.75,x1,tau_rs_x0.75_minus_x1,disp_3d_pct_refmax,10,1.196369696,0.1557164284772057,1.1096449780500002,1.2903724224499997,7.683002414707506,7.021303000382738
sensitivity,tau_rs,x0.75,x1,tau_rs_x0.75_minus_x1,disp_z_ref_rms_m,10,0.0,0.0,0.0,0.0,nan,nan
sensitivity,tau_rs,x0.75,x1,tau_rs_x0.75_minus_x1,disp_z_pct_refrms,10,5.5045110699999995,0.40054860717968993,5.274365105749999,5.742799750250001,13.742429686019662,12.558861442277975
sensitivity,tau_rs,x0.75,x1,tau_rs_x0.75_minus_x1,roll_rms_deg,10,-0.018207374170000012,0.06393300599478963,-0.052253924558499996,0.021043739422499964,-0.28478833251613206,-0.26026090656196155
sensitivity,tau_rs,x0.75,x1,tau_rs_x0.75_minus_x1,pitch_rms_deg,10,0.2774228312,0.16266912391238206,0.17860349720500004,0.37165985600999996,1.7054424621443671,1.5585610455506071
sensitivity,tau_rs,x0.75,x1,tau_rs_x0.75_minus_x1,yaw_rms_deg,10,0.11267726960000005,1.1733536248987222,-0.54580495174,0.8184387720549998,0.09603010312404818,0.08775950010131715
sensitivity,tau_rs,x0.75,x1,tau_rs_x0.75_minus_x1,dir_axis_error_deg,10,-0.6331054678999999,0.18006775844524162,-0.7259006510249999,-0.5189849841249999,-3.5159290778450294,-3.2131193055659137
sensitivity,tau_rs,x0.75,x1,tau_rs_x0.75_minus_x1,dir_axis_abs_error_deg,10,-0.6331054678999999,0.18006775844524162,-0.7277325062525001,-0.5221243656224999,-3.5159290778450294,-3.2131193055659137
sensitivity,tau_rs,x0.75,x1,tau_rs_x0.75_minus_x1,dir_axis_rmse_deg,10,0.1851491899999999,0.6355179350015505,-0.1520806220000006,0.6001037889999999,0.29133590069263454,0.2662445647207671
sensitivity,tau_rs,x0.75,x1,tau_rs_x0.75_minus_x1,dir_axis_circ_std_deg,10,0.2555303799999997,0.41441564097387135,0.03699586124999892,0.5145572410000009,0.6166040919679254,0.5634989978260327
sensitivity,tau_rs,x0.75,x1,tau_rs_x0.75_minus_x1,dir_axis_available_pct,10,-0.14683228000000098,0.07657857974903869,-0.1948331952500018,-0.10438766975000006,-1.9174066753548562,-1.7522698179622362
sensitivity,tau_rs,x0.75,x1,tau_rs_x0.75_minus_x1,dir_sense_forward_pct,10,3.571889510000002,11.341086218137448,-0.14452003749999848,10.798778560000002,0.3149512702132173,0.2878260579860308
sensitivity,tau_rs,x0.75,x1,tau_rs_x0.75_minus_x1,dir_sense_reverse_pct,10,-3.775777155999999,11.437403476999703,-11.051944161999998,-0.057770671799999174,-0.33012537885832044,-0.3016932948821229
sensitivity,tau_rs,x0.75,x1,tau_rs_x0.75_minus_x1,dir_sense_uncertain_pct,10,0.2038891730000003,0.40026730219756196,-0.047892469249999375,0.4175584820750007,0.5093825348226064,0.4655119088920254
sensitivity,tau_rs,x0.75,x1,tau_rs_x0.75_minus_x1,dir_sense_dominant_pct,10,-3.6907772099999976,11.470909221480383,-11.011945953749999,0.1196666800000031,-0.3217510607693296,-0.2940402158447099
sensitivity,tau_rs,x0.75,x1,tau_rs_x0.75_minus_x1,dir_travel_error_deg,10,-0.5608672029999999,0.2467728478784484,-0.6840830805,-0.391944767375,-2.272807595413671,-2.077061795323959
sensitivity,tau_rs,x0.75,x1,tau_rs_x0.75_minus_x1,dir_travel_abs_error_deg,10,-0.5608672029999999,0.2467728478784484,-0.6829772800999998,-0.3950256294499999,-2.272807595413671,-2.077061795323959
sensitivity,tau_rs,x0.75,x1,tau_rs_x0.75_minus_x1,dir_travel_rmse_deg,10,0.11727905999999955,0.514471210373128,-0.14493568625000056,0.4354429849999989,0.22796039435314783,0.20832728072247048
sensitivity,tau_rs,x0.75,x1,tau_rs_x0.75_minus_x1,dir_travel_correct_pct,10,-0.21016541999999844,0.41171879759801455,-0.42756073025000074,0.04816742875000351,-0.5104586461101914,-0.4664953399785238
sensitivity,tau_rs,x0.75,x1,tau_rs_x0.75_minus_x1,dir_travel_wrong_pct,10,0.006277777879999999,0.05945283788804007,-0.023555555420000002,0.04583333344,0.10559256888329091,0.09649839746231509
sensitivity,tau_rs,x0.75,x1,tau_rs_x0.75_minus_x1,dir_travel_unresolved_pct,10,0.2038891730000003,0.40026730219756196,-0.05428169207499963,0.41272543607500023,0.5093825348226064,0.4655119088920254
sensitivity,tau_rs,x0.75,x1,tau_rs_x0.75_minus_x1,accel_bias_3d_rms_mps2,10,0.03834184347,0.02933516454884551,0.021000081840499996,0.05531393874249999,1.3070267053098548,1.1944588888850194
sensitivity,tau_rs,x0.75,x1,tau_rs_x0.75_minus_x1,gyro_bias_3d_rms_radps,10,5.47461903e-06,7.534999801826543e-06,9.328717182499984e-07,9.685194908249989e-06,0.7265586163217828,0.6639836768720156
sensitivity,tau_rs,x1.25,x1,tau_rs_x1.25_minus_x1,accel_x_rms_mps2,10,-0.0004923418799999999,0.0003206015202259545,-0.0006832678889999999,-0.0003111149999999995,-1.535681676284647,-1.4034209257424368
sensitivity,tau_rs,x1.25,x1,tau_rs_x1.25_minus_x1,accel_y_rms_mps2,10,0.00024177398000000024,0.0004719256986011903,-5.419743224999971e-05,0.0004911527355000004,0.5123136559772641,0.468190586920069
sensitivity,tau_rs,x1.25,x1,tau_rs_x1.25_minus_x1,accel_z_rms_mps2,10,-5.030158299999983e-05,9.800475316828222e-05,-0.00011093565524999952,3.981559500000229e-06,-0.5132565653589053,-0.46905228812918653
sensitivity,tau_rs,x1.25,x1,tau_rs_x1.25_minus_x1,accel_3d_rms_mps2,10,-0.00013054851999999944,0.0005126837418885077,-0.0004419500099999998,0.0001536239462500012,-0.2546375266730997,-0.23270684213470208
sensitivity,tau_rs,x1.25,x1,tau_rs_x1.25_minus_x1,disp_x_rms_m,10,0.01336560547,0.00209063928364378,0.012207773830749998,0.014658361239999996,6.393071045094425,5.842467109557766
sensitivity,tau_rs,x1.25,x1,tau_rs_x1.25_minus_x1,disp_y_rms_m,10,0.03119999131999999,0.0029897262352776587,0.029507201433249995,0.03303432201475,10.435735202725818,9.536956379166783
sensitivity,tau_rs,x1.25,x1,tau_rs_x1.25_minus_x1,disp_z_rms_m,10,0.0044583171599999975,0.0022139035839064377,0.0031254196827499984,0.0057177890025,2.0137810844198043,1.840343970618037
sensitivity,tau_rs,x1.25,x1,tau_rs_x1.25_minus_x1,disp_3d_rms_m,10,0.02780162340000001,0.0021964044909879004,0.026613710277499994,0.0291814069425,12.65778845111329,11.567635051094173
sensitivity,tau_rs,x1.25,x1,tau_rs_x1.25_minus_x1,disp_x_pct_hs,10,0.8910403260000003,0.13937608468751062,0.8120465469500001,0.9759569784250002,6.393064692538646,5.84246130411654
sensitivity,tau_rs,x1.25,x1,tau_rs_x1.25_minus_x1,disp_y_pct_hs,10,2.079999447,0.19931508366115855,1.968110567925,2.2019714742499996,10.435735262947082,9.536956434201485
sensitivity,tau_rs,x1.25,x1,tau_rs_x1.25_minus_x1,disp_z_pct_hs,10,0.2972210389999999,0.14759351701592752,0.20568294299999962,0.384796012325,2.013781126768091,1.8403440093190728
sensitivity,tau_rs,x1.25,x1,tau_rs_x1.25_minus_x1,disp_3d_pct_refmax,10,1.9337261260000003,0.22658804541502844,1.7994727015499998,2.063474834875,8.53410480000436,7.799104100650284
sensitivity,tau_rs,x1.25,x1,tau_rs_x1.25_minus_x1,disp_z_ref_rms_m,10,0.0,0.0,0.0,0.0,nan,nan
sensitivity,tau_rs,x1.25,x1,tau_rs_x1.25_minus_x1,disp_z_pct_refrms,10,1.1409339900000006,0.5587516561928573,0.8082211962500007,1.4639834547500006,2.041933974341901,1.8660721898492407
sensitivity,tau_rs,x1.25,x1,tau_rs_x1.25_minus_x1,roll_rms_deg,10,0.013242927989999995,0.021002214411121625,0.00015555206749999172,0.025400863977500004,0.6305491283332135,0.5762430164254035
sensitivity,tau_rs,x1.25,x1,tau_rs_x1.25_minus_x1,pitch_rms_deg,10,-0.0005731968099999957,0.034776217416426676,-0.021564284717750005,0.019380741455499995,-0.016482436923379827,-0.015062885259831306
sensitivity,tau_rs,x1.25,x1,tau_rs_x1.25_minus_x1,yaw_rms_deg,10,0.043688041499999976,0.16165292901374193,-0.05763669948750001,0.13119138718749992,0.2702582734908942,0.24698225044253289
sensitivity,tau_rs,x1.25,x1,tau_rs_x1.25_minus_x1,dir_axis_error_deg,10,0.13883819700000016,0.0732955638255251,0.09192234440000015,0.17531284315000006,1.8942237395225536,1.7310835149870571
sensitivity,tau_rs,x1.25,x1,tau_rs_x1.25_minus_x1,dir_axis_abs_error_deg,10,0.13883819700000016,0.0732955638255251,0.09137398010000013,0.17665225985000002,1.8942237395225536,1.7310835149870571
sensitivity,tau_rs,x1.25,x1,tau_rs_x1.25_minus_x1,dir_axis_rmse_deg,10,0.18275186000000013,0.44543856527590076,-0.010799436999999468,0.47945889050000023,0.41027399566718076,0.3749391033956428
sensitivity,tau_rs,x1.25,x1,tau_rs_x1.25_minus_x1,dir_axis_circ_std_deg,10,0.10095386000000026,0.3019478752343677,-0.039404706749999886,0.29932330500000054,0.33434201158607685,0.30554676965993016
sensitivity,tau_rs,x1.25,x1,tau_rs_x1.25_minus_x1,dir_axis_available_pct,10,0.08216780999999855,0.05987938206265798,0.04860796274999679,0.1192794402499997,1.372222076607569,1.2540393017750933
sensitivity,tau_rs,x1.25,x1,tau_rs_x1.25_minus_x1,dir_sense_forward_pct,10,0.6512771700000005,9.133075796205963,-4.772173510749999,6.714007905250001,0.0713097300988734,0.06516817187786403
sensitivity,tau_rs,x1.25,x1,tau_rs_x1.25_minus_x1,dir_sense_reverse_pct,10,-0.6569439939999976,8.990839291252998,-6.653170631999998,4.612227202250004,-0.07306815000454127,-0.06677514767888211
sensitivity,tau_rs,x1.25,x1,tau_rs_x1.25_minus_x1,dir_sense_uncertain_pct,10,0.005666808999999695,0.2664916804695961,-0.13555865125000024,0.1743348597499995,0.021264487469229713,0.019433081184966384
sensitivity,tau_rs,x1.25,x1,tau_rs_x1.25_minus_x1,dir_sense_dominant_pct,10,-1.5395561199999974,5.079252709978093,-4.778172538749998,0.12733333150000317,-0.30310681667316325,-0.277001709288772
sensitivity,tau_rs,x1.25,x1,tau_rs_x1.25_minus_x1,dir_travel_error_deg,10,0.10086569900000017,0.09946764307283276,0.03950791217500022,0.15581458510000026,1.014055384082477,0.9267197544000286
sensitivity,tau_rs,x1.25,x1,tau_rs_x1.25_minus_x1,dir_travel_abs_error_deg,10,0.10086569900000017,0.09946764307283276,0.039582330825000143,0.15597246655000024,1.014055384082477,0.9267197544000286
sensitivity,tau_rs,x1.25,x1,tau_rs_x1.25_minus_x1,dir_travel_rmse_deg,10,0.007314330000000169,0.14075299332999505,-0.07689215100000012,0.08545668000000042,0.05196571544913251,0.04749016258299853
sensitivity,tau_rs,x1.25,x1,tau_rs_x1.25_minus_x1,dir_travel_correct_pct,10,0.0045555100000029825,0.2562367808030615,-0.1598906032499988,0.13555378774999982,0.017778517142331165,0.016247340429679926
sensitivity,tau_rs,x1.25,x1,tau_rs_x1.25_minus_x1,dir_travel_wrong_pct,10,-0.010222222170000001,0.027630723555715136,-0.027666667470000007,0.00577777919,-0.3699585408752583,-0.33809582151010714
sensitivity,tau_rs,x1.25,x1,tau_rs_x1.25_minus_x1,dir_travel_unresolved_pct,10,0.005666808999999695,0.2664916804695961,-0.1346665425249999,0.1761685072499995,0.021264487469229713,0.019433081184966384
sensitivity,tau_rs,x1.25,x1,tau_rs_x1.25_minus_x1,accel_bias_3d_rms_mps2,10,0.0013057661099999992,0.005847447265353108,-0.0022569983669999973,0.004651503888999993,0.2233053246562538,0.20407312940693467
sensitivity,tau_rs,x1.25,x1,tau_rs_x1.25_minus_x1,gyro_bias_3d_rms_radps,10,8.812886299999994e-07,9.628697671743493e-07,3.121067867500057e-07,1.4409645274999985e-06,0.9152729268738399,0.8364449470074828
sensitivity,tau_rs,x1.5,x1,tau_rs_x1.5_minus_x1,accel_x_rms_mps2,10,-0.0005539480499999999,0.0003913909215104631,-0.0007912492695,-0.0003314757875,-1.4153318831775488,-1.2934362715894314
sensitivity,tau_rs,x1.5,x1,tau_rs_x1.5_minus_x1,accel_y_rms_mps2,10,0.00038907184999999975,0.0005928560754536394,1.1116843250000219e-05,0.000698963971,0.6562669526533758,0.5997458903431316
sensitivity,tau_rs,x1.5,x1,tau_rs_x1.5_minus_x1,accel_z_rms_mps2,10,0.0002411448259999999,0.0002227179203277454,0.00010178431365000016,0.0003659553599999997,1.082736520012121,0.9894857200659216
sensitivity,tau_rs,x1.5,x1,tau_rs_x1.5_minus_x1,accel_3d_rms_mps2,10,8.434581000000031e-05,0.0006101135412213285,-0.00029434957224999995,0.00040624925825000083,0.13824608749243036,0.1263396282478885
sensitivity,tau_rs,x1.5,x1,tau_rs_x1.5_minus_x1,disp_x_rms_m,10,0.04190175826,0.004573544726409937,0.03928826082274999,0.0446831361785,9.161768555151165,8.372710246967177
sensitivity,tau_rs,x1.5,x1,tau_rs_x1.5_minus_x1,disp_y_rms_m,10,0.07213383514,0.0069908026341718036,0.068316561532,0.07647313081175,10.318391022427377,9.42971847909406
sensitivity,tau_rs,x1.5,x1,tau_rs_x1.5_minus_x1,disp_z_rms_m,10,0.02343582731,0.004526945689296775,0.020754647154250003,0.025990986929000003,5.176962331447933,4.731095890466098
sensitivity,tau_rs,x1.5,x1,tau_rs_x1.5_minus_x1,disp_3d_rms_m,10,0.0800533705,0.004973767658393899,0.07725706884,0.0830881034875,16.095116619470396,14.708922959007015
sensitivity,tau_rs,x1.5,x1,tau_rs_x1.5_minus_x1,disp_x_pct_hs,10,2.793450404,0.304903128656653,2.617076957775,2.9782544703500005,9.16176366017439,8.372705773570807
sensitivity,tau_rs,x1.5,x1,tau_rs_x1.5_minus_x1,disp_y_pct_hs,10,4.808922148000001,0.4660536126871641,4.548484519775,5.086938833275,10.318388307887579,9.429715998344296
sensitivity,tau_rs,x1.5,x1,tau_rs_x1.5_minus_x1,disp_z_pct_hs,10,1.562388419,0.3017962510421297,1.3802810382,1.7375807004500001,5.176964304907472,4.73109769396122
sensitivity,tau_rs,x1.5,x1,tau_rs_x1.5_minus_x1,disp_3d_pct_refmax,10,5.561228280000001,0.5270422159178817,5.2465335499,5.856456765775,10.551770070856135,9.64299773172354
sensitivity,tau_rs,x1.5,x1,tau_rs_x1.5_minus_x1,disp_z_ref_rms_m,10,0.0,0.0,0.0,0.0,nan,nan
sensitivity,tau_rs,x1.5,x1,tau_rs_x1.5_minus_x1,disp_z_pct_refrms,10,5.989343270000001,1.1611814426014564,5.291068631750001,6.6358301465,5.157973638109267,4.713742600395943
sensitivity,tau_rs,x1.5,x1,tau_rs_x1.5_minus_x1,roll_rms_deg,10,0.024674558729999994,0.03677646542584345,0.001021370542499993,0.04583837254,0.6709333929807392,0.6131491819102829
sensitivity,tau_rs,x1.5,x1,tau_rs_x1.5_minus_x1,pitch_rms_deg,10,-0.0007875316100000058,0.030732995040166536,-0.01955506058975,0.017211825197500003,-0.02562495483992823,-0.023418002831528444
sensitivity,tau_rs,x1.5,x1,tau_rs_x1.5_minus_x1,yaw_rms_deg,10,0.045038872299999935,0.17830636801793232,-0.06662073054250017,0.1401221971249997,0.2525926179791311,0.23083805142327585
sensitivity,tau_rs,x1.5,x1,tau_rs_x1.5_minus_x1,dir_axis_error_deg,10,0.15251464800000006,0.17798767873342067,0.03780903054999994,0.24227836325000007,0.856883179135267,0.7830840226111002
sensitivity,tau_rs,x1.5,x1,tau_rs_x1.5_minus_x1,dir_axis_abs_error_deg,10,0.15251464800000006,0.17798767873342067,0.03765060642500008,0.2417062725749999,0.856883179135267,0.7830840226111002
sensitivity,tau_rs,x1.5,x1,tau_rs_x1.5_minus_x1,dir_axis_rmse_deg,10,0.21079750999999938,0.2859468299937691,0.044602659999999725,0.3775464174999995,0.7371912813462306,0.6737006024706993
sensitivity,tau_rs,x1.5,x1,tau_rs_x1.5_minus_x1,dir_axis_circ_std_deg,10,0.12622127999999969,0.25699605629123196,-0.022735029999999767,0.27885095499999996,0.4911409218550955,0.4488413568152197
sensitivity,tau_rs,x1.5,x1,tau_rs_x1.5_minus_x1,dir_axis_available_pct,10,0.07372127999999947,0.07853209532094461,0.033888219999999976,0.1257209492500014,0.9387407746949279,0.8578916238955837
sensitivity,tau_rs,x1.5,x1,tau_rs_x1.5_minus_x1,dir_sense_forward_pct,10,-1.728555859999999,12.00447017142502,-8.79900054,5.128665174000001,-0.14399268233550092,-0.13159129698827524
sensitivity,tau_rs,x1.5,x1,tau_rs_x1.5_minus_x1,dir_sense_reverse_pct,10,1.7635563940000007,11.876048140954502,-5.0006707407999995,8.71151592225,0.14849690512102118,0.1357075930990021
sensitivity,tau_rs,x1.5,x1,tau_rs_x1.5_minus_x1,dir_sense_uncertain_pct,10,-0.03499976100000044,0.30639969115884874,-0.20644556995000019,0.14956825924999936,-0.11422910012613326,-0.10439110651733063
sensitivity,tau_rs,x1.5,x1,tau_rs_x1.5_minus_x1,dir_sense_dominant_pct,10,-1.333499899999999,5.088825959058039,-4.688781065999996,0.6385317974999989,-0.2620447055428154,-0.2394760769227516
sensitivity,tau_rs,x1.5,x1,tau_rs_x1.5_minus_x1,dir_travel_error_deg,10,0.1003559350000002,0.22618626673667244,-0.04395695899999986,0.21561223525000026,0.44368712763996077,0.4054745257617174
sensitivity,tau_rs,x1.5,x1,tau_rs_x1.5_minus_x1,dir_travel_abs_error_deg,10,0.1003559350000002,0.22618626673667244,-0.044616433374999896,0.21559187627500018,0.44368712763996077,0.4054745257617174
sensitivity,tau_rs,x1.5,x1,tau_rs_x1.5_minus_x1,dir_travel_rmse_deg,10,0.13106270999999978,0.24857096405706072,-0.0069287515000000695,0.28567050075,0.5272647611806891,0.48185402657002807
sensitivity,tau_rs,x1.5,x1,tau_rs_x1.5_minus_x1,dir_travel_correct_pct,10,0.03383408000000117,0.3129280966264019,-0.16294895724999814,0.20655810224999818,0.10812094012892343,0.0988090124608289
sensitivity,tau_rs,x1.5,x1,tau_rs_x1.5_minus_x1,dir_travel_wrong_pct,10,0.001166667619999999,0.027793145128120377,-0.015222222000000002,0.01755555724,0.04197681171461215,0.03836155426348751
sensitivity,tau_rs,x1.5,x1,tau_rs_x1.5_minus_x1,dir_travel_unresolved_pct,10,-0.03499976100000044,0.30639969115884874,-0.20500240535000042,0.14922675324999907,-0.11422910012613326,-0.10439110651733063
sensitivity,tau_rs,x1.5,x1,tau_rs_x1.5_minus_x1,accel_bias_3d_rms_mps2,10,0.0030227404799999984,0.0067357827919051205,-0.0010369215877500005,0.006737141208499996,0.4487586036225285,0.41010922032651503
sensitivity,tau_rs,x1.5,x1,tau_rs_x1.5_minus_x1,gyro_bias_3d_rms_radps,10,1.8902945699999989e-06,1.2166102290098977e-06,1.1615928350000008e-06,2.5902877517499928e-06,1.5537388433256552,1.4199229173181183
low_motion,,Hs0.05,Hs0.27,Hs0.05_minus_Hs0.27,accel_x_rms_mps2,10,-0.002292400038,0.00021835573652719708,-0.0024211661440249996,-0.00216516801185,-10.49846491078778,-9.594283484334087
low_motion,,Hs0.05,Hs0.27,Hs0.05_minus_Hs0.27,accel_y_rms_mps2,10,-0.0016734190499999996,0.0007815103270515449,-0.002196015848775,-0.00134052605245,-2.1412628753268264,-1.9568463784887125
low_motion,,Hs0.05,Hs0.27,Hs0.05_minus_Hs0.27,accel_z_rms_mps2,10,-0.004884850981,0.0009795524741579987,-0.005469058819724999,-0.0043292470411500006,-4.986819093279212,-4.557328759259573
low_motion,,Hs0.05,Hs0.27,Hs0.05_minus_Hs0.27,accel_3d_rms_mps2,10,-0.005563871664,0.0011201526991780305,-0.006272731641075,-0.0049488053124500005,-4.967065354645644,-4.539276313503323
low_motion,,Hs0.05,Hs0.27,Hs0.05_minus_Hs0.27,disp_x_rms_m,10,-0.00065811025,0.00018976724700058202,-0.0007711921738000002,-0.0005474326357749997,-3.4679864960995173,-3.1693057838609784
low_motion,,Hs0.05,Hs0.27,Hs0.05_minus_Hs0.27,disp_y_rms_m,10,0.0008418614939999999,0.00025913633608257456,0.0007103474674000005,0.0010143332794749996,3.248720371394532,2.968923977872438
low_motion,,Hs0.05,Hs0.27,Hs0.05_minus_Hs0.27,disp_z_rms_m,10,-0.0019519225809999999,0.00026992966035265225,-0.0021136385737500003,-0.00179562507945,-7.231226751628152,-6.608436565171585
low_motion,,Hs0.05,Hs0.27,Hs0.05_minus_Hs0.27,disp_3d_rms_m,10,-0.00108139393,0.00034542507828077927,-0.0012714145272499997,-0.0008697548114999999,-3.130617890809269,-2.860993086207148
low_motion,,Hs0.05,Hs0.27,Hs0.05_minus_Hs0.27,disp_x_pct_hs,10,12.253674947999999,0.7485324135130904,11.819117038025,12.709424455499999,16.37026630615737,14.960375349154827
low_motion,,Hs0.05,Hs0.27,Hs0.05_minus_Hs0.27,disp_y_pct_hs,10,16.231927968,0.7878568974749037,15.841561961725,16.749482986725003,20.602634843997226,18.828230688699428
low_motion,,Hs0.05,Hs0.27,Hs0.05_minus_Hs0.27,disp_z_pct_hs,10,14.377611865,0.748704197012573,13.938484980575,14.825430259000003,19.20332745878618,17.549438803455164
low_motion,,Hs0.05,Hs0.27,Hs0.05_minus_Hs0.27,disp_3d_pct_refmax,10,34.79857732799999,2.7221551515744498,33.208366235274994,36.38576463405,12.783465816734608,11.682488440002128
low_motion,,Hs0.05,Hs0.27,Hs0.05_minus_Hs0.27,disp_z_ref_rms_m,10,-0.043287250584,0.0010149531619606978,-0.043860614574,-0.042687534903024994,-42.64950561893636,-38.976312332511306
low_motion,,Hs0.05,Hs0.27,Hs0.05_minus_Hs0.27,disp_z_pct_refrms,10,73.09619254000002,3.9281987206975533,70.82367479325,75.3975158445,18.608068923514107,17.005446973944807
low_motion,,Hs0.05,Hs0.27,Hs0.05_minus_Hs0.27,roll_rms_deg,10,-0.028925163240000003,0.11022462258778537,-0.0917739132105,0.034889494827499944,-0.2624201613116285,-0.23981919652284855
low_motion,,Hs0.05,Hs0.27,Hs0.05_minus_Hs0.27,pitch_rms_deg,10,-0.008137917020000001,0.05907362412673608,-0.04302298906099999,0.026166173659999986,-0.13775889223489962,-0.12589439273463074
low_motion,,Hs0.05,Hs0.27,Hs0.05_minus_Hs0.27,yaw_rms_deg,10,0.6884874314999999,1.678780284287898,-0.22990737278999998,1.7158519662,0.41011169713137374,0.3747907828387941
low_motion,,Hs0.05,Hs0.27,Hs0.05_minus_Hs0.27,dir_axis_available_pct,10,-0.6272777766,0.23024134287714526,-0.765444445675,-0.4947180506175,-2.7244358843698624,-2.489793549024254
low_motion,,Hs0.05,Hs0.27,Hs0.05_minus_Hs0.27,dir_sense_forward_pct,10,-0.19866667510600003,0.15406277388386344,-0.2870597364529,-0.10633194725950001,-1.2895177082541702,-1.1784578560953596
low_motion,,Hs0.05,Hs0.27,Hs0.05_minus_Hs0.27,dir_sense_reverse_pct,10,0.0,0.0,0.0,0.0,nan,nan
low_motion,,Hs0.05,Hs0.27,Hs0.05_minus_Hs0.27,dir_sense_uncertain_pct,10,0.19866561000000188,0.1540630098243249,0.10838706975000233,0.2884986995000021,1.2895088199726623,1.1784497333180584
low_motion,,Hs0.05,Hs0.27,Hs0.05_minus_Hs0.27,dir_sense_dominant_pct,10,-0.19866667510600003,0.15406277388386344,-0.28922223454039997,-0.10888750399735002,-1.2895177082541702,-1.1784578560953596
low_motion,,Hs0.05,Hs0.27,Hs0.05_minus_Hs0.27,dir_travel_correct_pct,10,-0.19866667510600003,0.15406277388386344,-0.28833751701250004,-0.10610972659255002,-1.2895177082541702,-1.1784578560953596
low_motion,,Hs0.05,Hs0.27,Hs0.05_minus_Hs0.27,dir_travel_wrong_pct,10,0.0,0.0,0.0,0.0,nan,nan
low_motion,,Hs0.05,Hs0.27,Hs0.05_minus_Hs0.27,dir_travel_unresolved_pct,10,0.19866561000000188,0.1540630098243249,0.10772015100000036,0.2875005132500009,1.2895088199726623,1.1784497333180584
low_motion,,Hs0.05,Hs0.27,Hs0.05_minus_Hs0.27,accel_bias_3d_rms_mps2,10,-0.004244440010000002,0.018367842870973934,-0.014961383817750003,0.006355841007499994,-0.23107993898986057,-0.21117815423978836
low_motion,,Hs0.05,Hs0.27,Hs0.05_minus_Hs0.27,gyro_bias_3d_rms_radps,10,7.305800550000003e-06,1.3571350788671734e-05,-3.1387250400000055e-07,1.525796008525e-05,0.5383252311257251,0.4919619123442226
transition_rate,,rapid/Adaptive,controlled/Adaptive,rapid_minus_controlled_Adaptive,accel_x_rms_mps2,10,0.00027300371000000005,0.00031862696793983107,0.00013714861999999955,0.00048527870650000033,0.8568129426243468,0.7830198352272831
transition_rate,,rapid/Adaptive,controlled/Adaptive,rapid_minus_controlled_Adaptive,accel_y_rms_mps2,10,0.00025997125999999984,0.0004588946475581,8.998023825000097e-05,0.000560142335,0.5665162175749396,0.5177249470350239
transition_rate,,rapid/Adaptive,controlled/Adaptive,rapid_minus_controlled_Adaptive,accel_z_rms_mps2,10,5.548690000000012e-05,4.5596117332679985e-05,3.1441550750000624e-05,8.472738349999951e-05,1.2169215987219846,1.112114094352073
transition_rate,,rapid/Adaptive,controlled/Adaptive,rapid_minus_controlled_Adaptive,accel_3d_rms_mps2,10,0.00036562812,0.0005344828801555112,0.00016445137175000085,0.0007188072457499986,0.6840782625135126,0.6251619481321733
transition_rate,,rapid/Adaptive,controlled/Adaptive,rapid_minus_controlled_Adaptive,disp_x_rms_m,10,0.008235627399999996,0.009757577433585104,0.0033459136899999997,0.014627100387499977,0.8440237811132679,0.7713321416352285
transition_rate,,rapid/Adaptive,controlled/Adaptive,rapid_minus_controlled_Adaptive,disp_y_rms_m,10,0.0028619261000000008,0.002788445585401001,0.0013885930250000023,0.004685837827499998,1.0263517835828353,0.9379571251628565
transition_rate,,rapid/Adaptive,controlled/Adaptive,rapid_minus_controlled_Adaptive,disp_z_rms_m,10,0.0057736500999999996,0.006675139085908154,0.002349738699999998,0.010324200069999994,0.8649482843269465,0.7904545197454418
transition_rate,,rapid/Adaptive,controlled/Adaptive,rapid_minus_controlled_Adaptive,disp_3d_rms_m,10,0.010140791499999996,0.01075598906839325,0.004558767620000008,0.017043504889999977,0.9428041843031407,0.8616050719115981
transition_rate,,rapid/Adaptive,controlled/Adaptive,rapid_minus_controlled_Adaptive,disp_x_pct_hs,10,0.20589055899999992,0.24393945692516683,0.08265904040000008,0.36455273342499966,0.844023191636279,0.771331602927009
transition_rate,,rapid/Adaptive,controlled/Adaptive,rapid_minus_controlled_Adaptive,disp_y_pct_hs,10,0.0715480819999998,0.06971111118457192,0.034738377274999815,0.11692673957499992,1.0263511911403076,0.9379565837445055
transition_rate,,rapid/Adaptive,controlled/Adaptive,rapid_minus_controlled_Adaptive,disp_z_pct_hs,10,0.14434132699999996,0.1668785728573074,0.05933633492499995,0.25649645577499985,0.8649482346869162,0.7904544743806645
transition_rate,,rapid/Adaptive,controlled/Adaptive,rapid_minus_controlled_Adaptive,disp_3d_pct_refmax,10,0.021405778999999646,0.5304406708598961,-0.33001653122500024,0.2487074640499998,0.040354709161533164,0.03687915546831603
transition_rate,,rapid/Adaptive,controlled/Adaptive,rapid_minus_controlled_Adaptive,disp_z_ref_rms_m,10,0.010359668499999985,0.008763735621154598,0.005501450220000003,0.015783362544999978,1.1821064609700227,1.0802974141062562
transition_rate,,rapid/Adaptive,controlled/Adaptive,rapid_minus_controlled_Adaptive,disp_z_pct_refrms,10,0.40579909999999975,0.6161497166793707,0.0851745069999989,0.8068500227500001,0.658604701121964,0.601882299971901
transition_rate,,rapid/Adaptive,controlled/Adaptive,rapid_minus_controlled_Adaptive,roll_rms_deg,10,0.00033250870999999014,0.0057168420864223265,-0.002523576576500022,0.004062912506499992,0.0581630041504397,0.05315370912431284
transition_rate,,rapid/Adaptive,controlled/Adaptive,rapid_minus_controlled_Adaptive,pitch_rms_deg,10,0.0025747828100000036,0.008646087522457168,-0.00171352009500001,0.008316918112250013,0.2977974492291821,0.27214961169041685
transition_rate,,rapid/Adaptive,controlled/Adaptive,rapid_minus_controlled_Adaptive,yaw_rms_deg,10,0.011813076499999997,0.04486163385668953,-0.00823935873499998,0.04215412561999994,0.26332247589860114,0.24064379916838102
transition_rate,,rapid/Adaptive,controlled/Adaptive,rapid_minus_controlled_Adaptive,dir_axis_error_deg,10,-0.11933899119999995,0.4480031900482195,-0.38093883435,0.13706115632500004,-0.266379779990306,-0.2434377926143647
transition_rate,,rapid/Adaptive,controlled/Adaptive,rapid_minus_controlled_Adaptive,dir_axis_abs_error_deg,10,-0.10128174119999993,0.45291644579469975,-0.3665965655799999,0.160975300725,-0.22362124877644524,-0.20436184452808925
transition_rate,,rapid/Adaptive,controlled/Adaptive,rapid_minus_controlled_Adaptive,dir_axis_rmse_deg,10,0.051082620000000745,0.6648793844169602,-0.35620335549999915,0.4241400925000011,0.07682990508841786,0.07021292119910992
transition_rate,,rapid/Adaptive,controlled/Adaptive,rapid_minus_controlled_Adaptive,dir_axis_circ_std_deg,10,0.03658237999999976,0.5726891654141553,-0.3087906317500002,0.36942179049999985,0.0638782470653941,0.05837672612478495
transition_rate,,rapid/Adaptive,controlled/Adaptive,rapid_minus_controlled_Adaptive,dir_axis_available_pct,10,0.08533325999999875,0.3652533889157807,-0.12539399800000248,0.30028182599999725,0.23362756538221935,0.2135063660334331
transition_rate,,rapid/Adaptive,controlled/Adaptive,rapid_minus_controlled_Adaptive,dir_sense_forward_pct,10,-2.628111305999999,8.461136243111321,-8.083889174999998,0.2450002708000013,-0.31060973733163677,-0.28385844009366257
transition_rate,,rapid/Adaptive,controlled/Adaptive,rapid_minus_controlled_Adaptive,dir_sense_reverse_pct,10,2.9154437999999994,8.450594558287177,0.06166055924999667,8.342955683249999,0.3449986601405382,0.3152856132045098
transition_rate,,rapid/Adaptive,controlled/Adaptive,rapid_minus_controlled_Adaptive,dir_sense_uncertain_pct,10,-0.2873334800000002,0.5971534827643986,-0.6397821055000005,0.05706642199999964,-0.4811719068770214,-0.43973092433085387
transition_rate,,rapid/Adaptive,controlled/Adaptive,rapid_minus_controlled_Adaptive,dir_sense_dominant_pct,10,2.681054689999999,7.782662297238337,0.03316196250000069,7.673565701249999,0.34449068809671546,0.31482139030792766
transition_rate,,rapid/Adaptive,controlled/Adaptive,rapid_minus_controlled_Adaptive,dir_travel_error_deg,10,-0.13200732490000025,0.41929774712219753,-0.3788039962475,0.11604993215499945,-0.3148295591999183,-0.2877148293469222
transition_rate,,rapid/Adaptive,controlled/Adaptive,rapid_minus_controlled_Adaptive,dir_travel_abs_error_deg,10,-0.09308222510000023,0.430750216180074,-0.3454334390000002,0.15953429589999965,-0.21609327541483453,-0.19748221868683005
transition_rate,,rapid/Adaptive,controlled/Adaptive,rapid_minus_controlled_Adaptive,dir_travel_rmse_deg,10,0.04302807000000044,0.38178211233399967,-0.1770450262499992,0.2647139022499998,0.11270321109847495,0.10299663484729195
transition_rate,,rapid/Adaptive,controlled/Adaptive,rapid_minus_controlled_Adaptive,dir_travel_correct_pct,10,0.28749998999999915,0.5966936059647897,-0.05866828274999889,0.6397376975000009,0.4818218045677604,0.4403248495126542
transition_rate,,rapid/Adaptive,controlled/Adaptive,rapid_minus_controlled_Adaptive,dir_travel_wrong_pct,10,-0.00016666501,0.0008705653960678494,-0.0006666607499999936,0.0003888875184999931,-0.19144456091729448,-0.17495637739256514
transition_rate,,rapid/Adaptive,controlled/Adaptive,rapid_minus_controlled_Adaptive,dir_travel_unresolved_pct,10,-0.2873334800000002,0.5971534827643986,-0.6430138205000004,0.0583403305000002,-0.4811719068770214,-0.43973092433085387
transition_rate,,rapid/Adaptive,controlled/Adaptive,rapid_minus_controlled_Adaptive,accel_bias_3d_rms_mps2,10,0.000308624549999997,0.0017217046734960132,-0.0004798675350000083,0.001469316877249998,0.17925521998689728,0.16381684476877587
transition_rate,,rapid/Adaptive,controlled/Adaptive,rapid_minus_controlled_Adaptive,gyro_bias_3d_rms_radps,10,1.7498686000000025e-06,2.8963961971713658e-06,5.361615475000003e-07,3.665842795000005e-06,0.6041537417114871,0.5521209353326507
transition_rate,,rapid/FixedNominal,controlled/FixedNominal,rapid_minus_controlled_FixedNominal,accel_x_rms_mps2,10,0.0009398531200000008,0.0010698278045758122,0.00035994071049999955,0.0016012332520000017,0.878508780553384,0.8028471167670307
transition_rate,,rapid/FixedNominal,controlled/FixedNominal,rapid_minus_controlled_FixedNominal,accel_y_rms_mps2,10,0.0010088357999999988,0.0012098028574238885,0.0003796505962499993,0.0017915508419999967,0.8338844579588597,0.7620660687846439
transition_rate,,rapid/FixedNominal,controlled/FixedNominal,rapid_minus_controlled_FixedNominal,accel_z_rms_mps2,10,0.0002048636799999998,0.00019414701331138412,9.562182049999948e-05,0.00032508462175000045,1.0551987203193678,0.9643196163515017
transition_rate,,rapid/FixedNominal,controlled/FixedNominal,rapid_minus_controlled_FixedNominal,accel_3d_rms_mps2,10,0.0013802919499999997,0.0016006805996782723,0.0005124319500000009,0.002358305596749999,0.8623156613989266,0.788048631751967
transition_rate,,rapid/FixedNominal,controlled/FixedNominal,rapid_minus_controlled_FixedNominal,disp_x_rms_m,10,0.007739686900000003,0.006340058324009523,0.004143403962500027,0.01157093576749999,1.2207595741966832,1.115621523773716
transition_rate,,rapid/FixedNominal,controlled/FixedNominal,rapid_minus_controlled_FixedNominal,disp_y_rms_m,10,0.006093072900000001,0.005296321717049456,0.003140791552500004,0.009387941700000003,1.1504348159942237,1.0513534929811057
transition_rate,,rapid/FixedNominal,controlled/FixedNominal,rapid_minus_controlled_FixedNominal,disp_z_rms_m,10,0.006764552000000007,0.005622944843128736,0.0035979199099999987,0.010145704867500004,1.2030265614762914,1.0994157686927117
transition_rate,,rapid/FixedNominal,controlled/FixedNominal,rapid_minus_controlled_FixedNominal,disp_3d_rms_m,10,0.01198842510000001,0.00966232731084956,0.006510589457500044,0.01786235566500001,1.2407388731841593,1.1338801034739867
transition_rate,,rapid/FixedNominal,controlled/FixedNominal,rapid_minus_controlled_FixedNominal,disp_x_pct_hs,10,0.19349222000000008,0.15850130924502248,0.10491433325000014,0.28936785375000024,1.2207610203451769,1.115622845372514
transition_rate,,rapid/FixedNominal,controlled/FixedNominal,rapid_minus_controlled_FixedNominal,disp_y_pct_hs,10,0.15232682599999975,0.13240786942383445,0.07894156127499943,0.23523891959999993,1.150436349915164,1.051354894792939
transition_rate,,rapid/FixedNominal,controlled/FixedNominal,rapid_minus_controlled_FixedNominal,disp_z_pct_hs,10,0.1691139179999997,0.14057373157380226,0.09205999599999952,0.2534862193999995,1.203026455274922,1.0994156716379468
transition_rate,,rapid/FixedNominal,controlled/FixedNominal,rapid_minus_controlled_FixedNominal,disp_3d_pct_refmax,10,-0.18703268999999983,1.2070698142290328,-0.9888348057499999,0.2944762837499995,-0.15494769879525105,-0.14160281147001502
transition_rate,,rapid/FixedNominal,controlled/FixedNominal,rapid_minus_controlled_FixedNominal,disp_z_ref_rms_m,10,0.010359668499999985,0.008763735621154598,0.005478948605000005,0.015902594837499975,1.1821064609700227,1.0802974141062562
transition_rate,,rapid/FixedNominal,controlled/FixedNominal,rapid_minus_controlled_FixedNominal,disp_z_pct_refrms,10,0.18396032000000062,0.20657154270916936,0.07310334950000177,0.31312464375000104,0.8905404761342034,0.813842581264033
transition_rate,,rapid/FixedNominal,controlled/FixedNominal,rapid_minus_controlled_FixedNominal,roll_rms_deg,10,0.005117675800000004,0.018324425577624585,-0.0056544180024999825,0.016192294529999998,0.2792816494203806,0.2552284871436958
transition_rate,,rapid/FixedNominal,controlled/FixedNominal,rapid_minus_controlled_FixedNominal,pitch_rms_deg,10,0.030726704999999986,0.033332871207376685,0.01254751184999999,0.05153669562499999,0.9218139298243248,0.842422605371072
transition_rate,,rapid/FixedNominal,controlled/FixedNominal,rapid_minus_controlled_FixedNominal,yaw_rms_deg,10,0.1774972980000001,0.19875602239486878,0.06951856192500026,0.29837925772500024,0.893041105679636,0.8161278438192785
transition_rate,,rapid/FixedNominal,controlled/FixedNominal,rapid_minus_controlled_FixedNominal,dir_axis_error_deg,10,-0.12433319149999995,0.5534252510613044,-0.4514677809124998,0.2044330972249999,-0.22466121894793564,-0.20531224715602753
transition_rate,,rapid/FixedNominal,controlled/FixedNominal,rapid_minus_controlled_FixedNominal,dir_axis_abs_error_deg,10,-0.02809906029999998,0.49871937655822657,-0.3156310659099998,0.26536651662499977,-0.056342427466760665,-0.05148992980451562
transition_rate,,rapid/FixedNominal,controlled/FixedNominal,rapid_minus_controlled_FixedNominal,dir_axis_rmse_deg,10,0.15526655000000034,0.7253652920394968,-0.3134328112500003,0.5395841600000002,0.21405290782998468,0.19561757798100837
transition_rate,,rapid/FixedNominal,controlled/FixedNominal,rapid_minus_controlled_FixedNominal,dir_axis_circ_std_deg,10,0.08632106999999963,0.5809354978998333,-0.292506863750001,0.39636658350000054,0.1485897665266848,0.13579245680605465
transition_rate,,rapid/FixedNominal,controlled/FixedNominal,rapid_minus_controlled_FixedNominal,dir_axis_available_pct,10,0.056887840000000266,0.3859387121186129,-0.1638335902500015,0.28368146125000343,0.1474012277434262,0.13470628105411295
transition_rate,,rapid/FixedNominal,controlled/FixedNominal,rapid_minus_controlled_FixedNominal,dir_sense_forward_pct,10,1.97211152346,17.23436762564343,-7.7391445185,13.552841550130001,0.1144290040863262,0.10457379372732085
transition_rate,,rapid/FixedNominal,controlled/FixedNominal,rapid_minus_controlled_FixedNominal,dir_sense_reverse_pct,10,-1.6866668699999998,17.398322252041993,-13.33467020825,8.034782610499999,-0.0969442251710242,-0.08859489328808255
transition_rate,,rapid/FixedNominal,controlled/FixedNominal,rapid_minus_controlled_FixedNominal,dir_sense_uncertain_pct,10,-0.28544444999999996,0.6015477990956386,-0.6428972852499999,0.051391742250000004,-0.47451665591518166,-0.43364885757825034
transition_rate,,rapid/FixedNominal,controlled/FixedNominal,rapid_minus_controlled_FixedNominal,dir_sense_dominant_pct,10,-1.1256664200000004,15.52559443120658,-11.529147289500001,7.591030748249997,-0.07250391764307594,-0.06625950989060213
transition_rate,,rapid/FixedNominal,controlled/FixedNominal,rapid_minus_controlled_FixedNominal,dir_travel_error_deg,10,-0.14462570850000012,0.5359969700152257,-0.4357545222,0.19335330641249956,-0.26982560833486025,-0.24658684861987995
transition_rate,,rapid/FixedNominal,controlled/FixedNominal,rapid_minus_controlled_FixedNominal,dir_travel_abs_error_deg,10,-0.03173723050000012,0.556250163983266,-0.34039401043750006,0.30495571422499956,-0.057055678460806517,-0.0521417519795202
transition_rate,,rapid/FixedNominal,controlled/FixedNominal,rapid_minus_controlled_FixedNominal,dir_travel_rmse_deg,10,0.16221295000000033,0.38288644980640624,-0.05790812149999999,0.38549867850000014,0.423658110862941,0.38717051022190724
transition_rate,,rapid/FixedNominal,controlled/FixedNominal,rapid_minus_controlled_FixedNominal,dir_travel_correct_pct,10,0.26466750000000017,0.6294038863499101,-0.0884465840000017,0.6430640837500042,0.4205050298225538,0.3842889886273102
transition_rate,,rapid/FixedNominal,controlled/FixedNominal,rapid_minus_controlled_FixedNominal,dir_travel_wrong_pct,10,0.020777777400000013,0.04650781529344324,-0.002722221639999972,0.052001389620000005,0.44675883545381895,0.4082816824077254
transition_rate,,rapid/FixedNominal,controlled/FixedNominal,rapid_minus_controlled_FixedNominal,dir_travel_unresolved_pct,10,-0.28544444999999996,0.6015477990956386,-0.6432321482499992,0.060401471999999456,-0.47451665591518166,-0.43364885757825034
transition_rate,,rapid/FixedNominal,controlled/FixedNominal,rapid_minus_controlled_FixedNominal,accel_bias_3d_rms_mps2,10,0.005189223799999995,0.005575302692094989,0.0021615491299999986,0.008649725614999987,0.930751940582096,0.8505908289851708
transition_rate,,rapid/FixedNominal,controlled/FixedNominal,rapid_minus_controlled_FixedNominal,gyro_bias_3d_rms_radps,10,1.161918479999999e-05,1.4901144575161852e-05,3.7266889774999887e-06,2.092890792249999e-05,0.7797511621602252,0.7125950089442926
transition_rate,,controlled/Adaptive,controlled/FixedNominal,Adaptive_minus_FixedNominal_controlled,accel_x_rms_mps2,10,-0.025755621099999997,0.005389168990746611,-0.02896918251875,-0.022477390601249998,-4.779145197380762,-4.367540800117239
transition_rate,,controlled/Adaptive,controlled/FixedNominal,Adaptive_minus_FixedNominal_controlled,accel_y_rms_mps2,10,-0.021852693259999997,0.010167993303177622,-0.02740281311,-0.015596619533000004,-2.1491647966733773,-1.964067746004245
transition_rate,,controlled/Adaptive,controlled/FixedNominal,Adaptive_minus_FixedNominal_controlled,accel_z_rms_mps2,10,-0.00600716937,0.0007975127883161257,-0.006442797599499999,-0.0055072354005,-7.5323799919040555,-6.883652950041704
transition_rate,,controlled/Adaptive,controlled/FixedNominal,Adaptive_minus_FixedNominal_controlled,accel_3d_rms_mps2,10,-0.033479506900000004,0.0105170135324,-0.039424734310750005,-0.026877531589999996,-3.1833663422471536,-2.90919857155717
transition_rate,,controlled/Adaptive,controlled/FixedNominal,Adaptive_minus_FixedNominal_controlled,disp_x_rms_m,10,-0.2660659344,0.029142577927484144,-0.28055341153499996,-0.24637150694999999,-9.129800907183137,-8.343495816139534
transition_rate,,controlled/Adaptive,controlled/FixedNominal,Adaptive_minus_FixedNominal_controlled,disp_y_rms_m,10,-0.1932806984,0.038478467235398967,-0.21642483370249999,-0.17182469264000003,-5.023087255985808,-4.590473322528577
transition_rate,,controlled/Adaptive,controlled/FixedNominal,Adaptive_minus_FixedNominal_controlled,disp_z_rms_m,10,-0.24218492520000004,0.023109295813718553,-0.254930977525,-0.2279634701,-10.479978583173871,-9.577389293686284
transition_rate,,controlled/Adaptive,controlled/FixedNominal,Adaptive_minus_FixedNominal_controlled,disp_3d_rms_m,10,-0.4068285287,0.04298279085356503,-0.4310902274125,-0.3808205000499999,-9.464916554301809,-8.649749591888101
transition_rate,,controlled/Adaptive,controlled/FixedNominal,Adaptive_minus_FixedNominal_controlled,disp_x_pct_hs,10,-6.651648229,0.7285646634419698,-7.009554598299999,-6.17230832745,-9.129798029972399,-8.343493186728882
transition_rate,,controlled/Adaptive,controlled/FixedNominal,Adaptive_minus_FixedNominal_controlled,disp_y_pct_hs,10,-4.832017421,0.961961755845285,-5.408889723674999,-4.279260256125001,-5.023086824022499,-4.590472927768156
transition_rate,,controlled/Adaptive,controlled/FixedNominal,Adaptive_minus_FixedNominal_controlled,disp_z_pct_hs,10,-6.054623227,0.5777323203386143,-6.384015372274999,-5.700558945,-10.479980111639469,-9.577390690512617
transition_rate,,controlled/Adaptive,controlled/FixedNominal,Adaptive_minus_FixedNominal_controlled,disp_3d_pct_refmax,10,-11.495954693999998,1.6862074421246067,-12.411304002999998,-10.45257649175,-6.817639637217586,-6.230469685742835
transition_rate,,controlled/Adaptive,controlled/FixedNominal,Adaptive_minus_FixedNominal_controlled,disp_z_ref_rms_m,10,0.0,0.0,0.0,0.0,nan,nan
transition_rate,,controlled/Adaptive,controlled/FixedNominal,Adaptive_minus_FixedNominal_controlled,disp_z_pct_refrms,10,-28.091019069999998,1.6596859443270502,-29.007919934999997,-27.081607542249998,-16.92550278323289,-15.467792024561497
transition_rate,,controlled/Adaptive,controlled/FixedNominal,Adaptive_minus_FixedNominal_controlled,roll_rms_deg,10,-0.08565290099999999,0.17218566621517942,-0.18766982686500003,0.014998514177499955,-0.4974450131810627,-0.45460250759358833
transition_rate,,controlled/Adaptive,controlled/FixedNominal,Adaptive_minus_FixedNominal_controlled,pitch_rms_deg,10,-1.0607540602900003,0.17026870735895155,-1.15779040023775,-0.958839009985,-6.229882617560338,-5.693333303003255
transition_rate,,controlled/Adaptive,controlled/FixedNominal,Adaptive_minus_FixedNominal_controlled,yaw_rms_deg,10,-5.6900740239,2.014272196343449,-6.866385290735,-4.501954747475001,-2.8248784023476627,-2.5815854442725876
transition_rate,,controlled/Adaptive,controlled/FixedNominal,Adaptive_minus_FixedNominal_controlled,dir_axis_error_deg,10,1.0882232651,0.8312874791111812,0.6177111050975003,1.5747621839775,1.309081746622163,1.1963369395419343
transition_rate,,controlled/Adaptive,controlled/FixedNominal,Adaptive_minus_FixedNominal_controlled,dir_axis_abs_error_deg,10,0.7389648430999999,1.183260946612941,0.006459048099999997,1.3955972998024992,0.6245155349842915,0.5707290669565371
transition_rate,,controlled/Adaptive,controlled/FixedNominal,Adaptive_minus_FixedNominal_controlled,dir_axis_rmse_deg,10,-0.5892725100000007,0.9462935126505669,-1.1441314985000008,-0.04229561650000055,-0.6227164216200205,-0.5690849024254415
transition_rate,,controlled/Adaptive,controlled/FixedNominal,Adaptive_minus_FixedNominal_controlled,dir_axis_circ_std_deg,10,-0.6112524,0.6747977159062002,-1.0200568782500008,-0.22960213750000008,-0.9058305705423679,-0.8278158146367922
transition_rate,,controlled/Adaptive,controlled/FixedNominal,Adaptive_minus_FixedNominal_controlled,dir_axis_available_pct,10,0.05433503000000002,0.203202893356911,-0.06361074949999881,0.174226213499998,0.2673929937826452,0.24436374325920143
transition_rate,,controlled/Adaptive,controlled/FixedNominal,Adaptive_minus_FixedNominal_controlled,dir_sense_forward_pct,10,-3.03183296934,15.495579431633626,-13.359580100149996,4.531332351971998,-0.1956579282960294,-0.1788068680498888
transition_rate,,controlled/Adaptive,controlled/FixedNominal,Adaptive_minus_FixedNominal_controlled,dir_sense_reverse_pct,10,3.5739450500000016,15.424925906442745,-4.0337883595,13.895424382500003,0.23169933338267912,0.21174420322350235
transition_rate,,controlled/Adaptive,controlled/FixedNominal,Adaptive_minus_FixedNominal_controlled,dir_sense_uncertain_pct,10,-0.542111029,0.46400199107477086,-0.7763902489999996,-0.24438730247499993,-1.168337721448791,-1.0677145087661706
transition_rate,,controlled/Adaptive,controlled/FixedNominal,Adaptive_minus_FixedNominal_controlled,dir_sense_dominant_pct,10,-2.2079990399999985,5.624827965442571,-5.816749984749999,0.2902333375000026,-0.3925451682372066,-0.3587371731464663
transition_rate,,controlled/Adaptive,controlled/FixedNominal,Adaptive_minus_FixedNominal_controlled,dir_travel_error_deg,10,0.8890452484000001,0.730818533285202,0.47751314835000014,1.3176496758225003,1.2165061611170855,1.1117344363558495
transition_rate,,controlled/Adaptive,controlled/FixedNominal,Adaptive_minus_FixedNominal_controlled,dir_travel_abs_error_deg,10,0.6093706466000002,0.9998638932367724,0.010105664375000057,1.1691045849875001,0.6094535973564738,0.556964340336729
transition_rate,,controlled/Adaptive,controlled/FixedNominal,Adaptive_minus_FixedNominal_controlled,dir_travel_rmse_deg,10,-0.31519030999999986,0.890631692515626,-0.8291760960000005,0.20829385075000034,-0.3538952326182463,-0.32341596741489986
transition_rate,,controlled/Adaptive,controlled/FixedNominal,Adaptive_minus_FixedNominal_controlled,dir_travel_correct_pct,10,0.6073890500000033,0.48016383277286395,0.30448954950000634,0.8555674805000006,1.264962099482661,1.1560171017863963
transition_rate,,controlled/Adaptive,controlled/FixedNominal,Adaptive_minus_FixedNominal_controlled,dir_travel_wrong_pct,10,-0.06527777895999999,0.1019401141869174,-0.12794583367949997,-0.008831942906000019,-0.6403541871682296,-0.5852036135072735
transition_rate,,controlled/Adaptive,controlled/FixedNominal,Adaptive_minus_FixedNominal_controlled,dir_travel_unresolved_pct,10,-0.542111029,0.46400199107477086,-0.7764999595500002,-0.24937204252500045,-1.168337721448791,-1.0677145087661706
transition_rate,,controlled/Adaptive,controlled/FixedNominal,Adaptive_minus_FixedNominal_controlled,accel_bias_3d_rms_mps2,10,-0.16880932902999998,0.04402951233178979,-0.19284359901,-0.14200869134,-3.8340040597751024,-3.5038000452591773
transition_rate,,controlled/Adaptive,controlled/FixedNominal,Adaptive_minus_FixedNominal_controlled,gyro_bias_3d_rms_radps,10,-0.0002583694631,0.00010055512789857078,-0.00031635938876749996,-0.00019923025596,-2.569431002669654,-2.3481384795331586
transition_rate,,rapid/Adaptive,rapid/FixedNominal,Adaptive_minus_FixedNominal_rapid,accel_x_rms_mps2,10,-0.02642247051,0.005731019023254789,-0.029940759624250003,-0.02317043853025,-4.610431478727499,-4.2133575687390685
transition_rate,,rapid/Adaptive,rapid/FixedNominal,Adaptive_minus_FixedNominal_rapid,accel_y_rms_mps2,10,-0.022601557799999998,0.010439807336874524,-0.02863049585525,-0.016258330813749996,-2.164940124916756,-1.9784844223956548
transition_rate,,rapid/Adaptive,rapid/FixedNominal,Adaptive_minus_FixedNominal_rapid,accel_z_rms_mps2,10,-0.006156546149999999,0.0008213199511042023,-0.006619778550500001,-0.005650002966750001,-7.4959169586992145,-6.850330299517201
transition_rate,,rapid/Adaptive,rapid/FixedNominal,Adaptive_minus_FixedNominal_rapid,accel_3d_rms_mps2,10,-0.03449417073,0.010926784679241274,-0.040901442183,-0.027867792443000004,-3.1568454712512173,-2.884961813445514
transition_rate,,rapid/Adaptive,rapid/FixedNominal,Adaptive_minus_FixedNominal_rapid,disp_x_rms_m,10,-0.2655699939,0.029430597795348724,-0.28078738163249994,-0.246722354395,-9.0236017544289,-8.246443076907793
transition_rate,,rapid/Adaptive,rapid/FixedNominal,Adaptive_minus_FixedNominal_rapid,disp_y_rms_m,10,-0.1965118452,0.04126566222131129,-0.22155413361000004,-0.17336128578500004,-4.762115391389822,-4.351977688010021
transition_rate,,rapid/Adaptive,rapid/FixedNominal,Adaptive_minus_FixedNominal_rapid,disp_z_rms_m,10,-0.24317582710000002,0.024379234206671988,-0.256986412575,-0.22853642375000002,-9.974711471185131,-9.11563836639124
transition_rate,,rapid/Adaptive,rapid/FixedNominal,Adaptive_minus_FixedNominal_rapid,disp_3d_rms_m,10,-0.40867616230000003,0.04593267436158684,-0.43527699453,-0.3812566705249999,-8.897286473738898,-8.131006713435474
transition_rate,,rapid/Adaptive,rapid/FixedNominal,Adaptive_minus_FixedNominal_rapid,disp_x_pct_hs,10,-6.63924989,0.7357648530059181,-7.014460814475,-6.172351700275,-9.023602939003935,-8.246444159461175
transition_rate,,rapid/Adaptive,rapid/FixedNominal,Adaptive_minus_FixedNominal_rapid,disp_y_pct_hs,10,-4.912796165000001,1.031641553853915,-5.529668653199999,-4.339798307850001,-4.762115433066081,-4.351977726096908
transition_rate,,rapid/Adaptive,rapid/FixedNominal,Adaptive_minus_FixedNominal_rapid,disp_z_pct_hs,10,-6.079395818,0.6094808004929171,-6.422283031049999,-5.71830286315,-9.974712596497369,-9.11563939478584
transition_rate,,rapid/Adaptive,rapid/FixedNominal,Adaptive_minus_FixedNominal_rapid,disp_3d_pct_refmax,10,-11.287516225000001,1.7944976663523782,-12.2886222,-10.171980253000001,-6.290070160940247,-5.748337187696829
transition_rate,,rapid/Adaptive,rapid/FixedNominal,Adaptive_minus_FixedNominal_rapid,disp_z_ref_rms_m,10,0.0,0.0,0.0,0.0,nan,nan
transition_rate,,rapid/Adaptive,rapid/FixedNominal,Adaptive_minus_FixedNominal_rapid,disp_z_pct_refrms,10,-27.869180290000003,1.853543265624412,-28.920243905750002,-26.75845281725,-15.03562436704793,-13.740679591469387
transition_rate,,rapid/Adaptive,rapid/FixedNominal,Adaptive_minus_FixedNominal_rapid,roll_rms_deg,10,-0.09043806809000002,0.18060551930410795,-0.1921494308235,0.017228974923749963,-0.5007491932609114,-0.45762211480652315
transition_rate,,rapid/Adaptive,rapid/FixedNominal,Adaptive_minus_FixedNominal_rapid,pitch_rms_deg,10,-1.08890598248,0.16535329363776563,-1.1853752577595,-0.9923210953605001,-6.585329862648112,-6.0181676156458055
transition_rate,,rapid/Adaptive,rapid/FixedNominal,Adaptive_minus_FixedNominal_rapid,yaw_rms_deg,10,-5.8557582454,2.0489221833417095,-7.0746777752700005,-4.677525725390001,-2.8579700551875007,-2.611827074930831
transition_rate,,rapid/Adaptive,rapid/FixedNominal,Adaptive_minus_FixedNominal_rapid,dir_axis_error_deg,10,1.0932174654,0.804215493592613,0.616687852335,1.5517629552099996,1.3593588709866178,1.2422839411301412
transition_rate,,rapid/Adaptive,rapid/FixedNominal,Adaptive_minus_FixedNominal_rapid,dir_axis_abs_error_deg,10,0.6657821622,1.176558765300225,-0.04549164197500012,1.3231550122949995,0.565872425445839,0.5171366015727051
transition_rate,,rapid/Adaptive,rapid/FixedNominal,Adaptive_minus_FixedNominal_rapid,dir_axis_rmse_deg,10,-0.6934564400000003,0.8503368143541418,-1.1876419030000007,-0.20555050250000056,-0.8155079590746671,-0.7452722478553264
transition_rate,,rapid/Adaptive,rapid/FixedNominal,Adaptive_minus_FixedNominal_rapid,dir_axis_circ_std_deg,10,-0.6609910899999999,0.6340376574165959,-1.0333169899999994,-0.2921872922500009,-1.0425107756110679,-0.9527244222541342
transition_rate,,rapid/Adaptive,rapid/FixedNominal,Adaptive_minus_FixedNominal_rapid,dir_axis_available_pct,10,0.08278044999999849,0.1837677076659877,-0.020721303249997297,0.1928916904999934,0.45046244006296515,0.41166631366915124
transition_rate,,rapid/Adaptive,rapid/FixedNominal,Adaptive_minus_FixedNominal_rapid,dir_sense_forward_pct,10,-7.632055798799999,20.361438041530487,-20.39542777565,3.030865765224999,-0.3748289184306713,-0.34254673727154905
transition_rate,,rapid/Adaptive,rapid/FixedNominal,Adaptive_minus_FixedNominal_rapid,dir_sense_reverse_pct,10,8.176055720000003,20.398722131263554,-2.442388924749999,20.812696083,0.4008121522214958,0.3662921622405594
transition_rate,,rapid/Adaptive,rapid/FixedNominal,Adaptive_minus_FixedNominal_rapid,dir_sense_uncertain_pct,10,-0.5440000590000003,0.4323231473925752,-0.8039083407250001,-0.2942708305500005,-1.2583181406801143,-1.1499453546546448
transition_rate,,rapid/Adaptive,rapid/FixedNominal,Adaptive_minus_FixedNominal_rapid,dir_sense_dominant_pct,10,1.5987220700000009,14.657847712447543,-5.466722890000001,11.519191936000002,0.10906936006998867,0.0996757496318438
transition_rate,,rapid/Adaptive,rapid/FixedNominal,Adaptive_minus_FixedNominal_rapid,dir_travel_error_deg,10,0.901663632,0.7431994465294619,0.47201349962499994,1.3436374107749998,1.2132189228753096,1.1087303118633502
transition_rate,,rapid/Adaptive,rapid/FixedNominal,Adaptive_minus_FixedNominal_rapid,dir_travel_abs_error_deg,10,0.548025652,1.0592324609047687,-0.10903218229999997,1.1304351448749996,0.5173799635368904,0.4728205581929103
transition_rate,,rapid/Adaptive,rapid/FixedNominal,Adaptive_minus_FixedNominal_rapid,dir_travel_rmse_deg,10,-0.43437518999999974,0.783450660670692,-0.8971724697499999,0.030896177500000545,-0.5544384755871445,-0.5066874018828292
transition_rate,,rapid/Adaptive,rapid/FixedNominal,Adaptive_minus_FixedNominal_rapid,dir_travel_correct_pct,10,0.6302215400000023,0.43952331945703843,0.3794976097500003,0.9003911845000031,1.433875091721052,1.3103824442906122
transition_rate,,rapid/Adaptive,rapid/FixedNominal,Adaptive_minus_FixedNominal_rapid,dir_travel_wrong_pct,10,-0.08622222136999999,0.09307717267290903,-0.14116666122900004,-0.03349861127500002,-0.9263519603566102,-0.8465697975327157
transition_rate,,rapid/Adaptive,rapid/FixedNominal,Adaptive_minus_FixedNominal_rapid,dir_travel_unresolved_pct,10,-0.5440000590000003,0.4323231473925752,-0.796833124675,-0.29250004947499997,-1.2583181406801143,-1.1499453546546448
transition_rate,,rapid/Adaptive,rapid/FixedNominal,Adaptive_minus_FixedNominal_rapid,accel_bias_3d_rms_mps2,10,-0.17368992828,0.043587398263267754,-0.1972445185315,-0.14662874106500004,-3.9848656997353533,-3.6416687101534984
transition_rate,,rapid/Adaptive,rapid/FixedNominal,Adaptive_minus_FixedNominal_rapid,gyro_bias_3d_rms_radps,10,-0.0002682387793,9.887130145511984e-05,-0.000327241127465,-0.00021113631476500004,-2.7130094916547676,-2.4793512556181674
