experiment,case,parameter,scale_label,mode,metric,n,mean,std,bootstrap_ci95_low,bootstrap_ci95_high
low_motion,Hs0.05,,,Adaptive,accel_x_rms_mps2,10,0.004216649897,0.00015019188435589563,0.004130903759275,0.0043090357755
low_motion,Hs0.05,,,Adaptive,accel_y_rms_mps2,10,0.003793291354000001,0.0001571894796427173,0.0037031404931000002,0.00388397583105
low_motion,Hs0.05,,,Adaptive,accel_z_rms_mps2,10,0.0059079951599999994,0.00019742031387886137,0.005786150585775,0.0060172503525500005
low_motion,Hs0.05,,,Adaptive,accel_3d_rms_mps2,10,0.008192754815999998,0.00018254348911052326,0.008078958756699998,0.0082893025079
low_motion,Hs0.05,,,Adaptive,disp_x_rms_m,10,0.007668870874,0.00042576129469943486,0.00741941017065,0.0079260995351
low_motion,Hs0.05,,,Adaptive,disp_y_rms_m,10,0.009769169050999999,0.0004452617656804919,0.009536931015050001,0.0100566618225
low_motion,Hs0.05,,,Adaptive,disp_z_rms_m,10,0.009266244059,0.00041375043392769743,0.009027821032274999,0.009515105642375
low_motion,Hs0.05,,,Adaptive,disp_3d_rms_m,10,0.01550344388,0.0005274688442488707,0.01518005011575,0.015802203483250003
low_motion,Hs0.05,,,Adaptive,disp_x_pct_hs,10,15.337741959999999,0.8515227137215946,14.854439228250001,15.855077949999998
low_motion,Hs0.05,,,Adaptive,disp_y_pct_hs,10,19.53833809,0.8905237690051494,19.06856432525,20.12179847725
low_motion,Hs0.05,,,Adaptive,disp_z_pct_hs,10,18.53248824,0.8275009616803277,18.05782660175,19.022353580249998
low_motion,Hs0.05,,,Adaptive,disp_3d_pct_refmax,10,43.38840868,3.191539734600864,41.51687848475,45.27792931674999
low_motion,Hs0.05,,,Adaptive,disp_z_ref_rms_m,10,0.009837997525999998,0.00023069079422473,0.0097005554506,0.009971845442775
low_motion,Hs0.05,,,Adaptive,disp_z_pct_refrms,10,94.22198409,4.438700170112829,91.61869314149999,96.7882412085
low_motion,Hs0.05,,,Adaptive,roll_rms_deg,10,0.22905772633,0.1701370483341321,0.14190751558950002,0.33844870050325004
low_motion,Hs0.05,,,Adaptive,pitch_rms_deg,10,0.2527820513,0.11253139568394831,0.18930866649249997,0.32115692707750004
low_motion,Hs0.05,,,Adaptive,yaw_rms_deg,10,2.4718214836000003,2.946412719025308,0.91093298036,4.398021231795
low_motion,Hs0.05,,,Adaptive,dir_axis_error_deg,0,nan,nan,nan,nan
low_motion,Hs0.05,,,Adaptive,dir_axis_abs_error_deg,0,nan,nan,nan,nan
low_motion,Hs0.05,,,Adaptive,dir_axis_rmse_deg,0,nan,nan,nan,nan
low_motion,Hs0.05,,,Adaptive,dir_axis_circ_std_deg,0,nan,nan,nan,nan
low_motion,Hs0.05,,,Adaptive,dir_axis_available_pct,10,0.0,0.0,0.0,0.0
low_motion,Hs0.05,,,Adaptive,dir_sense_forward_pct,10,0.0,0.0,0.0,0.0
low_motion,Hs0.05,,,Adaptive,dir_sense_reverse_pct,10,0.0,0.0,0.0,0.0
low_motion,Hs0.05,,,Adaptive,dir_sense_uncertain_pct,10,100.0,0.0,100.0,100.0
low_motion,Hs0.05,,,Adaptive,dir_sense_dominant_pct,10,0.0,0.0,0.0,0.0
low_motion,Hs0.05,,,Adaptive,dir_travel_error_deg,0,nan,nan,nan,nan
low_motion,Hs0.05,,,Adaptive,dir_travel_abs_error_deg,0,nan,nan,nan,nan
low_motion,Hs0.05,,,Adaptive,dir_travel_rmse_deg,0,nan,nan,nan,nan
low_motion,Hs0.05,,,Adaptive,dir_travel_correct_pct,10,0.0,0.0,0.0,0.0
low_motion,Hs0.05,,,Adaptive,dir_travel_wrong_pct,10,0.0,0.0,0.0,0.0
low_motion,Hs0.05,,,Adaptive,dir_travel_unresolved_pct,10,100.0,0.0,100.0,100.0
low_motion,Hs0.05,,,Adaptive,accel_bias_3d_rms_mps2,10,0.06003224332,0.0310039402975656,0.043697035261750006,0.0792849481855
low_motion,Hs0.05,,,Adaptive,gyro_bias_3d_rms_radps,10,0.00011547505044,1.788479471125352e-05,0.00010534096502774999,0.000126232996206
low_motion,Hs0.27,,,Adaptive,accel_x_rms_mps2,10,0.0065090499349999996,0.00019510455743342023,0.006393119351525001,0.006621113569149999
low_motion,Hs0.27,,,Adaptive,accel_y_rms_mps2,10,0.005466710404,0.0008760627202519782,0.005072366585999999,0.006044301011375
low_motion,Hs0.27,,,Adaptive,accel_z_rms_mps2,10,0.010792846141,0.0011099514250995065,0.01017782526415,0.011479305334349998
low_motion,Hs0.27,,,Adaptive,accel_3d_rms_mps2,10,0.013756626479999997,0.0012143580724991371,0.01310155169,0.014521286190749999
low_motion,Hs0.27,,,Adaptive,disp_x_rms_m,10,0.008326981124,0.0003078186288391929,0.008154924337375,0.008511001283525001
low_motion,Hs0.27,,,Adaptive,disp_y_rms_m,10,0.008927307556999999,0.00035297277692260254,0.008715231597600001,0.009130513691425
low_motion,Hs0.27,,,Adaptive,disp_z_rms_m,10,0.01121816664,0.00029172264337846775,0.011046378434,0.0113899967625
low_motion,Hs0.27,,,Adaptive,disp_3d_rms_m,10,0.01658483781,0.0003330932579894726,0.016379315218249996,0.01677039521525
low_motion,Hs0.27,,,Adaptive,disp_x_pct_hs,10,3.0840670119999998,0.1140069200818684,3.020077888325,3.15423210115
low_motion,Hs0.27,,,Adaptive,disp_y_pct_hs,10,3.3064101220000004,0.13073065208083992,3.2265039613749997,3.381262010675
low_motion,Hs0.27,,,Adaptive,disp_z_pct_hs,10,4.154876374999999,0.10804540697384589,4.093096104475001,4.218280901649999
low_motion,Hs0.27,,,Adaptive,disp_3d_pct_refmax,10,8.589831352,0.4869523485055353,8.29770422915,8.854718232975001
low_motion,Hs0.27,,,Adaptive,disp_z_ref_rms_m,10,0.05312524811,0.0012456439535276803,0.052378735633250004,0.053855992857999996
low_motion,Hs0.27,,,Adaptive,disp_z_pct_refrms,10,21.12579155,0.7018993975558163,20.709534650000002,21.53160615125
low_motion,Hs0.27,,,Adaptive,roll_rms_deg,10,0.25798288957,0.16174765521641254,0.169068897151,0.35873280091925
low_motion,Hs0.27,,,Adaptive,pitch_rms_deg,10,0.26091996832,0.12860634782777064,0.19134051084,0.33969670259299994
low_motion,Hs0.27,,,Adaptive,yaw_rms_deg,10,1.7833340521,1.6016393009591519,1.0421643103350002,2.8259921768849994
low_motion,Hs0.27,,,Adaptive,dir_axis_error_deg,10,4.726535039,5.106137944987454,1.6976774591900001,7.662846378324998
low_motion,Hs0.27,,,Adaptive,dir_axis_abs_error_deg,10,5.443850713000001,4.238710906157508,3.0005782352300003,8.0403587004
low_motion,Hs0.27,,,Adaptive,dir_axis_rmse_deg,10,6.261356113,3.6262713279417245,4.206643536325001,8.4247183556
low_motion,Hs0.27,,,Adaptive,dir_axis_circ_std_deg,10,2.0938247251,0.9685095281936725,1.5975200223275,2.7215719623775003
low_motion,Hs0.27,,,Adaptive,dir_axis_available_pct,10,0.6272777766,0.23024134287714526,0.4935500021449999,0.7643361181525
low_motion,Hs0.27,,,Adaptive,dir_sense_forward_pct,10,0.19866667510600003,0.15406277388386344,0.10677778313725,0.2874444544775
low_motion,Hs0.27,,,Adaptive,dir_sense_reverse_pct,10,0.0,0.0,0.0,0.0
low_motion,Hs0.27,,,Adaptive,dir_sense_uncertain_pct,10,99.80133439,0.1540630098243249,99.71133286674998,99.89205917350002
low_motion,Hs0.27,,,Adaptive,dir_sense_dominant_pct,10,0.19866667510600003,0.15406277388386344,0.10660972610425,0.28733890382499994
low_motion,Hs0.27,,,Adaptive,dir_travel_error_deg,9,4.547024541888889,5.450355299529807,1.2995191954083332,7.955644214674998
low_motion,Hs0.27,,,Adaptive,dir_travel_abs_error_deg,9,5.322915924777778,4.592507040134563,2.716448649961111,8.316419565888888
low_motion,Hs0.27,,,Adaptive,dir_travel_rmse_deg,9,5.583909489000001,4.439536113888191,2.9807893092777777,8.463267700024998
low_motion,Hs0.27,,,Adaptive,dir_travel_correct_pct,10,0.19866667510600003,0.15406277388386344,0.10716389214020001,0.28705695592225
low_motion,Hs0.27,,,Adaptive,dir_travel_wrong_pct,10,0.0,0.0,0.0,0.0
low_motion,Hs0.27,,,Adaptive,dir_travel_unresolved_pct,10,99.80133439,0.1540630098243249,99.71505523775,99.89295077899999
low_motion,Hs0.27,,,Adaptive,accel_bias_3d_rms_mps2,10,0.06427668333,0.03149238417737849,0.04741461940875,0.08435540545875
low_motion,Hs0.27,,,Adaptive,gyro_bias_3d_rms_radps,10,0.00010816924988999998,1.4933531303766244e-05,9.95938932805e-05,0.00011710473779999999
sensitivity,r_s_x0.5,r_s,0.5,FixedSensitivity,accel_x_rms_mps2,10,0.015228283969999997,0.004172619927240921,0.013079718676000001,0.017910871106749996
sensitivity,r_s_x0.5,r_s,0.5,FixedSensitivity,accel_y_rms_mps2,10,0.015394681230000002,0.004217476389982977,0.01320712779875,0.01805522320225
sensitivity,r_s_x0.5,r_s,0.5,FixedSensitivity,accel_z_rms_mps2,10,0.01313215923,0.0014930863773675454,0.012278491439,0.014029729063500002
sensitivity,r_s_x0.5,r_s,0.5,FixedSensitivity,accel_3d_rms_mps2,10,0.025539098120000003,0.005032048781112947,0.023009096022499998,0.028782129225499997
sensitivity,r_s_x0.5,r_s,0.5,FixedSensitivity,disp_x_rms_m,10,0.07478760106999999,0.001771790144714779,0.073761554202,0.07581744988799999
sensitivity,r_s_x0.5,r_s,0.5,FixedSensitivity,disp_y_rms_m,10,0.04476128073,0.005149758500003566,0.04200952129725,0.04794978798
sensitivity,r_s_x0.5,r_s,0.5,FixedSensitivity,disp_z_rms_m,10,0.08811534346000001,0.002246231869776381,0.0867740986885,0.08940983029475001
sensitivity,r_s_x0.5,r_s,0.5,FixedSensitivity,disp_3d_rms_m,10,0.12403875660000001,0.0027268484228198217,0.12245602076499999,0.1256770401
sensitivity,r_s_x0.5,r_s,0.5,FixedSensitivity,disp_x_pct_hs,10,4.9858398919999996,0.1181194001266242,4.91567494025,5.0558363837749996
sensitivity,r_s_x0.5,r_s,0.5,FixedSensitivity,disp_y_pct_hs,10,2.9840852740000003,0.3433172467426161,2.7982518464250004,3.199724723
sensitivity,r_s_x0.5,r_s,0.5,FixedSensitivity,disp_z_pct_hs,10,5.874356032,0.14974874604465874,5.7845965830249995,5.961975954674999
sensitivity,r_s_x0.5,r_s,0.5,FixedSensitivity,disp_3d_pct_refmax,10,8.617883157,0.6652932563710852,8.21464607415,8.9948352217
sensitivity,r_s_x0.5,r_s,0.5,FixedSensitivity,disp_z_ref_rms_m,10,0.39174956969999997,0.009189958095895057,0.38623394357500007,0.3970891663375
sensitivity,r_s_x0.5,r_s,0.5,FixedSensitivity,disp_z_pct_refrms,10,22.49344101,0.2890067435108786,22.308060508,22.648253695250002
sensitivity,r_s_x0.5,r_s,0.5,FixedSensitivity,roll_rms_deg,10,0.25916730326,0.1789572386662821,0.16835332847500004,0.37964922586999994
sensitivity,r_s_x0.5,r_s,0.5,FixedSensitivity,pitch_rms_deg,10,0.3541282267,0.1990583533585835,0.24550009515999996,0.47803905298249993
sensitivity,r_s_x0.5,r_s,0.5,FixedSensitivity,yaw_rms_deg,10,1.8850880254,1.4202935458313584,1.1695149273600003,2.8204768784325
sensitivity,r_s_x0.5,r_s,0.5,FixedSensitivity,dir_axis_error_deg,10,4.939030456999999,1.76930676567269,3.840501594,5.954723549925
sensitivity,r_s_x0.5,r_s,0.5,FixedSensitivity,dir_axis_abs_error_deg,10,4.939030456999999,1.76930676567269,3.8305005265000003,5.921563873924999
sensitivity,r_s_x0.5,r_s,0.5,FixedSensitivity,dir_axis_rmse_deg,10,21.38546885,2.1698919598993798,20.139946597250002,22.692791602
sensitivity,r_s_x0.5,r_s,0.5,FixedSensitivity,dir_axis_circ_std_deg,10,19.550370790000002,2.060118452570278,18.40543574375,20.814529039750003
sensitivity,r_s_x0.5,r_s,0.5,FixedSensitivity,dir_axis_available_pct,10,93.61305617,1.3915475550078953,92.85816521675,94.50561064999998
sensitivity,r_s_x0.5,r_s,0.5,FixedSensitivity,dir_sense_forward_pct,10,36.70272273,32.51527367715302,18.16838894,56.079445250000006
sensitivity,r_s_x0.5,r_s,0.5,FixedSensitivity,dir_sense_reverse_pct,10,49.000667373,32.657568620043996,29.710056103,67.91624862799999
sensitivity,r_s_x0.5,r_s,0.5,FixedSensitivity,dir_sense_uncertain_pct,10,14.296611497999999,2.0395938796022537,13.006010190249999,15.38101695175
sensitivity,r_s_x0.5,r_s,0.5,FixedSensitivity,dir_sense_dominant_pct,10,70.97094572,15.47351043703557,61.89351834650001,80.05379982424999
sensitivity,r_s_x0.5,r_s,0.5,FixedSensitivity,dir_travel_error_deg,10,4.68489014,1.6760196198894046,3.6935367669000003,5.660640975674999
sensitivity,r_s_x0.5,r_s,0.5,FixedSensitivity,dir_travel_abs_error_deg,10,4.68489014,1.6760196198894046,3.6917548712999997,5.660195283674999
sensitivity,r_s_x0.5,r_s,0.5,FixedSensitivity,dir_travel_rmse_deg,10,18.93187886,1.4357943021252186,18.101470783749996,19.779677823500002
sensitivity,r_s_x0.5,r_s,0.5,FixedSensitivity,dir_travel_correct_pct,10,85.65622481,2.0512998651145886,84.55249674175,86.97753640299999
sensitivity,r_s_x0.5,r_s,0.5,FixedSensitivity,dir_travel_wrong_pct,10,0.0471666671,0.07868581555480003,0.005499999970000001,0.09955555566999999
sensitivity,r_s_x0.5,r_s,0.5,FixedSensitivity,dir_travel_unresolved_pct,10,14.296611497999999,2.0395938796022537,13.0110977563,15.36629892475
sensitivity,r_s_x0.5,r_s,0.5,FixedSensitivity,accel_bias_3d_rms_mps2,10,0.07897897253,0.03685154589068908,0.058290389534249996,0.10097723886824998
sensitivity,r_s_x0.5,r_s,0.5,FixedSensitivity,gyro_bias_3d_rms_radps,10,0.00012063349579,1.5015924702859553e-05,0.00011162651908475,0.00012952778994275001
sensitivity,r_s_x0.75,r_s,0.75,FixedSensitivity,accel_x_rms_mps2,10,0.01376821622,0.0035439448463177787,0.011996443984,0.0161385687595
sensitivity,r_s_x0.75,r_s,0.75,FixedSensitivity,accel_y_rms_mps2,10,0.015820705060000002,0.00397302431762158,0.0136658884025,0.01826728021325
sensitivity,r_s_x0.75,r_s,0.75,FixedSensitivity,accel_z_rms_mps2,10,0.012241435249999998,0.001320623057180329,0.01149964280775,0.01304857670675
sensitivity,r_s_x0.75,r_s,0.75,FixedSensitivity,accel_3d_rms_mps2,10,0.02449877094,0.0042948406817997315,0.022324127812,0.027350735364250003
sensitivity,r_s_x0.75,r_s,0.75,FixedSensitivity,disp_x_rms_m,10,0.06916684881,0.0017749775709190666,0.0681000757925,0.0701961505995
sensitivity,r_s_x0.75,r_s,0.75,FixedSensitivity,disp_y_rms_m,10,0.050743197659999996,0.0041274168705690934,0.048475990632,0.05330164782975
sensitivity,r_s_x0.75,r_s,0.75,FixedSensitivity,disp_z_rms_m,10,0.07939688562,0.0020363599713025577,0.07812377344475,0.08049063412850001
sensitivity,r_s_x0.75,r_s,0.75,FixedSensitivity,disp_3d_rms_m,10,0.1169643714,0.0021149942776591472,0.11571382207999999,0.11817433575999998
sensitivity,r_s_x0.75,r_s,0.75,FixedSensitivity,disp_x_pct_hs,10,4.611123085,0.11833186863517768,4.540664979874999,4.679905572050001
sensitivity,r_s_x0.75,r_s,0.75,FixedSensitivity,disp_y_pct_hs,10,3.3828797340000003,0.27516108979062115,3.2326162708749995,3.5584055593499997
sensitivity,r_s_x0.75,r_s,0.75,FixedSensitivity,disp_z_pct_hs,10,5.293125535,0.13575726698088464,5.208854193124999,5.367201516025
sensitivity,r_s_x0.75,r_s,0.75,FixedSensitivity,disp_3d_pct_refmax,10,8.127946184999999,0.6400202002330494,7.7328557875,8.476082738575
sensitivity,r_s_x0.75,r_s,0.75,FixedSensitivity,disp_z_ref_rms_m,10,0.39174956969999997,0.009189958095895057,0.38628168018000003,0.39707037413000007
sensitivity,r_s_x0.75,r_s,0.75,FixedSensitivity,disp_z_pct_refrms,10,20.26899756,0.3527538281925959,20.044364921749995,20.450730818
sensitivity,r_s_x0.75,r_s,0.75,FixedSensitivity,roll_rms_deg,10,0.26572383180000003,0.18400259636996955,0.17345462845249998,0.3847250297
sensitivity,r_s_x0.75,r_s,0.75,FixedSensitivity,pitch_rms_deg,10,0.26657780703,0.1565337835378764,0.1832079851025,0.3650197673699999
sensitivity,r_s_x0.75,r_s,0.75,FixedSensitivity,yaw_rms_deg,10,1.9231340539000001,1.1714949438668574,1.3072486575624997,2.6750313685674993
sensitivity,r_s_x0.75,r_s,0.75,FixedSensitivity,dir_axis_error_deg,10,5.171380616,1.7569805555963913,4.0839016343750005,6.161623995324999
sensitivity,r_s_x0.75,r_s,0.75,FixedSensitivity,dir_axis_abs_error_deg,10,5.171380616,1.7569805555963913,4.100605583099999,6.15995643665
sensitivity,r_s_x0.75,r_s,0.75,FixedSensitivity,dir_axis_rmse_deg,10,21.33594206,2.1225644887714683,20.08486251,22.593751064249997
sensitivity,r_s_x0.75,r_s,0.75,FixedSensitivity,dir_axis_circ_std_deg,10,19.460376169999996,2.0310116409126726,18.31308420525,20.721735555
sensitivity,r_s_x0.75,r_s,0.75,FixedSensitivity,dir_axis_available_pct,10,93.67872239,1.375803610496786,92.92686468624998,94.546068132
sensitivity,r_s_x0.75,r_s,0.75,FixedSensitivity,dir_sense_forward_pct,10,36.70111198,32.50438868060137,17.863993265,55.51015994000001
sensitivity,r_s_x0.75,r_s,0.75,FixedSensitivity,dir_sense_reverse_pct,10,49.055500984999995,32.68791272676419,29.725375923999998,68.09911137499998
sensitivity,r_s_x0.75,r_s,0.75,FixedSensitivity,dir_sense_uncertain_pct,10,14.243389034999998,2.0683199075873233,12.938175098624999,15.348897410000001
sensitivity,r_s_x0.75,r_s,0.75,FixedSensitivity,dir_sense_dominant_pct,10,70.99744605,15.524755339894222,62.011985246,80.07711257999999
sensitivity,r_s_x0.75,r_s,0.75,FixedSensitivity,dir_travel_error_deg,10,4.887854482,1.6711464875377742,3.8653506313,5.8354563254250005
sensitivity,r_s_x0.75,r_s,0.75,FixedSensitivity,dir_travel_abs_error_deg,10,4.887854482,1.6711464875377742,3.89599971175,5.854467748025
sensitivity,r_s_x0.75,r_s,0.75,FixedSensitivity,dir_travel_rmse_deg,10,18.88275261,1.474074786948825,18.003942879249998,19.74682020425
sensitivity,r_s_x0.75,r_s,0.75,FixedSensitivity,dir_travel_correct_pct,10,85.70983505,2.079049548743182,84.60377605525,87.025739308
sensitivity,r_s_x0.75,r_s,0.75,FixedSensitivity,dir_travel_wrong_pct,10,0.04677777995,0.07375710336882414,0.00572222248,0.09339305974074995
sensitivity,r_s_x0.75,r_s,0.75,FixedSensitivity,dir_travel_unresolved_pct,10,14.243389034999998,2.0683199075873233,12.968191776499998,15.36267670575
sensitivity,r_s_x0.75,r_s,0.75,FixedSensitivity,accel_bias_3d_rms_mps2,10,0.0674599406,0.03404698693158219,0.048689386925249996,0.0888292721115
sensitivity,r_s_x0.75,r_s,0.75,FixedSensitivity,gyro_bias_3d_rms_radps,10,0.00011924574790999999,1.5167344795082919e-05,0.00011018319996975001,0.00012780220151775
sensitivity,r_s_x1,r_s,1,FixedSensitivity,accel_x_rms_mps2,10,0.01337304747,0.0032770794710349485,0.01176555460075,0.015572983595000001
sensitivity,r_s_x1,r_s,1,FixedSensitivity,accel_y_rms_mps2,10,0.016079586540000003,0.003942453601631908,0.013919906985,0.0185629764145
sensitivity,r_s_x1,r_s,1,FixedSensitivity,accel_z_rms_mps2,10,0.01195538538,0.0012536411556033536,0.0112323369935,0.01270400203275
sensitivity,r_s_x1,r_s,1,FixedSensitivity,accel_3d_rms_mps2,10,0.02429959848,0.004071675378669581,0.0222027438315,0.026890319794000004
sensitivity,r_s_x1,r_s,1,FixedSensitivity,disp_x_rms_m,10,0.06843523234,0.0019753203707809273,0.06723603554425,0.069574446523
sensitivity,r_s_x1,r_s,1,FixedSensitivity,disp_y_rms_m,10,0.05801577606000001,0.003930503305085794,0.055742990060749995,0.060410236132
sensitivity,r_s_x1,r_s,1,FixedSensitivity,disp_z_rms_m,10,0.07631477712000001,0.002106735465627211,0.07501191793000002,0.07744985865125
sensitivity,r_s_x1,r_s,1,FixedSensitivity,disp_3d_rms_m,10,0.11786105249999998,0.0019261270113213789,0.11674345208000002,0.118976424125
sensitivity,r_s_x1,r_s,1,FixedSensitivity,disp_x_pct_hs,10,4.562348698999999,0.13168800120981947,4.484654186925,4.637556850425001
sensitivity,r_s_x1,r_s,1,FixedSensitivity,disp_y_pct_hs,10,3.8677182199999995,0.2620335662312872,3.7187840921750004,4.03127917545
sensitivity,r_s_x1,r_s,1,FixedSensitivity,disp_z_pct_hs,10,5.087651635,0.14044907194540424,4.999473928875,5.163010935649999
sensitivity,r_s_x1,r_s,1,FixedSensitivity,disp_3d_pct_refmax,10,8.19156475,0.6581699909445949,7.779709646125,8.547447326049998
sensitivity,r_s_x1,r_s,1,FixedSensitivity,disp_z_ref_rms_m,10,0.39174956969999997,0.009189958095895057,0.38632624950000005,0.39719530392749997
sensitivity,r_s_x1,r_s,1,FixedSensitivity,disp_z_pct_refrms,10,19.48304005,0.4384961673559818,19.207418602,19.724550658000002
sensitivity,r_s_x1,r_s,1,FixedSensitivity,roll_rms_deg,10,0.2689227185,0.186100893971046,0.1752240448575,0.39330509820000004
sensitivity,r_s_x1,r_s,1,FixedSensitivity,pitch_rms_deg,10,0.2553000323,0.1372497690676666,0.18116939905999999,0.3409738985975
sensitivity,r_s_x1,r_s,1,FixedSensitivity,yaw_rms_deg,10,1.9638484367999998,1.0987961594186264,1.384448617815,2.666690934
sensitivity,r_s_x1,r_s,1,FixedSensitivity,dir_axis_error_deg,10,5.256163025,1.753160165742208,4.2126599510750005,6.2540690226499995
sensitivity,r_s_x1,r_s,1,FixedSensitivity,dir_axis_abs_error_deg,10,5.256163025,1.753160165742208,4.203535652374999,6.246651879049999
sensitivity,r_s_x1,r_s,1,FixedSensitivity,dir_axis_rmse_deg,10,21.329205509999998,2.099981065907495,20.078506587,22.538410807249996
sensitivity,r_s_x1,r_s,1,FixedSensitivity,dir_axis_circ_std_deg,10,19.43302154,2.0170218905934965,18.274286346500002,20.642394545749998
sensitivity,r_s_x1,r_s,1,FixedSensitivity,dir_axis_available_pct,10,93.71572189999999,1.3775803685703263,92.97216304274998,94.5795163715
sensitivity,r_s_x1,r_s,1,FixedSensitivity,dir_sense_forward_pct,10,36.72644519000001,32.519478196341645,18.47122268,56.226548660749984
sensitivity,r_s_x1,r_s,1,FixedSensitivity,dir_sense_reverse_pct,10,49.122167588,32.74197630418551,29.646480619850003,68.47892947175
sensitivity,r_s_x1,r_s,1,FixedSensitivity,dir_sense_uncertain_pct,10,14.151389032,2.080427829371303,12.800519690550002,15.24922367725
sensitivity,r_s_x1,r_s,1,FixedSensitivity,dir_sense_dominant_pct,10,71.07400169,15.545614361202658,61.959184688499995,80.08508683825
sensitivity,r_s_x1,r_s,1,FixedSensitivity,dir_travel_error_deg,10,4.9571105950000005,1.6709405587777262,3.97682666365,5.934535891524998
sensitivity,r_s_x1,r_s,1,FixedSensitivity,dir_travel_abs_error_deg,10,4.9571105950000005,1.6709405587777262,3.9724736465,5.9311100446
sensitivity,r_s_x1,r_s,1,FixedSensitivity,dir_travel_rmse_deg,10,18.85320605,1.4783476982154524,17.971668354,19.712886315749998
sensitivity,r_s_x1,r_s,1,FixedSensitivity,dir_travel_correct_pct,10,85.80739059999999,2.090833745763413,84.69770256199999,87.129733225
sensitivity,r_s_x1,r_s,1,FixedSensitivity,dir_travel_wrong_pct,10,0.041222223079999995,0.06716113087787509,0.00588888898,0.0855000021
sensitivity,r_s_x1,r_s,1,FixedSensitivity,dir_travel_unresolved_pct,10,14.151389032,2.080427829371303,12.814833544,15.240191778
sensitivity,r_s_x1,r_s,1,FixedSensitivity,accel_bias_3d_rms_mps2,10,0.06585945596,0.03325309737945055,0.04774190297,0.08681797367025
sensitivity,r_s_x1,r_s,1,FixedSensitivity,gyro_bias_3d_rms_radps,10,0.00011923959746999999,1.526735798561457e-05,0.00010996971320175001,0.0001279191590475
sensitivity,r_s_x1.25,r_s,1.25,FixedSensitivity,accel_x_rms_mps2,10,0.01323233171,0.003139975704592889,0.011711814931500001,0.015309452139999999
sensitivity,r_s_x1.25,r_s,1.25,FixedSensitivity,accel_y_rms_mps2,10,0.01623827453,0.003936877738226649,0.014146784055500001,0.01869165323975
sensitivity,r_s_x1.25,r_s,1.25,FixedSensitivity,accel_z_rms_mps2,10,0.01182960879,0.0012218006060432387,0.01113734827875,0.012580805507749999
sensitivity,r_s_x1.25,r_s,1.25,FixedSensitivity,accel_3d_rms_mps2,10,0.02426198423,0.0039774411657330306,0.0221834094885,0.026818007461249998
sensitivity,r_s_x1.25,r_s,1.25,FixedSensitivity,disp_x_rms_m,10,0.06995477974,0.002285649839283552,0.06860952362400001,0.07125476770075
sensitivity,r_s_x1.25,r_s,1.25,FixedSensitivity,disp_y_rms_m,10,0.06528222598,0.004096069430718001,0.062880450531,0.06764982203375
sensitivity,r_s_x1.25,r_s,1.25,FixedSensitivity,disp_z_rms_m,10,0.07567875011,0.0023132504033872856,0.07426505484725,0.076944517965
sensitivity,r_s_x1.25,r_s,1.25,FixedSensitivity,disp_3d_rms_m,10,0.1220814278,0.0019597209114810086,0.12099074622250001,0.12325219935499998
sensitivity,r_s_x1.25,r_s,1.25,FixedSensitivity,disp_x_pct_hs,10,4.6636518,0.15237669137608661,4.5727685,4.749899791850001
sensitivity,r_s_x1.25,r_s,1.25,FixedSensitivity,disp_y_pct_hs,10,4.352148247000001,0.27307121673459306,4.194072030875001,4.509822996475
sensitivity,r_s_x1.25,r_s,1.25,FixedSensitivity,disp_z_pct_hs,10,5.0452497979999995,0.15421669734215146,4.9497026144,5.131431088199999
sensitivity,r_s_x1.25,r_s,1.25,FixedSensitivity,disp_3d_pct_refmax,10,8.485754345999998,0.6913705339523988,8.048109024524999,8.855864130225
sensitivity,r_s_x1.25,r_s,1.25,FixedSensitivity,disp_z_ref_rms_m,10,0.39174956969999997,0.009189958095895057,0.3863205714225,0.3971323763175001
sensitivity,r_s_x1.25,r_s,1.25,FixedSensitivity,disp_z_pct_refrms,10,19.321362880000002,0.5310071425530668,18.98686583625,19.617661700750006
sensitivity,r_s_x1.25,r_s,1.25,FixedSensitivity,roll_rms_deg,10,0.27086727918,0.18728766171354794,0.1769696400645,0.3946936023174999
sensitivity,r_s_x1.25,r_s,1.25,FixedSensitivity,pitch_rms_deg,10,0.25425937173,0.12860318776090024,0.18445350674400002,0.33497614842249995
sensitivity,r_s_x1.25,r_s,1.25,FixedSensitivity,yaw_rms_deg,10,1.9864654358,1.0706768257154233,1.4100258534149999,2.67256173928
sensitivity,r_s_x1.25,r_s,1.25,FixedSensitivity,dir_axis_error_deg,10,5.303140259,1.7499461799433562,4.232494316,6.296568374625
sensitivity,r_s_x1.25,r_s,1.25,FixedSensitivity,dir_axis_abs_error_deg,10,5.303140259,1.7499461799433562,4.239650002725001,6.2839499677249995
sensitivity,r_s_x1.25,r_s,1.25,FixedSensitivity,dir_axis_rmse_deg,10,21.34437809,2.109011717523575,20.10953748875,22.58624292425
sensitivity,r_s_x1.25,r_s,1.25,FixedSensitivity,dir_axis_circ_std_deg,10,19.43061504,2.026515714635708,18.27869563025,20.674291191749997
sensitivity,r_s_x1.25,r_s,1.25,FixedSensitivity,dir_axis_available_pct,10,93.73411256,1.3743163749851584,93.00103308625,94.61805726
sensitivity,r_s_x1.25,r_s,1.25,FixedSensitivity,dir_sense_forward_pct,10,36.73944512,32.54117921631067,17.39159584125,55.74627916000001
sensitivity,r_s_x1.25,r_s,1.25,FixedSensitivity,dir_sense_reverse_pct,10,49.117278878,32.75177353523768,29.416583011550003,67.6892235
sensitivity,r_s_x1.25,r_s,1.25,FixedSensitivity,dir_sense_uncertain_pct,10,14.143278134,2.099958901084061,12.8082656834,15.2743559931
sensitivity,r_s_x1.25,r_s,1.25,FixedSensitivity,dir_sense_dominant_pct,10,71.08644564,15.57126765298101,62.08797321749999,80.21295011775
sensitivity,r_s_x1.25,r_s,1.25,FixedSensitivity,dir_travel_error_deg,10,4.999259902,1.6648796630757907,4.00691932235,5.9559118737
sensitivity,r_s_x1.25,r_s,1.25,FixedSensitivity,dir_travel_abs_error_deg,10,4.999259902,1.6648796630757907,4.0007061049749995,5.955372053524999
sensitivity,r_s_x1.25,r_s,1.25,FixedSensitivity,dir_travel_rmse_deg,10,18.85025558,1.4862810498502599,17.991188276750005,19.723025480749996
sensitivity,r_s_x1.25,r_s,1.25,FixedSensitivity,dir_travel_correct_pct,10,85.81866837,2.109557815538484,84.68702831725001,87.13529437774999
sensitivity,r_s_x1.25,r_s,1.25,FixedSensitivity,dir_travel_wrong_pct,10,0.03805555619,0.0666580501229838,0.0,0.07988888899999999
sensitivity,r_s_x1.25,r_s,1.25,FixedSensitivity,dir_travel_unresolved_pct,10,14.143278134,2.099958901084061,12.8173879184,15.2810570364
sensitivity,r_s_x1.25,r_s,1.25,FixedSensitivity,accel_bias_3d_rms_mps2,10,0.06562280026,0.033100061664678805,0.0482066995075,0.08619145994249999
sensitivity,r_s_x1.25,r_s,1.25,FixedSensitivity,gyro_bias_3d_rms_radps,10,0.00011943529604,1.530729846279142e-05,0.00011017791339750002,0.00012788690255999998
sensitivity,r_s_x1.5,r_s,1.5,FixedSensitivity,accel_x_rms_mps2,10,0.013179736380000001,0.0030584589611902194,0.011702785205749999,0.015205314073999998
sensitivity,r_s_x1.5,r_s,1.5,FixedSensitivity,accel_y_rms_mps2,10,0.01634728731,0.003934231438749422,0.01419316197625,0.0187889902325
sensitivity,r_s_x1.5,r_s,1.5,FixedSensitivity,accel_z_rms_mps2,10,0.011764209987,0.001204326055926609,0.0110674387364,0.012496267037750001
sensitivity,r_s_x1.5,r_s,1.5,FixedSensitivity,accel_3d_rms_mps2,10,0.024271560650000003,0.003927355113327753,0.022221044873500004,0.0267768371335
sensitivity,r_s_x1.5,r_s,1.5,FixedSensitivity,disp_x_rms_m,10,0.07262444198999998,0.0026472964390785348,0.07110354685800001,0.07418958542625001
sensitivity,r_s_x1.5,r_s,1.5,FixedSensitivity,disp_y_rms_m,10,0.07229448407000001,0.0044254176579100555,0.0696757572605,0.07489736017925001
sensitivity,r_s_x1.5,r_s,1.5,FixedSensitivity,disp_z_rms_m,10,0.07631938979,0.0025767973912232127,0.07476762064025,0.0777958392215
sensitivity,r_s_x1.5,r_s,1.5,FixedSensitivity,disp_3d_rms_m,10,0.1278722628,0.0021199026719715647,0.1267517873825,0.12920829136749998
sensitivity,r_s_x1.5,r_s,1.5,FixedSensitivity,disp_x_pct_hs,10,4.841629267,0.17648632597575903,4.738750697000001,4.945955288275001
sensitivity,r_s_x1.5,r_s,1.5,FixedSensitivity,disp_y_pct_hs,10,4.819632102,0.2950278638738236,4.648269435224999,4.992431753149999
sensitivity,r_s_x1.5,r_s,1.5,FixedSensitivity,disp_z_pct_hs,10,5.087959147,0.1717864735487578,4.985609099125,5.187057561075
sensitivity,r_s_x1.5,r_s,1.5,FixedSensitivity,disp_3d_pct_refmax,10,8.888724232,0.729898208635244,8.442761517174999,9.283275372999999
sensitivity,r_s_x1.5,r_s,1.5,FixedSensitivity,disp_z_ref_rms_m,10,0.39174956969999997,0.009189958095895057,0.38643622867500005,0.39715717030250003
sensitivity,r_s_x1.5,r_s,1.5,FixedSensitivity,disp_z_pct_refrms,10,19.48552837,0.622954051257141,19.104309844250004,19.8214351635
sensitivity,r_s_x1.5,r_s,1.5,FixedSensitivity,roll_rms_deg,10,0.27219112741,0.18806037374829415,0.17662558008999998,0.39254409773524995
sensitivity,r_s_x1.5,r_s,1.5,FixedSensitivity,pitch_rms_deg,10,0.25470906874,0.12442711912659532,0.1859417561815,0.33334803343599995
sensitivity,r_s_x1.5,r_s,1.5,FixedSensitivity,yaw_rms_deg,10,1.9996689128,1.0572853581274115,1.4216683481249999,2.6715481839749997
sensitivity,r_s_x1.5,r_s,1.5,FixedSensitivity,dir_axis_error_deg,10,5.333857726,1.7385496662234023,4.287068556625,6.3006933981
sensitivity,r_s_x1.5,r_s,1.5,FixedSensitivity,dir_axis_abs_error_deg,10,5.333857726,1.7385496662234023,4.268099249324999,6.33505065755
sensitivity,r_s_x1.5,r_s,1.5,FixedSensitivity,dir_axis_rmse_deg,10,21.36906491,2.1274982657636627,20.104744858000004,22.59966752025
sensitivity,r_s_x1.5,r_s,1.5,FixedSensitivity,dir_axis_circ_std_deg,10,19.442551610000002,2.0445922644587786,18.3171146865,20.70466176
sensitivity,r_s_x1.5,r_s,1.5,FixedSensitivity,dir_axis_available_pct,10,93.77066574,1.3742511720060213,93.03663074475,94.62261741325001
sensitivity,r_s_x1.5,r_s,1.5,FixedSensitivity,dir_sense_forward_pct,10,36.742278479999996,32.538596427395674,18.106444930000002,56.08949681149998
sensitivity,r_s_x1.5,r_s,1.5,FixedSensitivity,dir_sense_reverse_pct,10,49.099279408,32.73635177015241,29.671783042599998,68.19193231154999
sensitivity,r_s_x1.5,r_s,1.5,FixedSensitivity,dir_sense_uncertain_pct,10,14.158444871999999,2.1167529237936384,12.84041854495,15.290063075
sensitivity,r_s_x1.5,r_s,1.5,FixedSensitivity,dir_sense_dominant_pct,10,71.06844634,15.565411582506542,61.82756025449999,80.1833351
sensitivity,r_s_x1.5,r_s,1.5,FixedSensitivity,dir_travel_error_deg,10,5.0277219529999995,1.6589159828788715,4.0636796695,5.964675316125
sensitivity,r_s_x1.5,r_s,1.5,FixedSensitivity,dir_travel_abs_error_deg,10,5.0277219529999995,1.6589159828788715,4.02947148075,6.006991099699999
sensitivity,r_s_x1.5,r_s,1.5,FixedSensitivity,dir_travel_rmse_deg,10,18.852138890000003,1.4832671752023403,17.98235628125,19.71997603025
sensitivity,r_s_x1.5,r_s,1.5,FixedSensitivity,dir_travel_correct_pct,10,85.80672454999998,2.1284941722500754,84.69005458525001,87.15083323700001
sensitivity,r_s_x1.5,r_s,1.5,FixedSensitivity,dir_travel_wrong_pct,10,0.03483333443,0.0640114528705682,0.0,0.07738889092
sensitivity,r_s_x1.5,r_s,1.5,FixedSensitivity,dir_travel_unresolved_pct,10,14.158444871999999,2.1167529237936384,12.8087086958,15.298838008
sensitivity,r_s_x1.5,r_s,1.5,FixedSensitivity,accel_bias_3d_rms_mps2,10,0.06565157682,0.03308038304890691,0.04791053011324999,0.086946150154
sensitivity,r_s_x1.5,r_s,1.5,FixedSensitivity,gyro_bias_3d_rms_radps,10,0.00011965875886000001,1.5320051735433102e-05,0.0001102397769345,0.0001285408692925
sensitivity,sigma_aw_rs_x0.5,sigma_aw_rs,0.5,FixedSensitivity,accel_x_rms_mps2,10,0.0143935661,0.004137290605251185,0.012177338652,0.017016689050750003
sensitivity,sigma_aw_rs_x0.5,sigma_aw_rs,0.5,FixedSensitivity,accel_y_rms_mps2,10,0.014348786889999998,0.004270800563673574,0.01205197636075,0.01696560930625
sensitivity,sigma_aw_rs_x0.5,sigma_aw_rs,0.5,FixedSensitivity,accel_z_rms_mps2,10,0.02005085479,0.001941231920337779,0.0189161783325,0.021194504083
sensitivity,sigma_aw_rs_x0.5,sigma_aw_rs,0.5,FixedSensitivity,accel_3d_rms_mps2,10,0.028904344510000003,0.004062134701962435,0.026641415452,0.031484471965749994
sensitivity,sigma_aw_rs_x0.5,sigma_aw_rs,0.5,FixedSensitivity,disp_x_rms_m,10,0.07681016773999999,0.0016632376587549385,0.07582588017024999,0.07777030131474999
sensitivity,sigma_aw_rs_x0.5,sigma_aw_rs,0.5,FixedSensitivity,disp_y_rms_m,10,0.044069484990000005,0.005037712077117658,0.041329474225999994,0.04719870233175
sensitivity,sigma_aw_rs_x0.5,sigma_aw_rs,0.5,FixedSensitivity,disp_z_rms_m,10,0.08555199057,0.0021979604218994933,0.08425211021250001,0.08682394972825001
sensitivity,sigma_aw_rs_x0.5,sigma_aw_rs,0.5,FixedSensitivity,disp_3d_rms_m,10,0.12322427700000001,0.002691665350231009,0.12167642989250001,0.1248188880425
sensitivity,sigma_aw_rs_x0.5,sigma_aw_rs,0.5,FixedSensitivity,disp_x_pct_hs,10,5.120677663,0.11088245590194572,5.056565897125,5.184975265775
sensitivity,sigma_aw_rs_x0.5,sigma_aw_rs,0.5,FixedSensitivity,disp_y_pct_hs,10,2.9379655350000005,0.3358474981282025,2.755475291825,3.1442085905250003
sensitivity,sigma_aw_rs_x0.5,sigma_aw_rs,0.5,FixedSensitivity,disp_z_pct_hs,10,5.703465796,0.14653065670316215,5.615803038325,5.786475022125
sensitivity,sigma_aw_rs_x0.5,sigma_aw_rs,0.5,FixedSensitivity,disp_3d_pct_refmax,10,8.561189412000001,0.6592529559170143,8.159742998875,8.924948014175
sensitivity,sigma_aw_rs_x0.5,sigma_aw_rs,0.5,FixedSensitivity,disp_z_ref_rms_m,10,0.39174956969999997,0.009189958095895057,0.38627549691,0.3971140286425
sensitivity,sigma_aw_rs_x0.5,sigma_aw_rs,0.5,FixedSensitivity,disp_z_pct_refrms,10,21.83918705,0.2987516670627791,21.645537559,21.99240144525
sensitivity,sigma_aw_rs_x0.5,sigma_aw_rs,0.5,FixedSensitivity,roll_rms_deg,10,0.4136244133000001,0.23599557718834835,0.28558323585750006,0.55929812899
sensitivity,sigma_aw_rs_x0.5,sigma_aw_rs,0.5,FixedSensitivity,pitch_rms_deg,10,0.4202949643,0.2066274335570737,0.30883686662,0.5512480227849997
sensitivity,sigma_aw_rs_x0.5,sigma_aw_rs,0.5,FixedSensitivity,yaw_rms_deg,10,1.8544179192,1.371804418517276,1.16098049238,2.75600645748
sensitivity,sigma_aw_rs_x0.5,sigma_aw_rs,0.5,FixedSensitivity,dir_axis_error_deg,10,5.742837523,1.8007025486580575,4.652286757575,6.791430661999999
sensitivity,sigma_aw_rs_x0.5,sigma_aw_rs,0.5,FixedSensitivity,dir_axis_abs_error_deg,10,5.742837523,1.8007025486580575,4.652666435025,6.771912535549999
sensitivity,sigma_aw_rs_x0.5,sigma_aw_rs,0.5,FixedSensitivity,dir_axis_rmse_deg,10,21.781045159999998,1.9828455849027342,20.63309079125,22.99302332
sensitivity,sigma_aw_rs_x0.5,sigma_aw_rs,0.5,FixedSensitivity,dir_axis_circ_std_deg,10,19.75782355,1.9265369539489527,18.648556976749997,20.9015943795
sensitivity,sigma_aw_rs_x0.5,sigma_aw_rs,0.5,FixedSensitivity,dir_axis_available_pct,10,93.51483459,1.413082448867996,92.738104976,94.44451180200001
sensitivity,sigma_aw_rs_x0.5,sigma_aw_rs,0.5,FixedSensitivity,dir_sense_forward_pct,10,36.86033439999999,32.227981296046025,18.48355598,56.275279239999996
sensitivity,sigma_aw_rs_x0.5,sigma_aw_rs,0.5,FixedSensitivity,dir_sense_reverse_pct,10,48.462056356999994,32.245684086423,29.615650966999993,67.23563550224999
sensitivity,sigma_aw_rs_x0.5,sigma_aw_rs,0.5,FixedSensitivity,dir_sense_uncertain_pct,10,14.67761133,1.7513082755406189,13.62410707025,15.64272693525
sensitivity,sigma_aw_rs_x0.5,sigma_aw_rs,0.5,FixedSensitivity,dir_sense_dominant_pct,10,70.35350152000001,15.353870944847603,61.14687427650001,79.56242621049999
sensitivity,sigma_aw_rs_x0.5,sigma_aw_rs,0.5,FixedSensitivity,dir_travel_error_deg,10,5.438656495,1.6402815265286566,4.465497437275,6.408903549
sensitivity,sigma_aw_rs_x0.5,sigma_aw_rs,0.5,FixedSensitivity,dir_travel_abs_error_deg,10,5.438656495,1.6402815265286566,4.482593319,6.41421776555
sensitivity,sigma_aw_rs_x0.5,sigma_aw_rs,0.5,FixedSensitivity,dir_travel_rmse_deg,10,19.22237206,1.411375952954157,18.40794087375,20.0740016235
sensitivity,sigma_aw_rs_x0.5,sigma_aw_rs,0.5,FixedSensitivity,dir_travel_correct_pct,10,85.29305802000002,1.7467843966937968,84.32677931775001,86.37608443975
sensitivity,sigma_aw_rs_x0.5,sigma_aw_rs,0.5,FixedSensitivity,dir_travel_wrong_pct,10,0.029333333679,0.05897664053120476,0.0016666667070000002,0.06944444470899999
sensitivity,sigma_aw_rs_x0.5,sigma_aw_rs,0.5,FixedSensitivity,dir_travel_unresolved_pct,10,14.67761133,1.7513082755406189,13.5954932225,15.662166849999997
sensitivity,sigma_aw_rs_x0.5,sigma_aw_rs,0.5,FixedSensitivity,accel_bias_3d_rms_mps2,10,0.10826624601999998,0.0335124340840591,0.0889102856145,0.12776908065999998
sensitivity,sigma_aw_rs_x0.5,sigma_aw_rs,0.5,FixedSensitivity,gyro_bias_3d_rms_radps,10,0.00011794253598,1.5514930901822763e-05,0.000109024847886,0.00012706309536249997
sensitivity,sigma_aw_rs_x0.75,sigma_aw_rs,0.75,FixedSensitivity,accel_x_rms_mps2,10,0.01315867846,0.0036774194515812562,0.01130167779925,0.015534803153250001
sensitivity,sigma_aw_rs_x0.75,sigma_aw_rs,0.75,FixedSensitivity,accel_y_rms_mps2,10,0.014786391230000001,0.004211537036199178,0.012524620349499999,0.017472071431250003
sensitivity,sigma_aw_rs_x0.75,sigma_aw_rs,0.75,FixedSensitivity,accel_z_rms_mps2,10,0.013526567610000002,0.0016355633388408497,0.01257272804,0.014497649596999998
sensitivity,sigma_aw_rs_x0.75,sigma_aw_rs,0.75,FixedSensitivity,accel_3d_rms_mps2,10,0.02425428927,0.004349664370970672,0.021941318158500003,0.02701791420475
sensitivity,sigma_aw_rs_x0.75,sigma_aw_rs,0.75,FixedSensitivity,disp_x_rms_m,10,0.06885644198999999,0.001809629643986042,0.06778510587999999,0.069907254051
sensitivity,sigma_aw_rs_x0.75,sigma_aw_rs,0.75,FixedSensitivity,disp_y_rms_m,10,0.04991187117,0.003972603511142464,0.04775315401374999,0.052412181052250005
sensitivity,sigma_aw_rs_x0.75,sigma_aw_rs,0.75,FixedSensitivity,disp_z_rms_m,10,0.07876578570000001,0.002039485295342386,0.0775211522195,0.079879762994
sensitivity,sigma_aw_rs_x0.75,sigma_aw_rs,0.75,FixedSensitivity,disp_3d_rms_m,10,0.1159873008,0.0021842335090306105,0.1147080492525,0.1172531759025
sensitivity,sigma_aw_rs_x0.75,sigma_aw_rs,0.75,FixedSensitivity,disp_x_pct_hs,10,4.590429353999999,0.12064207597740038,4.519078637774999,4.659796733074999
sensitivity,sigma_aw_rs_x0.75,sigma_aw_rs,0.75,FixedSensitivity,disp_y_pct_hs,10,3.3274579760000003,0.26484023776056187,3.1842329816499997,3.491799220775
sensitivity,sigma_aw_rs_x0.75,sigma_aw_rs,0.75,FixedSensitivity,disp_z_pct_hs,10,5.251052188000001,0.13596566541301192,5.167389150349999,5.3256665314000005
sensitivity,sigma_aw_rs_x0.75,sigma_aw_rs,0.75,FixedSensitivity,disp_3d_pct_refmax,10,8.06013713,0.6369833448127611,7.674832851924998,8.409906103
sensitivity,sigma_aw_rs_x0.75,sigma_aw_rs,0.75,FixedSensitivity,disp_z_ref_rms_m,10,0.39174956969999997,0.009189958095895057,0.38616086147999995,0.39703379878
sensitivity,sigma_aw_rs_x0.75,sigma_aw_rs,0.75,FixedSensitivity,disp_z_pct_refrms,10,20.10798492,0.36356754932130214,19.875754689500003,20.2986645835
sensitivity,sigma_aw_rs_x0.75,sigma_aw_rs,0.75,FixedSensitivity,roll_rms_deg,10,0.29403900582,0.2025122713301869,0.19055838125349997,0.42313853569949994
sensitivity,sigma_aw_rs_x0.75,sigma_aw_rs,0.75,FixedSensitivity,pitch_rms_deg,10,0.2749425578,0.1648429674051991,0.18779379477499997,0.37803025930499995
sensitivity,sigma_aw_rs_x0.75,sigma_aw_rs,0.75,FixedSensitivity,yaw_rms_deg,10,1.9084822240999997,1.1750094859655293,1.2978939952000002,2.6545619408224987
sensitivity,sigma_aw_rs_x0.75,sigma_aw_rs,0.75,FixedSensitivity,dir_axis_error_deg,10,5.361027526999999,1.7563365137084754,4.290238227375,6.343347093725
sensitivity,sigma_aw_rs_x0.75,sigma_aw_rs,0.75,FixedSensitivity,dir_axis_abs_error_deg,10,5.361027526999999,1.7563365137084754,4.283253628224999,6.351564027
sensitivity,sigma_aw_rs_x0.75,sigma_aw_rs,0.75,FixedSensitivity,dir_axis_rmse_deg,10,21.499759290000004,2.221071046552409,20.24039490775,22.8245784865
sensitivity,sigma_aw_rs_x0.75,sigma_aw_rs,0.75,FixedSensitivity,dir_axis_circ_std_deg,10,19.56817799,2.128341648059862,18.37003018125,20.883520639750003
sensitivity,sigma_aw_rs_x0.75,sigma_aw_rs,0.75,FixedSensitivity,dir_axis_available_pct,10,93.64839020999999,1.3794780492847767,92.9043358,94.508673972
sensitivity,sigma_aw_rs_x0.75,sigma_aw_rs,0.75,FixedSensitivity,dir_sense_forward_pct,10,36.649056619999996,32.518023533878306,17.47822266,56.27921970474999
sensitivity,sigma_aw_rs_x0.75,sigma_aw_rs,0.75,FixedSensitivity,dir_sense_reverse_pct,10,49.032390405,32.67317774484611,29.507279833875,67.97964907749999
sensitivity,sigma_aw_rs_x0.75,sigma_aw_rs,0.75,FixedSensitivity,dir_sense_uncertain_pct,10,14.318556021000001,2.12393571219357,12.990832398524999,15.464404605025003
sensitivity,sigma_aw_rs_x0.75,sigma_aw_rs,0.75,FixedSensitivity,dir_sense_dominant_pct,10,70.97250213000001,15.514348896079921,61.89697689249999,80.04828317175
sensitivity,sigma_aw_rs_x0.75,sigma_aw_rs,0.75,FixedSensitivity,dir_travel_error_deg,10,5.071987270999999,1.6402422245366943,4.078053238149999,6.020636940399999
sensitivity,sigma_aw_rs_x0.75,sigma_aw_rs,0.75,FixedSensitivity,dir_travel_abs_error_deg,10,5.071987270999999,1.6402422245366943,4.110181964925,6.024717118049999
sensitivity,sigma_aw_rs_x0.75,sigma_aw_rs,0.75,FixedSensitivity,dir_travel_rmse_deg,10,18.959568400000002,1.4744707065924656,18.1008322105,19.845500233000003
sensitivity,sigma_aw_rs_x0.75,sigma_aw_rs,0.75,FixedSensitivity,dir_travel_correct_pct,10,85.63644639,2.131763126713611,84.51327910749998,86.96690537549999
sensitivity,sigma_aw_rs_x0.75,sigma_aw_rs,0.75,FixedSensitivity,dir_travel_wrong_pct,10,0.04500000036,0.06961977881675456,0.00655555576,0.09000000072
sensitivity,sigma_aw_rs_x0.75,sigma_aw_rs,0.75,FixedSensitivity,dir_travel_unresolved_pct,10,14.318556021000001,2.12393571219357,12.992824155274999,15.466892240499998
sensitivity,sigma_aw_rs_x0.75,sigma_aw_rs,0.75,FixedSensitivity,accel_bias_3d_rms_mps2,10,0.07343396255,0.03438932297087484,0.05511262968499999,0.09481254342474998
sensitivity,sigma_aw_rs_x0.75,sigma_aw_rs,0.75,FixedSensitivity,gyro_bias_3d_rms_radps,10,0.00011856551730999999,1.5328217724024966e-05,0.00010947280958225,0.0001271873858675
sensitivity,sigma_aw_rs_x1,sigma_aw_rs,1,FixedSensitivity,accel_x_rms_mps2,10,0.01337304747,0.0032770794710349485,0.011755518781250002,0.015516684232000002
sensitivity,sigma_aw_rs_x1,sigma_aw_rs,1,FixedSensitivity,accel_y_rms_mps2,10,0.016079586540000003,0.003942453601631908,0.013924631923000003,0.018534903917250004
sensitivity,sigma_aw_rs_x1,sigma_aw_rs,1,FixedSensitivity,accel_z_rms_mps2,10,0.01195538538,0.0012536411556033536,0.011246559012,0.012703159819999999
sensitivity,sigma_aw_rs_x1,sigma_aw_rs,1,FixedSensitivity,accel_3d_rms_mps2,10,0.02429959848,0.004071675378669581,0.02217662826825,0.0268767388015
sensitivity,sigma_aw_rs_x1,sigma_aw_rs,1,FixedSensitivity,disp_x_rms_m,10,0.06843523234,0.0019753203707809273,0.06725274270375,0.06954895970500001
sensitivity,sigma_aw_rs_x1,sigma_aw_rs,1,FixedSensitivity,disp_y_rms_m,10,0.05801577606000001,0.003930503305085794,0.05575253027425,0.060296668518
sensitivity,sigma_aw_rs_x1,sigma_aw_rs,1,FixedSensitivity,disp_z_rms_m,10,0.07631477712000001,0.002106735465627211,0.074995912928,0.07745558588374998
sensitivity,sigma_aw_rs_x1,sigma_aw_rs,1,FixedSensitivity,disp_3d_rms_m,10,0.11786105249999998,0.0019261270113213789,0.11672773596,0.118989023625
sensitivity,sigma_aw_rs_x1,sigma_aw_rs,1,FixedSensitivity,disp_x_pct_hs,10,4.562348698999999,0.13168800120981947,4.484194359200001,4.638178538
sensitivity,sigma_aw_rs_x1,sigma_aw_rs,1,FixedSensitivity,disp_y_pct_hs,10,3.8677182199999995,0.2620335662312872,3.7167523604499992,4.027048372925001
sensitivity,sigma_aw_rs_x1,sigma_aw_rs,1,FixedSensitivity,disp_z_pct_hs,10,5.087651635,0.14044907194540424,5.001496029875,5.1639884648
sensitivity,sigma_aw_rs_x1,sigma_aw_rs,1,FixedSensitivity,disp_3d_pct_refmax,10,8.19156475,0.6581699909445949,7.78909520935,8.55269968635
sensitivity,sigma_aw_rs_x1,sigma_aw_rs,1,FixedSensitivity,disp_z_ref_rms_m,10,0.39174956969999997,0.009189958095895057,0.3863140168825,0.3971228718
sensitivity,sigma_aw_rs_x1,sigma_aw_rs,1,FixedSensitivity,disp_z_pct_refrms,10,19.48304005,0.4384961673559818,19.20725720425,19.718870943749998
sensitivity,sigma_aw_rs_x1,sigma_aw_rs,1,FixedSensitivity,roll_rms_deg,10,0.2689227185,0.186100893971046,0.17372643040000002,0.3881400413749999
sensitivity,sigma_aw_rs_x1,sigma_aw_rs,1,FixedSensitivity,pitch_rms_deg,10,0.2553000323,0.1372497690676666,0.1816089258725,0.34162639720249993
sensitivity,sigma_aw_rs_x1,sigma_aw_rs,1,FixedSensitivity,yaw_rms_deg,10,1.9638484367999998,1.0987961594186264,1.3757450213999998,2.6587184935749995
sensitivity,sigma_aw_rs_x1,sigma_aw_rs,1,FixedSensitivity,dir_axis_error_deg,10,5.256163025,1.753160165742208,4.207257613475,6.253969840124999
sensitivity,sigma_aw_rs_x1,sigma_aw_rs,1,FixedSensitivity,dir_axis_abs_error_deg,10,5.256163025,1.753160165742208,4.191882133800001,6.249577253350001
sensitivity,sigma_aw_rs_x1,sigma_aw_rs,1,FixedSensitivity,dir_axis_rmse_deg,10,21.329205509999998,2.099981065907495,20.0920778,22.58771782
sensitivity,sigma_aw_rs_x1,sigma_aw_rs,1,FixedSensitivity,dir_axis_circ_std_deg,10,19.43302154,2.0170218905934965,18.306718795,20.6540774885
sensitivity,sigma_aw_rs_x1,sigma_aw_rs,1,FixedSensitivity,dir_axis_available_pct,10,93.71572189999999,1.3775803685703263,92.96376265225,94.59619184825
sensitivity,sigma_aw_rs_x1,sigma_aw_rs,1,FixedSensitivity,dir_sense_forward_pct,10,36.72644519000001,32.519478196341645,18.196055780000002,56.415847020499996
sensitivity,sigma_aw_rs_x1,sigma_aw_rs,1,FixedSensitivity,dir_sense_reverse_pct,10,49.122167588,32.74197630418551,30.31560006575,68.47276328219999
sensitivity,sigma_aw_rs_x1,sigma_aw_rs,1,FixedSensitivity,dir_sense_uncertain_pct,10,14.151389032,2.080427829371303,12.819825332650002,15.261963938000001
sensitivity,sigma_aw_rs_x1,sigma_aw_rs,1,FixedSensitivity,dir_sense_dominant_pct,10,71.07400169,15.545614361202658,61.816799721,80.291430354
sensitivity,sigma_aw_rs_x1,sigma_aw_rs,1,FixedSensitivity,dir_travel_error_deg,10,4.9571105950000005,1.6709405587777262,3.9468094145999997,5.944002950450001
sensitivity,sigma_aw_rs_x1,sigma_aw_rs,1,FixedSensitivity,dir_travel_abs_error_deg,10,4.9571105950000005,1.6709405587777262,3.9297505922249996,5.909803747
sensitivity,sigma_aw_rs_x1,sigma_aw_rs,1,FixedSensitivity,dir_travel_rmse_deg,10,18.85320605,1.4783476982154524,17.97903790675,19.71360327425
sensitivity,sigma_aw_rs_x1,sigma_aw_rs,1,FixedSensitivity,dir_travel_correct_pct,10,85.80739059999999,2.090833745763413,84.69988875675,87.16122438
sensitivity,sigma_aw_rs_x1,sigma_aw_rs,1,FixedSensitivity,dir_travel_wrong_pct,10,0.041222223079999995,0.06716113087787509,0.00588888898,0.0855000021
sensitivity,sigma_aw_rs_x1,sigma_aw_rs,1,FixedSensitivity,dir_travel_unresolved_pct,10,14.151389032,2.080427829371303,12.861183665199999,15.251072286
sensitivity,sigma_aw_rs_x1,sigma_aw_rs,1,FixedSensitivity,accel_bias_3d_rms_mps2,10,0.06585945596,0.03325309737945055,0.04817801437625,0.08677637518775
sensitivity,sigma_aw_rs_x1,sigma_aw_rs,1,FixedSensitivity,gyro_bias_3d_rms_radps,10,0.00011923959746999999,1.526735798561457e-05,0.00010976853192325,0.0001278196498425
sensitivity,sigma_aw_rs_x1.25,sigma_aw_rs,1.25,FixedSensitivity,accel_x_rms_mps2,10,0.013840468040000001,0.0030122568695887444,0.0123797679235,0.01584968760625
sensitivity,sigma_aw_rs_x1.25,sigma_aw_rs,1.25,FixedSensitivity,accel_y_rms_mps2,10,0.01670123524,0.0038515102935146026,0.014601006165749999,0.019167526584
sensitivity,sigma_aw_rs_x1.25,sigma_aw_rs,1.25,FixedSensitivity,accel_z_rms_mps2,10,0.011782728880000001,0.0009522817422266269,0.011252891544999997,0.0123659877225
sensitivity,sigma_aw_rs_x1.25,sigma_aw_rs,1.25,FixedSensitivity,accel_3d_rms_mps2,10,0.0248638127,0.003865310400568609,0.0229042505685,0.027297734421000003
sensitivity,sigma_aw_rs_x1.25,sigma_aw_rs,1.25,FixedSensitivity,disp_x_rms_m,10,0.06960029305000001,0.0022250729476137924,0.0682736508785,0.07087534797400001
sensitivity,sigma_aw_rs_x1.25,sigma_aw_rs,1.25,FixedSensitivity,disp_y_rms_m,10,0.06410466322,0.004063003282385528,0.061740575383,0.0665115949395
sensitivity,sigma_aw_rs_x1.25,sigma_aw_rs,1.25,FixedSensitivity,disp_z_rms_m,10,0.07567810268,0.0022674927390646275,0.07426773469325,0.07692469047775
sensitivity,sigma_aw_rs_x1.25,sigma_aw_rs,1.25,FixedSensitivity,disp_3d_rms_m,10,0.12124914540000001,0.00193483138215626,0.1201598361825,0.12241407596
sensitivity,sigma_aw_rs_x1.25,sigma_aw_rs,1.25,FixedSensitivity,disp_x_pct_hs,10,4.640019320000001,0.14833813784697303,4.554998715949999,4.725844646774999
sensitivity,sigma_aw_rs_x1.25,sigma_aw_rs,1.25,FixedSensitivity,disp_y_pct_hs,10,4.273644137,0.27086690274268965,4.114223407,4.430718133725
sensitivity,sigma_aw_rs_x1.25,sigma_aw_rs,1.25,FixedSensitivity,disp_z_pct_hs,10,5.045206642999999,0.15116615027626598,4.9500931493,5.128511643575
sensitivity,sigma_aw_rs_x1.25,sigma_aw_rs,1.25,FixedSensitivity,disp_3d_pct_refmax,10,8.427712344,0.6842400477418911,8.006248187999999,8.7987264414
sensitivity,sigma_aw_rs_x1.25,sigma_aw_rs,1.25,FixedSensitivity,disp_z_ref_rms_m,10,0.39174956969999997,0.009189958095895057,0.386269515175,0.39711862707
sensitivity,sigma_aw_rs_x1.25,sigma_aw_rs,1.25,FixedSensitivity,disp_z_pct_refrms,10,19.321080979999998,0.5134885465573712,18.99852205525,19.598151272
sensitivity,sigma_aw_rs_x1.25,sigma_aw_rs,1.25,FixedSensitivity,roll_rms_deg,10,0.26017400691,0.1803943043177669,0.1699579187525,0.3770773838125
sensitivity,sigma_aw_rs_x1.25,sigma_aw_rs,1.25,FixedSensitivity,pitch_rms_deg,10,0.25563810032,0.12455914228020669,0.18866657237450002,0.33268787153249996
sensitivity,sigma_aw_rs_x1.25,sigma_aw_rs,1.25,FixedSensitivity,yaw_rms_deg,10,1.9953650571000001,1.0703028017015925,1.4174109376775,2.671805816275
sensitivity,sigma_aw_rs_x1.25,sigma_aw_rs,1.25,FixedSensitivity,dir_axis_error_deg,10,5.215168764,1.7546409570538297,4.153472177475,6.20461807445
sensitivity,sigma_aw_rs_x1.25,sigma_aw_rs,1.25,FixedSensitivity,dir_axis_abs_error_deg,10,5.215168764,1.7546409570538297,4.1416600438749995,6.2261413590000005
sensitivity,sigma_aw_rs_x1.25,sigma_aw_rs,1.25,FixedSensitivity,dir_axis_rmse_deg,10,21.2789179,2.083628102201581,20.051185572999998,22.484291206
sensitivity,sigma_aw_rs_x1.25,sigma_aw_rs,1.25,FixedSensitivity,dir_axis_circ_std_deg,10,19.386289790000003,1.9944509542442932,18.259526630000003,20.57529342025
sensitivity,sigma_aw_rs_x1.25,sigma_aw_rs,1.25,FixedSensitivity,dir_axis_available_pct,10,93.75255585,1.3756282188060533,93.003929872,94.5919469055
sensitivity,sigma_aw_rs_x1.25,sigma_aw_rs,1.25,FixedSensitivity,dir_sense_forward_pct,10,36.75361194,32.54985661899691,17.947725324250005,56.24372503624999
sensitivity,sigma_aw_rs_x1.25,sigma_aw_rs,1.25,FixedSensitivity,dir_sense_reverse_pct,10,49.134278292,32.74986944992322,29.8911495607,67.80380306205
sensitivity,sigma_aw_rs_x1.25,sigma_aw_rs,1.25,FixedSensitivity,dir_sense_uncertain_pct,10,14.112111585000003,2.0928253081667636,12.791549100625,15.236368303250002
sensitivity,sigma_aw_rs_x1.25,sigma_aw_rs,1.25,FixedSensitivity,dir_sense_dominant_pct,10,71.09994544,15.58165626640139,61.956597132,80.14830438199999
sensitivity,sigma_aw_rs_x1.25,sigma_aw_rs,1.25,FixedSensitivity,dir_travel_error_deg,10,4.9130448090000005,1.676046444519756,3.9166048618250007,5.88605331405
sensitivity,sigma_aw_rs_x1.25,sigma_aw_rs,1.25,FixedSensitivity,dir_travel_abs_error_deg,10,4.9130448090000005,1.676046444519756,3.9022616592499997,5.873868096124999
sensitivity,sigma_aw_rs_x1.25,sigma_aw_rs,1.25,FixedSensitivity,dir_travel_rmse_deg,10,18.792528149999995,1.463643740809453,17.925552560999996,19.6496071415
sensitivity,sigma_aw_rs_x1.25,sigma_aw_rs,1.25,FixedSensitivity,dir_travel_correct_pct,10,85.85733488000001,2.0975820713595543,84.73694355275,87.16640889499999
sensitivity,sigma_aw_rs_x1.25,sigma_aw_rs,1.25,FixedSensitivity,dir_travel_wrong_pct,10,0.03055555594,0.05077992618228381,0.0,0.06216666688
sensitivity,sigma_aw_rs_x1.25,sigma_aw_rs,1.25,FixedSensitivity,dir_travel_unresolved_pct,10,14.112111585000003,2.0928253081667636,12.761722675000001,15.2046241055
sensitivity,sigma_aw_rs_x1.25,sigma_aw_rs,1.25,FixedSensitivity,accel_bias_3d_rms_mps2,10,0.06384194816,0.03290301489111951,0.04648272135,0.08452509615574999
sensitivity,sigma_aw_rs_x1.25,sigma_aw_rs,1.25,FixedSensitivity,gyro_bias_3d_rms_radps,10,0.00011952939533000002,1.5472106405793258e-05,0.0001100493157925,0.0001283211444375
sensitivity,sigma_aw_rs_x1.5,sigma_aw_rs,1.5,FixedSensitivity,accel_x_rms_mps2,10,0.014320457439999998,0.002832576390261184,0.012965997794750002,0.01620397204375
sensitivity,sigma_aw_rs_x1.5,sigma_aw_rs,1.5,FixedSensitivity,accel_y_rms_mps2,10,0.01722056326,0.0037737253547948635,0.01521176948225,0.019577669936999997
sensitivity,sigma_aw_rs_x1.5,sigma_aw_rs,1.5,FixedSensitivity,accel_z_rms_mps2,10,0.012018918710000001,0.0007512301165336113,0.011609470460000002,0.012486038501
sensitivity,sigma_aw_rs_x1.5,sigma_aw_rs,1.5,FixedSensitivity,accel_3d_rms_mps2,10,0.025578355980000002,0.0037075568949491537,0.023668852935250003,0.027994417144249998
sensitivity,sigma_aw_rs_x1.5,sigma_aw_rs,1.5,FixedSensitivity,disp_x_rms_m,10,0.07154407053,0.0025036227824345738,0.070094824729,0.07298574818700002
sensitivity,sigma_aw_rs_x1.5,sigma_aw_rs,1.5,FixedSensitivity,disp_y_rms_m,10,0.06981509551000001,0.004307915365762023,0.06725705899149999,0.07233478382075001
sensitivity,sigma_aw_rs_x1.5,sigma_aw_rs,1.5,FixedSensitivity,disp_z_rms_m,10,0.07597639859,0.0024599971228531584,0.07446212190274999,0.07734365285875001
sensitivity,sigma_aw_rs_x1.5,sigma_aw_rs,1.5,FixedSensitivity,disp_3d_rms_m,10,0.12565490750000002,0.00204104678948754,0.12454902763249999,0.1269159234825
sensitivity,sigma_aw_rs_x1.5,sigma_aw_rs,1.5,FixedSensitivity,disp_x_pct_hs,10,4.769604492,0.16690825441347149,4.672681237000001,4.86473604735
sensitivity,sigma_aw_rs_x1.5,sigma_aw_rs,1.5,FixedSensitivity,disp_y_pct_hs,10,4.654339551,0.2871943221847069,4.483960799125001,4.825137722075
sensitivity,sigma_aw_rs_x1.5,sigma_aw_rs,1.5,FixedSensitivity,disp_z_pct_hs,10,5.065093135,0.16399987136266067,4.9633221987,5.157668178025
sensitivity,sigma_aw_rs_x1.5,sigma_aw_rs,1.5,FixedSensitivity,disp_3d_pct_refmax,10,8.734344865,0.7138486987564808,8.288767675674999,9.122169793674999
sensitivity,sigma_aw_rs_x1.5,sigma_aw_rs,1.5,FixedSensitivity,disp_z_ref_rms_m,10,0.39174956969999997,0.009189958095895057,0.38617889954999995,0.39699585156250006
sensitivity,sigma_aw_rs_x1.5,sigma_aw_rs,1.5,FixedSensitivity,disp_z_pct_refrms,10,19.39771824,0.5840772901068394,19.046700382750004,19.726128389999996
sensitivity,sigma_aw_rs_x1.5,sigma_aw_rs,1.5,FixedSensitivity,roll_rms_deg,10,0.2561307593,0.17793266695760415,0.1667949691025,0.3710834253725
sensitivity,sigma_aw_rs_x1.5,sigma_aw_rs,1.5,FixedSensitivity,pitch_rms_deg,10,0.2579116494,0.12013139155523517,0.19162645801750003,0.33019918083750005
sensitivity,sigma_aw_rs_x1.5,sigma_aw_rs,1.5,FixedSensitivity,yaw_rms_deg,10,2.0142982191,1.05725797827019,1.451756634855,2.6654616501974995
sensitivity,sigma_aw_rs_x1.5,sigma_aw_rs,1.5,FixedSensitivity,dir_axis_error_deg,10,5.229971313,1.7450763805521494,4.127036970975001,6.2105997852499994
sensitivity,sigma_aw_rs_x1.5,sigma_aw_rs,1.5,FixedSensitivity,dir_axis_abs_error_deg,10,5.229971313,1.7450763805521494,4.14096752105,6.214330405424999
sensitivity,sigma_aw_rs_x1.5,sigma_aw_rs,1.5,FixedSensitivity,dir_axis_rmse_deg,10,21.32684174,2.1014588946225095,20.063420856000004,22.51634607975
sensitivity,sigma_aw_rs_x1.5,sigma_aw_rs,1.5,FixedSensitivity,dir_axis_circ_std_deg,10,19.418596259999997,1.9937710014741583,18.27603793025,20.6720401525
sensitivity,sigma_aw_rs_x1.5,sigma_aw_rs,1.5,FixedSensitivity,dir_axis_available_pct,10,93.79538878,1.3752646207311774,93.06355589,94.67917965375001
sensitivity,sigma_aw_rs_x1.5,sigma_aw_rs,1.5,FixedSensitivity,dir_sense_forward_pct,10,36.70938969,32.500003275911396,18.153277779999996,56.37188951
sensitivity,sigma_aw_rs_x1.5,sigma_aw_rs,1.5,FixedSensitivity,dir_sense_reverse_pct,10,49.124223324,32.73864092023254,30.041563029349998,68.19122920984998
sensitivity,sigma_aw_rs_x1.5,sigma_aw_rs,1.5,FixedSensitivity,dir_sense_uncertain_pct,10,14.166389366999999,2.1823286143193124,12.796667198575001,15.359453225750002
sensitivity,sigma_aw_rs_x1.5,sigma_aw_rs,1.5,FixedSensitivity,dir_sense_dominant_pct,10,71.03844643,15.601394542689176,61.94306018325,80.36261328999998
sensitivity,sigma_aw_rs_x1.5,sigma_aw_rs,1.5,FixedSensitivity,dir_travel_error_deg,10,4.9097919,1.6726356809485587,3.91087514065,5.857881220875001
sensitivity,sigma_aw_rs_x1.5,sigma_aw_rs,1.5,FixedSensitivity,dir_travel_abs_error_deg,10,4.9097919,1.6726356809485587,3.90525891165,5.857657726875
sensitivity,sigma_aw_rs_x1.5,sigma_aw_rs,1.5,FixedSensitivity,dir_travel_rmse_deg,10,18.78188228,1.4528098998124594,17.924415053750003,19.614619245
sensitivity,sigma_aw_rs_x1.5,sigma_aw_rs,1.5,FixedSensitivity,dir_travel_correct_pct,10,85.80683594,2.186036741250506,84.61866923849999,87.17339648224998
sensitivity,sigma_aw_rs_x1.5,sigma_aw_rs,1.5,FixedSensitivity,dir_travel_wrong_pct,10,0.02677777856,0.04328645899589812,0.0,0.05416666863999999
sensitivity,sigma_aw_rs_x1.5,sigma_aw_rs,1.5,FixedSensitivity,dir_travel_unresolved_pct,10,14.166389366999999,2.1823286143193124,12.74580733675,15.357536843749998
sensitivity,sigma_aw_rs_x1.5,sigma_aw_rs,1.5,FixedSensitivity,accel_bias_3d_rms_mps2,10,0.06320261741999998,0.03284400440188931,0.04580312291525,0.08385017532849999
sensitivity,sigma_aw_rs_x1.5,sigma_aw_rs,1.5,FixedSensitivity,gyro_bias_3d_rms_radps,10,0.00011972864161000001,1.5579291889355528e-05,0.00011014457608500001,0.000128420930915
sensitivity,sigma_aw_x0.5,sigma_aw,0.5,FixedSensitivity,accel_x_rms_mps2,10,0.012626281949999998,0.0036351713342663173,0.0107464323235,0.014987214489999998
sensitivity,sigma_aw_x0.5,sigma_aw,0.5,FixedSensitivity,accel_y_rms_mps2,10,0.01526606773,0.004488636958923451,0.01277047672525,0.0180356649885
sensitivity,sigma_aw_x0.5,sigma_aw,0.5,FixedSensitivity,accel_z_rms_mps2,10,0.018791533069999998,0.0018827598661350204,0.01769330608,0.019887045459249998
sensitivity,sigma_aw_x0.5,sigma_aw,0.5,FixedSensitivity,accel_3d_rms_mps2,10,0.02768647689,0.0036927759489838075,0.0256144668775,0.029946136095249997
sensitivity,sigma_aw_x0.5,sigma_aw,0.5,FixedSensitivity,disp_x_rms_m,10,0.06907169373000001,0.0021063694271509646,0.067841657868,0.07030233330424998
sensitivity,sigma_aw_x0.5,sigma_aw,0.5,FixedSensitivity,disp_y_rms_m,10,0.05003166384,0.00366926023523494,0.04796160973724999,0.052230706953
sensitivity,sigma_aw_x0.5,sigma_aw,0.5,FixedSensitivity,disp_z_rms_m,10,0.07633346543,0.002132779930981399,0.075029966774,0.077497710436
sensitivity,sigma_aw_x0.5,sigma_aw,0.5,FixedSensitivity,disp_3d_rms_m,10,0.11452991579999998,0.00209948786845082,0.11323343607499999,0.115722434405
sensitivity,sigma_aw_x0.5,sigma_aw,0.5,FixedSensitivity,disp_x_pct_hs,10,4.604779433999999,0.14042455611201704,4.5206632306,4.686780382125001
sensitivity,sigma_aw_x0.5,sigma_aw,0.5,FixedSensitivity,disp_y_pct_hs,10,3.3354441179999994,0.24461730786837924,3.195987903175,3.483369760750001
sensitivity,sigma_aw_x0.5,sigma_aw,0.5,FixedSensitivity,disp_z_pct_hs,10,5.0888975610000005,0.14218535774163332,4.999432896,5.165229288525
sensitivity,sigma_aw_x0.5,sigma_aw,0.5,FixedSensitivity,disp_3d_pct_refmax,10,7.959377384999999,0.6332919927735007,7.56317162585,8.30051791035
sensitivity,sigma_aw_x0.5,sigma_aw,0.5,FixedSensitivity,disp_z_ref_rms_m,10,0.39174956969999997,0.009189958095895057,0.3863842207375,0.39713024563
sensitivity,sigma_aw_x0.5,sigma_aw,0.5,FixedSensitivity,disp_z_pct_refrms,10,19.487685019999997,0.44040943847803926,19.210658258499997,19.723107929999998
sensitivity,sigma_aw_x0.5,sigma_aw,0.5,FixedSensitivity,roll_rms_deg,10,0.4334112525999999,0.23811939764605475,0.3005763265125,0.5836676779225
sensitivity,sigma_aw_x0.5,sigma_aw,0.5,FixedSensitivity,pitch_rms_deg,10,0.30039623670000004,0.178756421551485,0.205223383705,0.41465518849
sensitivity,sigma_aw_x0.5,sigma_aw,0.5,FixedSensitivity,yaw_rms_deg,10,1.8902168282000003,1.1404534851911565,1.2934841587625001,2.5975761477
sensitivity,sigma_aw_x0.5,sigma_aw,0.5,FixedSensitivity,dir_axis_error_deg,10,5.993151856,1.7654267831224955,4.938946838275,6.989504432600001
sensitivity,sigma_aw_x0.5,sigma_aw,0.5,FixedSensitivity,dir_axis_abs_error_deg,10,5.993151856,1.7654267831224955,4.950769653675,6.99958744085
sensitivity,sigma_aw_x0.5,sigma_aw,0.5,FixedSensitivity,dir_axis_rmse_deg,10,21.67563761,1.9640454066798996,20.522558628249996,22.831046091500003
sensitivity,sigma_aw_x0.5,sigma_aw,0.5,FixedSensitivity,dir_axis_circ_std_deg,10,19.62236691,1.9017334485668236,18.538081032749997,20.762411945500002
sensitivity,sigma_aw_x0.5,sigma_aw,0.5,FixedSensitivity,dir_axis_available_pct,10,93.57766724000001,1.409368589224178,92.819769345,94.44923443024999
sensitivity,sigma_aw_x0.5,sigma_aw,0.5,FixedSensitivity,dir_sense_forward_pct,10,36.88088952,32.1820721813801,18.363401544250003,55.987477285749975
sensitivity,sigma_aw_x0.5,sigma_aw,0.5,FixedSensitivity,dir_sense_reverse_pct,10,48.685446170999995,32.45168693423839,29.0410868375,67.54765856172499
sensitivity,sigma_aw_x0.5,sigma_aw,0.5,FixedSensitivity,dir_sense_uncertain_pct,10,14.433666975,1.9920076899943873,13.187189214625,15.524833749999999
sensitivity,sigma_aw_x0.5,sigma_aw,0.5,FixedSensitivity,dir_sense_dominant_pct,10,70.50994645,15.558363745775967,61.676889307,79.62477170475
sensitivity,sigma_aw_x0.5,sigma_aw,0.5,FixedSensitivity,dir_travel_error_deg,10,5.632940317,1.6205478934188702,4.674394680600001,6.593394045199999
sensitivity,sigma_aw_x0.5,sigma_aw,0.5,FixedSensitivity,dir_travel_abs_error_deg,10,5.632940317,1.6205478934188702,4.6756826306,6.59674009225
sensitivity,sigma_aw_x0.5,sigma_aw,0.5,FixedSensitivity,dir_travel_rmse_deg,10,19.13216876,1.4698972414964395,18.27652825425,20.004399231500003
sensitivity,sigma_aw_x0.5,sigma_aw,0.5,FixedSensitivity,dir_travel_correct_pct,10,85.54233551,1.9927652811529837,84.494803712,86.80111514475
sensitivity,sigma_aw_x0.5,sigma_aw,0.5,FixedSensitivity,dir_travel_wrong_pct,10,0.024000000745,0.04335137458696582,0.0013333333650000002,0.05111111285000001
sensitivity,sigma_aw_x0.5,sigma_aw,0.5,FixedSensitivity,dir_travel_unresolved_pct,10,14.433666975,1.9920076899943873,13.1957572685,15.502175181750001
sensitivity,sigma_aw_x0.5,sigma_aw,0.5,FixedSensitivity,accel_bias_3d_rms_mps2,10,0.09679483584000001,0.03385593493519878,0.07772874086,0.11766359597675
sensitivity,sigma_aw_x0.5,sigma_aw,0.5,FixedSensitivity,gyro_bias_3d_rms_radps,10,0.00011725868243,1.536958301987896e-05,0.00010788771301824998,0.00012611362808425
sensitivity,sigma_aw_x0.75,sigma_aw,0.75,FixedSensitivity,accel_x_rms_mps2,10,0.012794469210000001,0.0034689289609062006,0.011075641769749999,0.015072899966999998
sensitivity,sigma_aw_x0.75,sigma_aw,0.75,FixedSensitivity,accel_y_rms_mps2,10,0.015037113520000001,0.004203107337909726,0.01276860795875,0.01759930635
sensitivity,sigma_aw_x0.75,sigma_aw,0.75,FixedSensitivity,accel_z_rms_mps2,10,0.013223990529999998,0.0016014878904603617,0.012317687348499999,0.014188862794999996
sensitivity,sigma_aw_x0.75,sigma_aw,0.75,FixedSensitivity,accel_3d_rms_mps2,10,0.024040365779999996,0.00418805970381607,0.021828760432,0.02667319172399999
sensitivity,sigma_aw_x0.75,sigma_aw,0.75,FixedSensitivity,disp_x_rms_m,10,0.06844751388,0.0019968079627859106,0.06727731418475,0.069604744432
sensitivity,sigma_aw_x0.75,sigma_aw,0.75,FixedSensitivity,disp_y_rms_m,10,0.05589175932,0.0037467490750061564,0.05377495802775,0.058175428455250006
sensitivity,sigma_aw_x0.75,sigma_aw,0.75,FixedSensitivity,disp_z_rms_m,10,0.07629582284,0.002113801215724361,0.07494540404175,0.077432951936
sensitivity,sigma_aw_x0.75,sigma_aw,0.75,FixedSensitivity,disp_3d_rms_m,10,0.11681791910000001,0.002060646056569446,0.1156190927725,0.11800009849250001
sensitivity,sigma_aw_x0.75,sigma_aw,0.75,FixedSensitivity,disp_x_pct_hs,10,4.563167477,0.1331204655273943,4.485674970749999,4.63974418725
sensitivity,sigma_aw_x0.75,sigma_aw,0.75,FixedSensitivity,disp_y_pct_hs,10,3.726117133,0.249783270837064,3.58345136635,3.879029486025
sensitivity,sigma_aw_x0.75,sigma_aw,0.75,FixedSensitivity,disp_z_pct_hs,10,5.08638792,0.14092003538927006,4.99779320645,5.164271916149999
sensitivity,sigma_aw_x0.75,sigma_aw,0.75,FixedSensitivity,disp_3d_pct_refmax,10,8.118971539,0.6530597903132852,7.718265581150002,8.46806251785
sensitivity,sigma_aw_x0.75,sigma_aw,0.75,FixedSensitivity,disp_z_ref_rms_m,10,0.39174956969999997,0.009189958095895057,0.38630750402499997,0.39692748862000005
sensitivity,sigma_aw_x0.75,sigma_aw,0.75,FixedSensitivity,disp_z_pct_refrms,10,19.478182980000003,0.4398807242561906,19.204807816000002,19.71427824
sensitivity,sigma_aw_x0.75,sigma_aw,0.75,FixedSensitivity,roll_rms_deg,10,0.29769447075000005,0.20448668007408025,0.19184711609375005,0.42720256082499997
sensitivity,sigma_aw_x0.75,sigma_aw,0.75,FixedSensitivity,pitch_rms_deg,10,0.25950106916,0.15008381362464676,0.17947147109750003,0.357338156959
sensitivity,sigma_aw_x0.75,sigma_aw,0.75,FixedSensitivity,yaw_rms_deg,10,1.9390584643999997,1.1143704716531224,1.3489730957250001,2.638557119025
sensitivity,sigma_aw_x0.75,sigma_aw,0.75,FixedSensitivity,dir_axis_error_deg,10,5.419944763,1.7524729767606386,4.33970180605,6.436026420624999
sensitivity,sigma_aw_x0.75,sigma_aw,0.75,FixedSensitivity,dir_axis_abs_error_deg,10,5.419944763,1.7524729767606386,4.344244308975001,6.4335092541
sensitivity,sigma_aw_x0.75,sigma_aw,0.75,FixedSensitivity,dir_axis_rmse_deg,10,21.549068069999997,2.321582144035104,20.2301322635,22.959723895750002
sensitivity,sigma_aw_x0.75,sigma_aw,0.75,FixedSensitivity,dir_axis_circ_std_deg,10,19.576681149999995,2.1811644046669296,18.374962425,20.9358364255
sensitivity,sigma_aw_x0.75,sigma_aw,0.75,FixedSensitivity,dir_axis_available_pct,10,93.67639006,1.3827583307916111,92.92593905849999,94.54532533649999
sensitivity,sigma_aw_x0.75,sigma_aw,0.75,FixedSensitivity,dir_sense_forward_pct,10,36.61055641,32.51158038073936,18.027781441250003,56.07150154
sensitivity,sigma_aw_x0.75,sigma_aw,0.75,FixedSensitivity,dir_sense_reverse_pct,10,49.053833968000006,32.694529257519136,29.872611434,67.9581628073
sensitivity,sigma_aw_x0.75,sigma_aw,0.75,FixedSensitivity,dir_sense_uncertain_pct,10,14.335611534999998,2.1813477932449556,12.95127246225,15.511285270500002
sensitivity,sigma_aw_x0.75,sigma_aw,0.75,FixedSensitivity,dir_sense_dominant_pct,10,70.97872314,15.520327519106393,61.858223895250006,79.87435783325
sensitivity,sigma_aw_x0.75,sigma_aw,0.75,FixedSensitivity,dir_travel_error_deg,10,5.126094627,1.6430293886971614,4.17141599835,6.079694471450001
sensitivity,sigma_aw_x0.75,sigma_aw,0.75,FixedSensitivity,dir_travel_abs_error_deg,10,5.126094627,1.6430293886971614,4.174601856724999,6.091315169674999
sensitivity,sigma_aw_x0.75,sigma_aw,0.75,FixedSensitivity,dir_travel_rmse_deg,10,18.92322977,1.4683532349208241,18.039157508749998,19.776883894999994
sensitivity,sigma_aw_x0.75,sigma_aw,0.75,FixedSensitivity,dir_travel_correct_pct,10,85.62494582000002,2.1903467333639908,84.43404774425001,87.00894545025001
sensitivity,sigma_aw_x0.75,sigma_aw,0.75,FixedSensitivity,dir_travel_wrong_pct,10,0.03944444587,0.0597617606418496,0.00583333336,0.07761389198174995
sensitivity,sigma_aw_x0.75,sigma_aw,0.75,FixedSensitivity,dir_travel_unresolved_pct,10,14.335611534999998,2.1813477932449556,12.970522471499999,15.522682751000001
sensitivity,sigma_aw_x0.75,sigma_aw,0.75,FixedSensitivity,accel_bias_3d_rms_mps2,10,0.07167348155,0.03384071484621491,0.053435593280749996,0.09298242987349996
sensitivity,sigma_aw_x0.75,sigma_aw,0.75,FixedSensitivity,gyro_bias_3d_rms_radps,10,0.00011860231693999999,1.5357434977319377e-05,0.0001094759184265,0.00012735052741250002
sensitivity,sigma_aw_x1,sigma_aw,1,FixedSensitivity,accel_x_rms_mps2,10,0.01337304747,0.0032770794710349485,0.011772303631,0.0155390463865
sensitivity,sigma_aw_x1,sigma_aw,1,FixedSensitivity,accel_y_rms_mps2,10,0.016079586540000003,0.003942453601631908,0.013934472179999999,0.018539222762999998
sensitivity,sigma_aw_x1,sigma_aw,1,FixedSensitivity,accel_z_rms_mps2,10,0.01195538538,0.0012536411556033536,0.011229322938999997,0.012715841250999999
sensitivity,sigma_aw_x1,sigma_aw,1,FixedSensitivity,accel_3d_rms_mps2,10,0.02429959848,0.004071675378669581,0.022183553441499998,0.026910944663249996
sensitivity,sigma_aw_x1,sigma_aw,1,FixedSensitivity,disp_x_rms_m,10,0.06843523234,0.0019753203707809273,0.06724150575375001,0.0695657634495
sensitivity,sigma_aw_x1,sigma_aw,1,FixedSensitivity,disp_y_rms_m,10,0.05801577606000001,0.003930503305085794,0.055813756534,0.060379775091999995
sensitivity,sigma_aw_x1,sigma_aw,1,FixedSensitivity,disp_z_rms_m,10,0.07631477712000001,0.002106735465627211,0.0749800746615,0.07746735425975
sensitivity,sigma_aw_x1,sigma_aw,1,FixedSensitivity,disp_3d_rms_m,10,0.11786105249999998,0.0019261270113213789,0.116722871425,0.1189754394025
sensitivity,sigma_aw_x1,sigma_aw,1,FixedSensitivity,disp_x_pct_hs,10,4.562348698999999,0.13168800120981947,4.482797614449999,4.63772168
sensitivity,sigma_aw_x1,sigma_aw,1,FixedSensitivity,disp_y_pct_hs,10,3.8677182199999995,0.2620335662312872,3.7188885438500003,4.024337462949999
sensitivity,sigma_aw_x1,sigma_aw,1,FixedSensitivity,disp_z_pct_hs,10,5.087651635,0.14044907194540424,4.999982953650001,5.163765200375
sensitivity,sigma_aw_x1,sigma_aw,1,FixedSensitivity,disp_3d_pct_refmax,10,8.19156475,0.6581699909445949,7.78293826305,8.558796457125
sensitivity,sigma_aw_x1,sigma_aw,1,FixedSensitivity,disp_z_ref_rms_m,10,0.39174956969999997,0.009189958095895057,0.38638211697999997,0.3971999951
sensitivity,sigma_aw_x1,sigma_aw,1,FixedSensitivity,disp_z_pct_refrms,10,19.48304005,0.4384961673559818,19.21145184625,19.714770873750002
sensitivity,sigma_aw_x1,sigma_aw,1,FixedSensitivity,roll_rms_deg,10,0.2689227185,0.186100893971046,0.17425427983500003,0.39173942866
sensitivity,sigma_aw_x1,sigma_aw,1,FixedSensitivity,pitch_rms_deg,10,0.2553000323,0.1372497690676666,0.1811068342,0.34214827484000004
sensitivity,sigma_aw_x1,sigma_aw,1,FixedSensitivity,yaw_rms_deg,10,1.9638484367999998,1.0987961594186264,1.3805257626799998,2.6582046888999997
sensitivity,sigma_aw_x1,sigma_aw,1,FixedSensitivity,dir_axis_error_deg,10,5.256163025,1.753160165742208,4.191957892825001,6.235672339399999
sensitivity,sigma_aw_x1,sigma_aw,1,FixedSensitivity,dir_axis_abs_error_deg,10,5.256163025,1.753160165742208,4.205560455700001,6.26027732885
sensitivity,sigma_aw_x1,sigma_aw,1,FixedSensitivity,dir_axis_rmse_deg,10,21.329205509999998,2.099981065907495,20.12254312675,22.573296612750003
sensitivity,sigma_aw_x1,sigma_aw,1,FixedSensitivity,dir_axis_circ_std_deg,10,19.43302154,2.0170218905934965,18.28290137,20.690680579000002
sensitivity,sigma_aw_x1,sigma_aw,1,FixedSensitivity,dir_axis_available_pct,10,93.71572189999999,1.3775803685703263,92.9727087445,94.55713127025
sensitivity,sigma_aw_x1,sigma_aw,1,FixedSensitivity,dir_sense_forward_pct,10,36.72644519000001,32.519478196341645,18.0209444,55.5591151455
sensitivity,sigma_aw_x1,sigma_aw,1,FixedSensitivity,dir_sense_reverse_pct,10,49.122167588,32.74197630418551,30.0392683288,67.798508003
sensitivity,sigma_aw_x1,sigma_aw,1,FixedSensitivity,dir_sense_uncertain_pct,10,14.151389032,2.080427829371303,12.829943318500002,15.247704056
sensitivity,sigma_aw_x1,sigma_aw,1,FixedSensitivity,dir_sense_dominant_pct,10,71.07400169,15.545614361202658,61.93183485224999,80.27981401400001
sensitivity,sigma_aw_x1,sigma_aw,1,FixedSensitivity,dir_travel_error_deg,10,4.9571105950000005,1.6709405587777262,3.942722485975,5.903157976349999
sensitivity,sigma_aw_x1,sigma_aw,1,FixedSensitivity,dir_travel_abs_error_deg,10,4.9571105950000005,1.6709405587777262,3.9804955699749995,5.91027152535
sensitivity,sigma_aw_x1,sigma_aw,1,FixedSensitivity,dir_travel_rmse_deg,10,18.85320605,1.4783476982154524,17.986593498000005,19.729923229999997
sensitivity,sigma_aw_x1,sigma_aw,1,FixedSensitivity,dir_travel_correct_pct,10,85.80739059999999,2.090833745763413,84.69722366,87.18328575925
sensitivity,sigma_aw_x1,sigma_aw,1,FixedSensitivity,dir_travel_wrong_pct,10,0.041222223079999995,0.06716113087787509,0.00588888898,0.08511111326000001
sensitivity,sigma_aw_x1,sigma_aw,1,FixedSensitivity,dir_travel_unresolved_pct,10,14.151389032,2.080427829371303,12.822608590299998,15.26453487075
sensitivity,sigma_aw_x1,sigma_aw,1,FixedSensitivity,accel_bias_3d_rms_mps2,10,0.06585945596,0.03325309737945055,0.04831725059,0.0868241197445
sensitivity,sigma_aw_x1,sigma_aw,1,FixedSensitivity,gyro_bias_3d_rms_radps,10,0.00011923959746999999,1.526735798561457e-05,0.00010982697705350001,0.0001278547670375
sensitivity,sigma_aw_x1.25,sigma_aw,1.25,FixedSensitivity,accel_x_rms_mps2,10,0.013953849669999999,0.003133732648066914,0.01243549384625,0.01605501675075
sensitivity,sigma_aw_x1.25,sigma_aw,1.25,FixedSensitivity,accel_y_rms_mps2,10,0.016570234410000002,0.0038587598473525998,0.014468139597499997,0.019047066489999997
sensitivity,sigma_aw_x1.25,sigma_aw,1.25,FixedSensitivity,accel_z_rms_mps2,10,0.01186573915,0.0009846684776077966,0.011308584744,0.01246009943225
sensitivity,sigma_aw_x1.25,sigma_aw,1.25,FixedSensitivity,accel_3d_rms_mps2,10,0.02488269993,0.003949892719350129,0.02285007053,0.027436149333499995
sensitivity,sigma_aw_x1.25,sigma_aw,1.25,FixedSensitivity,disp_x_rms_m,10,0.06844270452000001,0.001972125640801988,0.067241683942,0.069582206467
sensitivity,sigma_aw_x1.25,sigma_aw,1.25,FixedSensitivity,disp_y_rms_m,10,0.05796938986,0.003944351299246099,0.05573218892549999,0.06034998841374999
sensitivity,sigma_aw_x1.25,sigma_aw,1.25,FixedSensitivity,disp_z_rms_m,10,0.07633696943,0.0021005257095280906,0.075043969212,0.07746315258775002
sensitivity,sigma_aw_x1.25,sigma_aw,1.25,FixedSensitivity,disp_3d_rms_m,10,0.1178573527,0.0019161807421172207,0.116744508355,0.11897470030500001
sensitivity,sigma_aw_x1.25,sigma_aw,1.25,FixedSensitivity,disp_x_pct_hs,10,4.562846754,0.1314749507060144,4.4838587034,4.638636530474999
sensitivity,sigma_aw_x1.25,sigma_aw,1.25,FixedSensitivity,disp_y_pct_hs,10,3.864625811,0.26295673765194616,3.7140326952750002,4.02227827695
sensitivity,sigma_aw_x1.25,sigma_aw,1.25,FixedSensitivity,disp_z_pct_hs,10,5.08913107,0.14003501104962654,5.0008378287,5.165198187
sensitivity,sigma_aw_x1.25,sigma_aw,1.25,FixedSensitivity,disp_3d_pct_refmax,10,8.191232345,0.6570589414553701,7.773587246499998,8.549347112000001
sensitivity,sigma_aw_x1.25,sigma_aw,1.25,FixedSensitivity,disp_z_ref_rms_m,10,0.39174956969999997,0.009189958095895057,0.3864763084175001,0.3971599502175
sensitivity,sigma_aw_x1.25,sigma_aw,1.25,FixedSensitivity,disp_z_pct_refrms,10,19.48869857,0.43612387311943085,19.217555945499996,19.72399968125
sensitivity,sigma_aw_x1.25,sigma_aw,1.25,FixedSensitivity,roll_rms_deg,10,0.25875212492,0.17952372177276343,0.16733817766599998,0.372062866607
sensitivity,sigma_aw_x1.25,sigma_aw,1.25,FixedSensitivity,pitch_rms_deg,10,0.25540127761,0.1311421166337716,0.18460435253774996,0.33638508157999997
sensitivity,sigma_aw_x1.25,sigma_aw,1.25,FixedSensitivity,yaw_rms_deg,10,1.9747141785999998,1.0943741237547522,1.38185799448,2.6578878515249986
sensitivity,sigma_aw_x1.25,sigma_aw,1.25,FixedSensitivity,dir_axis_error_deg,10,5.173899841,1.7579329731436162,4.121518935899999,6.182896919449999
sensitivity,sigma_aw_x1.25,sigma_aw,1.25,FixedSensitivity,dir_axis_abs_error_deg,10,5.173899841,1.7579329731436162,4.10388545955,6.152503660524999
sensitivity,sigma_aw_x1.25,sigma_aw,1.25,FixedSensitivity,dir_axis_rmse_deg,10,21.27248764,2.0845494739219887,20.036067464749998,22.52059194575
sensitivity,sigma_aw_x1.25,sigma_aw,1.25,FixedSensitivity,dir_axis_circ_std_deg,10,19.394938840000002,1.994520650096189,18.275299654749997,20.5906637245
sensitivity,sigma_aw_x1.25,sigma_aw,1.25,FixedSensitivity,dir_axis_available_pct,10,93.73366621,1.3769470297072441,92.99137123099999,94.5861927385
sensitivity,sigma_aw_x1.25,sigma_aw,1.25,FixedSensitivity,dir_sense_forward_pct,10,36.750390429999996,32.53994589665115,18.205220249,56.373275237749986
sensitivity,sigma_aw_x1.25,sigma_aw,1.25,FixedSensitivity,dir_sense_reverse_pct,10,49.118167297999996,32.72897519990836,29.342945094000005,67.87204477169998
sensitivity,sigma_aw_x1.25,sigma_aw,1.25,FixedSensitivity,dir_sense_uncertain_pct,10,14.131444730000002,2.0590257408076402,12.81444462,15.23172531
sensitivity,sigma_aw_x1.25,sigma_aw,1.25,FixedSensitivity,dir_sense_dominant_pct,10,71.08100164999999,15.546481017817989,62.161540107499995,80.206185252
sensitivity,sigma_aw_x1.25,sigma_aw,1.25,FixedSensitivity,dir_travel_error_deg,10,4.869073845,1.6775601266285145,3.8820111340499994,5.8265938828
sensitivity,sigma_aw_x1.25,sigma_aw,1.25,FixedSensitivity,dir_travel_abs_error_deg,10,4.869073845,1.6775601266285145,3.8778037691000002,5.842260463800001
sensitivity,sigma_aw_x1.25,sigma_aw,1.25,FixedSensitivity,dir_travel_rmse_deg,10,18.792935370000002,1.4721199055243002,17.930571689250005,19.63778396175
sensitivity,sigma_aw_x1.25,sigma_aw,1.25,FixedSensitivity,dir_travel_correct_pct,10,85.83705747999998,2.0613040834544663,84.7411612665,87.14094466899999
sensitivity,sigma_aw_x1.25,sigma_aw,1.25,FixedSensitivity,dir_travel_wrong_pct,10,0.03150000087,0.05473220256059768,0.0,0.06711111294000001
sensitivity,sigma_aw_x1.25,sigma_aw,1.25,FixedSensitivity,dir_travel_unresolved_pct,10,14.131444730000002,2.0590257408076402,12.830277999999998,15.233122578000001
sensitivity,sigma_aw_x1.25,sigma_aw,1.25,FixedSensitivity,accel_bias_3d_rms_mps2,10,0.06392987092,0.032991312800671115,0.04616148694075,0.08462813191350001
sensitivity,sigma_aw_x1.25,sigma_aw,1.25,FixedSensitivity,gyro_bias_3d_rms_radps,10,0.00011937330127,1.543380316242662e-05,0.00011009265277675,0.00012816984539924998
sensitivity,sigma_aw_x1.5,sigma_aw,1.5,FixedSensitivity,accel_x_rms_mps2,10,0.01446888131,0.0030281533132801687,0.013018345697749999,0.016533001470999998
sensitivity,sigma_aw_x1.5,sigma_aw,1.5,FixedSensitivity,accel_y_rms_mps2,10,0.017004984619999997,0.003785054447034875,0.014991742221750001,0.0194169288475
sensitivity,sigma_aw_x1.5,sigma_aw,1.5,FixedSensitivity,accel_z_rms_mps2,10,0.01211618697,0.0008029613434708991,0.011671002311,0.0126186770225
sensitivity,sigma_aw_x1.5,sigma_aw,1.5,FixedSensitivity,accel_3d_rms_mps2,10,0.02556924895,0.00383847707195996,0.0236324419005,0.02814910395975
sensitivity,sigma_aw_x1.5,sigma_aw,1.5,FixedSensitivity,disp_x_rms_m,10,0.06844867765,0.001968284021822487,0.06729974601500001,0.06955318640075002
sensitivity,sigma_aw_x1.5,sigma_aw,1.5,FixedSensitivity,disp_y_rms_m,10,0.057889756550000004,0.003953275821779545,0.05568637101,0.06020940910399999
sensitivity,sigma_aw_x1.5,sigma_aw,1.5,FixedSensitivity,disp_z_rms_m,10,0.0763614431,0.002093189852845186,0.07505830414874999,0.0775000037905
sensitivity,sigma_aw_x1.5,sigma_aw,1.5,FixedSensitivity,disp_3d_rms_m,10,0.11783766300000001,0.0019137036795476526,0.11670703304250002,0.11893415309499998
sensitivity,sigma_aw_x1.5,sigma_aw,1.5,FixedSensitivity,disp_x_pct_hs,10,4.563245058,0.13121893259857756,4.485464771025,4.638722286325
sensitivity,sigma_aw_x1.5,sigma_aw,1.5,FixedSensitivity,disp_y_pct_hs,10,3.8593169449999998,0.2635516879570544,3.709705865175,4.0147418884
sensitivity,sigma_aw_x1.5,sigma_aw,1.5,FixedSensitivity,disp_z_pct_hs,10,5.090762712,0.13954595041982445,5.003302046075,5.165286303
sensitivity,sigma_aw_x1.5,sigma_aw,1.5,FixedSensitivity,disp_3d_pct_refmax,10,8.189833402000001,0.656486192080777,7.790561361450001,8.544878474225
sensitivity,sigma_aw_x1.5,sigma_aw,1.5,FixedSensitivity,disp_z_ref_rms_m,10,0.39174956969999997,0.009189958095895057,0.38630985725500006,0.39709339878000005
sensitivity,sigma_aw_x1.5,sigma_aw,1.5,FixedSensitivity,disp_z_pct_refrms,10,19.49493066,0.4329462454229575,19.22286384875,19.72513745025
sensitivity,sigma_aw_x1.5,sigma_aw,1.5,FixedSensitivity,roll_rms_deg,10,0.25395575389,0.17657502719602394,0.16526132517999997,0.3671931472072499
sensitivity,sigma_aw_x1.5,sigma_aw,1.5,FixedSensitivity,pitch_rms_deg,10,0.2558570272,0.12810881981353775,0.18592013945000005,0.3359342324475
sensitivity,sigma_aw_x1.5,sigma_aw,1.5,FixedSensitivity,yaw_rms_deg,10,1.9801545434,1.0926795278689465,1.3951794672000002,2.662461020525
sensitivity,sigma_aw_x1.5,sigma_aw,1.5,FixedSensitivity,dir_axis_error_deg,10,5.1302932729999995,1.7581325669067756,4.074702795525,6.105828017675
sensitivity,sigma_aw_x1.5,sigma_aw,1.5,FixedSensitivity,dir_axis_abs_error_deg,10,5.1302932729999995,1.7581325669067756,4.075789792975,6.118097152024999
sensitivity,sigma_aw_x1.5,sigma_aw,1.5,FixedSensitivity,dir_axis_rmse_deg,10,21.24910849,2.0880793539673945,20.008519992249997,22.4764251035
sensitivity,sigma_aw_x1.5,sigma_aw,1.5,FixedSensitivity,dir_axis_circ_std_deg,10,19.37867604,1.9907628730555886,18.25331309025,20.596628757250002
sensitivity,sigma_aw_x1.5,sigma_aw,1.5,FixedSensitivity,dir_axis_available_pct,10,93.74583433999999,1.377060626992429,92.99273367650001,94.6037209865
sensitivity,sigma_aw_x1.5,sigma_aw,1.5,FixedSensitivity,dir_sense_forward_pct,10,36.76305638,32.549065016502084,18.21110047325,56.18603886300001
sensitivity,sigma_aw_x1.5,sigma_aw,1.5,FixedSensitivity,dir_sense_reverse_pct,10,49.122056568000005,32.73608202029919,30.20434351105,68.3304520892
sensitivity,sigma_aw_x1.5,sigma_aw,1.5,FixedSensitivity,dir_sense_uncertain_pct,10,14.114889242999999,2.063935773139751,12.7999348785,15.21562516725
sensitivity,sigma_aw_x1.5,sigma_aw,1.5,FixedSensitivity,dir_sense_dominant_pct,10,71.09333496,15.555720408177665,61.96244659,80.35702713775002
sensitivity,sigma_aw_x1.5,sigma_aw,1.5,FixedSensitivity,dir_travel_error_deg,10,4.827386236,1.6820166489237969,3.8093864267749997,5.804458846399999
sensitivity,sigma_aw_x1.5,sigma_aw,1.5,FixedSensitivity,dir_travel_abs_error_deg,10,4.827386236,1.6820166489237969,3.8333829870000002,5.796822777325
sensitivity,sigma_aw_x1.5,sigma_aw,1.5,FixedSensitivity,dir_travel_rmse_deg,10,18.77106476,1.4674976053085356,17.891057661749997,19.6202977515
sensitivity,sigma_aw_x1.5,sigma_aw,1.5,FixedSensitivity,dir_travel_correct_pct,10,85.85650254,2.064831234367026,84.77421510375,87.16983557925
sensitivity,sigma_aw_x1.5,sigma_aw,1.5,FixedSensitivity,dir_travel_wrong_pct,10,0.028611111289999998,0.050367136829714505,0.0,0.05938888944
sensitivity,sigma_aw_x1.5,sigma_aw,1.5,FixedSensitivity,dir_travel_unresolved_pct,10,14.114889242999999,2.063935773139751,12.792828076,15.221503070499999
sensitivity,sigma_aw_x1.5,sigma_aw,1.5,FixedSensitivity,accel_bias_3d_rms_mps2,10,0.06308587877,0.032848141499678275,0.04560501642625,0.08392930888825
sensitivity,sigma_aw_x1.5,sigma_aw,1.5,FixedSensitivity,gyro_bias_3d_rms_radps,10,0.0001193914847,1.5529244672390177e-05,0.00010995258331000001,0.00012788287677
sensitivity,tau_rs_x0.5,tau_rs,0.5,FixedSensitivity,accel_x_rms_mps2,10,0.058698797600000005,0.009504700239552624,0.053540642736500006,0.06469964582675
sensitivity,tau_rs_x0.5,tau_rs,0.5,FixedSensitivity,accel_y_rms_mps2,10,0.057257698850000004,0.0098027670440121,0.051969210317,0.06343548101400001
sensitivity,tau_rs_x0.5,tau_rs,0.5,FixedSensitivity,accel_z_rms_mps2,10,0.026237104839999997,0.001952238399239329,0.025153094539999997,0.027432527930249997
sensitivity,tau_rs_x0.5,tau_rs,0.5,FixedSensitivity,accel_3d_rms_mps2,10,0.08615160281999999,0.01339567202867916,0.078887924393,0.09468649892749999
sensitivity,tau_rs_x0.5,tau_rs,0.5,FixedSensitivity,disp_x_rms_m,10,0.1409441009,0.0029677732663556753,0.13919668967499998,0.14269825182249998
sensitivity,tau_rs_x0.5,tau_rs,0.5,FixedSensitivity,disp_y_rms_m,10,0.11419111944,0.01170001775375571,0.1077542823065,0.1212656367135
sensitivity,tau_rs_x0.5,tau_rs,0.5,FixedSensitivity,disp_z_rms_m,10,0.193042636,0.005127482540459988,0.19007046836000002,0.1961345246475
sensitivity,tau_rs_x0.5,tau_rs,0.5,FixedSensitivity,disp_3d_rms_m,10,0.26506300269999994,0.008609041480729482,0.26014883783,0.27020669027749994
sensitivity,tau_rs_x0.5,tau_rs,0.5,FixedSensitivity,disp_x_pct_hs,10,9.396272945,0.19785155051897046,9.281771299624998,9.514800794325
sensitivity,tau_rs_x0.5,tau_rs,0.5,FixedSensitivity,disp_y_pct_hs,10,7.612740946,0.7800010102704074,7.17812386575,8.094740020875001
sensitivity,tau_rs_x0.5,tau_rs,0.5,FixedSensitivity,disp_z_pct_hs,10,12.869508450000001,0.3418322587846926,12.676792845,13.073841511
sensitivity,tau_rs_x0.5,tau_rs,0.5,FixedSensitivity,disp_3d_pct_refmax,10,18.4126257,1.4492760159885092,17.514370699,19.235255694750002
sensitivity,tau_rs_x0.5,tau_rs,0.5,FixedSensitivity,disp_z_ref_rms_m,10,0.39174956969999997,0.009189958095895057,0.38626852507,0.3971902489
sensitivity,tau_rs_x0.5,tau_rs,0.5,FixedSensitivity,disp_z_pct_refrms,10,49.27542496,0.43080736559587984,49.00819332975001,49.514173119999995
sensitivity,tau_rs_x0.5,tau_rs,0.5,FixedSensitivity,roll_rms_deg,10,0.47706046100000005,0.23689319587050936,0.34690582987249996,0.62558251801
sensitivity,tau_rs_x0.5,tau_rs,0.5,FixedSensitivity,pitch_rms_deg,10,1.9818050730000003,0.25542873299751334,1.8403344971500002,2.1394870725249997
sensitivity,tau_rs_x0.5,tau_rs,0.5,FixedSensitivity,yaw_rms_deg,10,15.931082429999998,2.661816282122705,14.51324972575,17.569188778999997
sensitivity,tau_rs_x0.5,tau_rs,0.5,FixedSensitivity,dir_axis_error_deg,10,1.3541595460800002,2.1066339098126514,0.09440109375199995,2.5388645534730006
sensitivity,tau_rs_x0.5,tau_rs,0.5,FixedSensitivity,dir_axis_abs_error_deg,10,1.97453918412,1.4640350912573412,1.1509833898339998,2.8722084439824993
sensitivity,tau_rs_x0.5,tau_rs,0.5,FixedSensitivity,dir_axis_rmse_deg,10,21.82644444,2.60736406650394,20.359426520000003,23.4465827555
sensitivity,tau_rs_x0.5,tau_rs,0.5,FixedSensitivity,dir_axis_circ_std_deg,10,20.36807174,2.2022044462846373,19.17594245725,21.746753491
sensitivity,tau_rs_x0.5,tau_rs,0.5,FixedSensitivity,dir_axis_available_pct,10,93.30483322,1.4514287648545579,92.53296269175,94.22300145575001
sensitivity,tau_rs_x0.5,tau_rs,0.5,FixedSensitivity,dir_sense_forward_pct,10,43.608334729999996,31.666392049571822,25.29441330225,62.01855338324999
sensitivity,tau_rs_x0.5,tau_rs,0.5,FixedSensitivity,dir_sense_reverse_pct,10,41.250612360000005,31.071876604643876,22.803714802,59.37271572725
sensitivity,tau_rs_x0.5,tau_rs,0.5,FixedSensitivity,dir_sense_uncertain_pct,10,15.14105577,2.6502115078391744,13.56466666,16.6325268235
sensitivity,tau_rs_x0.5,tau_rs,0.5,FixedSensitivity,dir_sense_dominant_pct,10,68.58994636,14.870819636234028,59.96748931750001,77.13479906575
sensitivity,tau_rs_x0.5,tau_rs,0.5,FixedSensitivity,dir_travel_error_deg,10,1.1896011846999999,2.066749473835204,-0.022546957147500057,2.38598253986
sensitivity,tau_rs_x0.5,tau_rs,0.5,FixedSensitivity,dir_travel_abs_error_deg,10,1.9577709838999997,1.2590083408412942,1.2624107834024996,2.7481930097575
sensitivity,tau_rs_x0.5,tau_rs,0.5,FixedSensitivity,dir_travel_rmse_deg,10,18.96652623,1.559880832297753,18.082069399,19.919757693
sensitivity,tau_rs_x0.5,tau_rs,0.5,FixedSensitivity,dir_travel_correct_pct,10,84.82466812999999,2.671996237250503,83.3321539445,86.42473139524999
sensitivity,tau_rs_x0.5,tau_rs,0.5,FixedSensitivity,dir_travel_wrong_pct,10,0.03427777886,0.05243524444546003,0.00638888925,0.06716666818000001
sensitivity,tau_rs_x0.5,tau_rs,0.5,FixedSensitivity,dir_travel_unresolved_pct,10,15.14105577,2.6502115078391744,13.519287538749998,16.678428065499997
sensitivity,tau_rs_x0.5,tau_rs,0.5,FixedSensitivity,accel_bias_3d_rms_mps2,10,0.3499181747,0.050365900002206636,0.3218662551325,0.38103861611999995
sensitivity,tau_rs_x0.5,tau_rs,0.5,FixedSensitivity,gyro_bias_3d_rms_radps,10,0.0005536620242,0.00012312408118750603,0.0004880540390000001,0.0006334118971625
sensitivity,tau_rs_x0.75,tau_rs,0.75,FixedSensitivity,accel_x_rms_mps2,10,0.018069057450000002,0.004779884897902341,0.015558145012,0.02115361194775
sensitivity,tau_rs_x0.75,tau_rs,0.75,FixedSensitivity,accel_y_rms_mps2,10,0.01574133682,0.004828612768083295,0.013356601682499998,0.018963279963749996
sensitivity,tau_rs_x0.75,tau_rs,0.75,FixedSensitivity,accel_z_rms_mps2,10,0.01419738754,0.0015632201531785234,0.013285256069999998,0.015147533730000001
sensitivity,tau_rs_x0.75,tau_rs,0.75,FixedSensitivity,accel_3d_rms_mps2,10,0.02804392874,0.0060672318325187555,0.024980749370249997,0.03197537257025
sensitivity,tau_rs_x0.75,tau_rs,0.75,FixedSensitivity,disp_x_rms_m,10,0.081783849,0.0018796510501377587,0.08071296067,0.08291236915450001
sensitivity,tau_rs_x0.75,tau_rs,0.75,FixedSensitivity,disp_y_rms_m,10,0.044213671600000004,0.006374736263626255,0.04076531187925,0.04820601700300001
sensitivity,tau_rs_x0.75,tau_rs,0.75,FixedSensitivity,disp_z_rms_m,10,0.09788901058000002,0.002557311710591143,0.09642274037725002,0.09941037820624998
sensitivity,tau_rs_x0.75,tau_rs,0.75,FixedSensitivity,disp_3d_rms_m,10,0.1351332427,0.003391386048749223,0.13324303228499998,0.1372043713575
sensitivity,tau_rs_x0.75,tau_rs,0.75,FixedSensitivity,disp_x_pct_hs,10,5.452256345,0.12531008608407937,5.380511346025,5.52600738665
sensitivity,tau_rs_x0.75,tau_rs,0.75,FixedSensitivity,disp_y_pct_hs,10,2.947577976,0.42498237506797354,2.7184189818,3.2173680023999998
sensitivity,tau_rs_x0.75,tau_rs,0.75,FixedSensitivity,disp_z_pct_hs,10,6.525933791,0.17048748702705926,6.4261867260250005,6.625384444875
sensitivity,tau_rs_x0.75,tau_rs,0.75,FixedSensitivity,disp_3d_pct_refmax,10,9.387934446,0.723234554858787,8.9491054335,9.799392603
sensitivity,tau_rs_x0.75,tau_rs,0.75,FixedSensitivity,disp_z_ref_rms_m,10,0.39174956969999997,0.009189958095895057,0.3861444968500001,0.39702634023750005
sensitivity,tau_rs_x0.75,tau_rs,0.75,FixedSensitivity,disp_z_pct_refrms,10,24.98755112,0.2737416217793576,24.824000148,25.138899528750002
sensitivity,tau_rs_x0.75,tau_rs,0.75,FixedSensitivity,roll_rms_deg,10,0.25071534433,0.16956928192555223,0.16370752223,0.3618867915299999
sensitivity,tau_rs_x0.75,tau_rs,0.75,FixedSensitivity,pitch_rms_deg,10,0.5327228635,0.2253893778883849,0.4089841362774999,0.6776728479075
sensitivity,tau_rs_x0.75,tau_rs,0.75,FixedSensitivity,yaw_rms_deg,10,2.0765257064,1.7499786132870652,1.185113761935,3.209269247295
sensitivity,tau_rs_x0.75,tau_rs,0.75,FixedSensitivity,dir_axis_error_deg,10,4.623057557099999,1.8196491233755336,3.5083106612524992,5.6397608588749994
sensitivity,tau_rs_x0.75,tau_rs,0.75,FixedSensitivity,dir_axis_abs_error_deg,10,4.623057557099999,1.8196491233755336,3.5093782060225003,5.6460805523249995
sensitivity,tau_rs_x0.75,tau_rs,0.75,FixedSensitivity,dir_axis_rmse_deg,10,21.5143547,2.228900987565281,20.231255817499996,22.84381130025
sensitivity,tau_rs_x0.75,tau_rs,0.75,FixedSensitivity,dir_axis_circ_std_deg,10,19.688551920000002,2.0967339356266317,18.5407291695,21.010123260750003
sensitivity,tau_rs_x0.75,tau_rs,0.75,FixedSensitivity,dir_axis_available_pct,10,93.56888962,1.4074187374624547,92.81684487599999,94.4121269675
sensitivity,tau_rs_x0.75,tau_rs,0.75,FixedSensitivity,dir_sense_forward_pct,10,40.2983347,29.935492334006454,22.849639915000004,58.04741861349999
sensitivity,tau_rs_x0.75,tau_rs,0.75,FixedSensitivity,dir_sense_reverse_pct,10,45.34639043200001,29.385420351175277,27.70453164045,62.210674743300004
sensitivity,tau_rs_x0.75,tau_rs,0.75,FixedSensitivity,dir_sense_uncertain_pct,10,14.355278205,2.03985068394005,13.075547574374998,15.45561161475
sensitivity,tau_rs_x0.75,tau_rs,0.75,FixedSensitivity,dir_sense_dominant_pct,10,67.38322448,14.567592230365529,59.31611245275,76.17489460225
sensitivity,tau_rs_x0.75,tau_rs,0.75,FixedSensitivity,dir_travel_error_deg,10,4.396243392000001,1.771541163164784,3.333691120775,5.4105544375250005
sensitivity,tau_rs_x0.75,tau_rs,0.75,FixedSensitivity,dir_travel_abs_error_deg,10,4.396243392000001,1.771541163164784,3.3559861735250003,5.4210725090750005
sensitivity,tau_rs_x0.75,tau_rs,0.75,FixedSensitivity,dir_travel_rmse_deg,10,18.970485110000002,1.3034986883519168,18.20439387725,19.74449286
sensitivity,tau_rs_x0.75,tau_rs,0.75,FixedSensitivity,dir_travel_correct_pct,10,85.59722518,2.0020139209383165,84.51726870925,86.84779573
sensitivity,tau_rs_x0.75,tau_rs,0.75,FixedSensitivity,dir_travel_wrong_pct,10,0.047500000960000004,0.0668117006059369,0.01100000032,0.08983333460000001
sensitivity,tau_rs_x0.75,tau_rs,0.75,FixedSensitivity,dir_travel_unresolved_pct,10,14.355278205,2.03985068394005,13.082703134125001,15.4456935625
sensitivity,tau_rs_x0.75,tau_rs,0.75,FixedSensitivity,accel_bias_3d_rms_mps2,10,0.10420129942999998,0.03880718205681323,0.0818400946595,0.12782289599425
sensitivity,tau_rs_x0.75,tau_rs,0.75,FixedSensitivity,gyro_bias_3d_rms_radps,10,0.0001247142165,1.5719192924716953e-05,0.00011579152222500001,0.0001342473129125
sensitivity,tau_rs_x1,tau_rs,1,FixedSensitivity,accel_x_rms_mps2,10,0.01337304747,0.0032770794710349485,0.011777326811249999,0.015515735032749998
sensitivity,tau_rs_x1,tau_rs,1,FixedSensitivity,accel_y_rms_mps2,10,0.016079586540000003,0.003942453601631908,0.013907151839999998,0.01856960170575
sensitivity,tau_rs_x1,tau_rs,1,FixedSensitivity,accel_z_rms_mps2,10,0.01195538538,0.0012536411556033536,0.011245176368499999,0.0127070827665
sensitivity,tau_rs_x1,tau_rs,1,FixedSensitivity,accel_3d_rms_mps2,10,0.02429959848,0.004071675378669581,0.022199353046750005,0.026838151565500002
sensitivity,tau_rs_x1,tau_rs,1,FixedSensitivity,disp_x_rms_m,10,0.06843523234,0.0019753203707809273,0.06724828062549999,0.06956093146775
sensitivity,tau_rs_x1,tau_rs,1,FixedSensitivity,disp_y_rms_m,10,0.05801577606000001,0.003930503305085794,0.055783027942000005,0.060375896113500006
sensitivity,tau_rs_x1,tau_rs,1,FixedSensitivity,disp_z_rms_m,10,0.07631477712000001,0.002106735465627211,0.07500096128474999,0.07745911614649999
sensitivity,tau_rs_x1,tau_rs,1,FixedSensitivity,disp_3d_rms_m,10,0.11786105249999998,0.0019261270113213789,0.1167509564925,0.1189973509875
sensitivity,tau_rs_x1,tau_rs,1,FixedSensitivity,disp_x_pct_hs,10,4.562348698999999,0.13168800120981947,4.482974005,4.63699067545
sensitivity,tau_rs_x1,tau_rs,1,FixedSensitivity,disp_y_pct_hs,10,3.8677182199999995,0.2620335662312872,3.72036613665,4.026335588475001
sensitivity,tau_rs_x1,tau_rs,1,FixedSensitivity,disp_z_pct_hs,10,5.087651635,0.14044907194540424,4.99985015245,5.163162196675
sensitivity,tau_rs_x1,tau_rs,1,FixedSensitivity,disp_3d_pct_refmax,10,8.19156475,0.6581699909445949,7.790209191349999,8.550294117850001
sensitivity,tau_rs_x1,tau_rs,1,FixedSensitivity,disp_z_ref_rms_m,10,0.39174956969999997,0.009189958095895057,0.38640447467999994,0.39711936582
sensitivity,tau_rs_x1,tau_rs,1,FixedSensitivity,disp_z_pct_refrms,10,19.48304005,0.4384961673559818,19.208502564,19.7140697335
sensitivity,tau_rs_x1,tau_rs,1,FixedSensitivity,roll_rms_deg,10,0.2689227185,0.186100893971046,0.17539568339500003,0.38910299097000006
sensitivity,tau_rs_x1,tau_rs,1,FixedSensitivity,pitch_rms_deg,10,0.2553000323,0.1372497690676666,0.18063839234749998,0.34226428899499994
sensitivity,tau_rs_x1,tau_rs,1,FixedSensitivity,yaw_rms_deg,10,1.9638484367999998,1.0987961594186264,1.3782048432899998,2.6689328474500003
sensitivity,tau_rs_x1,tau_rs,1,FixedSensitivity,dir_axis_error_deg,10,5.256163025,1.753160165742208,4.1935940553,6.2426821518
sensitivity,tau_rs_x1,tau_rs,1,FixedSensitivity,dir_axis_abs_error_deg,10,5.256163025,1.753160165742208,4.1736711122,6.2550959779
sensitivity,tau_rs_x1,tau_rs,1,FixedSensitivity,dir_axis_rmse_deg,10,21.329205509999998,2.099981065907495,20.055824951,22.579523948
sensitivity,tau_rs_x1,tau_rs,1,FixedSensitivity,dir_axis_circ_std_deg,10,19.43302154,2.0170218905934965,18.3015026135,20.648722348499998
sensitivity,tau_rs_x1,tau_rs,1,FixedSensitivity,dir_axis_available_pct,10,93.71572189999999,1.3775803685703263,92.96324903700001,94.58483477524999
sensitivity,tau_rs_x1,tau_rs,1,FixedSensitivity,dir_sense_forward_pct,10,36.72644519000001,32.519478196341645,18.10566711,56.19433478
sensitivity,tau_rs_x1,tau_rs,1,FixedSensitivity,dir_sense_reverse_pct,10,49.122167588,32.74197630418551,29.657638966399997,67.59361507425
sensitivity,tau_rs_x1,tau_rs,1,FixedSensitivity,dir_sense_uncertain_pct,10,14.151389032,2.080427829371303,12.814887658449999,15.261111182499997
sensitivity,tau_rs_x1,tau_rs,1,FixedSensitivity,dir_sense_dominant_pct,10,71.07400169,15.545614361202658,61.8820121535,80.14623674099998
sensitivity,tau_rs_x1,tau_rs,1,FixedSensitivity,dir_travel_error_deg,10,4.9571105950000005,1.6709405587777262,3.9550978415249993,5.9077969779999995
sensitivity,tau_rs_x1,tau_rs,1,FixedSensitivity,dir_travel_abs_error_deg,10,4.9571105950000005,1.6709405587777262,3.9603771173249998,5.907384687174999
sensitivity,tau_rs_x1,tau_rs,1,FixedSensitivity,dir_travel_rmse_deg,10,18.85320605,1.4783476982154524,17.97879457475,19.710733460499995
sensitivity,tau_rs_x1,tau_rs,1,FixedSensitivity,dir_travel_correct_pct,10,85.80739059999999,2.090833745763413,84.70755415425,87.1416150335
sensitivity,tau_rs_x1,tau_rs,1,FixedSensitivity,dir_travel_wrong_pct,10,0.041222223079999995,0.06716113087787509,0.00588888898,0.0855000021
sensitivity,tau_rs_x1,tau_rs,1,FixedSensitivity,dir_travel_unresolved_pct,10,14.151389032,2.080427829371303,12.83303504325,15.24919317775
sensitivity,tau_rs_x1,tau_rs,1,FixedSensitivity,accel_bias_3d_rms_mps2,10,0.06585945596,0.03325309737945055,0.047921445181499996,0.0868581227195
sensitivity,tau_rs_x1,tau_rs,1,FixedSensitivity,gyro_bias_3d_rms_radps,10,0.00011923959746999999,1.526735798561457e-05,0.00011013665431999999,0.00012778596816999998
sensitivity,tau_rs_x1.25,tau_rs,1.25,FixedSensitivity,accel_x_rms_mps2,10,0.01288070559,0.003008385475828232,0.01142839968,0.014857174590249999
sensitivity,tau_rs_x1.25,tau_rs,1.25,FixedSensitivity,accel_y_rms_mps2,10,0.01632136052,0.003968484308311051,0.014135799478749999,0.01884481464375
sensitivity,tau_rs_x1.25,tau_rs,1.25,FixedSensitivity,accel_z_rms_mps2,10,0.011905083797,0.0013399262334891132,0.011144362365975,0.0127127854685
sensitivity,tau_rs_x1.25,tau_rs,1.25,FixedSensitivity,accel_3d_rms_mps2,10,0.02416904996,0.003918991221974993,0.02211892625175,0.02664383786075
sensitivity,tau_rs_x1.25,tau_rs,1.25,FixedSensitivity,disp_x_rms_m,10,0.08180083781,0.0036226812918985648,0.07973636740824999,0.08401651688049999
sensitivity,tau_rs_x1.25,tau_rs,1.25,FixedSensitivity,disp_y_rms_m,10,0.08921576737999999,0.005556380887169269,0.08594662863425001,0.09238082960375
sensitivity,tau_rs_x1.25,tau_rs,1.25,FixedSensitivity,disp_z_rms_m,10,0.08077309428,0.003305114708798445,0.07890274667249998,0.08273292308374999
sensitivity,tau_rs_x1.25,tau_rs,1.25,FixedSensitivity,disp_3d_rms_m,10,0.1456626759,0.002776135717426071,0.14427702416,0.14744739277
sensitivity,tau_rs_x1.25,tau_rs,1.25,FixedSensitivity,disp_x_pct_hs,10,5.453389025000001,0.2415121120149548,5.316628418375,5.5967554297
sensitivity,tau_rs_x1.25,tau_rs,1.25,FixedSensitivity,disp_y_pct_hs,10,5.947717667000001,0.3704253916407659,5.728894900425001,6.1670552035999995
sensitivity,tau_rs_x1.25,tau_rs,1.25,FixedSensitivity,disp_z_pct_hs,10,5.3848726739999995,0.22034094584904107,5.25634795655,5.5152165297249995
sensitivity,tau_rs_x1.25,tau_rs,1.25,FixedSensitivity,disp_3d_pct_refmax,10,10.125290876,0.8336820034634499,9.590843095225,10.5716560857
sensitivity,tau_rs_x1.25,tau_rs,1.25,FixedSensitivity,disp_z_ref_rms_m,10,0.39174956969999997,0.009189958095895057,0.386354895975,0.39700004310000003
sensitivity,tau_rs_x1.25,tau_rs,1.25,FixedSensitivity,disp_z_pct_refrms,10,20.62397404,0.8430032737686374,20.100567270000003,21.09809363
sensitivity,tau_rs_x1.25,tau_rs,1.25,FixedSensitivity,roll_rms_deg,10,0.28216564649000003,0.1944664743406246,0.18338111582025002,0.40666171319
sensitivity,tau_rs_x1.25,tau_rs,1.25,FixedSensitivity,pitch_rms_deg,10,0.25472683548999997,0.12268430675492602,0.18829159785825,0.33101507842549993
sensitivity,tau_rs_x1.25,tau_rs,1.25,FixedSensitivity,yaw_rms_deg,10,2.0075364783,1.0457715590544012,1.4310742230999998,2.66221721855
sensitivity,tau_rs_x1.25,tau_rs,1.25,FixedSensitivity,dir_axis_error_deg,10,5.395001222,1.745843198713685,4.359242401275,6.366431429175
sensitivity,tau_rs_x1.25,tau_rs,1.25,FixedSensitivity,dir_axis_abs_error_deg,10,5.395001222,1.745843198713685,4.328395996625002,6.393869325074999
sensitivity,tau_rs_x1.25,tau_rs,1.25,FixedSensitivity,dir_axis_rmse_deg,10,21.511957369999998,2.1587322891363008,20.2236027565,22.765729848750002
sensitivity,tau_rs_x1.25,tau_rs,1.25,FixedSensitivity,dir_axis_circ_std_deg,10,19.533975400000003,2.052009921616324,18.351190547999998,20.776858908
sensitivity,tau_rs_x1.25,tau_rs,1.25,FixedSensitivity,dir_axis_available_pct,10,93.79788971,1.375132895020048,93.05027089550002,94.65318224800001
sensitivity,tau_rs_x1.25,tau_rs,1.25,FixedSensitivity,dir_sense_forward_pct,10,37.37772236000001,32.02776816519552,18.75011138,55.97058458374999
sensitivity,tau_rs_x1.25,tau_rs,1.25,FixedSensitivity,dir_sense_reverse_pct,10,48.46522359400001,32.08619219308521,30.164316032349998,66.56836415875
sensitivity,tau_rs_x1.25,tau_rs,1.25,FixedSensitivity,dir_sense_uncertain_pct,10,14.157055840999998,2.28849980841612,12.7075194543,15.38190866575
sensitivity,tau_rs_x1.25,tau_rs,1.25,FixedSensitivity,dir_sense_dominant_pct,10,69.53444557,17.208082492157267,59.389988536000004,79.543260708
sensitivity,tau_rs_x1.25,tau_rs,1.25,FixedSensitivity,dir_travel_error_deg,10,5.057976294,1.667033282837135,4.059716177,6.020061157999999
sensitivity,tau_rs_x1.25,tau_rs,1.25,FixedSensitivity,dir_travel_abs_error_deg,10,5.057976294,1.667033282837135,4.076838646525,6.02806390425
sensitivity,tau_rs_x1.25,tau_rs,1.25,FixedSensitivity,dir_travel_rmse_deg,10,18.86052038,1.49651064963887,17.9681633,19.71867691575
sensitivity,tau_rs_x1.25,tau_rs,1.25,FixedSensitivity,dir_travel_correct_pct,10,85.81194611,2.293666996535753,84.56266784,87.23609084575
sensitivity,tau_rs_x1.25,tau_rs,1.25,FixedSensitivity,dir_travel_wrong_pct,10,0.031000000910000002,0.05016625447687332,0.0,0.06244444682
sensitivity,tau_rs_x1.25,tau_rs,1.25,FixedSensitivity,dir_travel_unresolved_pct,10,14.157055840999998,2.28849980841612,12.730482106,15.381122532500001
sensitivity,tau_rs_x1.25,tau_rs,1.25,FixedSensitivity,accel_bias_3d_rms_mps2,10,0.06716522207,0.033199278276034035,0.04972483785700001,0.0882488748715
sensitivity,tau_rs_x1.25,tau_rs,1.25,FixedSensitivity,gyro_bias_3d_rms_radps,10,0.00012012088609999998,1.5222783099195194e-05,0.000110968786715,0.0001285120949125
sensitivity,tau_rs_x1.5,tau_rs,1.5,FixedSensitivity,accel_x_rms_mps2,10,0.012819099419999999,0.002948828102025564,0.0113995332145,0.014773586911249997
sensitivity,tau_rs_x1.5,tau_rs,1.5,FixedSensitivity,accel_y_rms_mps2,10,0.016468658389999998,0.003962968273179049,0.014326346539,0.0189263097755
sensitivity,tau_rs_x1.5,tau_rs,1.5,FixedSensitivity,accel_z_rms_mps2,10,0.012196530206,0.0014559569073563166,0.0113571246436,0.013079784029249999
sensitivity,tau_rs_x1.5,tau_rs,1.5,FixedSensitivity,accel_3d_rms_mps2,10,0.02438394429,0.003886315711236452,0.02233142023375,0.02677196504825
sensitivity,tau_rs_x1.5,tau_rs,1.5,FixedSensitivity,disp_x_rms_m,10,0.11033699059999999,0.006029652596381179,0.10684170615250001,0.1138803084525
sensitivity,tau_rs_x1.5,tau_rs,1.5,FixedSensitivity,disp_y_rms_m,10,0.13014961120000004,0.009114314695478215,0.12467240827250002,0.13554140416500002
sensitivity,tau_rs_x1.5,tau_rs,1.5,FixedSensitivity,disp_z_rms_m,10,0.09975060443,0.0050126153190406765,0.09695270371624998,0.10283100691800001
sensitivity,tau_rs_x1.5,tau_rs,1.5,FixedSensitivity,disp_3d_rms_m,10,0.197914423,0.005091976131810516,0.19524034337500004,0.201087210915
sensitivity,tau_rs_x1.5,tau_rs,1.5,FixedSensitivity,disp_x_pct_hs,10,7.355799103,0.40197687928576364,7.126053977124999,7.592333857050001
sensitivity,tau_rs_x1.5,tau_rs,1.5,FixedSensitivity,disp_y_pct_hs,10,8.676640368,0.6076210183462933,8.321302469050002,9.031518375575
sensitivity,tau_rs_x1.5,tau_rs,1.5,FixedSensitivity,disp_z_pct_hs,10,6.650040053999999,0.33417432792068974,6.4599228631,6.853719462875
sensitivity,tau_rs_x1.5,tau_rs,1.5,FixedSensitivity,disp_3d_pct_refmax,10,13.752793030000001,1.0955972944240688,13.0570429225,14.33590893575
sensitivity,tau_rs_x1.5,tau_rs,1.5,FixedSensitivity,disp_z_ref_rms_m,10,0.39174956969999997,0.009189958095895057,0.38632549218750006,0.39701086159000004
sensitivity,tau_rs_x1.5,tau_rs,1.5,FixedSensitivity,disp_z_pct_refrms,10,25.47238332,1.3234018830309846,24.650987217999997,26.195270031
sensitivity,tau_rs_x1.5,tau_rs,1.5,FixedSensitivity,roll_rms_deg,10,0.29359727723,0.2015046925096056,0.18960833449475,0.4253811704249999
sensitivity,tau_rs_x1.5,tau_rs,1.5,FixedSensitivity,pitch_rms_deg,10,0.25451250069000003,0.1221377292863042,0.18968691998249995,0.330788302775
sensitivity,tau_rs_x1.5,tau_rs,1.5,FixedSensitivity,yaw_rms_deg,10,2.0088873091,1.0410930855757818,1.4320001655475,2.6589045602499994
sensitivity,tau_rs_x1.5,tau_rs,1.5,FixedSensitivity,dir_axis_error_deg,10,5.408677673,1.8081617078696932,4.331658973525,6.449498671699999
sensitivity,tau_rs_x1.5,tau_rs,1.5,FixedSensitivity,dir_axis_abs_error_deg,10,5.408677673,1.8081617078696932,4.323746262149999,6.4255653369250005
sensitivity,tau_rs_x1.5,tau_rs,1.5,FixedSensitivity,dir_axis_rmse_deg,10,21.540003019999997,2.2351821680335053,20.219075882999995,22.870438
sensitivity,tau_rs_x1.5,tau_rs,1.5,FixedSensitivity,dir_axis_circ_std_deg,10,19.55924282,2.151651474804285,18.359870631499998,20.8589651
sensitivity,tau_rs_x1.5,tau_rs,1.5,FixedSensitivity,dir_axis_available_pct,10,93.78944318,1.388810819161189,93.046443892,94.66352026749999
sensitivity,tau_rs_x1.5,tau_rs,1.5,FixedSensitivity,dir_sense_forward_pct,10,34.99788933000001,31.589953602085476,17.20472259,53.97783394
sensitivity,tau_rs_x1.5,tau_rs,1.5,FixedSensitivity,dir_sense_reverse_pct,10,50.885723982,31.55041027429673,32.0711418507,69.40478021
sensitivity,tau_rs_x1.5,tau_rs,1.5,FixedSensitivity,dir_sense_uncertain_pct,10,14.116389271,2.220116189753751,12.714161558,15.277500349999997
sensitivity,tau_rs_x1.5,tau_rs,1.5,FixedSensitivity,dir_sense_dominant_pct,10,69.74050179000001,16.98432350846973,59.632105454999994,79.67674303674998
sensitivity,tau_rs_x1.5,tau_rs,1.5,FixedSensitivity,dir_travel_error_deg,10,5.05746653,1.7263538956745768,4.038018772950001,6.060827078349999
sensitivity,tau_rs_x1.5,tau_rs,1.5,FixedSensitivity,dir_travel_abs_error_deg,10,5.05746653,1.7263538956745768,4.038038091950001,6.086172346299999
sensitivity,tau_rs_x1.5,tau_rs,1.5,FixedSensitivity,dir_travel_rmse_deg,10,18.98426876,1.5621510554570062,18.04410181275,19.894128530499998
sensitivity,tau_rs_x1.5,tau_rs,1.5,FixedSensitivity,dir_travel_correct_pct,10,85.84122468000001,2.2243552414130683,84.68120537475,87.25041089275
sensitivity,tau_rs_x1.5,tau_rs,1.5,FixedSensitivity,dir_travel_wrong_pct,10,0.0423888907,0.07196252287441925,0.0,0.0881666705
sensitivity,tau_rs_x1.5,tau_rs,1.5,FixedSensitivity,dir_travel_unresolved_pct,10,14.116389271,2.220116189753751,12.7127531945,15.282728122499998
sensitivity,tau_rs_x1.5,tau_rs,1.5,FixedSensitivity,accel_bias_3d_rms_mps2,10,0.06888219644,0.03335051855169558,0.05130797749799999,0.08998195659225
sensitivity,tau_rs_x1.5,tau_rs,1.5,FixedSensitivity,gyro_bias_3d_rms_radps,10,0.00012112989203999998,1.5024850127177232e-05,0.00011190375071899999,0.00012940487168750002
sensitivity,tau_x0.5,tau,0.5,FixedSensitivity,accel_x_rms_mps2,10,0.01483805692,0.003448695761084402,0.01310814884975,0.017045581489250002
sensitivity,tau_x0.5,tau,0.5,FixedSensitivity,accel_y_rms_mps2,10,0.016587842729999996,0.0038474258738092366,0.014532991854749999,0.0190372153065
sensitivity,tau_x0.5,tau,0.5,FixedSensitivity,accel_z_rms_mps2,10,0.012364125789999998,0.0009552244462915092,0.011829887996999999,0.012940073003499999
sensitivity,tau_x0.5,tau,0.5,FixedSensitivity,accel_3d_rms_mps2,10,0.025642187510000004,0.004152918570728216,0.023551767011500004,0.028365294709000004
sensitivity,tau_x0.5,tau,0.5,FixedSensitivity,disp_x_rms_m,10,0.06977041736999999,0.0017637303902300215,0.06872759061475,0.0707973340755
sensitivity,tau_x0.5,tau,0.5,FixedSensitivity,disp_y_rms_m,10,0.04946113304000001,0.004258086084529424,0.04715397844825,0.05211492160549999
sensitivity,tau_x0.5,tau,0.5,FixedSensitivity,disp_z_rms_m,10,0.08046784178,0.0020438528154240673,0.07922088782775,0.08158124013325
sensitivity,tau_x0.5,tau,0.5,FixedSensitivity,disp_3d_rms_m,10,0.11750740560000002,0.0021796036521023825,0.1161983153875,0.11879030405249999
sensitivity,tau_x0.5,tau,0.5,FixedSensitivity,disp_x_pct_hs,10,4.651361037,0.11758202389429506,4.581862660624999,4.720249621499998
sensitivity,tau_x0.5,tau,0.5,FixedSensitivity,disp_y_pct_hs,10,3.297408748,0.28387239407878734,3.1441331192749997,3.475125710275
sensitivity,tau_x0.5,tau,0.5,FixedSensitivity,disp_z_pct_hs,10,5.364522602,0.136256814138169,5.2819245793,5.43890807045
sensitivity,tau_x0.5,tau,0.5,FixedSensitivity,disp_3d_pct_refmax,10,8.165388154999999,0.6400037958895636,7.7772436708249995,8.520032989925001
sensitivity,tau_x0.5,tau,0.5,FixedSensitivity,disp_z_ref_rms_m,10,0.39174956969999997,0.009189958095895057,0.38634517247000005,0.3970645770725
sensitivity,tau_x0.5,tau,0.5,FixedSensitivity,disp_z_pct_refrms,10,20.542207730000005,0.33680856474412574,20.32079551825,20.71694531525
sensitivity,tau_x0.5,tau,0.5,FixedSensitivity,roll_rms_deg,10,0.2537057243,0.1760953589960773,0.16619398706,0.3685992385625
sensitivity,tau_x0.5,tau,0.5,FixedSensitivity,pitch_rms_deg,10,0.26590936263,0.15360496644023197,0.1828827898165,0.3652346934842499
sensitivity,tau_x0.5,tau,0.5,FixedSensitivity,yaw_rms_deg,10,1.9239573538,1.1857734887493552,1.317641345355,2.69685959788
sensitivity,tau_x0.5,tau,0.5,FixedSensitivity,dir_axis_error_deg,10,5.051873779999999,1.7580686351792378,3.9627915984750004,6.03356597985
sensitivity,tau_x0.5,tau,0.5,FixedSensitivity,dir_axis_abs_error_deg,10,5.051873779999999,1.7580686351792378,4.004146234249999,6.0536709587
sensitivity,tau_x0.5,tau,0.5,FixedSensitivity,dir_axis_rmse_deg,10,21.2631178,2.1047573973811966,20.01638523975,22.520721273750002
sensitivity,tau_x0.5,tau,0.5,FixedSensitivity,dir_axis_circ_std_deg,10,19.41742057,2.0049410520806257,18.266417610500003,20.638665569999997
sensitivity,tau_x0.5,tau,0.5,FixedSensitivity,dir_axis_available_pct,10,93.69466706,1.3752192980380067,92.96366177875,94.572501993
sensitivity,tau_x0.5,tau,0.5,FixedSensitivity,dir_sense_forward_pct,10,36.74194564,32.52579082136296,18.218622702250002,55.841688963
sensitivity,tau_x0.5,tau,0.5,FixedSensitivity,dir_sense_reverse_pct,10,49.060889632999995,32.71485138349414,29.640146713525,67.79781965149999
sensitivity,tau_x0.5,tau,0.5,FixedSensitivity,dir_sense_uncertain_pct,10,14.197167123999998,2.0715736697226954,12.901019716,15.315717214999998
sensitivity,tau_x0.5,tau,0.5,FixedSensitivity,dir_sense_dominant_pct,10,71.04050141,15.515516816847459,61.911181317,80.25617655675
sensitivity,tau_x0.5,tau,0.5,FixedSensitivity,dir_travel_error_deg,10,4.761309923000001,1.6898422184358455,3.7608631651000004,5.714210093575001
sensitivity,tau_x0.5,tau,0.5,FixedSensitivity,dir_travel_abs_error_deg,10,4.761309923000001,1.6898422184358455,3.7444445912499997,5.75944838925
sensitivity,tau_x0.5,tau,0.5,FixedSensitivity,dir_travel_rmse_deg,10,18.81555443,1.4628781159679702,17.971303869499998,19.667921182750003
sensitivity,tau_x0.5,tau,0.5,FixedSensitivity,dir_travel_correct_pct,10,85.76539002000001,2.076146162614743,84.66604710224999,87.0761449505
sensitivity,tau_x0.5,tau,0.5,FixedSensitivity,dir_travel_wrong_pct,10,0.03744444659,0.05999726010833336,0.009281944919000097,0.07733333813
sensitivity,tau_x0.5,tau,0.5,FixedSensitivity,dir_travel_unresolved_pct,10,14.197167123999998,2.0715736697226954,12.8917475485,15.297344935249997
sensitivity,tau_x0.5,tau,0.5,FixedSensitivity,accel_bias_3d_rms_mps2,10,0.06526562494999999,0.033976586431263715,0.046456336009250004,0.08627909725849998
sensitivity,tau_x0.5,tau,0.5,FixedSensitivity,gyro_bias_3d_rms_radps,10,0.00011946705284000001,1.5375763582011732e-05,0.00011027749404249999,0.00012832425777250001
sensitivity,tau_x0.75,tau,0.75,FixedSensitivity,accel_x_rms_mps2,10,0.01391861328,0.0033239213126038418,0.012263046933,0.016106748703999998
sensitivity,tau_x0.75,tau,0.75,FixedSensitivity,accel_y_rms_mps2,10,0.016278217170000005,0.0038954388452905647,0.0142073970675,0.01869806487
sensitivity,tau_x0.75,tau,0.75,FixedSensitivity,accel_z_rms_mps2,10,0.011987465440000001,0.0011049662520421601,0.01136341242525,0.01266062665175
sensitivity,tau_x0.75,tau,0.75,FixedSensitivity,accel_3d_rms_mps2,10,0.02474075966,0.004082723836453001,0.022640794027999997,0.027377670495
sensitivity,tau_x0.75,tau,0.75,FixedSensitivity,disp_x_rms_m,10,0.06845718847000001,0.0018487217131047578,0.06735022863325,0.06951262616825
sensitivity,tau_x0.75,tau,0.75,FixedSensitivity,disp_y_rms_m,10,0.054046012840000004,0.003985885616763903,0.05182780978774999,0.05651499984874999
sensitivity,tau_x0.75,tau,0.75,FixedSensitivity,disp_z_rms_m,10,0.07756725549,0.002042811057250415,0.07631570757675,0.07864844293975001
sensitivity,tau_x0.75,tau,0.75,FixedSensitivity,disp_3d_rms_m,10,0.11679727210000002,0.0019902188637483777,0.11560181517250001,0.1179406413625
sensitivity,tau_x0.75,tau,0.75,FixedSensitivity,disp_x_pct_hs,10,4.563812351,0.12324815918756865,4.488924402125,4.636088035274999
sensitivity,tau_x0.75,tau,0.75,FixedSensitivity,disp_y_pct_hs,10,3.6030673969999993,0.2657257108162205,3.454293974425,3.7672874089499997
sensitivity,tau_x0.75,tau,0.75,FixedSensitivity,disp_z_pct_hs,10,5.171150208,0.1361874512801799,5.08723257105,5.2442298429999985
sensitivity,tau_x0.75,tau,0.75,FixedSensitivity,disp_3d_pct_refmax,10,8.116984605,0.6454427740336538,7.7186201594999995,8.46924695585
sensitivity,tau_x0.75,tau,0.75,FixedSensitivity,disp_z_ref_rms_m,10,0.39174956969999997,0.009189958095895057,0.3863788589825,0.39700847998
sensitivity,tau_x0.75,tau,0.75,FixedSensitivity,disp_z_pct_refrms,10,19.802346019999998,0.38992039322848304,19.54705375975,20.0077302215
sensitivity,tau_x0.75,tau,0.75,FixedSensitivity,roll_rms_deg,10,0.26098814913,0.1809058206714279,0.16920194130150001,0.3788011121107499
sensitivity,tau_x0.75,tau,0.75,FixedSensitivity,pitch_rms_deg,10,0.25746372711,0.14136945641903295,0.18230356111024998,0.347230963572
sensitivity,tau_x0.75,tau,0.75,FixedSensitivity,yaw_rms_deg,10,1.9513414134999998,1.1245375085445364,1.36448412395,2.6664254484749996
sensitivity,tau_x0.75,tau,0.75,FixedSensitivity,dir_axis_error_deg,10,5.16811371,1.7563741910486275,4.09055236895,6.1570813769249995
sensitivity,tau_x0.75,tau,0.75,FixedSensitivity,dir_axis_abs_error_deg,10,5.16811371,1.7563741910486275,4.1012952815,6.1651723119
sensitivity,tau_x0.75,tau,0.75,FixedSensitivity,dir_axis_rmse_deg,10,21.29781398,2.0992761890025804,20.0785928625,22.521686038499993
sensitivity,tau_x0.75,tau,0.75,FixedSensitivity,dir_axis_circ_std_deg,10,19.422499480000003,2.0091150196097707,18.290807234250003,20.646834814
sensitivity,tau_x0.75,tau,0.75,FixedSensitivity,dir_axis_available_pct,10,93.71283494,1.375878359737703,92.976721465,94.5835821645
sensitivity,tau_x0.75,tau,0.75,FixedSensitivity,dir_sense_forward_pct,10,36.72788927,32.522676528486876,18.200999839999998,56.58857360175
sensitivity,tau_x0.75,tau,0.75,FixedSensitivity,dir_sense_reverse_pct,10,49.09433375,32.71542984048792,29.3533868555,67.8915158235
sensitivity,tau_x0.75,tau,0.75,FixedSensitivity,dir_sense_uncertain_pct,10,14.177778147000001,2.0572930891472963,12.881543538499999,15.27016982025
sensitivity,tau_x0.75,tau,0.75,FixedSensitivity,dir_sense_dominant_pct,10,71.05611191999999,15.514818851116084,61.90752986299999,80.12075411874997
sensitivity,tau_x0.75,tau,0.75,FixedSensitivity,dir_travel_error_deg,10,4.8707237480000005,1.6825852783469666,3.9123391278499997,5.857929240949999
sensitivity,tau_x0.75,tau,0.75,FixedSensitivity,dir_travel_abs_error_deg,10,4.8707237480000005,1.6825852783469666,3.8921679113000005,5.863095891999999
sensitivity,tau_x0.75,tau,0.75,FixedSensitivity,dir_travel_rmse_deg,10,18.831106000000002,1.471877986315496,17.9813696,19.695434
sensitivity,tau_x0.75,tau,0.75,FixedSensitivity,dir_travel_correct_pct,10,85.78350145,2.0638243814403365,84.697478527,87.05563727575
sensitivity,tau_x0.75,tau,0.75,FixedSensitivity,dir_travel_wrong_pct,10,0.03872222227,0.06131114830150587,0.00583333336,0.07744444454
sensitivity,tau_x0.75,tau,0.75,FixedSensitivity,dir_travel_unresolved_pct,10,14.177778147000001,2.0572930891472963,12.864262843825001,15.263776942
sensitivity,tau_x0.75,tau,0.75,FixedSensitivity,accel_bias_3d_rms_mps2,10,0.06499127144000001,0.03333664624396644,0.04703155724099999,0.08581778329675001
sensitivity,tau_x0.75,tau,0.75,FixedSensitivity,gyro_bias_3d_rms_radps,10,0.00011927426235,1.5335680155482853e-05,0.000110157208145,0.00012789595906499996
sensitivity,tau_x1,tau,1,FixedSensitivity,accel_x_rms_mps2,10,0.01337304747,0.0032770794710349485,0.011779197778249999,0.015577865977749999
sensitivity,tau_x1,tau,1,FixedSensitivity,accel_y_rms_mps2,10,0.016079586540000003,0.003942453601631908,0.01395270919275,0.0185277868445
sensitivity,tau_x1,tau,1,FixedSensitivity,accel_z_rms_mps2,10,0.01195538538,0.0012536411556033536,0.0112281095035,0.012721322018499999
sensitivity,tau_x1,tau,1,FixedSensitivity,accel_3d_rms_mps2,10,0.02429959848,0.004071675378669581,0.0221863666845,0.02697054059675
sensitivity,tau_x1,tau,1,FixedSensitivity,disp_x_rms_m,10,0.06843523234,0.0019753203707809273,0.06724541460875,0.069581735467
sensitivity,tau_x1,tau,1,FixedSensitivity,disp_y_rms_m,10,0.05801577606000001,0.003930503305085794,0.055742917745750006,0.06032143683900001
sensitivity,tau_x1,tau,1,FixedSensitivity,disp_z_rms_m,10,0.07631477712000001,0.002106735465627211,0.07497488234524999,0.0774655947555
sensitivity,tau_x1,tau,1,FixedSensitivity,disp_3d_rms_m,10,0.11786105249999998,0.0019261270113213789,0.11674535218,0.11898331399
sensitivity,tau_x1,tau,1,FixedSensitivity,disp_x_pct_hs,10,4.562348698999999,0.13168800120981947,4.48361122645,4.638299348475
sensitivity,tau_x1,tau,1,FixedSensitivity,disp_y_pct_hs,10,3.8677182199999995,0.2620335662312872,3.7185249368249993,4.0259532969250005
sensitivity,tau_x1,tau,1,FixedSensitivity,disp_z_pct_hs,10,5.087651635,0.14044907194540424,4.999230343725,5.163715381225001
sensitivity,tau_x1,tau,1,FixedSensitivity,disp_3d_pct_refmax,10,8.19156475,0.6581699909445949,7.781573863325001,8.546232643925
sensitivity,tau_x1,tau,1,FixedSensitivity,disp_z_ref_rms_m,10,0.39174956969999997,0.009189958095895057,0.38632446817500005,0.3971687534725
sensitivity,tau_x1,tau,1,FixedSensitivity,disp_z_pct_refrms,10,19.48304005,0.4384961673559818,19.21089283375,19.72091724375
sensitivity,tau_x1,tau,1,FixedSensitivity,roll_rms_deg,10,0.2689227185,0.186100893971046,0.1730298837775,0.3887910358425
sensitivity,tau_x1,tau,1,FixedSensitivity,pitch_rms_deg,10,0.2553000323,0.1372497690676666,0.18125743655249998,0.34335432217499995
sensitivity,tau_x1,tau,1,FixedSensitivity,yaw_rms_deg,10,1.9638484367999998,1.0987961594186264,1.380347973985,2.6567832974700005
sensitivity,tau_x1,tau,1,FixedSensitivity,dir_axis_error_deg,10,5.256163025,1.753160165742208,4.1806166458,6.2248797218
sensitivity,tau_x1,tau,1,FixedSensitivity,dir_axis_abs_error_deg,10,5.256163025,1.753160165742208,4.202629966350001,6.233691557699999
sensitivity,tau_x1,tau,1,FixedSensitivity,dir_axis_rmse_deg,10,21.329205509999998,2.099981065907495,20.100136950000003,22.592687930500002
sensitivity,tau_x1,tau,1,FixedSensitivity,dir_axis_circ_std_deg,10,19.43302154,2.0170218905934965,18.295592643999996,20.651310754499995
sensitivity,tau_x1,tau,1,FixedSensitivity,dir_axis_available_pct,10,93.71572189999999,1.3775803685703263,92.973997746,94.58856823675002
sensitivity,tau_x1,tau,1,FixedSensitivity,dir_sense_forward_pct,10,36.72644519000001,32.519478196341645,18.15150032,56.25350151
sensitivity,tau_x1,tau,1,FixedSensitivity,dir_sense_reverse_pct,10,49.122167588,32.74197630418551,30.1032600387,68.32295928520001
sensitivity,tau_x1,tau,1,FixedSensitivity,dir_sense_uncertain_pct,10,14.151389032,2.080427829371303,12.8251571103,15.26102369025
sensitivity,tau_x1,tau,1,FixedSensitivity,dir_sense_dominant_pct,10,71.07400169,15.545614361202658,61.966356148500005,80.13639269375001
sensitivity,tau_x1,tau,1,FixedSensitivity,dir_travel_error_deg,10,4.9571105950000005,1.6709405587777262,3.9560679350500005,5.918711661999999
sensitivity,tau_x1,tau,1,FixedSensitivity,dir_travel_abs_error_deg,10,4.9571105950000005,1.6709405587777262,3.9504769070500005,5.901739008675
sensitivity,tau_x1,tau,1,FixedSensitivity,dir_travel_rmse_deg,10,18.85320605,1.4783476982154524,17.989195411499995,19.71287334425
sensitivity,tau_x1,tau,1,FixedSensitivity,dir_travel_correct_pct,10,85.80739059999999,2.090833745763413,84.70907365925001,87.14572525
sensitivity,tau_x1,tau,1,FixedSensitivity,dir_travel_wrong_pct,10,0.041222223079999995,0.06716113087787509,0.00588888898,0.08538889140000001
sensitivity,tau_x1,tau,1,FixedSensitivity,dir_travel_unresolved_pct,10,14.151389032,2.080427829371303,12.793591990500001,15.26194449
sensitivity,tau_x1,tau,1,FixedSensitivity,accel_bias_3d_rms_mps2,10,0.06585945596,0.03325309737945055,0.04831103233,0.08667132619850001
sensitivity,tau_x1,tau,1,FixedSensitivity,gyro_bias_3d_rms_radps,10,0.00011923959746999999,1.526735798561457e-05,0.00011016166274925,0.00012787942249999998
sensitivity,tau_x1.25,tau,1.25,FixedSensitivity,accel_x_rms_mps2,10,0.013005046449999998,0.0032611552278512773,0.01141102960075,0.015231078579999998
sensitivity,tau_x1.25,tau,1.25,FixedSensitivity,accel_y_rms_mps2,10,0.015946538559999997,0.003980831924335093,0.013871372873999997,0.0184558406775
sensitivity,tau_x1.25,tau,1.25,FixedSensitivity,accel_z_rms_mps2,10,0.012122451234000001,0.001385381642408852,0.0113201142285,0.012955933542000002
sensitivity,tau_x1.25,tau,1.25,FixedSensitivity,accel_3d_rms_mps2,10,0.024104364960000003,0.004071314320716406,0.02200437674,0.026739709131499992
sensitivity,tau_x1.25,tau,1.25,FixedSensitivity,disp_x_rms_m,10,0.06895676478999999,0.0021152640675294594,0.06770033317725001,0.07017410694625
sensitivity,tau_x1.25,tau,1.25,FixedSensitivity,disp_y_rms_m,10,0.06149775386000002,0.003972223396785377,0.059208978054,0.0638399498195
sensitivity,tau_x1.25,tau,1.25,FixedSensitivity,disp_z_rms_m,10,0.07578837425,0.0021954249190202094,0.0744526297615,0.07697027883449999
sensitivity,tau_x1.25,tau,1.25,FixedSensitivity,disp_3d_rms_m,10,0.1195831576,0.0019208402589030995,0.11848748664000001,0.1207511060275
sensitivity,tau_x1.25,tau,1.25,FixedSensitivity,disp_x_pct_hs,10,4.597117471000001,0.14101767285930805,4.5125794664750005,4.678093972349999
sensitivity,tau_x1.25,tau,1.25,FixedSensitivity,disp_y_pct_hs,10,4.099850081,0.26481485997090415,3.9467810379999997,4.25710276405
sensitivity,tau_x1.25,tau,1.25,FixedSensitivity,disp_z_pct_hs,10,5.052558135,0.14636170907390306,4.9621940077,5.1325268932
sensitivity,tau_x1.25,tau,1.25,FixedSensitivity,disp_3d_pct_refmax,10,8.311724853,0.6729655518313205,7.878111106525,8.6795827006
sensitivity,tau_x1.25,tau,1.25,FixedSensitivity,disp_z_ref_rms_m,10,0.39174956969999997,0.009189958095895057,0.386322357875,0.39719591418
sensitivity,tau_x1.25,tau,1.25,FixedSensitivity,disp_z_pct_refrms,10,19.34900265,0.4828533408348139,19.044934035749996,19.610724184
sensitivity,tau_x1.25,tau,1.25,FixedSensitivity,roll_rms_deg,10,0.27750431601000003,0.19181692456908234,0.18123930071525002,0.40135514776500003
sensitivity,tau_x1.25,tau,1.25,FixedSensitivity,pitch_rms_deg,10,0.25438954759999993,0.1363965139791445,0.1793580886175,0.33931552644749996
sensitivity,tau_x1.25,tau,1.25,FixedSensitivity,yaw_rms_deg,10,1.9689160339,1.0858108665801478,1.3874790279025,2.6391475180474995
sensitivity,tau_x1.25,tau,1.25,FixedSensitivity,dir_axis_error_deg,10,5.33183136,1.7502377597200647,4.242244683749999,6.335026549999999
sensitivity,tau_x1.25,tau,1.25,FixedSensitivity,dir_axis_abs_error_deg,10,5.33183136,1.7502377597200647,4.270946695325,6.329154967999999
sensitivity,tau_x1.25,tau,1.25,FixedSensitivity,dir_axis_rmse_deg,10,21.376282690000004,2.1179167043459444,20.1170434725,22.60532832675
sensitivity,tau_x1.25,tau,1.25,FixedSensitivity,dir_axis_circ_std_deg,10,19.45885144,2.0373597384105167,18.303829833,20.71974406975
sensitivity,tau_x1.25,tau,1.25,FixedSensitivity,dir_axis_available_pct,10,93.71088945,1.3768117378693776,92.961921747,94.58450091
sensitivity,tau_x1.25,tau,1.25,FixedSensitivity,dir_sense_forward_pct,10,36.72138939,32.51884633389182,18.08394508,56.194888254
sensitivity,tau_x1.25,tau,1.25,FixedSensitivity,dir_sense_reverse_pct,10,49.112056918,32.735129214447575,29.99146060515,68.31303514475
sensitivity,tau_x1.25,tau,1.25,FixedSensitivity,dir_sense_uncertain_pct,10,14.166555861,2.0827950168243,12.851726660499999,15.272837595
sensitivity,tau_x1.25,tau,1.25,FixedSensitivity,dir_sense_dominant_pct,10,71.06472397,15.545478896575792,61.785247275749995,80.35088577274999
sensitivity,tau_x1.25,tau,1.25,FixedSensitivity,dir_travel_error_deg,10,5.028902508,1.6644314692740607,4.052340195949999,6.0070881592999985
sensitivity,tau_x1.25,tau,1.25,FixedSensitivity,dir_travel_abs_error_deg,10,5.028902508,1.6644314692740607,4.045726980825,5.995728069974998
sensitivity,tau_x1.25,tau,1.25,FixedSensitivity,dir_travel_rmse_deg,10,18.88638955,1.4905900272529768,18.023988539999998,19.7790795835
sensitivity,tau_x1.25,tau,1.25,FixedSensitivity,dir_travel_correct_pct,10,85.79027938,2.0962013163231594,84.68702896775,87.15133434100001
sensitivity,tau_x1.25,tau,1.25,FixedSensitivity,dir_travel_wrong_pct,10,0.043166668209999995,0.0713297448660658,0.006500000509999999,0.08788889209999999
sensitivity,tau_x1.25,tau,1.25,FixedSensitivity,dir_travel_unresolved_pct,10,14.166555861,2.0827950168243,12.839611502000002,15.265232153
sensitivity,tau_x1.25,tau,1.25,FixedSensitivity,accel_bias_3d_rms_mps2,10,0.06713754422,0.03331635001264472,0.04923634188574999,0.08804419447499999
sensitivity,tau_x1.25,tau,1.25,FixedSensitivity,gyro_bias_3d_rms_radps,10,0.00011924563518999999,1.521064262057726e-05,0.00011004203518774999,0.00012773630952750002
sensitivity,tau_x1.5,tau,1.5,FixedSensitivity,accel_x_rms_mps2,10,0.012740198550000002,0.0032599858593453865,0.01113989882475,0.014915130861499997
sensitivity,tau_x1.5,tau,1.5,FixedSensitivity,accel_y_rms_mps2,10,0.01585681802,0.004011400956742076,0.01364984502,0.018343561519749994
sensitivity,tau_x1.5,tau,1.5,FixedSensitivity,accel_z_rms_mps2,10,0.012417154020000001,0.0014968679951267519,0.0115367801665,0.01332615159575
sensitivity,tau_x1.5,tau,1.5,FixedSensitivity,accel_3d_rms_mps2,10,0.02406439221,0.004069615246700743,0.0219289704745,0.026630125078749994
sensitivity,tau_x1.5,tau,1.5,FixedSensitivity,disp_x_rms_m,10,0.06974534690000002,0.0022605952916362917,0.06841765581324999,0.07106045436675001
sensitivity,tau_x1.5,tau,1.5,FixedSensitivity,disp_y_rms_m,10,0.06460884439,0.004053341898986597,0.062255233951,0.06700631369025001
sensitivity,tau_x1.5,tau,1.5,FixedSensitivity,disp_z_rms_m,10,0.07564697115999999,0.0022915878981232428,0.0742683491485,0.07688762700875001
sensitivity,tau_x1.5,tau,1.5,FixedSensitivity,disp_3d_rms_m,10,0.1215807662,0.0019464651501255542,0.12047071037500001,0.12277934704250001
sensitivity,tau_x1.5,tau,1.5,FixedSensitivity,disp_x_pct_hs,10,4.649689577999999,0.150706302428953,4.5601507926750005,4.740636550999999
sensitivity,tau_x1.5,tau,1.5,FixedSensitivity,disp_y_pct_hs,10,4.307256174000001,0.27022281145536103,4.15134111195,4.467055645724999
sensitivity,tau_x1.5,tau,1.5,FixedSensitivity,disp_z_pct_hs,10,5.043131209,0.15277250785131907,4.95201906555,5.130207308825001
sensitivity,tau_x1.5,tau,1.5,FixedSensitivity,disp_3d_pct_refmax,10,8.450895593999999,0.6878932938073654,8.024744401575,8.829647921
sensitivity,tau_x1.5,tau,1.5,FixedSensitivity,disp_z_ref_rms_m,10,0.39174956969999997,0.009189958095895057,0.3863081665725,0.39715311643749995
sensitivity,tau_x1.5,tau,1.5,FixedSensitivity,disp_z_pct_refrms,10,19.313208969999998,0.523392629307192,18.988515143,19.60088174625
sensitivity,tau_x1.5,tau,1.5,FixedSensitivity,roll_rms_deg,10,0.28676856689999997,0.19781680712374236,0.18368415671750002,0.41459392483749996
sensitivity,tau_x1.5,tau,1.5,FixedSensitivity,pitch_rms_deg,10,0.25395984053000004,0.1372480033403698,0.179761810715,0.3414488264985
sensitivity,tau_x1.5,tau,1.5,FixedSensitivity,yaw_rms_deg,10,1.9700461083,1.0785472516699557,1.3992655536849998,2.6496431293000002
sensitivity,tau_x1.5,tau,1.5,FixedSensitivity,dir_axis_error_deg,10,5.396859740000001,1.7462285790614205,4.336041257700001,6.38196967975
sensitivity,tau_x1.5,tau,1.5,FixedSensitivity,dir_axis_abs_error_deg,10,5.396859740000001,1.7462285790614205,4.339079474025,6.395874023
sensitivity,tau_x1.5,tau,1.5,FixedSensitivity,dir_axis_rmse_deg,10,21.44812374,2.201532093837209,20.178477239499998,22.744881442750003
sensitivity,tau_x1.5,tau,1.5,FixedSensitivity,dir_axis_circ_std_deg,10,19.50763091,2.1111750769165765,18.33776365675,20.801522502
sensitivity,tau_x1.5,tau,1.5,FixedSensitivity,dir_axis_available_pct,10,93.71222153,1.378503607390874,92.9520867055,94.60141567975
sensitivity,tau_x1.5,tau,1.5,FixedSensitivity,dir_sense_forward_pct,10,36.66427784,32.54735155875326,17.983000190000002,56.17857789575
sensitivity,tau_x1.5,tau,1.5,FixedSensitivity,dir_sense_reverse_pct,10,49.100333218,32.739168591628136,29.93114092475,68.40065136445
sensitivity,tau_x1.5,tau,1.5,FixedSensitivity,dir_sense_uncertain_pct,10,14.235389046,2.1440314872836685,12.896108605650001,15.40700136975
sensitivity,tau_x1.5,tau,1.5,FixedSensitivity,dir_sense_dominant_pct,10,71.06216622000001,15.546537401278881,61.82205544,80.261600295
sensitivity,tau_x1.5,tau,1.5,FixedSensitivity,dir_travel_error_deg,10,5.076308107,1.665480632487107,4.09867341535,6.0233273532
sensitivity,tau_x1.5,tau,1.5,FixedSensitivity,dir_travel_abs_error_deg,10,5.076308107,1.665480632487107,4.07836298755,6.052904784749999
sensitivity,tau_x1.5,tau,1.5,FixedSensitivity,dir_travel_rmse_deg,10,18.877904309999998,1.463578753982453,18.01317689175,19.73423463525
sensitivity,tau_x1.5,tau,1.5,FixedSensitivity,dir_travel_correct_pct,10,85.73027878,2.152115470621138,84.5693837515,87.08857106824999
sensitivity,tau_x1.5,tau,1.5,FixedSensitivity,dir_travel_wrong_pct,10,0.03433333415,0.0512871372801706,0.00705555603,0.06597083413474962
sensitivity,tau_x1.5,tau,1.5,FixedSensitivity,dir_travel_unresolved_pct,10,14.235389046,2.1440314872836685,12.881944752,15.3839457345
sensitivity,tau_x1.5,tau,1.5,FixedSensitivity,accel_bias_3d_rms_mps2,10,0.06866523852,0.03343239914407819,0.050845605838999997,0.0897406051515
sensitivity,tau_x1.5,tau,1.5,FixedSensitivity,gyro_bias_3d_rms_radps,10,0.00011926365044,1.51630651944659e-05,0.00011009780715300002,0.0001277518216825
transition_rate,controlled,,,Adaptive,accel_x_rms_mps2,10,0.014492758750000001,0.003136910221688612,0.01302333159575,0.016541353485500003
transition_rate,controlled,,,Adaptive,accel_y_rms_mps2,10,0.01714190253,0.004245230538326284,0.014819711381,0.01980290865775
transition_rate,controlled,,,Adaptive,accel_z_rms_mps2,10,0.01120502734,0.0007567086487847914,0.010776881775500001,0.011658586050499999
transition_rate,controlled,,,Adaptive,accel_3d_rms_mps2,10,0.025244654709999998,0.004439254056735196,0.02301521000525,0.028163704934
transition_rate,controlled,,,Adaptive,disp_x_rms_m,10,0.28713574999999997,0.012434275258203321,0.2794739970625,0.29411428953999996
transition_rate,controlled,,,Adaptive,disp_y_rms_m,10,0.20577101859999997,0.017608856646188723,0.19536361833500002,0.21594444734249998
transition_rate,controlled,,,Adaptive,disp_z_rms_m,10,0.1883317291,0.004606417708488322,0.18570640775250002,0.19104153953250003
transition_rate,controlled,,,Adaptive,disp_3d_rms_m,10,0.40078778270000004,0.008429801309978408,0.39539152509,0.40517425840000004
transition_rate,controlled,,,Adaptive,disp_x_pct_hs,10,7.178393841,0.3108568487962548,6.986999447174999,7.354444520549999
transition_rate,controlled,,,Adaptive,disp_y_pct_hs,10,5.144275521999999,0.44022150781494007,4.879247691975,5.4020489377
transition_rate,controlled,,,Adaptive,disp_z_pct_hs,10,4.708293151,0.1151604371156032,4.64224965365,4.774783229999999
transition_rate,controlled,,,Adaptive,disp_3d_pct_refmax,10,11.304018596,1.059705361864157,10.6789738308,11.91186351
transition_rate,controlled,,,Adaptive,disp_z_ref_rms_m,10,0.8605033637,0.03508386040545606,0.8391252785,0.88034962794
transition_rate,controlled,,,Adaptive,disp_z_pct_refrms,10,21.907702250000003,0.7255222591229608,21.495704202,22.330639977249998
transition_rate,controlled,,,Adaptive,roll_rms_deg,10,0.25497454270000003,0.1857201510658374,0.159351841824,0.37171951944649995
transition_rate,controlled,,,Adaptive,pitch_rms_deg,10,0.25900637071,0.12976907160530554,0.18775585063249997,0.33795257071
transition_rate,controlled,,,Adaptive,yaw_rms_deg,10,1.9561331190999998,1.1623151582193452,1.331420442845,2.698680195275
transition_rate,controlled,,,Adaptive,dir_axis_error_deg,10,3.6918746930000004,3.260921222622111,1.8939805211500003,5.747134165374998
transition_rate,controlled,,,Adaptive,dir_axis_abs_error_deg,10,4.012220763,2.8091655138726197,2.5769882219999998,5.802195508574999
transition_rate,controlled,,,Adaptive,dir_axis_rmse_deg,10,22.792542450000003,1.9698562734708462,21.599029339999998,23.918026843499998
transition_rate,controlled,,,Adaptive,dir_axis_circ_std_deg,10,21.20614567,1.8076774083821543,20.140444992500004,22.25355894575
transition_rate,controlled,,,Adaptive,dir_axis_available_pct,10,95.07472305000002,0.8215203354906258,94.61687668725,95.57881707975
transition_rate,controlled,,,Adaptive,dir_sense_forward_pct,10,27.104445177199995,15.607809065303515,17.58357700918,36.258011943994994
transition_rate,controlled,,,Adaptive,dir_sense_reverse_pct,10,59.512946320000005,16.04915079229322,50.55064784225001,69.36511991124999
transition_rate,controlled,,,Adaptive,dir_sense_uncertain_pct,10,13.382611450999999,1.642144476915286,12.309307313775,14.240230775
transition_rate,controlled,,,Adaptive,dir_sense_dominant_pct,10,60.589557639999995,14.717439572972305,52.373031058749994,69.54704786375
transition_rate,controlled,,,Adaptive,dir_travel_error_deg,10,3.5958112579000003,3.0049977563306807,1.931514889275,5.4514136573025
transition_rate,controlled,,,Adaptive,dir_travel_abs_error_deg,10,3.7699217421,2.7577283374544312,2.355257496025,5.5879028989725
transition_rate,controlled,,,Adaptive,dir_travel_rmse_deg,10,21.08468685,1.645152369754984,20.135320573749997,22.08571954575
transition_rate,controlled,,,Adaptive,dir_travel_correct_pct,10,86.48850173,1.6857947770128854,85.64361137650002,87.5611268845
transition_rate,controlled,,,Adaptive,dir_travel_wrong_pct,10,0.12888889067000003,0.10059459658204718,0.07360972339575002,0.18950139133974997
transition_rate,controlled,,,Adaptive,dir_travel_unresolved_pct,10,13.382611450999999,1.642144476915286,12.313615616524999,14.224673903000001
transition_rate,controlled,,,Adaptive,accel_bias_3d_rms_mps2,10,0.06369909467,0.0336007440803479,0.0455753115565,0.08455944038799999
transition_rate,controlled,,,Adaptive,gyro_bias_3d_rms_radps,10,0.0001227257976,1.3402526967906568e-05,0.0001150620901,0.00013058554225499997
transition_rate,controlled,,,FixedNominal,accel_x_rms_mps2,10,0.040248379849999995,0.007532632826214321,0.036109700322749995,0.044945530835000004
transition_rate,controlled,,,FixedNominal,accel_y_rms_mps2,10,0.038994595789999996,0.009309353444791064,0.033736711694499995,0.044657846036500005
transition_rate,controlled,,,FixedNominal,accel_z_rms_mps2,10,0.017212196709999995,0.0011723376820708302,0.016534842177,0.01791011948975
transition_rate,controlled,,,FixedNominal,accel_3d_rms_mps2,10,0.058724161610000006,0.011476756049118563,0.05232463938875,0.06594370721625001
transition_rate,controlled,,,FixedNominal,disp_x_rms_m,10,0.5532016844,0.036536575030472626,0.5294181585000001,0.5712494950349999
transition_rate,controlled,,,FixedNominal,disp_y_rms_m,10,0.39905171700000003,0.04738076536158948,0.3708150911125,0.427018344385
transition_rate,controlled,,,FixedNominal,disp_z_rms_m,10,0.43051665429999997,0.025743078144534116,0.4150123547775,0.4449399517675
transition_rate,controlled,,,FixedNominal,disp_3d_rms_m,10,0.8076163114,0.04936433750475427,0.777493614345,0.8360638444825
transition_rate,controlled,,,FixedNominal,disp_x_pct_hs,10,13.83004207,0.9134144866449125,13.22896254625,14.28194681425
transition_rate,controlled,,,FixedNominal,disp_y_pct_hs,10,9.976292943,1.1845192871961046,9.26508989725,10.67204488635
transition_rate,controlled,,,FixedNominal,disp_z_pct_hs,10,10.762916378000002,0.6435769948998993,10.36926225985,11.120074746750001
transition_rate,controlled,,,FixedNominal,disp_3d_pct_refmax,10,22.79997329,2.639309642119908,21.17995116625,24.266592904
transition_rate,controlled,,,FixedNominal,disp_z_ref_rms_m,10,0.8605033637,0.03508386040545606,0.8395266144,0.8799855470150001
transition_rate,controlled,,,FixedNominal,disp_z_pct_refrms,10,49.99872132,1.1782218215890066,49.27531420249999,50.663422337
transition_rate,controlled,,,FixedNominal,roll_rms_deg,10,0.3406274437,0.1519193490450108,0.2604711611425,0.43571369184
transition_rate,controlled,,,FixedNominal,pitch_rms_deg,10,1.319760431,0.2303211684226442,1.1941405434499999,1.4614753103250002
transition_rate,controlled,,,FixedNominal,yaw_rms_deg,10,7.646207143,2.152396296331107,6.448391592250001,9.0135816176
transition_rate,controlled,,,FixedNominal,dir_axis_error_deg,10,2.6036514279,3.082284936600637,0.8005631243199998,4.401982116174999
transition_rate,controlled,,,FixedNominal,dir_axis_abs_error_deg,10,3.2732559199,2.2645158492124606,2.0758530797525,4.6729697418
transition_rate,controlled,,,FixedNominal,dir_axis_rmse_deg,10,23.38181496,1.8670140210226245,22.243607357,24.453576564
transition_rate,controlled,,,FixedNominal,dir_axis_circ_std_deg,10,21.81739807,1.7375464320732104,20.7984368065,22.81505602
transition_rate,controlled,,,FixedNominal,dir_axis_available_pct,10,95.02038802,0.8792148274061949,94.51470561299999,95.54186881624999
transition_rate,controlled,,,FixedNominal,dir_sense_forward_pct,10,30.136278146539997,21.62114126880832,17.5726721609465,43.0723087679
transition_rate,controlled,,,FixedNominal,dir_sense_reverse_pct,10,55.939001270000006,21.593286262095283,43.31587182125,68.40349145125
transition_rate,controlled,,,FixedNominal,dir_sense_uncertain_pct,10,13.92472248,1.5669204891080486,12.940037804500001,14.75445995575
transition_rate,controlled,,,FixedNominal,dir_sense_dominant_pct,10,62.79755668,14.917886152256008,54.21238465199999,71.71408929399999
transition_rate,controlled,,,FixedNominal,dir_travel_error_deg,10,2.7067660095,2.784269890023168,1.0880739257125,4.4128529612874985
transition_rate,controlled,,,FixedNominal,dir_travel_abs_error_deg,10,3.1605510955,2.189480390249645,1.9846346628874998,4.566781132299999
transition_rate,controlled,,,FixedNominal,dir_travel_rmse_deg,10,21.399877159999996,1.2764399979260974,20.629685197749996,22.14093992675
transition_rate,controlled,,,FixedNominal,dir_travel_correct_pct,10,85.88111267999999,1.6125104935077448,85.04105420274999,86.90055695999999
transition_rate,controlled,,,FixedNominal,dir_travel_wrong_pct,10,0.19416666963,0.15548482636364455,0.10944305688849998,0.29155555660825
transition_rate,controlled,,,FixedNominal,dir_travel_unresolved_pct,10,13.92472248,1.5669204891080486,12.90275871475,14.73735996575
transition_rate,controlled,,,FixedNominal,accel_bias_3d_rms_mps2,10,0.2325084237,0.04200337122055955,0.2100381284375,0.2593261421625
transition_rate,controlled,,,FixedNominal,gyro_bias_3d_rms_radps,10,0.0003810952607,9.640130436749073e-05,0.00032556759409999996,0.00043515772944250004
transition_rate,rapid,,,Adaptive,accel_x_rms_mps2,10,0.014765762459999998,0.0034411389920304247,0.013174520717749999,0.01710436228525
transition_rate,rapid,,,Adaptive,accel_y_rms_mps2,10,0.017401873789999998,0.004567443960613299,0.01489089173275,0.020238557297249996
transition_rate,rapid,,,Adaptive,accel_z_rms_mps2,10,0.011260514240000002,0.0007753617288024879,0.010819202408000002,0.01172631164675
transition_rate,rapid,,,Adaptive,accel_3d_rms_mps2,10,0.025610282829999997,0.004914751177167085,0.02317589431125,0.028842918260999998
transition_rate,rapid,,,Adaptive,disp_x_rms_m,10,0.2953713774,0.010512586084247568,0.288906141445,0.30118918584
transition_rate,rapid,,,Adaptive,disp_y_rms_m,10,0.2086329447,0.019699681867099486,0.1969228166275,0.22013472952499993
transition_rate,rapid,,,Adaptive,disp_z_rms_m,10,0.19410537919999998,0.008554535523773592,0.1893395525025,0.1992690916925
transition_rate,rapid,,,Adaptive,disp_3d_rms_m,10,0.4109285742,0.010601641071414179,0.40559485810000007,0.41784420507
transition_rate,rapid,,,Adaptive,disp_x_pct_hs,10,7.3842844,0.26281468363770644,7.217962897724998,7.528923968875
transition_rate,rapid,,,Adaptive,disp_y_pct_hs,10,5.215823604,0.49249208254130294,4.928281427424999,5.5147668975999995
transition_rate,rapid,,,Adaptive,disp_z_pct_hs,10,4.852634478,0.21386336623205685,4.734124599699999,4.984277426924999
transition_rate,rapid,,,Adaptive,disp_3d_pct_refmax,10,11.325424375,1.1781841402000852,10.671965285499999,12.037306689999998
transition_rate,rapid,,,Adaptive,disp_z_ref_rms_m,10,0.8708630321999999,0.03370283858190288,0.8502561591375,0.8902339532775
transition_rate,rapid,,,Adaptive,disp_z_pct_refrms,10,22.31350135,1.2090001879016643,21.6544126465,23.069913053999997
transition_rate,rapid,,,Adaptive,roll_rms_deg,10,0.25530705141000004,0.18476620146200684,0.15981715677900002,0.37319804237799986
transition_rate,rapid,,,Adaptive,pitch_rms_deg,10,0.26158115352,0.1350763061655548,0.18864030632,0.34757143934249995
transition_rate,rapid,,,Adaptive,yaw_rms_deg,10,1.9679461956000002,1.1937774456593109,1.3376201395,2.754693650735
transition_rate,rapid,,,Adaptive,dir_axis_error_deg,10,3.5725357018000006,3.458958032936836,1.6601377106200002,5.765409762995
transition_rate,rapid,,,Adaptive,dir_axis_abs_error_deg,10,3.9109390218,3.0249919953345183,2.38413345313,5.887508645999999
transition_rate,rapid,,,Adaptive,dir_axis_rmse_deg,10,22.84362507,2.011841737663747,21.61921463,24.002239333
transition_rate,rapid,,,Adaptive,dir_axis_circ_std_deg,10,21.242728050000004,1.8839921174467564,20.157310618,22.37806685875
transition_rate,rapid,,,Adaptive,dir_axis_available_pct,10,95.16005631,0.9772761076040208,94.61370153025001,95.756389629
transition_rate,rapid,,,Adaptive,dir_sense_forward_pct,10,24.4763338712,14.802212299449895,15.8705559378,33.182786789805
transition_rate,rapid,,,Adaptive,dir_sense_reverse_pct,10,62.428390119999996,15.026625920374272,53.62922363,71.22867262
transition_rate,rapid,,,Adaptive,dir_sense_uncertain_pct,10,13.095277970999998,2.0752499336592756,11.753376388474999,14.23206000575
transition_rate,rapid,,,Adaptive,dir_sense_dominant_pct,10,63.27061232999999,13.723294501611738,55.466519288250005,71.446742986
transition_rate,rapid,,,Adaptive,dir_travel_error_deg,10,3.463803933,3.200941217952087,1.737385339875,5.4415181987749985
transition_rate,rapid,,,Adaptive,dir_travel_abs_error_deg,10,3.676839517,2.9250282173756896,2.166488403775,5.564058636874999
transition_rate,rapid,,,Adaptive,dir_travel_rmse_deg,10,21.12771492,1.5815867208074252,20.245379930250003,22.084215375250004
transition_rate,rapid,,,Adaptive,dir_travel_correct_pct,10,86.77600172,2.116453638848729,85.63522414,88.09550357575003
transition_rate,rapid,,,Adaptive,dir_travel_wrong_pct,10,0.12872222566,0.10049604776083985,0.07294305700375002,0.19077917303325
transition_rate,rapid,,,Adaptive,dir_travel_unresolved_pct,10,13.095277970999998,2.0752499336592756,11.778026594024997,14.20651827575
transition_rate,rapid,,,Adaptive,accel_bias_3d_rms_mps2,10,0.06400771922000001,0.03408106118112071,0.04588743022275,0.08540359753625
transition_rate,rapid,,,Adaptive,gyro_bias_3d_rms_radps,10,0.0001244756662,1.5189278269530312e-05,0.00011588320265250001,0.0001336778011325
transition_rate,rapid,,,FixedNominal,accel_x_rms_mps2,10,0.04118823297,0.008225355734188795,0.0369101558765,0.04661367275
transition_rate,rapid,,,FixedNominal,accel_y_rms_mps2,10,0.040003431590000006,0.010092129276267113,0.034512725402,0.04623482055275
transition_rate,rapid,,,FixedNominal,accel_z_rms_mps2,10,0.01741706039,0.0012836007964027554,0.016670078912250003,0.018184899455999996
transition_rate,rapid,,,FixedNominal,accel_3d_rms_mps2,10,0.06010445356000001,0.01254295834412199,0.053535501065999996,0.06804788647125
transition_rate,rapid,,,FixedNominal,disp_x_rms_m,10,0.5609413713,0.03683546380602314,0.5371491728925001,0.5791671258175001
transition_rate,rapid,,,FixedNominal,disp_y_rms_m,10,0.4051447899,0.05012850465381976,0.376264883155,0.43444358506
transition_rate,rapid,,,FixedNominal,disp_z_rms_m,10,0.43728120630000006,0.025255209906228884,0.42178598091249997,0.45160158459250005
transition_rate,rapid,,,FixedNominal,disp_3d_rms_m,10,0.8196047365,0.05074158739815575,0.7889602493625002,0.8490268137574999
transition_rate,rapid,,,FixedNominal,disp_x_pct_hs,10,14.02353429,0.9208865075581292,13.410183884999999,14.4723272215
transition_rate,rapid,,,FixedNominal,disp_y_pct_hs,10,10.128619769,1.2532125269367496,9.410285867725,10.872496129224999
transition_rate,rapid,,,FixedNominal,disp_z_pct_hs,10,10.932030295999999,0.631380150270488,10.548924052649998,11.29406560825
transition_rate,rapid,,,FixedNominal,disp_3d_pct_refmax,10,22.6129406,2.812219839413073,20.923480599999998,24.18230477
transition_rate,rapid,,,FixedNominal,disp_z_ref_rms_m,10,0.8708630321999999,0.03370283858190288,0.85011116726,0.8903316196400001
transition_rate,rapid,,,FixedNominal,disp_z_pct_refrms,10,50.18268164,1.2010919773021138,49.4584707105,50.86361010225
transition_rate,rapid,,,FixedNominal,roll_rms_deg,10,0.3457451195,0.15662898793747237,0.2650142986450001,0.44839991849749994
transition_rate,rapid,,,FixedNominal,pitch_rms_deg,10,1.3504871360000001,0.2446832658382733,1.21898208695,1.5029196198249999
transition_rate,rapid,,,FixedNominal,yaw_rms_deg,10,7.823704441000001,2.264201220415169,6.5938450345,9.2291942535
transition_rate,rapid,,,FixedNominal,dir_axis_error_deg,10,2.4793182364,3.3606377890585932,0.5568595886750001,4.436944311875001
transition_rate,rapid,,,FixedNominal,dir_axis_abs_error_deg,10,3.2451568596,2.5343141935049194,1.8883069988949999,4.83169685206
transition_rate,rapid,,,FixedNominal,dir_axis_rmse_deg,10,23.53708151,1.8081624742775806,22.4580427,24.581241589999998
transition_rate,rapid,,,FixedNominal,dir_axis_circ_std_deg,10,21.90371914,1.7135317514697384,20.90956592,22.913153652749997
transition_rate,rapid,,,FixedNominal,dir_axis_available_pct,10,95.07727586,1.0246991621476012,94.50554448275,95.71794206000001
transition_rate,rapid,,,FixedNominal,dir_sense_forward_pct,10,32.10838967,19.887748125995685,20.774666982,43.88066891175
transition_rate,rapid,,,FixedNominal,dir_sense_reverse_pct,10,54.252334399999995,20.23546117483879,42.266538255499995,66.07977894674998
transition_rate,rapid,,,FixedNominal,dir_sense_uncertain_pct,10,13.63927803,2.0181724062788233,12.390604460999999,14.76813919575
transition_rate,rapid,,,FixedNominal,dir_sense_dominant_pct,10,61.67189026,13.130209489123455,54.15076095275001,69.56932709575
transition_rate,rapid,,,FixedNominal,dir_travel_error_deg,10,2.562140301,3.139338301192542,0.7659664066500002,4.515980825025
transition_rate,rapid,,,FixedNominal,dir_travel_abs_error_deg,10,3.1288138649999997,2.5044376597891542,1.8210034333250003,4.72809022665
transition_rate,rapid,,,FixedNominal,dir_travel_rmse_deg,10,21.56209011,1.2240952213415415,20.82953762075,22.283771995999995
transition_rate,rapid,,,FixedNominal,dir_travel_correct_pct,10,86.14578018,2.067649752602199,85.038661345,87.432668339
transition_rate,rapid,,,FixedNominal,dir_travel_wrong_pct,10,0.21494444702999999,0.16086921936576554,0.12566666970850002,0.3138402780667499
transition_rate,rapid,,,FixedNominal,dir_travel_unresolved_pct,10,13.63927803,2.0181724062788233,12.38316140275,14.744286382749996
transition_rate,rapid,,,FixedNominal,accel_bias_3d_rms_mps2,10,0.23769764750000003,0.04542050516817943,0.213531985425,0.2667954617225
transition_rate,rapid,,,FixedNominal,gyro_bias_3d_rms_radps,10,0.0003927144455,9.645510719057811e-05,0.00033656544605500005,0.00044937277416999994
