family,tuning_mode,aw_cov_sync,input,window_s,samples,disp_x_rms_m,disp_y_rms_m,disp_z_rms_m,disp_3d_rms_m,disp_x_pct_hs,disp_y_pct_hs,disp_z_pct_hs,disp_3d_pct_refmax,disp_z_ref_rms_m,disp_z_pct_refrms,roll_rms_deg,pitch_rms_deg,yaw_rms_deg,dir_travel_error_deg,dir_travel_rmse_deg,dir_travel_correct_pct,dir_travel_wrong_pct,dir_travel_unresolved_pct,dir_axis_mean_deg,dir_axis_truth_deg,dir_axis_error_deg,dir_axis_rmse_deg,dir_axis_circ_std_deg,dir_sense_forward_pct,dir_sense_reverse_pct,dir_sense_uncertain_pct,dir_sense_dominant_pct,accel_bias_3d_rms_mps2,gyro_bias_3d_rms_radps,tau_applied_s,sigma_applied_mps2,tuning_applied,wave_period_s,frequency_hz,period_s,accel_variance_m2ps4,dir_axis_abs_error_deg,dir_travel_abs_error_deg,seed,arm,spectrum,hs_m,regression_exit_code
OU-II,adaptive,periodic,wave_data_jonswap_H0.270_L14.047_A30.00_P60.00.csv,900.0,180000,0.00870370492,0.00776013872,0.0188369974,0.022154158,3.22359443,2.87412548,6.9766655,11.0723343,0.0534430593,35.2468567,0.311402857,0.15393728,1.38333046,169.233017,163.3013,1.25,16.5738888,82.1761093,6.74954224,30.0,-23.2504578,25.0546284,9.83138466,16.5738888,1.25,82.1761093,16.5738888,0.0583150871,0.0001233191,1.53025579,0.0500000007,0.117084146,3.05647588,0.235941797,3.10486245,0.0307989549,23.2504578,169.233017,default,deployed,JONSWAP,0.27,1
OU-II,adaptive,periodic,wave_data_jonswap_H1.500_L50.710_A-30.00_P120.00.csv,900.0,180000,0.0905649215,0.0723741129,0.0992944986,0.15264146,6.03766108,4.82494068,6.6196332,11.5175972,0.390963972,25.3973522,0.262113422,0.181816041,1.08012462,-166.44696,164.099503,0.5088889,91.7394485,7.75166702,-15.6884613,-30.0,14.3115387,21.3365498,14.8123331,0.5088889,91.7394485,7.75166702,91.7394485,0.0540144332,0.000128308355,2.50650096,0.371697068,2.33520436,4.98906136,0.310105383,4.34818649,0.257832944,14.3115387,166.44696,default,deployed,JONSWAP,1.5,1
OU-II,adaptive,periodic,wave_data_jonswap_H4.000_L112.766_A30.00_P30.00.csv,900.0,180000,0.293125749,0.229984611,0.254453629,0.451178759,7.3281436,5.74961519,6.36134052,10.9372377,1.04307246,24.3946247,0.211641103,0.156651542,0.411600143,171.773041,168.004929,0.0500000007,95.2866669,4.66333342,21.4483643,30.0,-8.55163574,15.7891617,13.064847,0.0500000007,95.2866669,4.66333342,95.2866669,0.043533694,0.000143209792,3.9375577,0.793858051,12.3082619,7.83341837,0.200000003,5.0,0.859677911,8.55163574,171.773041,default,deployed,JONSWAP,4.0,0
OU-II,adaptive,periodic,wave_data_jonswap_H8.500_L202.839_A-30.00_P72.00.csv,900.0,180000,0.683053792,0.534409583,0.522489727,1.01249766,8.03592682,6.28717136,6.14693785,13.3295994,2.15460348,24.2499256,0.513101041,0.238616079,1.1448431,-170.759872,163.921799,0.772222221,91.5444489,7.6833334,-20.4163208,-30.0,9.5836792,21.641428,18.8872395,91.5444489,0.772222221,7.6833334,91.5444489,0.0947085246,0.000142509743,4.4956646,1.04195726,21.0589981,9.12593937,0.200000003,5.0,1.49710143,9.5836792,170.759872,default,deployed,JONSWAP,8.5,1
OU-II,adaptive,periodic,wave_data_pmstokes_H0.270_L14.047_A30.00_P60.00.csv,900.0,180000,0.00840328727,0.00736980932,0.0172152221,0.0205254275,3.11232853,2.72955894,6.37600803,10.6083002,0.0499124601,34.4908295,0.301977485,0.135942385,1.40457046,169.843735,160.231369,1.4822222,11.8111115,86.706665,5.78042603,30.0,-24.219574,25.8252068,9.56451893,11.8111115,1.4822222,86.706665,11.8111115,0.0555794872,0.000114200338,1.51966047,0.0804252103,0.185731396,3.02446294,0.409234107,2.78987837,0.0310976487,24.219574,169.843735,default,deployed,PM-Stokes,0.27,1
OU-II,adaptive,periodic,wave_data_pmstokes_H1.500_L50.710_A-30.00_P120.00.csv,900.0,180000,0.0863498896,0.0693273023,0.0965559408,0.146920487,5.75665903,4.62181997,6.43706226,10.9812632,0.385561794,25.0429211,0.262180895,0.178852543,0.935005844,-166.572083,164.045242,0.0833333358,91.4544449,8.4622221,-15.4780273,-30.0,14.5219727,21.9023247,15.6992264,0.0833333358,91.4544449,8.4622221,91.4544449,0.0536407344,0.000130055603,2.326056,0.412268132,2.23059177,4.63564825,0.261256695,4.0886488,0.298793554,14.5219727,166.572083,default,deployed,PM-Stokes,1.5,0
OU-II,adaptive,periodic,wave_data_pmstokes_H4.000_L112.766_A30.00_P30.00.csv,900.0,180000,0.281020045,0.225961924,0.248730063,0.438061297,7.02550125,5.64904785,6.21825171,10.8272629,1.04037023,23.9078426,0.192496717,0.14109689,0.298891276,169.561874,166.950439,0.179444447,95.0727768,4.74777794,19.1334991,30.0,-10.8665009,16.6737499,12.5623035,0.179444447,95.0727768,4.74777794,95.0727768,0.0387730785,0.000138028699,3.67561054,0.857780755,11.5887146,7.32536983,0.200000003,5.0,0.999155521,10.8665009,169.561874,default,deployed,PM-Stokes,4.0,0
OU-II,adaptive,periodic,wave_data_pmstokes_H8.500_L202.839_A-30.00_P72.00.csv,900.0,180000,0.664496839,0.50865078,0.516709626,0.98349911,7.81760979,5.98412657,6.07893658,13.0542355,2.16781425,23.8355122,0.586956322,0.258184403,1.02446759,-168.467285,163.343765,1.23777783,90.336113,8.42611122,-18.356369,-30.0,11.643631,23.1019306,18.8638287,90.336113,1.23777783,8.42611122,90.336113,0.10737101,0.00014651689,4.32140875,1.24531209,23.2556725,8.77819252,0.200000003,5.0,2.10747409,11.643631,168.467285,default,deployed,PM-Stokes,8.5,1
OU-II,adaptive,periodic,wave_data_jonswap_H0.270_L14.047_A30.00_P60.00.csv,900.0,180000,0.0087493211,0.00779401883,0.0188386943,0.0221854392,3.24048924,2.88667369,6.97729397,11.0879688,0.0534430593,35.2500305,0.303619564,0.150803342,1.56214178,168.511948,162.167648,1.3188889,16.2372227,82.4438934,6.43318176,30.0,-23.5668182,25.2182674,9.45730114,16.2372227,1.3188889,82.4438934,16.2372227,0.0568809547,0.000112596055,1.53025579,0.0500000007,0.117084146,3.05647588,0.235941797,3.10486245,0.0307989549,23.5668182,168.511948,default,hard-iron-off,JONSWAP,0.27,1
OU-II,adaptive,periodic,wave_data_jonswap_H1.500_L50.710_A-30.00_P120.00.csv,900.0,180000,0.0896070451,0.0723262951,0.0992657468,0.152033567,5.97380257,4.82175303,6.61771631,11.4717283,0.390963972,25.3899994,0.25968188,0.176001176,2.13638878,-166.439102,164.11235,0.523333371,91.5905609,7.88611126,-15.6580353,-30.0,14.3419647,21.3333206,14.7803183,0.523333371,91.5905609,7.88611126,91.5905609,0.0530271158,0.000119063763,2.50650096,0.371697068,2.33520436,4.98906136,0.310105383,4.34818649,0.257832944,14.3419647,166.439102,default,hard-iron-off,JONSWAP,1.5,1
OU-II,adaptive,periodic,wave_data_jonswap_H4.000_L112.766_A30.00_P30.00.csv,900.0,180000,0.286335886,0.234543547,0.254479975,0.449175894,7.1583972,5.86358881,6.36199951,10.8886862,1.04307246,24.3971519,0.200871527,0.152206659,2.09286404,171.772873,167.993393,0.050555557,95.3294449,4.61999989,21.4260864,30.0,-8.57391357,15.8056011,13.0716009,0.050555557,95.3294449,4.61999989,95.3294449,0.0413319021,0.000120702847,3.9375577,0.793858051,12.3082619,7.83341837,0.200000003,5.0,0.859677911,8.57391357,171.772873,default,hard-iron-off,JONSWAP,4.0,1
OU-II,adaptive,periodic,wave_data_jonswap_H8.500_L202.839_A-30.00_P72.00.csv,900.0,180000,0.657390714,0.525965452,0.522289336,0.990751386,7.73400831,6.18782854,6.14458036,13.0433092,2.15460348,24.2406254,0.504807949,0.227180079,2.14515877,-170.679474,163.888626,0.762777805,91.5816727,7.65555573,-20.3334808,-30.0,9.66651917,21.6748409,18.8917789,91.5816727,0.762777805,7.65555573,91.5816727,0.0924518853,0.000131263048,4.4956646,1.04195726,21.0589981,9.12593937,0.200000003,5.0,1.49710143,9.66651917,170.679474,default,hard-iron-off,JONSWAP,8.5,1
OU-II,adaptive,periodic,wave_data_pmstokes_H0.270_L14.047_A30.00_P60.00.csv,900.0,180000,0.00836949144,0.00738018192,0.0172155499,0.0205156188,3.09981155,2.73340058,6.37612963,10.6032305,0.0499124601,34.4914856,0.297908902,0.136919126,1.57122576,169.369217,159.507797,1.52055562,11.7822227,86.6972275,5.63897705,30.0,-24.3610229,25.8803558,9.3125391,11.7822227,1.52055562,86.6972275,11.7822227,0.0550102741,0.000112591522,1.51966047,0.0804252103,0.185731396,3.02446294,0.409234107,2.78987837,0.0310976487,24.3610229,169.369217,default,hard-iron-off,PM-Stokes,0.27,1
OU-II,adaptive,periodic,wave_data_pmstokes_H1.500_L50.710_A-30.00_P120.00.csv,900.0,180000,0.0853947774,0.0692860782,0.0965234563,0.146320224,5.69298506,4.61907148,6.43489695,10.9363985,0.385561794,25.0344963,0.259891301,0.171766207,2.12228942,-166.541748,164.03392,0.0833333358,91.5333328,8.38333321,-15.4760742,-30.0,14.5239258,21.8773499,15.6676512,0.0833333358,91.5333328,8.38333321,91.5333328,0.0525298752,0.000118990312,2.326056,0.412268132,2.23059177,4.63564825,0.261256695,4.0886488,0.298793554,14.5239258,166.541748,default,hard-iron-off,PM-Stokes,1.5,1
OU-II,adaptive,periodic,wave_data_pmstokes_H4.000_L112.766_A30.00_P30.00.csv,900.0,180000,0.274981052,0.230285525,0.248771235,0.436500996,6.8745265,5.75713825,6.21928072,10.7886982,1.04037023,23.9117985,0.182311863,0.137372926,2.05564547,169.4077,166.818146,0.341111124,94.7555542,4.90333366,19.1091156,30.0,-10.8908844,16.6894035,12.5599174,0.341111124,94.7555542,4.90333366,94.7555542,0.0366795473,0.00011946736,3.67561054,0.857780755,11.5887146,7.32536983,0.200000003,5.0,0.999155521,10.8908844,169.4077,default,hard-iron-off,PM-Stokes,4.0,1
OU-II,adaptive,periodic,wave_data_pmstokes_H8.500_L202.839_A-30.00_P72.00.csv,900.0,180000,0.642941356,0.500780344,0.51644218,0.964814544,7.56401587,5.89153337,6.07579041,12.8062296,2.16781425,23.8231754,0.576565802,0.243400201,2.13956809,-168.437897,163.33371,1.25111115,90.2838898,8.46500015,-18.3020477,-30.0,11.6979523,23.1234341,18.8504353,90.2838898,1.25111115,8.46500015,90.2838898,0.104528956,0.000132565576,4.32140875,1.24531209,23.2556725,8.77819252,0.200000003,5.0,2.10747409,11.6979523,168.437897,default,hard-iron-off,PM-Stokes,8.5,1
OU-II,adaptive,periodic,wave_data_jonswap_H0.270_L14.047_A30.00_P60.00.csv,900.0,180000,0.0083781844,0.00626495294,0.0245409589,0.0266777482,3.10303116,2.32035279,9.08924389,13.3331614,0.0534430593,45.9198227,0.104430094,0.282906711,2.54805779,174.90741,164.907852,1.8927778,30.6161118,67.4911118,18.005188,30.0,-11.994812,19.4431763,15.6728201,30.6161118,1.8927778,67.4911118,30.6161118,0.0529345348,0.00012902607,1.47078526,0.0500000007,0.108160466,2.93715763,0.222390324,3.33186746,0.0305005498,11.994812,174.90741,11,deployed,JONSWAP,0.27,1
OU-II,adaptive,periodic,wave_data_jonswap_H1.500_L50.710_A-30.00_P120.00.csv,900.0,180000,0.0963605195,0.0605426319,0.0956233591,0.14864248,6.4240346,4.03617525,6.37489033,11.2158527,0.390963972,24.4583569,0.126853839,0.238861993,3.78499246,-165.642136,163.484116,0.446111113,92.2961121,7.25777817,-15.2794342,-30.0,14.7205658,22.598835,15.7988653,0.223333344,92.5188904,7.25777817,92.5188904,0.0434728079,0.000146084756,2.50580454,0.375940293,2.36055017,4.98793602,0.232279181,3.84065056,0.257714212,14.7205658,165.642136,11,deployed,JONSWAP,1.5,1
OU-II,adaptive,periodic,wave_data_jonswap_H4.000_L112.766_A30.00_P30.00.csv,900.0,180000,0.31255573,0.201601088,0.252625167,0.449614882,7.81389332,5.04002714,6.31562901,10.8993273,1.04307246,24.2193298,0.199357256,0.21161899,2.19935417,172.661011,168.545425,0.0761111155,95.3216705,4.60222244,22.3010864,30.0,-7.69891357,15.308075,13.0191593,95.3216705,0.0761111155,4.60222244,95.3216705,0.0467526391,0.000146506878,3.93495536,0.79322958,12.2822666,7.8256917,0.200000003,5.0,0.859903038,7.69891357,172.661011,11,deployed,JONSWAP,4.0,1
OU-II,adaptive,periodic,wave_data_jonswap_H8.500_L202.839_A-30.00_P72.00.csv,900.0,180000,0.757534027,0.494472563,0.519161522,1.04301941,8.91216469,5.81732416,6.10778236,13.7314205,2.15460348,24.0954552,0.200302407,0.321919352,3.83932018,-170.272751,163.786316,0.810555577,91.8266678,7.36277819,-20.0835266,-30.0,9.91647339,21.0470791,18.2746124,91.8266678,0.810555577,7.36277819,91.8266678,0.0548222847,0.00015558087,4.49665833,1.04436076,21.116909,9.12797356,0.200000003,5.0,1.49896431,9.91647339,170.272751,11,deployed,JONSWAP,8.5,1
OU-II,adaptive,periodic,wave_data_pmstokes_H0.270_L14.047_A30.00_P60.00.csv,900.0,180000,0.00803971943,0.00592433335,0.0217810068,0.0239613671,2.97767377,2.19419742,8.06703949,12.3841209,0.0499124601,43.6384125,0.108772479,0.229976624,2.73335361,176.843094,157.46463,4.125,25.0594444,70.8155594,17.4594574,30.0,-12.5405426,20.5669613,16.8457088,25.0594444,4.125,70.8155594,25.0594444,0.044862397,0.000131213601,1.45013285,0.0500000007,0.105144262,2.88772058,0.224173233,3.2565515,0.0309081208,12.5405426,176.843094,11,deployed,PM-Stokes,0.27,1
OU-II,adaptive,periodic,wave_data_pmstokes_H1.500_L50.710_A-30.00_P120.00.csv,900.0,180000,0.0924818441,0.0591571108,0.0934932902,0.144199342,6.16545582,3.94380713,6.23288584,10.7778769,0.385561794,24.2485886,0.126282468,0.2296215,3.62389874,-165.869019,163.535355,0.0772222206,93.1300049,6.79277802,-15.0739899,-30.0,14.9260101,22.3354034,15.8763371,0.0772222206,93.1300049,6.79277802,93.1300049,0.0420297645,0.000145442333,2.32569027,0.416080326,2.25050998,4.63510561,0.282510668,3.22539258,0.298228323,14.9260101,165.869019,11,deployed,PM-Stokes,1.5,1
OU-II,adaptive,periodic,wave_data_pmstokes_H4.000_L112.766_A30.00_P30.00.csv,900.0,180000,0.299302995,0.196790725,0.248246953,0.435815811,7.48257494,4.91976833,6.2061739,10.7717628,1.04037023,23.8614044,0.228488728,0.197670534,2.36310363,170.563339,167.619156,0.176666677,95.3927765,4.43055582,20.2383728,30.0,-9.7616272,15.9481707,12.5345964,0.176666677,95.3927765,4.43055582,95.3927765,0.0490971431,0.000146053833,3.67253065,0.857862711,11.5704069,7.31703568,0.200000003,5.0,1.00055528,9.7616272,170.563339,11,deployed,PM-Stokes,4.0,1
OU-II,adaptive,periodic,wave_data_pmstokes_H8.500_L202.839_A-30.00_P72.00.csv,900.0,180000,0.728088319,0.474948049,0.513303399,1.00953877,8.5657444,5.58762407,6.03886318,13.3998661,2.16781425,23.6783848,0.268855482,0.322924733,3.69368935,-168.13002,163.166931,1.59500003,90.4677811,7.93722248,-17.8728485,-30.0,12.1271515,22.7329369,18.3419456,90.4688873,1.59388888,7.93722248,90.4688873,0.0619142614,0.000155634552,4.32223701,1.24732959,23.3022766,8.78030491,0.200000003,5.0,2.10969687,12.1271515,168.13002,11,deployed,PM-Stokes,8.5,1
OU-II,adaptive,periodic,wave_data_jonswap_H0.270_L14.047_A30.00_P60.00.csv,900.0,180000,0.00835748203,0.00626335852,0.0245434958,0.0266732145,3.09536362,2.31976247,9.09018326,13.3308954,0.0534430593,45.9245682,0.105241045,0.274589151,2.94618511,174.649841,164.495789,1.96222222,30.7350006,67.3027802,17.6784668,30.0,-12.3215332,19.6536198,15.7148428,30.7350006,1.96222222,67.3027802,30.7350006,0.0516906828,0.000136230767,1.47078526,0.0500000007,0.108160466,2.93715763,0.222390324,3.33186746,0.0305005498,12.3215332,174.649841,11,hard-iron-off,JONSWAP,0.27,1
OU-II,adaptive,periodic,wave_data_jonswap_H1.500_L50.710_A-30.00_P120.00.csv,900.0,180000,0.0959054381,0.0604257211,0.0956109017,0.148292169,6.39369583,4.02838135,6.37405968,11.1894197,0.390963972,24.4551697,0.127471402,0.236956924,3.87028313,-165.624573,163.479813,0.438333333,92.2911148,7.2705555,-15.2563171,-30.0,14.7436829,22.601593,15.7820702,0.218333334,92.511116,7.2705555,92.511116,0.0432453603,0.000144039368,2.50580454,0.375940293,2.36055017,4.98793602,0.232279181,3.84065056,0.257714212,14.7436829,165.624573,11,hard-iron-off,JONSWAP,1.5,1
OU-II,adaptive,periodic,wave_data_jonswap_H4.000_L112.766_A30.00_P30.00.csv,900.0,180000,0.310979128,0.205533206,0.252625346,0.450301558,7.77447796,5.13832998,6.31563377,10.9159737,1.04307246,24.2193489,0.206019461,0.207315311,3.79703569,172.651398,168.530746,0.0905555561,95.3688889,4.54055548,22.2897034,30.0,-7.71029663,15.3004932,13.002512,95.3688889,0.0905555561,4.54055548,95.3688889,0.0470320806,0.000149073487,3.93495536,0.79322958,12.2822666,7.8256917,0.200000003,5.0,0.859903038,7.71029663,172.651398,11,hard-iron-off,JONSWAP,4.0,1
OU-II,adaptive,periodic,wave_data_jonswap_H8.500_L202.839_A-30.00_P72.00.csv,900.0,180000,0.741526008,0.488181233,0.519068301,1.0284034,8.72383499,5.74330854,6.10668564,13.5389996,2.15460348,24.0911293,0.194921717,0.31831184,3.93019032,-170.202164,163.766708,0.820555568,91.8316727,7.34777784,-20.028595,-30.0,9.97140503,21.0427265,18.2478466,91.8316727,0.820555568,7.34777784,91.8316727,0.0537779741,0.000153553716,4.49665833,1.04436076,21.116909,9.12797356,0.200000003,5.0,1.49896431,9.97140503,170.202164,11,hard-iron-off,JONSWAP,8.5,1
OU-II,adaptive,periodic,wave_data_pmstokes_H0.270_L14.047_A30.00_P60.00.csv,900.0,180000,0.00806986168,0.00592505326,0.0217815042,0.0239721257,2.98883748,2.19446421,8.06722355,12.3896809,0.0499124601,43.6394119,0.109259672,0.229482621,3.00745153,176.613892,157.264313,4.14777803,25.1611118,70.6911163,17.3090515,30.0,-12.6909485,20.6389656,16.8363533,25.1611118,4.14777803,70.6911163,25.1611118,0.0448320843,0.000136591334,1.45013285,0.0500000007,0.105144262,2.88772058,0.224173233,3.2565515,0.0309081208,12.6909485,176.613892,11,hard-iron-off,PM-Stokes,0.27,1
OU-II,adaptive,periodic,wave_data_pmstokes_H1.500_L50.710_A-30.00_P120.00.csv,900.0,180000,0.0920650661,0.0590420142,0.0934790894,0.143875912,6.13767099,3.9361341,6.23193884,10.7537031,0.385561794,24.2449055,0.126644537,0.226862296,3.85078216,-165.861328,163.546158,0.0583333336,93.1383362,6.80333328,-15.0739288,-30.0,14.9260712,22.3113785,15.8507919,0.0583333336,93.1383362,6.80333328,93.1383362,0.0416489206,0.00014395827,2.32569027,0.416080326,2.25050998,4.63510561,0.282510668,3.22539258,0.298228323,14.9260712,165.861328,11,hard-iron-off,PM-Stokes,1.5,1
OU-II,adaptive,periodic,wave_data_pmstokes_H4.000_L112.766_A30.00_P30.00.csv,900.0,180000,0.298085481,0.20027408,0.248260558,0.436575264,7.45213699,5.00685215,6.20651388,10.790534,1.04037023,23.8627129,0.235987201,0.194204688,3.77883291,170.555115,167.623795,0.176666677,95.3794479,4.44388914,20.2218628,30.0,-9.77813721,15.9465961,12.5183735,0.176666677,95.3794479,4.44388914,95.3794479,0.0497210249,0.00014982892,3.67253065,0.857862711,11.5704069,7.31703568,0.200000003,5.0,1.00055528,9.77813721,170.555115,11,hard-iron-off,PM-Stokes,4.0,1
OU-II,adaptive,periodic,wave_data_pmstokes_H8.500_L202.839_A-30.00_P72.00.csv,900.0,180000,0.714452624,0.468900412,0.513182282,0.996828079,8.40532494,5.5164752,6.03743839,13.2311535,2.16781425,23.6727982,0.263161629,0.317843199,3.9162209,-168.071548,163.15657,1.58722222,90.5211105,7.89166689,-17.8208313,-30.0,12.1791687,22.7390137,18.3165703,90.5233383,1.58500004,7.89166689,90.5233383,0.0605530441,0.000153699977,4.32223701,1.24732959,23.3022766,8.78030491,0.200000003,5.0,2.10969687,12.1791687,168.071548,11,hard-iron-off,PM-Stokes,8.5,1
OU-II,adaptive,periodic,wave_data_jonswap_H0.270_L14.047_A30.00_P60.00.csv,900.0,180000,0.00829793047,0.00621413579,0.0217835661,0.0241245702,3.07330751,2.30153179,8.06798744,12.0571184,0.0534430593,40.7603302,0.89325738,0.526530504,3.44026828,176.849686,166.881363,1.52444446,31.7766666,66.6988907,19.8730774,30.0,-10.1269226,18.6230965,15.8966265,31.7766666,1.52444446,66.6988907,31.7766666,0.177491888,0.000157448274,1.47091305,0.0500000007,0.108179264,2.93750596,0.247729704,3.03149557,0.0300200861,10.1269226,176.849686,23,deployed,JONSWAP,0.27,1
OU-II,adaptive,periodic,wave_data_jonswap_H1.500_L50.710_A-30.00_P120.00.csv,900.0,180000,0.097334899,0.0617551878,0.0977350622,0.151128843,6.48899317,4.1170125,6.51567078,11.4034624,0.390963972,24.9984837,0.77517128,0.0780035928,2.56662965,-168.04982,164.992706,0.323333353,92.9516678,6.72500038,-17.7224731,-30.0,12.2775269,21.2608624,16.056963,0.292222232,92.9827805,6.72500038,92.9827805,0.130841538,0.000150138687,2.50321364,0.375681072,2.35404706,4.98305273,0.267523974,3.36190677,0.258111566,12.2775269,168.04982,23,deployed,JONSWAP,1.5,1
OU-II,adaptive,periodic,wave_data_jonswap_H4.000_L112.766_A30.00_P30.00.csv,900.0,180000,0.306875169,0.200295731,0.246527568,0.441663444,7.67187929,5.00739336,6.16318941,10.7065725,1.04307246,23.6347504,0.691666186,0.11327216,1.00335824,171.093292,167.601517,0.188888893,94.9483337,4.86277771,20.8324127,30.0,-9.16758728,16.1335239,13.0671425,94.9483337,0.188888893,4.86277771,94.9483337,0.117733993,0.000161022195,3.93898439,0.792844892,12.3014631,7.83556414,0.200000003,5.0,0.861908197,9.16758728,171.093292,23,deployed,JONSWAP,4.0,1
OU-II,adaptive,periodic,wave_data_jonswap_H8.500_L202.839_A-30.00_P72.00.csv,900.0,180000,0.764005303,0.498243421,0.530103147,1.05496919,8.98829746,5.86168718,6.23650742,13.8887396,2.15460348,24.603281,1.06251514,0.142662212,2.44412041,-172.03952,164.137848,1.0916667,91.4905548,7.41777802,-21.6666565,-30.0,8.33334351,20.9625263,18.7056541,91.4905548,1.0916667,7.41777802,91.4905548,0.176625565,0.000159116593,4.49458981,1.0452956,21.1163692,9.12282467,0.200000003,5.0,1.4993006,8.33334351,172.03952,23,deployed,JONSWAP,8.5,1
OU-II,adaptive,periodic,wave_data_pmstokes_H0.270_L14.047_A30.00_P60.00.csv,900.0,180000,0.0080736978,0.00589220366,0.0214299858,0.0236462876,2.99025846,2.18229771,7.93703175,12.2212763,0.0499124601,42.9351463,0.903873801,0.564394951,3.65211153,178.118896,165.312698,2.26055551,31.3472233,66.3922272,21.3865967,30.0,-8.61340332,17.6881142,15.6242332,31.3472233,2.26055551,66.3922272,31.3472233,0.182423726,0.000157791495,1.45043743,0.103472807,0.217682853,2.88825297,0.352986932,2.83132195,0.0304298662,8.61340332,178.118896,23,deployed,PM-Stokes,0.27,1
OU-II,adaptive,periodic,wave_data_pmstokes_H1.500_L50.710_A-30.00_P120.00.csv,900.0,180000,0.0931309983,0.0604501925,0.0955735296,0.146498829,6.20873308,4.03001261,6.3715682,10.949748,0.385561794,24.7881222,0.778913617,0.0784120634,2.60640287,-168.34137,164.61171,0.335555553,93.7244492,5.94000006,-17.5280457,-30.0,12.4719543,21.461153,16.6881104,0.335555553,93.7244492,5.94000006,93.7244492,0.131471977,0.000149704007,2.32251716,0.417996764,2.25471044,4.6295414,0.283676863,3.10174775,0.299089879,12.4719543,168.34137,23,deployed,PM-Stokes,1.5,1
OU-II,adaptive,periodic,wave_data_pmstokes_H4.000_L112.766_A30.00_P30.00.csv,900.0,180000,0.294882536,0.1955093,0.242200971,0.428766727,7.37206364,4.88773251,6.05502415,10.5975351,1.04037023,23.2802677,0.664445937,0.118644938,0.825876296,169.060684,166.48172,0.204999998,95.8405609,3.95444465,18.7133484,30.0,-11.2866516,17.003458,12.6549788,0.204999998,95.8405609,3.95444465,95.8405609,0.113647945,0.000164605139,3.67761612,0.857694387,11.6001968,7.3289361,0.200000003,5.0,1.00051332,11.2866516,169.060684,23,deployed,PM-Stokes,4.0,1
OU-II,adaptive,periodic,wave_data_pmstokes_H8.500_L202.839_A-30.00_P72.00.csv,900.0,180000,0.736173868,0.483987272,0.524287343,1.02521849,8.66086864,5.69396782,6.16808605,13.6079865,2.16781425,24.1850681,1.1533848,0.145025328,2.59421492,-170.371689,164.323776,1.14888895,90.6083374,8.24277782,-19.7413483,-30.0,10.2586517,22.0919228,18.6291389,90.6083374,1.14888895,8.24277782,90.6083374,0.191531569,0.000159208124,4.31994772,1.24819291,23.2937107,8.77471256,0.200000003,5.0,2.11095595,10.2586517,170.371689,23,deployed,PM-Stokes,8.5,1
OU-II,adaptive,periodic,wave_data_jonswap_H0.270_L14.047_A30.00_P60.00.csv,900.0,180000,0.0083130002,0.0062260977,0.0217823703,0.0241317619,3.07888889,2.30596209,8.06754398,12.0607138,0.0534430593,40.7580872,0.896285176,0.529269516,3.85967159,177.072205,167.03714,1.53611112,31.7805557,66.6833344,20.0498657,30.0,-9.95013428,18.535183,15.8911095,31.7805557,1.53611112,66.6833344,31.7805557,0.178180486,0.000141554963,1.47091305,0.0500000007,0.108179264,2.93750596,0.247729704,3.03149557,0.0300200861,9.95013428,177.072205,23,hard-iron-off,JONSWAP,0.27,1
OU-II,adaptive,periodic,wave_data_jonswap_H1.500_L50.710_A-30.00_P120.00.csv,900.0,180000,0.0971094668,0.0618640743,0.0977168977,0.151016563,6.47396421,4.12427139,6.51445961,11.39499,0.390963972,24.9938354,0.770116925,0.0783237964,2.63998818,-168.088028,164.955963,0.387777776,92.7783356,6.83388901,-17.6877747,-30.0,12.3122253,21.2495556,16.0332375,0.360555559,92.8055573,6.83388901,92.8055573,0.129990488,0.000150719367,2.50321364,0.375681072,2.35404706,4.98305273,0.267523974,3.36190677,0.258111566,12.3122253,168.088028,23,hard-iron-off,JONSWAP,1.5,1
OU-II,adaptive,periodic,wave_data_jonswap_H4.000_L112.766_A30.00_P30.00.csv,900.0,180000,0.308330268,0.19946745,0.246567577,0.442323864,7.70825672,4.98668623,6.16418934,10.7225828,1.04307246,23.638586,0.691176593,0.112589367,2.66574836,171.088531,167.599121,0.191666678,94.9405594,4.86777782,20.822937,30.0,-9.17706299,16.1362305,13.0643997,94.9405594,0.191666678,4.86777782,94.9405594,0.117515326,0.000155022717,3.93898439,0.792844892,12.3014631,7.83556414,0.200000003,5.0,0.861908197,9.17706299,171.088531,23,hard-iron-off,JONSWAP,4.0,1
OU-II,adaptive,periodic,wave_data_jonswap_H8.500_L202.839_A-30.00_P72.00.csv,900.0,180000,0.752754807,0.497210413,0.530037224,1.04632568,8.85593891,5.84953403,6.23573208,13.7749481,2.15460348,24.6002216,1.05531478,0.141731635,2.65455937,-172.020081,164.185303,1.02555561,91.547226,7.42722225,-21.6167603,-30.0,8.38323975,20.9485893,18.6780987,91.547226,1.02555561,7.42722225,91.547226,0.175413445,0.000160223935,4.49458981,1.0452956,21.1163692,9.12282467,0.200000003,5.0,1.4993006,8.38323975,172.020081,23,hard-iron-off,JONSWAP,8.5,1
OU-II,adaptive,periodic,wave_data_pmstokes_H0.270_L14.047_A30.00_P60.00.csv,900.0,180000,0.00806321576,0.0059007653,0.0214297567,0.0236446392,2.98637605,2.18546867,7.93694687,12.2204237,0.0499124601,42.9346809,0.905702055,0.563767254,3.95916963,178.25267,165.637344,2.19500017,31.3922234,66.4127808,21.5241699,30.0,-8.47583008,17.6266594,15.6193018,31.3922234,2.19500017,66.4127808,31.3922234,0.182631046,0.000141420227,1.45043743,0.103472807,0.217682853,2.88825297,0.352986932,2.83132195,0.0304298662,8.47583008,178.25267,23,hard-iron-off,PM-Stokes,0.27,1
OU-II,adaptive,periodic,wave_data_pmstokes_H1.500_L50.710_A-30.00_P120.00.csv,900.0,180000,0.0929827169,0.0605376363,0.0955552608,0.146428823,6.19884777,4.03584242,6.37035036,10.9445152,0.385561794,24.7833843,0.773978889,0.0788203403,2.66137028,-168.320938,164.621613,0.322777778,93.7522278,5.92500019,-17.4856262,-30.0,12.5143738,21.4747829,16.6755581,0.322777778,93.7522278,5.92500019,93.7522278,0.130634844,0.000150643478,2.32251716,0.417996764,2.25471044,4.6295414,0.283676863,3.10174775,0.299089879,12.5143738,168.320938,23,hard-iron-off,PM-Stokes,1.5,1
OU-II,adaptive,periodic,wave_data_pmstokes_H4.000_L112.766_A30.00_P30.00.csv,900.0,180000,0.295925051,0.194595352,0.242229685,0.429085314,7.39812613,4.8648839,6.05574226,10.6054096,1.04037023,23.2830276,0.666935086,0.117451131,2.63674688,169.071426,166.49118,0.206111118,95.8122253,3.9816668,18.7150726,30.0,-11.2849274,17.0015774,12.6545897,0.206111118,95.8122253,3.9816668,95.8122253,0.113894939,0.000155823291,3.67761612,0.857694387,11.6001968,7.3289361,0.200000003,5.0,1.00051332,11.2849274,169.071426,23,hard-iron-off,PM-Stokes,4.0,1
OU-II,adaptive,periodic,wave_data_pmstokes_H8.500_L202.839_A-30.00_P72.00.csv,900.0,180000,0.727298081,0.482542485,0.524211287,1.01813912,8.55644798,5.67697048,6.16719151,13.51402,2.16781425,24.1815586,1.14683211,0.143827841,2.71114445,-169.920181,164.10997,1.52777779,90.0738907,8.39833355,-19.7024231,-30.0,10.2975769,22.0787163,18.5980301,90.0738907,1.52777779,8.39833355,90.0738907,0.190416187,0.000160656098,4.31994772,1.24819291,23.2937107,8.77471256,0.200000003,5.0,2.11095595,10.2975769,169.920181,23,hard-iron-off,PM-Stokes,8.5,1
OU-II,adaptive,periodic,wave_data_jonswap_H0.270_L14.047_A30.00_P60.00.csv,900.0,180000,0.00826447364,0.0062111374,0.0217529312,0.0240846388,3.06091619,2.30042124,8.05664062,12.0371618,0.0534430593,40.7030067,0.557098567,0.252274513,0.816913307,174.965607,165.727539,1.87166667,31.6811123,66.4472275,18.229248,30.0,-11.770752,18.9511261,15.1341324,31.6811123,1.87166667,66.4472275,31.6811123,0.104579136,0.000139108,1.47070026,0.0500000007,0.108147971,2.93702102,0.250682741,3.00458217,0.0302377306,11.770752,174.965607,202,deployed,JONSWAP,0.27,1
OU-II,adaptive,periodic,wave_data_jonswap_H1.500_L50.710_A-30.00_P120.00.csv,900.0,180000,0.0974268466,0.0609302893,0.098075673,0.151073918,6.49512291,4.06201935,6.53837776,11.3993177,0.390963972,25.0856037,0.459190905,0.295727104,0.915229321,-167.150604,164.455383,0.401666671,92.7394485,6.8588891,-16.7658234,-30.0,13.2341766,21.713686,15.8923044,0.270555556,92.8705597,6.8588891,92.8705597,0.0897536203,0.000151232176,2.50340533,0.359511107,2.25306988,4.98338604,0.259660006,3.39258146,0.25778529,13.2341766,167.150604,202,deployed,JONSWAP,1.5,1
OU-II,adaptive,periodic,wave_data_jonswap_H4.000_L112.766_A30.00_P30.00.csv,900.0,180000,0.3071661,0.201886386,0.250956982,0.445071369,7.67915249,5.04715967,6.27392435,10.7891865,1.04307246,24.0594006,0.364811718,0.238589495,0.742170095,171.612,167.997849,0.127222225,95.2211151,4.65166664,21.3124084,30.0,-8.68759155,15.7934284,12.9722567,0.127222225,95.2211151,4.65166664,95.2211151,0.0690824986,0.000151814893,3.93698668,0.791722596,12.2715921,7.83072567,0.200000003,5.0,0.85942322,8.68759155,171.612,202,deployed,JONSWAP,4.0,0
OU-II,adaptive,periodic,wave_data_jonswap_H8.500_L202.839_A-30.00_P72.00.csv,900.0,180000,0.773820817,0.499294758,0.531420648,1.06325066,9.10377407,5.87405586,6.25200748,13.9977665,2.15460348,24.6644287,0.734778821,0.389853805,0.926582456,-171.251785,164.140228,0.957222223,91.5388947,7.50388908,-20.9559021,-30.0,9.0440979,20.6820259,18.269577,91.5388947,0.957222223,7.50388908,91.5388947,0.13400577,0.000162134209,4.49492311,1.04425216,21.0984192,9.12380505,0.200000003,5.0,1.4959681,9.0440979,171.251785,202,deployed,JONSWAP,8.5,1
OU-II,adaptive,periodic,wave_data_pmstokes_H0.270_L14.047_A30.00_P60.00.csv,900.0,180000,0.00805881619,0.0058771628,0.021489745,0.0236916579,2.98474669,2.17672682,7.95916462,12.2447252,0.0499124601,43.0548706,0.556506872,0.26344648,0.647538304,175.639557,163.411438,2.85333347,30.5538902,66.5927811,18.5776367,30.0,-11.4223633,18.6055222,14.9245548,30.5538902,2.85333347,66.5927811,30.5538902,0.105326176,0.000140984441,1.45007956,0.10670387,0.224369496,2.88755631,0.355804861,2.79640532,0.0306518748,11.4223633,175.639557,202,deployed,PM-Stokes,0.27,1
OU-II,adaptive,periodic,wave_data_pmstokes_H1.500_L50.710_A-30.00_P120.00.csv,900.0,180000,0.0932891443,0.0597192943,0.0958738923,0.146495953,6.21927595,3.98128605,6.3915925,10.9495325,0.385561794,24.866024,0.462543219,0.285976142,0.9692173,-167.247116,164.279312,0.125,93.8261108,6.04888916,-16.5237122,-30.0,13.4762878,21.6801586,16.2472744,0.125,93.8261108,6.04888916,93.8261108,0.0893534422,0.000150654043,2.32284188,0.417800665,2.25428295,4.63003492,0.283877939,3.08269167,0.29874146,13.4762878,167.247116,202,deployed,PM-Stokes,1.5,1
OU-II,adaptive,periodic,wave_data_pmstokes_H4.000_L112.766_A30.00_P30.00.csv,900.0,180000,0.294363528,0.196991324,0.246856749,0.4317334,7.35908842,4.92478323,6.17141867,10.6708603,1.04037023,23.7277794,0.329328835,0.226793885,0.904393256,169.592957,166.941818,0.192777783,95.6666718,4.14055586,19.238205,30.0,-10.761795,16.6123009,12.5767727,0.192777783,95.6666718,4.14055586,95.6666718,0.062814571,0.000153154819,3.67504263,0.856824934,11.5722246,7.32302809,0.200000003,5.0,0.998832405,10.761795,169.592957,202,deployed,PM-Stokes,4.0,0
OU-II,adaptive,periodic,wave_data_pmstokes_H8.500_L202.839_A-30.00_P72.00.csv,900.0,180000,0.745070875,0.48377049,0.525754511,1.03227043,8.76553917,5.69141722,6.18534708,13.7015886,2.16781425,24.2527466,0.821648777,0.390508711,1.10177457,-169.171204,163.838593,1.53388894,90.42556,8.04055595,-18.9421997,-30.0,11.0578003,22.2273293,18.3537865,90.4311142,1.52833343,8.04055595,90.4311142,0.147324443,0.00016399275,4.32027483,1.24675786,23.2704544,8.77564812,0.200000003,5.0,2.10610223,11.0578003,169.171204,202,deployed,PM-Stokes,8.5,1
OU-II,adaptive,periodic,wave_data_jonswap_H0.270_L14.047_A30.00_P60.00.csv,900.0,180000,0.00825960469,0.00620643608,0.0217552613,0.0240838602,3.05911279,2.29868007,8.0575037,12.0367718,0.0534430593,40.7073669,0.552882314,0.245419025,0.495875359,174.550278,165.137497,2.00666666,31.8444443,66.1488876,17.9477844,30.0,-12.0522156,19.1360512,15.1719913,31.8444443,2.00666666,66.1488876,31.8444443,0.103443764,0.000141661556,1.47070026,0.0500000007,0.108147971,2.93702102,0.250682741,3.00458217,0.0302377306,12.0522156,174.550278,202,hard-iron-off,JONSWAP,0.27,1
OU-II,adaptive,periodic,wave_data_jonswap_H1.500_L50.710_A-30.00_P120.00.csv,900.0,180000,0.0959555432,0.0601126701,0.0980100632,0.149756372,6.39703608,4.00751114,6.53400373,11.299902,0.390963972,25.0688229,0.452645034,0.284633636,0.994454205,-167.262985,164.451401,0.410555571,92.7044449,6.88500023,-16.730896,-30.0,13.269104,21.6671429,15.8398142,0.323333353,92.7916718,6.88500023,92.7916718,0.0877614245,0.000151158485,2.50340533,0.359511107,2.25306988,4.98338604,0.259660006,3.39258146,0.25778529,13.269104,167.262985,202,hard-iron-off,JONSWAP,1.5,1
OU-II,adaptive,periodic,wave_data_jonswap_H4.000_L112.766_A30.00_P30.00.csv,900.0,180000,0.306534767,0.201589718,0.251003891,0.444527775,7.66336918,5.03974295,6.27509737,10.7760086,1.04307246,24.0638981,0.356850982,0.238715604,0.937298775,171.600143,168.021179,0.108333334,95.2677765,4.62388897,21.3019409,30.0,-8.69805908,15.780467,12.947731,0.108333334,95.2677765,4.62388897,95.2677765,0.0678952709,0.000155659203,3.93698668,0.791722596,12.2715921,7.83072567,0.200000003,5.0,0.85942322,8.69805908,171.600143,202,hard-iron-off,JONSWAP,4.0,0
OU-II,adaptive,periodic,wave_data_jonswap_H8.500_L202.839_A-30.00_P72.00.csv,900.0,180000,0.742838144,0.48754409,0.531045496,1.03514111,8.73927212,5.73581266,6.24759388,13.6277027,2.15460348,24.6470165,0.721174359,0.368191779,0.96772337,-171.194504,164.125961,0.951111138,91.7316666,7.3172226,-20.8646698,-30.0,9.1353302,20.7233696,18.2679291,91.7316666,0.951111138,7.3172226,91.7316666,0.130242556,0.000161058109,4.49492311,1.04425216,21.0984192,9.12380505,0.200000003,5.0,1.4959681,9.1353302,171.194504,202,hard-iron-off,JONSWAP,8.5,1
OU-II,adaptive,periodic,wave_data_pmstokes_H0.270_L14.047_A30.00_P60.00.csv,900.0,180000,0.00807203539,0.00587383471,0.0214905553,0.0236960687,2.98964262,2.17549419,7.95946455,12.2470055,0.0499124601,43.0564919,0.554887891,0.260986328,0.515159845,175.498322,163.106445,2.93666673,30.6788902,66.3844452,18.4788513,30.0,-11.5211487,18.6756973,14.9465427,30.6788902,2.93666673,66.3844452,30.6788902,0.104898214,0.000141641998,1.45007956,0.10670387,0.224369496,2.88755631,0.355804861,2.79640532,0.0306518748,11.5211487,175.498322,202,hard-iron-off,PM-Stokes,0.27,1
OU-II,adaptive,periodic,wave_data_pmstokes_H1.500_L50.710_A-30.00_P120.00.csv,900.0,180000,0.092047736,0.0589150675,0.0958046019,0.145335108,6.13651562,3.92767096,6.38697338,10.8627682,0.385561794,24.8480549,0.455955893,0.273481518,0.957599998,-167.234009,164.329895,0.0877777785,93.8944473,6.01777792,-16.5546112,-30.0,13.4453888,21.5018482,16.0918045,0.0877777785,93.8944473,6.01777792,93.8944473,0.0872547105,0.000151050001,2.32284188,0.417800665,2.25428295,4.63003492,0.283877939,3.08269167,0.29874146,13.4453888,167.234009,202,hard-iron-off,PM-Stokes,1.5,1
OU-II,adaptive,periodic,wave_data_pmstokes_H4.000_L112.766_A30.00_P30.00.csv,900.0,180000,0.293680668,0.196647793,0.246900663,0.431136459,7.3420167,4.91619492,6.17251635,10.6561069,1.04037023,23.7319984,0.322732985,0.227323949,0.933408976,169.567749,166.939133,0.175555557,95.7649994,4.05944443,19.2249451,30.0,-10.7750549,16.6210823,12.5752249,0.175555557,95.7649994,4.05944443,95.7649994,0.0618747137,0.000156391878,3.67504263,0.856824934,11.5722246,7.32302809,0.200000003,5.0,0.998832405,10.7750549,169.567749,202,hard-iron-off,PM-Stokes,4.0,0
OU-II,adaptive,periodic,wave_data_pmstokes_H8.500_L202.839_A-30.00_P72.00.csv,900.0,180000,0.7184003,0.469983846,0.525261223,1.00642097,8.45176792,5.52922153,6.1795435,13.3584824,2.16781425,24.2299919,0.804828584,0.364188015,0.887315452,-169.070648,163.805374,1.54833341,90.5200043,7.93166685,-18.8552094,-30.0,11.1447906,22.2502155,18.3271561,90.5250015,1.54333341,7.93166685,90.5250015,0.142827943,0.000161498654,4.32027483,1.24675786,23.2704544,8.77564812,0.200000003,5.0,2.10610223,11.1447906,169.070648,202,hard-iron-off,PM-Stokes,8.5,1
OU-II,adaptive,periodic,wave_data_jonswap_H0.270_L14.047_A30.00_P60.00.csv,900.0,180000,0.0084028421,0.00623361394,0.0217517652,0.024137212,3.11216378,2.30874586,8.05620956,12.0634365,0.0534430593,40.7008247,0.324258834,0.483912587,3.66941118,174.416718,164.947113,1.95000005,30.1894455,67.8605576,17.0852203,30.0,-12.9147797,19.8076401,15.4070673,1.95000005,30.1894455,67.8605576,30.1894455,0.100349471,0.00013180403,1.47106659,0.0500000007,0.108201846,2.93776059,0.250189215,3.0096314,0.0302871838,12.9147797,174.416718,3033,deployed,JONSWAP,0.27,1
OU-II,adaptive,periodic,wave_data_jonswap_H1.500_L50.710_A-30.00_P120.00.csv,900.0,180000,0.0981496796,0.0599425323,0.0961777642,0.149922088,6.5433116,3.99616861,6.41185093,11.3124056,0.390963972,24.6001625,0.25736165,0.0809576064,3.40170646,-166.78215,164.128052,0.390555561,93.1800003,6.42944479,-16.4486542,-30.0,13.5513458,22.0936565,16.1068783,0.187222227,93.3833389,6.42944479,93.3833389,0.0434788465,0.000149120897,2.50547743,0.359165877,2.25463414,4.98728943,0.256934643,3.41015148,0.258006364,13.5513458,166.78215,3033,deployed,JONSWAP,1.5,1
OU-II,adaptive,periodic,wave_data_jonswap_H4.000_L112.766_A30.00_P30.00.csv,900.0,180000,0.318669349,0.203573838,0.25009802,0.453366846,7.96673393,5.08934593,6.25245047,10.9902811,1.04307246,23.9770508,0.177018911,0.113184474,2.19859505,172.236893,168.199554,0.167777777,95.0550003,4.77722216,21.9277039,30.0,-8.07229614,15.5937042,13.1274691,95.0550003,0.167777777,4.77722216,95.0550003,0.0333658792,0.000153102039,3.93682456,0.792946756,12.2895546,7.83013916,0.200000003,5.0,0.861991704,8.07229614,172.236893,3033,deployed,JONSWAP,4.0,1
OU-II,adaptive,periodic,wave_data_jonswap_H8.500_L202.839_A-30.00_P72.00.csv,900.0,180000,0.786274493,0.489784986,0.52580744,1.06517148,9.25028801,5.76217604,6.18596983,14.0230541,2.15460348,24.4039078,0.516870558,0.119335845,3.38258243,-171.046722,163.874237,0.968333364,91.8766708,7.15500021,-20.6263733,-30.0,9.37362671,21.1398182,18.5395584,91.8766708,0.968333364,7.15500021,91.8766708,0.0831668228,0.000161087693,4.49593735,1.04610193,21.1453323,9.12619209,0.200000003,5.0,1.50156879,9.37362671,171.046722,3033,deployed,JONSWAP,8.5,1
OU-II,adaptive,periodic,wave_data_pmstokes_H0.270_L14.047_A30.00_P60.00.csv,900.0,180000,0.00814556051,0.00592003949,0.0214453172,0.0236917417,3.01687407,2.19260716,7.94270992,12.2447691,0.0499124601,42.9658585,0.321101725,0.499499053,3.86410594,175.310059,160.931107,3.57444453,28.9055557,67.5200043,17.2203064,30.0,-12.7796936,19.618948,15.2371874,28.9055557,3.57444453,67.5200043,28.9055557,0.102309816,0.000132837566,1.45050919,0.106582344,0.224246785,2.88843942,0.355107993,2.80193377,0.0306909904,12.7796936,175.310059,3033,deployed,PM-Stokes,0.27,1
OU-II,adaptive,periodic,wave_data_pmstokes_H1.500_L50.710_A-30.00_P120.00.csv,900.0,180000,0.0941640586,0.0586997196,0.0939665437,0.145403713,6.27760363,3.91331458,6.26443577,10.8678951,0.385561794,24.3713303,0.258880138,0.0851101577,3.22799253,-166.901855,164.005646,0.0799999982,93.8705597,6.04944468,-16.2143402,-30.0,13.7856598,21.8679581,16.2805767,0.0799999982,93.8705597,6.04944468,93.8705597,0.0440489314,0.00014926205,2.32523012,0.41761145,2.25789785,4.63424635,0.283396453,3.08925676,0.298583239,13.7856598,166.901855,3033,deployed,PM-Stokes,1.5,1
OU-II,adaptive,periodic,wave_data_pmstokes_H4.000_L112.766_A30.00_P30.00.csv,900.0,180000,0.304352283,0.198490426,0.245920718,0.438754797,7.60880709,4.96226072,6.14801788,10.8444042,1.04037023,23.6378078,0.147728741,0.118931927,2.36064339,170.178406,167.278,0.203888893,95.6122208,4.18388891,19.8065643,30.0,-10.1934357,16.3444481,12.6970263,0.203888893,95.6122208,4.18388891,95.6122208,0.0306466557,0.000150511638,3.67492747,0.858087301,11.5885477,7.32246828,0.200000003,5.0,1.00181174,10.1934357,170.178406,3033,deployed,PM-Stokes,4.0,1
OU-II,adaptive,periodic,wave_data_pmstokes_H8.500_L202.839_A-30.00_P72.00.csv,900.0,180000,0.755277157,0.4712542,0.518538356,1.03024566,8.88561344,5.54416704,6.10045099,13.6747131,2.16781425,23.9198704,0.597003818,0.117024817,3.20389748,-169.126251,163.626633,1.3594445,91.1544495,7.48611116,-18.6017761,-30.0,11.3982239,22.5040264,18.4848251,91.1544495,1.3594445,7.48611116,91.1544495,0.0963229612,0.000163341465,4.32139349,1.24880135,23.3206692,8.77831364,0.200000003,5.0,2.11363816,11.3982239,169.126251,3033,deployed,PM-Stokes,8.5,1
OU-II,adaptive,periodic,wave_data_jonswap_H0.270_L14.047_A30.00_P60.00.csv,900.0,180000,0.00836604368,0.00623324746,0.0217565969,0.0241286866,3.09853458,2.3086102,8.05799866,12.0591764,0.0534430593,40.7098618,0.316822112,0.471004844,4.44826508,174.146698,163.784485,2.23777795,29.8050003,67.957222,16.5801392,30.0,-13.4198608,20.1506996,15.4753017,2.23777795,29.8050003,67.957222,29.8050003,0.0978298858,0.000138491218,1.47106659,0.0500000007,0.108201846,2.93776059,0.250189215,3.0096314,0.0302871838,13.4198608,174.146698,3033,hard-iron-off,JONSWAP,0.27,1
OU-II,adaptive,periodic,wave_data_jonswap_H1.500_L50.710_A-30.00_P120.00.csv,900.0,180000,0.0965991244,0.0600893162,0.0961163193,0.148931071,6.43994141,4.00595427,6.40775442,11.2376289,0.390963972,24.584446,0.254991591,0.0865724906,5.33126688,-166.977554,164.293335,0.207777783,92.9822235,6.80999994,-16.4370575,-30.0,13.5629425,22.049612,16.0670452,0.198888898,92.9911118,6.80999994,92.9911118,0.043651443,0.000146279461,2.50547743,0.359165877,2.25463414,4.98728943,0.256934643,3.41015148,0.258006364,13.5629425,166.977554,3033,hard-iron-off,JONSWAP,1.5,1
OU-II,adaptive,periodic,wave_data_jonswap_H4.000_L112.766_A30.00_P30.00.csv,900.0,180000,0.315486073,0.211963266,0.250104696,0.454985976,7.88715172,5.2990818,6.25261736,11.0295305,1.04307246,23.9776917,0.167340383,0.114712127,5.26142216,172.214386,168.21962,0.155555561,95.2877808,4.55666685,21.9098053,30.0,-8.0901947,15.5819349,13.1010818,95.2877808,0.155555561,4.55666685,95.2877808,0.0326318666,0.000151328743,3.93682456,0.792946756,12.2895546,7.83013916,0.200000003,5.0,0.861991704,8.0901947,172.214386,3033,hard-iron-off,JONSWAP,4.0,1
OU-II,adaptive,periodic,wave_data_jonswap_H8.500_L202.839_A-30.00_P72.00.csv,900.0,180000,0.752641737,0.484649479,0.525408745,1.03798318,8.85460854,5.70175838,6.18127918,13.6651182,2.15460348,24.3854027,0.505337656,0.109382421,5.33327007,-170.792572,163.870895,0.848333359,92.1544495,6.99722242,-20.523468,-30.0,9.47653198,21.2001171,18.5508785,92.1544495,0.848333359,6.99722242,92.1544495,0.0813529342,0.000156113805,4.49593735,1.04610193,21.1453323,9.12619209,0.200000003,5.0,1.50156879,9.47653198,170.792572,3033,hard-iron-off,JONSWAP,8.5,1
OU-II,adaptive,periodic,wave_data_pmstokes_H0.270_L14.047_A30.00_P60.00.csv,900.0,180000,0.00818654336,0.00591831096,0.0214460529,0.0237060972,3.03205299,2.19196701,7.9429822,12.2521877,0.0499124601,42.9673347,0.317791462,0.499455929,4.37382746,175.060272,160.257034,3.70777798,28.7350006,67.5572205,16.9647064,30.0,-13.0352936,19.7676067,15.2389174,28.7350006,3.70777798,67.5572205,28.7350006,0.102003627,0.000138525284,1.45050919,0.106582344,0.224246785,2.88843942,0.355107993,2.80193377,0.0306909904,13.0352936,175.060272,3033,hard-iron-off,PM-Stokes,0.27,1
OU-II,adaptive,periodic,wave_data_pmstokes_H1.500_L50.710_A-30.00_P120.00.csv,900.0,180000,0.0927594602,0.0587530807,0.0938997269,0.144476295,6.18396378,3.91687179,6.25998163,10.7985773,0.385561794,24.354002,0.256572038,0.0933095887,5.29946804,-166.892365,164.030121,0.0616666675,93.9211121,6.0172224,-16.2186584,-30.0,13.7813416,21.796669,16.2125263,0.0616666675,93.9211121,6.0172224,93.9211121,0.044435408,0.000146147868,2.32523012,0.41761145,2.25789785,4.63424635,0.283396453,3.08925676,0.298583239,13.7813416,166.892365,3033,hard-iron-off,PM-Stokes,1.5,1
OU-II,adaptive,periodic,wave_data_pmstokes_H4.000_L112.766_A30.00_P30.00.csv,900.0,180000,0.301876515,0.206375331,0.245952204,0.440695703,7.54691267,5.1593833,6.14880514,10.892375,1.04037023,23.6408348,0.137411952,0.119847022,5.24439955,170.142227,167.276123,0.193333343,95.6083374,4.19833326,19.772171,30.0,-10.227829,16.373558,12.7027521,0.193333343,95.6083374,4.19833326,95.6083374,0.0299094841,0.000152087421,3.67492747,0.858087301,11.5885477,7.32246828,0.200000003,5.0,1.00181174,10.227829,170.142227,3033,hard-iron-off,PM-Stokes,4.0,1
OU-II,adaptive,periodic,wave_data_pmstokes_H8.500_L202.839_A-30.00_P72.00.csv,900.0,180000,0.725796998,0.464392036,0.518009245,1.005373,8.53878784,5.46343565,6.09422636,13.3445721,2.16781425,23.8954639,0.581052184,0.107648604,5.27757072,-168.948456,163.65657,1.35055554,91.1783371,7.4711113,-18.4915009,-30.0,11.5084991,22.4661198,18.3696365,91.1783371,1.35055554,7.4711113,91.1783371,0.0938082412,0.000156454538,4.32139349,1.24880135,23.3206692,8.77831364,0.200000003,5.0,2.11363816,11.5084991,168.948456,3033,hard-iron-off,PM-Stokes,8.5,1
OU-III,adaptive,periodic,wave_data_jonswap_H0.270_L14.047_A30.00_P60.00.csv,900.0,180000,0.0120411282,0.0120303221,0.0115012666,0.0205425546,4.45967722,4.45567465,4.25972843,10.2668781,0.0534430593,21.5205994,0.245343208,0.111569799,1.49459839,167.717896,167.117767,0.0761111155,8.75222206,91.171669,2.4233551,30.0,-27.5766449,28.1947536,6.5765233,8.75222206,0.0761111155,91.171669,8.75222206,0.0455902554,0.000122558442,1.53016257,0.00927246734,0.150355458,3.05647588,0.235941797,3.10486245,0.0307989549,27.5766449,167.717896,default,deployed,JONSWAP,0.27,1
OU-III,adaptive,periodic,wave_data_jonswap_H1.500_L50.710_A-30.00_P120.00.csv,900.0,180000,0.0803494975,0.0708440989,0.0615064539,0.123523161,5.35663319,4.72293997,4.10043001,9.3204689,0.390963972,15.7320004,0.265841007,0.174426019,1.05567265,-166.441498,164.250854,0.312222242,91.836113,7.85166693,-15.6775055,-30.0,14.3224945,21.358593,14.8366175,0.312222242,91.836113,7.85166693,91.836113,0.0537383221,0.000127804858,2.50614047,0.395435423,1.33645236,4.98906136,0.310105383,4.34818649,0.257832944,14.3224945,166.441498,default,deployed,JONSWAP,1.5,1
OU-III,adaptive,periodic,wave_data_jonswap_H4.000_L112.766_A30.00_P30.00.csv,900.0,180000,0.252880394,0.211489454,0.160525784,0.366667181,6.32201004,5.28723621,4.01314449,8.88855267,1.04307246,15.3897057,0.211462125,0.142406121,0.446637809,171.749176,168.022308,0.0311111119,95.2738876,4.69500017,21.4132385,30.0,-8.58676147,15.7956285,13.0511637,0.0311111119,95.2738876,4.69500017,95.2738876,0.0418504812,0.000142427001,3.93718505,0.840440214,8.9607029,7.83341837,0.200000003,5.0,0.859677911,8.58676147,171.749176,default,deployed,JONSWAP,4.0,0
OU-III,adaptive,periodic,wave_data_jonswap_H8.500_L202.839_A-30.00_P72.00.csv,900.0,180000,0.597126842,0.490685642,0.313591212,0.834069729,7.02502155,5.77277231,3.6893084,10.9805841,2.15460348,14.5544748,0.515620768,0.215330198,1.07810056,-170.747101,163.949707,0.743888915,91.6494446,7.60666704,-20.3883362,-30.0,9.61166382,21.6217575,18.8874836,91.6494446,0.743888915,7.60666704,91.6494446,0.0933180079,0.00014242217,4.49675846,1.10321951,16.5853748,9.12593937,0.200000003,5.0,1.49710143,9.61166382,170.747101,default,deployed,JONSWAP,8.5,1
OU-III,adaptive,periodic,wave_data_pmstokes_H0.270_L14.047_A30.00_P60.00.csv,900.0,180000,0.0120925419,0.0119710462,0.0114047304,0.020484224,4.47871923,4.43372059,4.22397423,10.5870047,0.0499124601,22.8494644,0.244363815,0.110234112,1.63084209,170.065063,168.123917,0.127222225,5.29388905,94.5788879,1.81161499,30.0,-28.188385,28.684391,6.09011507,5.29388905,0.127222225,94.5788879,5.29388905,0.0453482755,0.000113590162,1.5192982,0.0886807293,0.150114924,3.02446294,0.409234107,2.78987837,0.0310976487,28.188385,170.065063,default,deployed,PM-Stokes,0.27,1
OU-III,adaptive,periodic,wave_data_pmstokes_H1.500_L50.710_A-30.00_P120.00.csv,900.0,180000,0.0765358284,0.066044122,0.0603696667,0.11774572,5.10238838,4.40294123,4.02464437,8.80065727,0.385561794,15.6575851,0.265821964,0.176331639,0.922310591,-166.513565,163.99585,0.158888891,91.4038925,8.43722248,-15.4739838,-30.0,14.5260162,21.8873634,15.6764898,0.158888891,91.4038925,8.43722248,91.4038925,0.0538787469,0.000129385226,2.32577109,0.438276649,1.16226304,4.63564825,0.261256695,4.0886488,0.298793554,14.5260162,166.513565,default,deployed,PM-Stokes,1.5,1
OU-III,adaptive,periodic,wave_data_pmstokes_H4.000_L112.766_A30.00_P30.00.csv,900.0,180000,0.241595224,0.20426558,0.158060074,0.353660375,6.03988075,5.10663939,3.95150185,8.74118328,1.04037023,15.1926756,0.189770028,0.133234769,0.318389356,169.405563,166.837723,0.291666687,94.8272247,4.88111115,19.1214752,30.0,-10.8785248,16.6749706,12.5566711,0.291666687,94.8272247,4.88111115,94.8272247,0.0374541394,0.00013703201,3.67536664,0.908064008,7.7905612,7.32536983,0.200000003,5.0,0.999155521,10.8785248,169.405563,default,deployed,PM-Stokes,4.0,0
OU-III,adaptive,periodic,wave_data_pmstokes_H8.500_L202.839_A-30.00_P72.00.csv,900.0,180000,0.579343677,0.458487451,0.312532037,0.802200794,6.81580782,5.39397001,3.67684746,10.6478157,2.16781425,14.4169197,0.58883673,0.236973211,0.96262002,-168.458084,163.290955,1.24444449,90.3138885,8.4416666,-18.3448639,-30.0,11.6551361,23.2277393,18.9667053,90.3138885,1.24444449,8.4416666,90.3138885,0.106150277,0.000145862548,4.32255459,1.31836534,16.6542664,8.77819252,0.200000003,5.0,2.10747409,11.6551361,168.458084,default,deployed,PM-Stokes,8.5,1
OU-III,adaptive,periodic,wave_data_jonswap_H0.270_L14.047_A30.00_P60.00.csv,900.0,180000,0.0121279256,0.0120877344,0.0115024913,0.0206278265,4.49182415,4.47693872,4.2601819,10.3094959,0.0534430593,21.5228901,0.24186334,0.111499943,1.96875048,167.521973,167.076767,0.0572222248,8.65611172,91.2866669,2.37954712,30.0,-27.6204529,28.2195396,6.48098421,8.65611172,0.0572222248,91.2866669,8.65611172,0.0450582691,0.000112400194,1.53016257,0.00927246734,0.150355458,3.05647588,0.235941797,3.10486245,0.0307989549,27.6204529,167.521973,default,hard-iron-off,JONSWAP,0.27,1
OU-III,adaptive,periodic,wave_data_jonswap_H1.500_L50.710_A-30.00_P120.00.csv,900.0,180000,0.0805189237,0.0706501007,0.0615081973,0.12352325,5.36792803,4.71000671,4.10054636,9.32047558,0.390963972,15.7324467,0.26302281,0.168881953,2.11218786,-166.398407,164.229034,0.325000018,91.8505554,7.82444477,-15.63797,-30.0,14.36203,21.3604488,14.801548,0.325000018,91.8505554,7.82444477,91.8505554,0.0527389981,0.000118503529,2.50614047,0.395435423,1.33645236,4.98906136,0.310105383,4.34818649,0.257832944,14.36203,166.398407,default,hard-iron-off,JONSWAP,1.5,1
OU-III,adaptive,periodic,wave_data_jonswap_H4.000_L112.766_A30.00_P30.00.csv,900.0,180000,0.242862374,0.223574966,0.160517946,0.367061198,6.07155943,5.58937407,4.01294851,8.89810467,1.04307246,15.3889542,0.200291365,0.137409627,2.04846692,171.737747,168.021027,0.0344444439,95.2811127,4.68444443,21.38797,30.0,-8.61203003,15.8105745,13.0550432,0.0344444439,95.2811127,4.68444443,95.2811127,0.0394892395,0.000119667769,3.93718505,0.840440214,8.9607029,7.83341837,0.200000003,5.0,0.859677911,8.61203003,171.737747,default,hard-iron-off,JONSWAP,4.0,1
OU-III,adaptive,periodic,wave_data_jonswap_H8.500_L202.839_A-30.00_P72.00.csv,900.0,180000,0.592240751,0.486486703,0.313749939,0.828165114,6.96753788,5.72337294,3.6911757,10.9028492,2.15460348,14.561841,0.507169902,0.204018697,2.07666898,-170.661591,163.890274,0.771666706,91.6688919,7.55944443,-20.3161163,-30.0,9.68388367,21.6610928,18.9014854,91.6688919,0.771666706,7.55944443,91.6688919,0.0910628289,0.000130901244,4.49675846,1.10321951,16.5853748,9.12593937,0.200000003,5.0,1.49710143,9.68388367,170.661591,default,hard-iron-off,JONSWAP,8.5,1
OU-III,adaptive,periodic,wave_data_pmstokes_H0.270_L14.047_A30.00_P60.00.csv,900.0,180000,0.0120169185,0.01199634,0.0114052203,0.0204547681,4.4507103,4.44308901,4.22415543,10.5717812,0.0499124601,22.8504467,0.242570773,0.109925836,1.96380639,169.97551,167.987854,0.130555555,5.29555559,94.5738907,1.79618835,30.0,-28.2038116,28.6918449,6.04135704,5.29555559,0.130555555,94.5738907,5.29555559,0.0450554527,0.000112330774,1.5192982,0.0886807293,0.150114924,3.02446294,0.409234107,2.78987837,0.0310976487,28.2038116,169.97551,default,hard-iron-off,PM-Stokes,0.27,1
OU-III,adaptive,periodic,wave_data_pmstokes_H1.500_L50.710_A-30.00_P120.00.csv,900.0,180000,0.076732859,0.0657488033,0.0603708848,0.117709301,5.11552382,4.38325357,4.02472544,8.79793453,0.385561794,15.6579008,0.263053626,0.170036867,2.11159492,-166.534103,164.041779,0.0966666713,91.5177765,8.38555622,-15.4637299,-30.0,14.5362701,21.8709679,15.6494141,0.0966666713,91.5177765,8.38555622,91.5177765,0.0527965426,0.000118264106,2.32577109,0.438276649,1.16226304,4.63564825,0.261256695,4.0886488,0.298793554,14.5362701,166.534103,default,hard-iron-off,PM-Stokes,1.5,1
OU-III,adaptive,periodic,wave_data_pmstokes_H4.000_L112.766_A30.00_P30.00.csv,900.0,180000,0.232785195,0.215650484,0.158044115,0.354502499,5.81962967,5.39126205,3.95110297,8.76199627,1.04037023,15.1911421,0.179439098,0.129398778,2.02846098,169.379593,166.813889,0.312222242,94.9000015,4.7877779,19.0910034,30.0,-10.9089966,16.6895084,12.5469027,0.312222242,94.9000015,4.7877779,94.9000015,0.0353047438,0.000118230171,3.67536664,0.908064008,7.7905612,7.32536983,0.200000003,5.0,0.999155521,10.9089966,169.379593,default,hard-iron-off,PM-Stokes,4.0,1
OU-III,adaptive,periodic,wave_data_pmstokes_H8.500_L202.839_A-30.00_P72.00.csv,900.0,180000,0.579853773,0.451687425,0.312729061,0.798781216,6.82180882,5.31396961,3.67916536,10.6024265,2.16781425,14.4260082,0.578174591,0.222569272,2.07710218,-168.41185,163.303604,1.22555554,90.3450012,8.42944431,-18.2938232,-30.0,11.7061768,23.2468853,18.953146,90.3450012,1.22555554,8.42944431,90.3450012,0.103326872,0.000131675013,4.32255459,1.31836534,16.6542664,8.77819252,0.200000003,5.0,2.10747409,11.7061768,168.41185,default,hard-iron-off,PM-Stokes,8.5,1
OU-III,adaptive,periodic,wave_data_jonswap_H0.270_L14.047_A30.00_P60.00.csv,900.0,180000,0.0127228983,0.0102712037,0.0113433981,0.0199008156,4.71218443,3.80414939,4.20125866,9.94614601,0.0534430593,21.2252026,0.146207154,0.155418783,3.23822117,174.39296,170.298691,0.181111112,11.709445,88.1094437,4.34014893,30.0,-25.6598511,27.3225765,10.6024122,11.709445,0.181111112,88.1094437,11.709445,0.0359362327,0.000132254296,1.47067726,0.00826697797,0.150041148,2.93715763,0.222390324,3.33186746,0.0305005498,25.6598511,174.39296,11,deployed,JONSWAP,0.27,1
OU-III,adaptive,periodic,wave_data_jonswap_H1.500_L50.710_A-30.00_P120.00.csv,900.0,180000,0.0875340998,0.0582762882,0.0575178415,0.119860947,5.83560658,3.88508582,3.83452272,9.04413509,0.390963972,14.7118015,0.125030071,0.23274754,3.77289701,-165.705826,163.52034,0.374444455,92.4677811,7.15777779,-15.2720184,-30.0,14.7279816,22.5075703,15.7331438,0.244444445,92.5977783,7.15777779,92.5977783,0.0425708704,0.000145396218,2.5054481,0.399792641,1.31132138,4.98793602,0.232279181,3.84065056,0.257714212,14.7279816,165.705826,11,deployed,JONSWAP,1.5,1
OU-III,adaptive,periodic,wave_data_jonswap_H4.000_L112.766_A30.00_P30.00.csv,900.0,180000,0.261951447,0.189681634,0.150610134,0.356764764,6.54878616,4.74204063,3.76525331,8.6485033,1.04307246,14.439086,0.199957579,0.203275025,2.18465471,172.639984,168.543045,0.0766666681,95.4916687,4.43166685,22.2684326,30.0,-7.73156738,15.3194561,13.013751,95.4916687,0.0766666681,4.43166685,95.4916687,0.0461386591,0.000145409576,3.93455815,0.839789629,8.88554573,7.8256917,0.200000003,5.0,0.859903038,7.73156738,172.639984,11,deployed,JONSWAP,4.0,1
OU-III,adaptive,periodic,wave_data_jonswap_H8.500_L202.839_A-30.00_P72.00.csv,900.0,180000,0.685094416,0.407253444,0.302528769,0.85248661,8.05993462,4.79121685,3.5591619,11.2230425,2.15460348,14.0410414,0.201408371,0.293756843,3.78030539,-170.402359,163.824768,0.837777793,91.7588882,7.40333366,-20.0679932,-30.0,9.93200684,21.0294285,18.2708244,91.7588882,0.837777793,7.40333366,91.7588882,0.0517252162,0.000154294845,4.49775219,1.10573339,16.6621819,9.12797356,0.200000003,5.0,1.49896431,9.93200684,170.402359,11,deployed,JONSWAP,8.5,1
OU-III,adaptive,periodic,wave_data_pmstokes_H0.270_L14.047_A30.00_P60.00.csv,900.0,180000,0.0125741903,0.0101746302,0.0112223756,0.0196869262,4.65710735,3.76838136,4.15643549,10.1749315,0.0499124601,22.4841156,0.147521883,0.162822932,3.41884041,176.487213,170.669205,0.127777785,6.79722261,93.0750046,3.09683228,30.0,-26.9031677,28.2268028,9.96834755,6.79722261,0.127777785,93.0750046,6.79722261,0.0369576029,0.000134382572,1.44980741,0.00812242366,0.150003225,2.88772058,0.224173233,3.2565515,0.0309081208,26.9031677,176.487213,11,deployed,PM-Stokes,0.27,1
OU-III,adaptive,periodic,wave_data_pmstokes_H1.500_L50.710_A-30.00_P120.00.csv,900.0,180000,0.0834992304,0.0556113161,0.0571628101,0.115465693,5.5666151,3.70742083,3.81085396,8.63024044,0.385561794,14.8258486,0.124310173,0.228761181,3.62339854,-165.894104,163.566574,0.0644444451,93.2005615,6.73500013,-15.1123047,-30.0,14.8876953,22.2212696,15.7923985,0.0644444451,93.2005615,6.73500013,93.2005615,0.0418850183,0.000144676538,2.32540846,0.442170054,1.15515184,4.63510561,0.282510668,3.22539258,0.298228323,14.8876953,165.894104,11,deployed,PM-Stokes,1.5,1
OU-III,adaptive,periodic,wave_data_pmstokes_H4.000_L112.766_A30.00_P30.00.csv,900.0,180000,0.24894169,0.185918331,0.15045616,0.345216811,6.22354221,4.64795828,3.76140404,8.53248882,1.04037023,14.4617901,0.230327368,0.193377361,2.35871983,170.57193,167.656754,0.155000001,95.4038925,4.44111109,20.2368317,30.0,-9.76316833,15.9221468,12.5029249,0.155000001,95.4038925,4.44111109,95.4038925,0.0491203964,0.000144862483,3.67226386,0.908161223,7.74205303,7.31703568,0.200000003,5.0,1.00055528,9.76316833,170.57193,11,deployed,PM-Stokes,4.0,1
OU-III,adaptive,periodic,wave_data_pmstokes_H8.500_L202.839_A-30.00_P72.00.csv,900.0,180000,0.650822163,0.382440895,0.30575031,0.814440787,7.65673113,4.49930477,3.59706235,10.8102798,2.16781425,14.1040831,0.26932469,0.297492802,3.64166737,-168.133621,163.139114,1.57722223,90.6411133,7.78166676,-17.8464203,-30.0,12.1535797,22.8719254,18.4633389,90.6427765,1.57555556,7.78166676,90.6427765,0.0596555881,0.000154189198,4.32338572,1.32047701,16.7300014,8.78030491,0.200000003,5.0,2.10969687,12.1535797,168.133621,11,deployed,PM-Stokes,8.5,1
OU-III,adaptive,periodic,wave_data_jonswap_H0.270_L14.047_A30.00_P60.00.csv,900.0,180000,0.0126879504,0.0102767767,0.0113447746,0.0198821574,4.69924068,3.80621362,4.2017684,9.93682098,0.0534430593,21.2277794,0.147593424,0.157508835,3.71677232,174.428284,170.592056,0.142222226,11.7072229,88.1505585,4.23513794,30.0,-25.7648621,27.3949604,10.5376387,11.7072229,0.142222226,88.1505585,11.7072229,0.036344599,0.000139549971,1.47067726,0.00826697797,0.150041148,2.93715763,0.222390324,3.33186746,0.0305005498,25.7648621,174.428284,11,hard-iron-off,JONSWAP,0.27,1
OU-III,adaptive,periodic,wave_data_jonswap_H1.500_L50.710_A-30.00_P120.00.csv,900.0,180000,0.0874278098,0.0582912154,0.0575179346,0.119790651,5.8285203,3.88608098,3.83452892,9.03883171,0.390963972,14.7118244,0.125738278,0.231105089,3.85932517,-165.698929,163.543961,0.333888888,92.4733353,7.19277811,-15.250824,-30.0,14.749176,22.4955349,15.7027731,0.214444444,92.5927811,7.19277811,92.5927811,0.0423873179,0.000143357116,2.5054481,0.399792641,1.31132138,4.98793602,0.232279181,3.84065056,0.257714212,14.749176,165.698929,11,hard-iron-off,JONSWAP,1.5,1
OU-III,adaptive,periodic,wave_data_jonswap_H4.000_L112.766_A30.00_P30.00.csv,900.0,180000,0.257050782,0.200352386,0.150604755,0.35902366,6.42626953,5.00880957,3.76511884,8.70326328,1.04307246,14.438571,0.206716225,0.198700845,3.78261924,172.627411,168.514725,0.108333334,95.5022278,4.38944435,22.257309,30.0,-7.74269104,15.3143854,13.0005312,95.5022278,0.108333334,4.38944435,95.5022278,0.0464235321,0.000148027146,3.93455815,0.839789629,8.88554573,7.8256917,0.200000003,5.0,0.859903038,7.74269104,172.627411,11,hard-iron-off,JONSWAP,4.0,1
OU-III,adaptive,periodic,wave_data_jonswap_H8.500_L202.839_A-30.00_P72.00.csv,900.0,180000,0.678652883,0.407817304,0.302580506,0.847608209,7.98415136,4.79785061,3.55977058,11.1588182,2.15460348,14.0434427,0.196124658,0.290508032,3.87196589,-170.211227,163.827988,0.732777774,91.9594498,7.30777788,-20.016037,-30.0,9.98396301,21.0273876,18.2470932,91.9594498,0.732777774,7.30777788,91.9594498,0.0506766886,0.000152269597,4.49775219,1.10573339,16.6621819,9.12797356,0.200000003,5.0,1.49896431,9.98396301,170.211227,11,hard-iron-off,JONSWAP,8.5,1
OU-III,adaptive,periodic,wave_data_pmstokes_H0.270_L14.047_A30.00_P60.00.csv,900.0,180000,0.0125999646,0.0101867588,0.0112224203,0.0197096895,4.66665363,3.77287364,4.1564517,10.186697,0.0499124601,22.4842052,0.147683203,0.162625805,3.72965193,176.478195,170.66983,0.127777785,6.80777788,93.0644455,3.08926392,30.0,-26.9107361,28.2313538,9.96020794,6.80777788,0.127777785,93.0644455,6.80777788,0.0369567499,0.000139626878,1.44980741,0.00812242366,0.150003225,2.88772058,0.224173233,3.2565515,0.0309081208,26.9107361,176.478195,11,hard-iron-off,PM-Stokes,0.27,1
OU-III,adaptive,periodic,wave_data_pmstokes_H1.500_L50.710_A-30.00_P120.00.csv,900.0,180000,0.083455056,0.0556064174,0.0571635924,0.115431786,5.56367016,3.70709443,3.81090593,8.62770653,0.385561794,14.8260517,0.124795593,0.226398751,3.85150647,-165.882492,163.573624,0.0583333336,93.1605606,6.78111124,-15.1019592,-30.0,14.8980408,22.2122517,15.7742739,0.0583333336,93.1605606,6.78111124,93.1605606,0.0415683128,0.000143210345,2.32540846,0.442170054,1.15515184,4.63510561,0.282510668,3.22539258,0.298228323,14.8980408,165.882492,11,hard-iron-off,PM-Stokes,1.5,1
OU-III,adaptive,periodic,wave_data_pmstokes_H4.000_L112.766_A30.00_P30.00.csv,900.0,180000,0.244875655,0.195302576,0.150449589,0.34747988,6.1218915,4.88256454,3.76123977,8.58842373,1.04037023,14.4611588,0.237780899,0.189772606,3.77420974,170.568008,167.655045,0.167777777,95.371666,4.46055555,20.2268524,30.0,-9.77314758,15.9166975,12.4863691,0.167777777,95.371666,4.46055555,95.371666,0.049736131,0.000148675797,3.67226386,0.908161223,7.74205303,7.31703568,0.200000003,5.0,1.00055528,9.77314758,170.568008,11,hard-iron-off,PM-Stokes,4.0,1
OU-III,adaptive,periodic,wave_data_pmstokes_H8.500_L202.839_A-30.00_P72.00.csv,900.0,180000,0.647402287,0.381661147,0.305814654,0.811367691,7.61649752,4.4901309,3.59781933,10.7694902,2.16781425,14.1070499,0.263668597,0.292832881,3.86513138,-168.091873,163.147339,1.55166674,90.672226,7.77611113,-17.7989502,-30.0,12.2010498,22.8751392,18.43717,90.6744461,1.54944444,7.77611113,90.6744461,0.0583118722,0.000152220411,4.32338572,1.32047701,16.7300014,8.78030491,0.200000003,5.0,2.10969687,12.2010498,168.091873,11,hard-iron-off,PM-Stokes,8.5,1
OU-III,adaptive,periodic,wave_data_jonswap_H0.270_L14.047_A30.00_P60.00.csv,900.0,180000,0.0125599317,0.0101498039,0.010968456,0.0195212048,4.65182638,3.75918651,4.0623908,9.75642109,0.0534430593,20.5236301,0.741867959,0.134092316,2.48274899,170.496445,168.779877,0.098888889,11.1322222,88.7688904,3.34429932,30.0,-26.6557007,27.6736221,8.3392334,11.1322222,0.098888889,88.7688904,11.1322222,0.128259942,0.000161146279,1.47080755,0.0139970873,0.150023773,2.93750596,0.247729704,3.03149557,0.0300200861,26.6557007,170.496445,23,deployed,JONSWAP,0.27,1
OU-III,adaptive,periodic,wave_data_jonswap_H1.500_L50.710_A-30.00_P120.00.csv,900.0,180000,0.0841435343,0.0637635887,0.0583488345,0.120625518,5.6095686,4.25090551,3.88992214,9.10182667,0.390963972,14.9243517,0.778923035,0.0744812563,2.58004928,-168.185349,165.07666,0.277777791,93.0755615,6.646667,-17.742981,-30.0,12.257019,21.1734676,16.008791,0.26333335,93.090004,6.646667,93.090004,0.131609425,0.000149392261,2.50286031,0.399538189,1.2926656,4.98305273,0.267523974,3.36190677,0.258111566,12.257019,168.185349,23,deployed,JONSWAP,1.5,1
OU-III,adaptive,periodic,wave_data_jonswap_H4.000_L112.766_A30.00_P30.00.csv,900.0,180000,0.262430519,0.174596861,0.15397568,0.350802451,6.56076288,4.36492157,3.84939194,8.50396919,1.04307246,14.7617435,0.689546287,0.11348436,1.00506949,171.06221,167.618057,0.174444452,95.0611115,4.76444435,20.7920837,30.0,-9.20791626,16.1489563,13.057929,95.0611115,0.174444452,4.76444435,95.0611115,0.117521666,0.0001601533,3.93860531,0.83940804,8.80210304,7.83556414,0.200000003,5.0,0.861908197,9.20791626,171.06221,23,deployed,JONSWAP,4.0,1
OU-III,adaptive,periodic,wave_data_jonswap_H8.500_L202.839_A-30.00_P72.00.csv,900.0,180000,0.647234857,0.46466428,0.303270489,0.852524996,7.6145277,5.46663857,3.56788802,11.2235489,2.15460348,14.0754662,1.06519294,0.123277761,2.50084758,-172.033981,164.280426,0.957777798,91.5299988,7.51222229,-21.6598511,-30.0,8.34014893,20.888958,18.674654,91.5299988,0.957777798,7.51222229,91.5299988,0.177298307,0.000157845003,4.49567604,1.10670877,16.6720219,9.12282467,0.200000003,5.0,1.4993006,8.34014893,172.033981,23,deployed,JONSWAP,8.5,1
OU-III,adaptive,periodic,wave_data_pmstokes_H0.270_L14.047_A30.00_P60.00.csv,900.0,180000,0.0125343278,0.0100620501,0.010872595,0.0194053482,4.64234352,3.72668505,4.02688694,10.0294018,0.0499124601,21.783329,0.742228508,0.134475201,2.57916808,172.874435,170.21489,0.027777778,6.28222227,93.6900024,2.42855835,30.0,-27.5714417,28.3994751,7.87781429,6.28222227,0.027777778,93.6900024,6.28222227,0.128342286,0.000161278454,1.45011091,0.109151892,0.150003225,2.88825297,0.352986932,2.83132195,0.0304298662,27.5714417,172.874435,23,deployed,PM-Stokes,0.27,1
OU-III,adaptive,periodic,wave_data_pmstokes_H1.500_L50.710_A-30.00_P120.00.csv,900.0,180000,0.0801174343,0.0612018518,0.0579677932,0.116295896,5.3411622,4.08012342,3.86451936,8.69229317,0.385561794,15.0346308,0.782586455,0.0754823163,2.61025596,-168.382935,164.751938,0.238333344,93.6427765,6.11888885,-17.5950012,-30.0,12.4049988,21.31744,16.5914993,0.238333344,93.6427765,6.11888885,93.6427765,0.132239953,0.000148929612,2.32224655,0.444158763,1.14566112,4.6295414,0.283676863,3.10174775,0.299089879,12.4049988,168.382935,23,deployed,PM-Stokes,1.5,1
OU-III,adaptive,periodic,wave_data_pmstokes_H4.000_L112.766_A30.00_P30.00.csv,900.0,180000,0.251428097,0.170753032,0.153677836,0.340572417,6.28570223,4.26882601,3.84194589,8.41769695,1.04037023,14.7714567,0.659693182,0.114673756,0.809918225,169.046814,166.502182,0.181666672,95.8644485,3.95388889,18.6895142,30.0,-11.3104858,16.9994965,12.6314411,0.181666672,95.8644485,3.95388889,95.8644485,0.112774864,0.000163619537,3.67736793,0.907986164,7.76219082,7.3289361,0.200000003,5.0,1.00051332,11.3104858,169.046814,23,deployed,PM-Stokes,4.0,1
OU-III,adaptive,periodic,wave_data_pmstokes_H8.500_L202.839_A-30.00_P72.00.csv,900.0,180000,0.611628354,0.453582227,0.306235343,0.820735157,7.19562769,5.33626127,3.60276866,10.8938274,2.16781425,14.1264572,1.15438855,0.127277717,2.64247727,-170.346939,164.270386,1.16000009,90.6611099,8.17888927,-19.7244263,-30.0,10.2755737,22.207819,18.7237072,90.6611099,1.16000009,8.17888927,90.6611099,0.19203192,0.000157845017,4.32108784,1.32138169,16.7380161,8.77471256,0.200000003,5.0,2.11095595,10.2755737,170.346939,23,deployed,PM-Stokes,8.5,1
OU-III,adaptive,periodic,wave_data_jonswap_H0.270_L14.047_A30.00_P60.00.csv,900.0,180000,0.0125901876,0.010158509,0.0109679401,0.0195449181,4.66303253,3.76241064,4.06220007,9.76827335,0.0534430593,20.522665,0.742262065,0.136846662,2.83458185,170.488785,168.665222,0.11777778,11.1844444,88.6977768,3.38830566,30.0,-26.6116943,27.6403542,8.36775398,11.1844444,0.11777778,88.6977768,11.1844444,0.128420427,0.000146187187,1.47080755,0.0139970873,0.150023773,2.93750596,0.247729704,3.03149557,0.0300200861,26.6116943,170.488785,23,hard-iron-off,JONSWAP,0.27,1
OU-III,adaptive,periodic,wave_data_jonswap_H1.500_L50.710_A-30.00_P120.00.csv,900.0,180000,0.0840576738,0.0639579967,0.0583462529,0.120667323,5.60384464,4.26386642,3.88975,9.10498142,0.390963972,14.9236908,0.773906946,0.0748159513,2.65470648,-168.066299,165.069717,0.204444453,93.3516693,6.44388914,-17.7038574,-30.0,12.2961426,21.1698627,15.9874239,0.188333333,93.3677826,6.44388914,93.3677826,0.130759001,0.000149974774,2.50286031,0.399538189,1.2926656,4.98305273,0.267523974,3.36190677,0.258111566,12.2961426,168.066299,23,hard-iron-off,JONSWAP,1.5,1
OU-III,adaptive,periodic,wave_data_jonswap_H4.000_L112.766_A30.00_P30.00.csv,900.0,180000,0.269296557,0.171573326,0.153962523,0.354489088,6.73241377,4.28933334,3.84906316,8.59333801,1.04307246,14.7604828,0.689079046,0.112441853,2.66679096,171.049942,167.620239,0.165000007,95.0722275,4.76277781,20.7792358,30.0,-9.22076416,16.1541939,13.0558624,95.0722275,0.165000007,4.76277781,95.0722275,0.117307417,0.000153981819,3.93860531,0.83940804,8.80210304,7.83556414,0.200000003,5.0,0.861908197,9.22076416,171.049942,23,hard-iron-off,JONSWAP,4.0,1
OU-III,adaptive,periodic,wave_data_jonswap_H8.500_L202.839_A-30.00_P72.00.csv,900.0,180000,0.641360283,0.470185071,0.303314984,0.851126909,7.54541492,5.53158903,3.56841159,11.205143,2.15460348,14.0775318,1.05821645,0.122640431,2.71485758,-171.972809,164.267487,0.965000033,91.6316681,7.40333366,-21.6115875,-30.0,8.38841248,20.874506,18.6471081,91.6316681,0.965000033,7.40333366,91.6316681,0.17611596,0.000159046147,4.49567604,1.10670877,16.6720219,9.12282467,0.200000003,5.0,1.4993006,8.38841248,171.972809,23,hard-iron-off,JONSWAP,8.5,1
OU-III,adaptive,periodic,wave_data_pmstokes_H0.270_L14.047_A30.00_P60.00.csv,900.0,180000,0.0125350179,0.0100625567,0.0108726239,0.0194060728,4.64259911,3.72687268,4.02689743,10.0297766,0.0499124601,21.7833862,0.742187858,0.134196222,2.82948136,172.901154,169.906296,0.0511111133,6.27777815,93.6711121,2.42663574,30.0,-27.5733643,28.4007359,7.87523794,6.27777815,0.0511111133,93.6711121,6.27777815,0.128332108,0.000146254111,1.45011091,0.109151892,0.150003225,2.88825297,0.352986932,2.83132195,0.0304298662,27.5733643,172.901154,23,hard-iron-off,PM-Stokes,0.27,1
OU-III,adaptive,periodic,wave_data_pmstokes_H1.500_L50.710_A-30.00_P120.00.csv,900.0,180000,0.0800815448,0.0613450818,0.0579645783,0.116345026,5.33876944,4.08967209,3.86430502,8.69596481,0.385561794,15.0337973,0.777645767,0.0758804232,2.66586637,-168.351135,164.750488,0.221666679,93.6594467,6.11888885,-17.5535736,-30.0,12.4464264,21.3284874,16.5770645,0.221666679,93.6594467,6.11888885,93.6594467,0.131401986,0.000149837811,2.32224655,0.444158763,1.14566112,4.6295414,0.283676863,3.10174775,0.299089879,12.4464264,168.351135,23,hard-iron-off,PM-Stokes,1.5,1
OU-III,adaptive,periodic,wave_data_pmstokes_H4.000_L112.766_A30.00_P30.00.csv,900.0,180000,0.258055776,0.166890591,0.153668657,0.343597591,6.45139456,4.17226458,3.84171653,8.49246788,1.04037023,14.7705746,0.661980987,0.113272734,2.61874366,169.052643,166.511292,0.182777777,95.8561096,3.96111131,18.6944275,30.0,-11.3055725,16.9971848,12.6332073,0.182777777,95.8561096,3.96111131,95.8561096,0.11299853,0.000154734385,3.67736793,0.907986164,7.76219082,7.3289361,0.200000003,5.0,1.00051332,11.3055725,169.052643,23,hard-iron-off,PM-Stokes,4.0,1
OU-III,adaptive,periodic,wave_data_pmstokes_H8.500_L202.839_A-30.00_P72.00.csv,900.0,180000,0.608164787,0.45719704,0.306279212,0.820183218,7.15487957,5.37878847,3.60328484,10.8865004,2.16781425,14.1284809,1.14796603,0.126524001,2.76216483,-170.315964,164.264359,1.16222227,90.6905594,8.14722252,-19.6900177,-30.0,10.3099823,22.193716,18.6949673,90.6905594,1.16222227,8.14722252,90.6905594,0.190931052,0.000159357223,4.32108784,1.32138169,16.7380161,8.77471256,0.200000003,5.0,2.11095595,10.3099823,170.315964,23,hard-iron-off,PM-Stokes,8.5,1
OU-III,adaptive,periodic,wave_data_jonswap_H0.270_L14.047_A30.00_P60.00.csv,900.0,180000,0.0126661686,0.0101732854,0.0111712832,0.0197161138,4.69117355,3.7678833,4.13751221,9.85383415,0.0534430593,20.9031525,0.428320736,0.201350987,0.706020892,171.284683,169.328903,0.112222224,12.7461119,87.1416702,3.86532593,30.0,-26.1346741,27.3768024,9.1149292,12.7461119,0.112222224,87.1416702,12.7461119,0.0795369297,0.000143248442,1.47059333,0.0145468516,0.150027871,2.93702102,0.250682741,3.00458217,0.0302377306,26.1346741,171.284683,202,deployed,JONSWAP,0.27,1
OU-III,adaptive,periodic,wave_data_jonswap_H1.500_L50.710_A-30.00_P120.00.csv,900.0,180000,0.0864524469,0.0610445328,0.0581154823,0.120738849,5.7634964,4.06963539,3.87436533,9.11037827,0.390963972,14.8646641,0.4624843,0.290052652,0.917465031,-167.274719,164.514725,0.344444454,92.7300034,6.92555571,-16.7720337,-30.0,13.2279663,21.6354427,15.8418522,0.256111115,92.8183365,6.92555571,92.8183365,0.0899942964,0.000150357053,2.50305176,0.382916242,1.17853403,4.98338604,0.259660006,3.39258146,0.25778529,13.2279663,167.274719,202,deployed,JONSWAP,1.5,1
OU-III,adaptive,periodic,wave_data_jonswap_H4.000_L112.766_A30.00_P30.00.csv,900.0,180000,0.26280871,0.180686221,0.152244925,0.353404075,6.57021761,4.51715565,3.80612326,8.56703568,1.04307246,14.5958157,0.362634093,0.234858543,0.736400545,171.546326,167.992081,0.12611112,95.343338,4.53055573,21.2623138,30.0,-8.73768616,15.8059111,12.953064,0.12611112,95.343338,4.53055573,95.343338,0.0688381121,0.000150754306,3.93659925,0.83822,8.77280903,7.83072567,0.200000003,5.0,0.85942322,8.73768616,171.546326,202,deployed,JONSWAP,4.0,1
OU-III,adaptive,periodic,wave_data_jonswap_H8.500_L202.839_A-30.00_P72.00.csv,900.0,180000,0.675397158,0.443716735,0.303033501,0.863061547,7.94584894,5.22019672,3.56509995,11.3622627,2.15460348,14.0644674,0.737122357,0.363777637,0.975161254,-171.259262,164.189087,0.945000052,91.7805557,7.27444458,-20.9621582,-30.0,9.0378418,20.6382961,18.2505207,91.7805557,0.945000052,7.27444458,91.7805557,0.133142233,0.000161660297,4.49601126,1.10560131,16.6610317,9.12380505,0.200000003,5.0,1.4959681,9.0378418,171.259262,202,deployed,JONSWAP,8.5,1
OU-III,adaptive,periodic,wave_data_pmstokes_H0.270_L14.047_A30.00_P60.00.csv,900.0,180000,0.012585612,0.0100793568,0.0110737691,0.0195606593,4.66133785,3.73309493,4.10139608,10.1096716,0.0499124601,22.1863823,0.426328897,0.205959797,0.762212813,173.824265,170.220901,0.0622222237,7.26277781,92.6750031,2.79832458,30.0,-27.2016754,28.2205753,8.68255806,7.26277781,0.0622222237,92.6750031,7.26277781,0.0795625448,0.000145279686,1.44975328,0.112509593,0.150003225,2.88755631,0.355804861,2.79640532,0.0306518748,27.2016754,173.824265,202,deployed,PM-Stokes,0.27,1
OU-III,adaptive,periodic,wave_data_pmstokes_H1.500_L50.710_A-30.00_P120.00.csv,900.0,180000,0.082263872,0.0585434288,0.0577508248,0.116317824,5.4842577,3.90289521,3.85005474,8.69393158,0.385561794,14.9783583,0.465887129,0.284732521,0.96478945,-167.312195,164.344055,0.109444447,93.9238892,5.9666667,-16.5881042,-30.0,13.4118958,21.5565205,16.1632996,0.109444447,93.9238892,5.9666667,93.9238892,0.0900435522,0.000149738276,2.32256913,0.443948478,1.14429736,4.63003492,0.283877939,3.08269167,0.29874146,13.4118958,167.312195,202,deployed,PM-Stokes,1.5,1
OU-III,adaptive,periodic,wave_data_pmstokes_H4.000_L112.766_A30.00_P30.00.csv,900.0,180000,0.250260115,0.176734656,0.152160123,0.342078894,6.25650311,4.41836643,3.804003,8.45493126,1.04037023,14.6255741,0.325333059,0.228575155,0.915221691,169.598404,166.980865,0.171666667,95.6627808,4.16555548,19.2221375,30.0,-10.7778625,16.6023884,12.5530081,0.171666667,95.6627808,4.16555548,95.6627808,0.062834546,0.000152027365,3.67478585,0.907068789,7.7364769,7.32302809,0.200000003,5.0,0.998832405,10.7778625,169.598404,202,deployed,PM-Stokes,4.0,1
OU-III,adaptive,periodic,wave_data_pmstokes_H8.500_L202.839_A-30.00_P72.00.csv,900.0,180000,0.637167215,0.42923677,0.305887133,0.826917887,7.49608469,5.04984426,3.59867215,10.9758921,2.16781425,14.1103935,0.822636485,0.367122084,1.14654529,-169.602386,163.973099,1.14222229,91.0999985,7.75777817,-18.9205933,-30.0,11.0794067,22.363184,18.4712753,91.1055603,1.13666666,7.75777817,91.1055603,0.146677807,0.000163386139,4.32141781,1.31986248,16.725029,8.77564812,0.200000003,5.0,2.10610223,11.0794067,169.602386,202,deployed,PM-Stokes,8.5,1
OU-III,adaptive,periodic,wave_data_jonswap_H0.270_L14.047_A30.00_P60.00.csv,900.0,180000,0.012659153,0.0101700909,0.0111732194,0.0197110549,4.68857527,3.76670027,4.13822937,9.85130596,0.0534430593,20.9067745,0.426079512,0.204321831,0.829067111,171.185669,169.623825,0.0522222221,12.6377783,87.3100052,3.7346344,30.0,-26.2653656,27.4652061,8.99850464,12.6377783,0.0522222221,87.3100052,12.6377783,0.0793948397,0.000146437247,1.47059333,0.0145468516,0.150027871,2.93702102,0.250682741,3.00458217,0.0302377306,26.2653656,171.185669,202,hard-iron-off,JONSWAP,0.27,1
OU-III,adaptive,periodic,wave_data_jonswap_H1.500_L50.710_A-30.00_P120.00.csv,900.0,180000,0.0864245668,0.0594821498,0.0581158474,0.119936585,5.76163769,3.96547651,3.87438965,9.04984283,0.390963972,14.8647585,0.455703378,0.278908938,0.976636112,-167.203003,164.538101,0.24277778,92.9005585,6.85666704,-16.7208557,-30.0,13.2791443,21.6181297,15.8046608,0.172777787,92.9705582,6.85666704,92.9705582,0.0879746303,0.000150430249,2.50305176,0.382916242,1.17853403,4.98338604,0.259660006,3.39258146,0.25778529,13.2791443,167.203003,202,hard-iron-off,JONSWAP,1.5,1
OU-III,adaptive,periodic,wave_data_jonswap_H4.000_L112.766_A30.00_P30.00.csv,900.0,180000,0.263615668,0.182205811,0.152227938,0.35477531,6.59039164,4.55514526,3.80569839,8.60027695,1.04307246,14.5941858,0.35482657,0.23463425,0.929278851,171.539017,167.990417,0.130555555,95.3455582,4.52388906,21.2552185,30.0,-8.74478149,15.801446,12.9411831,0.130555555,95.3455582,4.52388906,95.3455582,0.0676381513,0.000154589055,3.93659925,0.83822,8.77280903,7.83072567,0.200000003,5.0,0.85942322,8.74478149,171.539017,202,hard-iron-off,JONSWAP,4.0,1
OU-III,adaptive,periodic,wave_data_jonswap_H8.500_L202.839_A-30.00_P72.00.csv,900.0,180000,0.666123986,0.427113831,0.303245276,0.847410798,7.83675241,5.02486849,3.56759143,11.1562204,2.15460348,14.074296,0.723088384,0.341840893,0.898374438,-171.156693,164.15097,0.949444473,91.8538895,7.19666672,-20.8645325,-30.0,9.13546753,20.6917667,18.2592373,91.8538895,0.949444473,7.19666672,91.8538895,0.129345641,0.000159921896,4.49601126,1.10560131,16.6610317,9.12380505,0.200000003,5.0,1.4959681,9.13546753,171.156693,202,hard-iron-off,JONSWAP,8.5,1
OU-III,adaptive,periodic,wave_data_pmstokes_H0.270_L14.047_A30.00_P60.00.csv,900.0,180000,0.0126051297,0.010079897,0.0110743744,0.019573845,4.66856623,3.7332952,4.1016202,10.1164865,0.0499124601,22.1875954,0.425506294,0.207097292,0.83721447,173.831955,170.125946,0.0677777827,7.1922226,92.7400055,2.77941895,30.0,-27.2205811,28.2331238,8.66175175,7.1922226,0.0677777827,92.7400055,7.1922226,0.0795148686,0.00014649918,1.44975328,0.112509593,0.150003225,2.88755631,0.355804861,2.79640532,0.0306518748,27.2205811,173.831955,202,hard-iron-off,PM-Stokes,0.27,1
OU-III,adaptive,periodic,wave_data_pmstokes_H1.500_L50.710_A-30.00_P120.00.csv,900.0,180000,0.0824001357,0.0569354109,0.0577484705,0.115612753,5.4933424,3.79569387,3.84989786,8.64123249,0.385561794,14.977747,0.458969593,0.273192555,0.955279052,-167.275162,164.370605,0.0799999982,93.9294434,5.99055576,-16.5829163,-30.0,13.4170837,21.4614563,16.066246,0.0799999982,93.9294434,5.99055576,93.9294434,0.0879808366,0.000150272419,2.32256913,0.443948478,1.14429736,4.63003492,0.283877939,3.08269167,0.29874146,13.4170837,167.275162,202,hard-iron-off,PM-Stokes,1.5,1
OU-III,adaptive,periodic,wave_data_pmstokes_H4.000_L112.766_A30.00_P30.00.csv,900.0,180000,0.251239687,0.177463919,0.152145877,0.343166411,6.28099203,4.43659782,3.80364704,8.48181057,1.04037023,14.6242056,0.318900049,0.228962705,0.943849564,169.581421,166.978424,0.163888887,95.6977768,4.13833332,19.2131042,30.0,-10.7868958,16.6005192,12.5421886,0.163888887,95.6977768,4.13833332,95.6977768,0.0619100071,0.000155269357,3.67478585,0.907068789,7.7364769,7.32302809,0.200000003,5.0,0.998832405,10.7868958,169.581421,202,hard-iron-off,PM-Stokes,4.0,1
OU-III,adaptive,periodic,wave_data_pmstokes_H8.500_L202.839_A-30.00_P72.00.csv,900.0,180000,0.634323895,0.407091975,0.306148082,0.813521564,7.46263409,4.78931713,3.60174203,10.7980795,2.16781425,14.1224318,0.805317104,0.341143459,0.830124378,-169.488495,163.950974,1.15055561,91.2094498,7.64000034,-18.8462524,-30.0,11.1537476,22.3853149,18.4496155,91.214447,1.14555562,7.64000034,91.214447,0.142171532,0.000160230571,4.32141781,1.31986248,16.725029,8.77564812,0.200000003,5.0,2.10610223,11.1537476,169.488495,202,hard-iron-off,PM-Stokes,8.5,1
OU-III,adaptive,periodic,wave_data_jonswap_H0.270_L14.047_A30.00_P60.00.csv,900.0,180000,0.0127050141,0.0102689136,0.0111886868,0.0198003706,4.70556068,3.80330133,4.14395809,9.89594555,0.0534430593,20.9357166,0.226534933,0.132026732,4.34930086,173.590134,170.308624,0.0972222239,11.6211109,88.2816696,4.09092712,30.0,-25.9090729,27.435997,10.2141848,0.0972222239,11.6211109,88.2816696,11.6211109,0.0444868505,0.000134716436,1.47095978,0.0144885192,0.150029972,2.93776059,0.250189215,3.0096314,0.0302871838,25.9090729,173.590134,3033,deployed,JONSWAP,0.27,1
OU-III,adaptive,periodic,wave_data_jonswap_H1.500_L50.710_A-30.00_P120.00.csv,900.0,180000,0.087697506,0.0583499856,0.0581876859,0.120338604,5.8465004,3.88999891,3.879179,9.08017731,0.390963972,14.883132,0.259849936,0.0782133117,3.3960259,-166.861511,164.077591,0.408888906,93.003334,6.58777809,-16.4272003,-30.0,13.5727997,22.0187149,16.0455017,0.275000006,93.1372223,6.58777809,93.1372223,0.0439507067,0.000148255393,2.50512075,0.382565618,1.18045497,4.98728943,0.256934643,3.41015148,0.258006364,13.5727997,166.861511,3033,deployed,JONSWAP,1.5,1
OU-III,adaptive,periodic,wave_data_jonswap_H4.000_L112.766_A30.00_P30.00.csv,900.0,180000,0.264903992,0.188485608,0.152941242,0.359293729,6.6225996,4.71214008,3.82353115,8.70981026,1.04307246,14.6625719,0.175128222,0.112338863,2.19402027,172.177353,168.2612,0.103888892,95.2744446,4.62166691,21.8790588,30.0,-8.12094116,15.6023645,13.1082602,95.2744446,0.103888892,4.62166691,95.2744446,0.0332865678,0.000151868124,3.93643451,0.839515269,8.78466511,7.83013916,0.200000003,5.0,0.861991704,8.12094116,172.177353,3033,deployed,JONSWAP,4.0,1
OU-III,adaptive,periodic,wave_data_jonswap_H8.500_L202.839_A-30.00_P72.00.csv,900.0,180000,0.698917925,0.411582261,0.306310117,0.867013335,8.22256374,4.84214401,3.60364842,11.4142885,2.15460348,14.2165422,0.517706573,0.10611359,3.32609105,-171.027359,163.931976,0.88277781,91.9266663,7.19055557,-20.6202393,-30.0,9.37976074,21.1025333,18.5316486,91.9266663,0.88277781,7.19055557,91.9266663,0.0837572515,0.000160470285,4.49702835,1.10756087,16.6964855,9.12619209,0.200000003,5.0,1.50156879,9.37976074,171.027359,3033,deployed,JONSWAP,8.5,1
OU-III,adaptive,periodic,wave_data_pmstokes_H0.270_L14.047_A30.00_P60.00.csv,900.0,180000,0.0125497142,0.0101697259,0.0111025311,0.0196006335,4.6480422,3.76656508,4.11204863,10.130332,0.0499124601,22.2440071,0.225155309,0.116871595,4.676373,175.838959,170.175064,0.116666667,6.82055569,93.0627823,2.88989258,30.0,-27.1101074,28.3233452,9.59905243,6.82055569,0.116666667,93.0627823,6.82055569,0.0429584421,0.000136471514,1.45018351,0.112390988,0.150003225,2.88843942,0.355107993,2.80193377,0.0306909904,27.1101074,175.838959,3033,deployed,PM-Stokes,0.27,1
OU-III,adaptive,periodic,wave_data_pmstokes_H1.500_L50.710_A-30.00_P120.00.csv,900.0,180000,0.0835466981,0.0557411052,0.0577557832,0.115857027,5.56977987,3.71607351,3.85038543,8.65949059,0.385561794,14.9796438,0.261557966,0.0809021816,3.2351501,-166.923355,164.024643,0.0833333358,93.8572235,6.05944443,-16.2360535,-30.0,13.7639465,21.8493233,16.2720776,0.0833333358,93.8572235,6.05944443,93.8572235,0.0443995222,0.000148351246,2.32494926,0.443749011,1.1484313,4.63424635,0.283396453,3.08925676,0.298583239,13.7639465,166.923355,3033,deployed,PM-Stokes,1.5,1
OU-III,adaptive,periodic,wave_data_pmstokes_H4.000_L112.766_A30.00_P30.00.csv,900.0,180000,0.250995725,0.184389904,0.15282613,0.346921206,6.27489328,4.60974741,3.8206532,8.57461548,1.04037023,14.6895905,0.144702107,0.115977362,2.36917591,170.177536,167.296173,0.188888893,95.5666656,4.24444437,19.7848816,30.0,-10.2151184,16.3421288,12.6795645,0.188888893,95.5666656,4.24444437,95.5666656,0.0299248472,0.000149252344,3.67466784,0.908405662,7.74681091,7.32246828,0.200000003,5.0,1.00181174,10.2151184,170.177536,3033,deployed,PM-Stokes,4.0,1
OU-III,adaptive,periodic,wave_data_pmstokes_H8.500_L202.839_A-30.00_P72.00.csv,900.0,180000,0.661018491,0.387827277,0.308967143,0.826326907,7.7766881,4.56267357,3.63490748,10.9680481,2.16781425,14.2524738,0.596812844,0.105411544,3.1549499,-169.287888,163.689911,1.15222228,91.4205551,7.42722225,-18.5894928,-30.0,11.4105072,22.6963139,18.6665382,91.4205551,1.15222228,7.42722225,91.4205551,0.0968451574,0.000162564073,4.32253933,1.3220284,16.7599316,8.77831364,0.200000003,5.0,2.11363816,11.4105072,169.287888,3033,deployed,PM-Stokes,8.5,1
OU-III,adaptive,periodic,wave_data_jonswap_H0.270_L14.047_A30.00_P60.00.csv,900.0,180000,0.0126292836,0.0102778422,0.0111908559,0.0197577346,4.67751217,3.8066082,4.14476156,9.8746357,0.0534430593,20.9397736,0.225366369,0.121338375,5.23563576,173.438507,170.651199,0.0305555556,11.7538891,88.2155609,3.8780365,30.0,-26.1219635,27.5761356,10.0423546,0.0305555556,11.7538891,88.2155609,11.7538891,0.0433773398,0.0001418623,1.47095978,0.0144885192,0.150029972,2.93776059,0.250189215,3.0096314,0.0302871838,26.1219635,173.438507,3033,hard-iron-off,JONSWAP,0.27,1
OU-III,adaptive,periodic,wave_data_jonswap_H1.500_L50.710_A-30.00_P120.00.csv,900.0,180000,0.0874570236,0.0584092326,0.058193896,0.120195255,5.83046818,3.89394879,3.8795929,9.06936073,0.390963972,14.8847218,0.257221073,0.0842307582,5.32849598,-166.916565,164.180618,0.319444448,92.8522263,6.82833338,-16.3964691,-30.0,13.6035309,21.9795818,15.999052,0.228333339,92.9433365,6.82833338,92.9433365,0.0440490134,0.000145573067,2.50512075,0.382565618,1.18045497,4.98728943,0.256934643,3.41015148,0.258006364,13.6035309,166.916565,3033,hard-iron-off,JONSWAP,1.5,1
OU-III,adaptive,periodic,wave_data_jonswap_H4.000_L112.766_A30.00_P30.00.csv,900.0,180000,0.25496313,0.208382964,0.152933538,0.363067925,6.37407827,5.20957422,3.82333851,8.80130196,1.04307246,14.6618328,0.165632904,0.114547782,5.25691509,172.168976,168.237991,0.143333331,95.3666687,4.49000025,21.8720398,30.0,-8.12796021,15.589467,13.0868979,95.3666687,0.143333331,4.49000025,95.3666687,0.032581903,0.000150243024,3.93643451,0.839515269,8.78466511,7.83013916,0.200000003,5.0,0.861991704,8.12796021,172.168976,3033,hard-iron-off,JONSWAP,4.0,1
OU-III,adaptive,periodic,wave_data_jonswap_H8.500_L202.839_A-30.00_P72.00.csv,900.0,180000,0.687290311,0.406492174,0.306545168,0.855320871,8.08576775,4.78226089,3.6064136,11.2603569,2.15460348,14.2274513,0.505610049,0.102238752,5.27638817,-170.731216,163.858856,0.837222219,92.2166672,6.9461112,-20.5187683,-30.0,9.48123169,21.1570473,18.5387421,92.2166672,0.837222219,6.9461112,92.2166672,0.0820230916,0.000154896086,4.49702835,1.10756087,16.6964855,9.12619209,0.200000003,5.0,1.50156879,9.48123169,170.731216,3033,hard-iron-off,JONSWAP,8.5,1
OU-III,adaptive,periodic,wave_data_pmstokes_H0.270_L14.047_A30.00_P60.00.csv,900.0,180000,0.0125743058,0.0101913549,0.0111024994,0.0196275916,4.65715027,3.77457571,4.11203671,10.1442652,0.0499124601,22.2439442,0.225162312,0.117070578,5.24576426,175.885254,170.236481,0.116666667,6.84000015,93.043335,2.87850952,30.0,-27.1214905,28.3309898,9.58859348,6.84000015,0.116666667,93.043335,6.84000015,0.042974297,0.000141949407,1.45018351,0.112390988,0.150003225,2.88843942,0.355107993,2.80193377,0.0306909904,27.1214905,175.885254,3033,hard-iron-off,PM-Stokes,0.27,1
OU-III,adaptive,periodic,wave_data_pmstokes_H1.500_L50.710_A-30.00_P120.00.csv,900.0,180000,0.0834862962,0.0556144603,0.0577606522,0.115755014,5.56575298,3.70763063,3.85070992,8.65186596,0.385561794,14.9809065,0.258999377,0.0881738365,5.31195164,-166.899353,164.044754,0.0633333325,93.9266663,6.01000023,-16.2419128,-30.0,13.7580872,21.7794342,16.2064934,0.0633333325,93.9266663,6.01000023,93.9266663,0.0446019322,0.000145383878,2.32494926,0.443749011,1.1484313,4.63424635,0.283396453,3.08925676,0.298583239,13.7580872,166.899353,3033,hard-iron-off,PM-Stokes,1.5,1
OU-III,adaptive,periodic,wave_data_pmstokes_H4.000_L112.766_A30.00_P30.00.csv,900.0,180000,0.242306158,0.202899918,0.152805522,0.351041555,6.0576539,5.07249784,3.82013798,8.6764555,1.04037023,14.6876097,0.134835288,0.117474563,5.25217342,170.133621,167.294647,0.179444447,95.5888901,4.23166656,19.7609558,30.0,-10.2390442,16.3611259,12.6806335,0.179444447,95.5888901,4.23166656,95.5888901,0.0292268246,0.000150930151,3.67466784,0.908405662,7.74681091,7.32246828,0.200000003,5.0,1.00181174,10.2390442,170.133621,3033,hard-iron-off,PM-Stokes,4.0,1
OU-III,adaptive,periodic,wave_data_pmstokes_H8.500_L202.839_A-30.00_P72.00.csv,900.0,180000,0.656312644,0.377403289,0.309256136,0.817813456,7.72132492,4.44003868,3.63830733,10.8550472,2.16781425,14.2658043,0.580308855,0.102750309,5.22982645,-169.096405,163.745804,1.15444446,91.5022278,7.34333372,-18.4838409,-30.0,11.5161591,22.6062927,18.4980488,91.5022278,1.15444446,7.34333372,91.5022278,0.0943788365,0.000155058049,4.32253933,1.3220284,16.7599316,8.77831364,0.200000003,5.0,2.11363816,11.5161591,169.096405,3033,hard-iron-off,PM-Stokes,8.5,1
TFG,adaptive,periodic,wave_data_jonswap_H0.270_L14.047_A30.00_P60.00.csv,900.0,180000,0.0226340964,0.0323030278,0.0118777342,0.0411930643,8.38299847,11.9640837,4.39916086,20.5877113,0.0534430593,22.2250271,0.29062134,0.126242548,1.46994233,nan,nan,0.0,0.0,100.0,nan,30.0,nan,nan,nan,0.0,0.0,100.0,0.0,0.0456647053,0.000227310898,1.53014684,0.177875862,0.152251452,3.05647588,nan,nan,0.030795794,nan,nan,default,deployed,JONSWAP,0.27,1
TFG,adaptive,periodic,wave_data_jonswap_H1.500_L50.710_A-30.00_P120.00.csv,900.0,180000,0.12966916,0.14393203,0.062951006,0.203699157,8.6446104,9.59546852,4.19673347,15.3701668,0.390963972,16.1014862,0.278983206,0.487015098,1.83245194,nan,nan,0.0,0.0,100.0,nan,-30.0,nan,nan,nan,0.0,0.0,100.0,0.0,0.0932236165,0.000240711248,2.50608253,0.516465545,1.60177565,4.98906136,nan,nan,0.257799357,nan,nan,default,deployed,JONSWAP,1.5,1
TFG,adaptive,periodic,wave_data_jonswap_H4.000_L112.766_A30.00_P30.00.csv,900.0,180000,0.396765083,0.359723836,0.161121875,0.559270978,9.91912746,8.99309635,4.02804708,13.5575533,1.04307246,15.4468546,0.21787636,0.520124316,0.655349493,nan,nan,0.0,0.0,100.0,nan,30.0,nan,nan,nan,0.0,0.0,100.0,0.0,0.0950026438,0.000231518949,3.93711972,0.939394355,9.1077137,7.83341837,nan,nan,0.859586596,nan,nan,default,deployed,JONSWAP,4.0,0
TFG,adaptive,periodic,wave_data_jonswap_H8.500_L202.839_A-30.00_P72.00.csv,900.0,180000,0.840576768,0.709850848,0.313858986,1.14410007,9.88913822,8.35118675,3.69245863,15.0621538,2.15460348,14.5669022,0.505183458,0.675729454,2.20302224,nan,nan,0.0,0.0,100.0,nan,-30.0,nan,nan,nan,0.0,0.0,100.0,0.0,0.143262908,0.000261593988,4.49693966,1.23857212,16.7863598,9.12593937,nan,nan,1.4970237,nan,nan,default,deployed,JONSWAP,8.5,1
TFG,adaptive,periodic,wave_data_pmstokes_H0.270_L14.047_A30.00_P60.00.csv,900.0,180000,0.0224750377,0.031939894,0.0117458291,0.0407829471,8.3240881,11.8295898,4.35030699,21.0781364,0.0499124601,23.5328598,0.287678272,0.121810444,1.57901156,nan,nan,0.0,0.0,100.0,nan,30.0,nan,nan,nan,0.0,0.0,100.0,0.0,0.0448953994,0.000223581214,1.51924002,0.176272944,0.150495678,3.02446294,nan,nan,0.0310942866,nan,nan,default,deployed,PM-Stokes,0.27,1
TFG,adaptive,periodic,wave_data_pmstokes_H1.500_L50.710_A-30.00_P120.00.csv,900.0,180000,0.127389908,0.136196509,0.0614918433,0.196364269,8.49266052,9.07976723,4.09945583,14.6768351,0.385561794,15.9486351,0.273926079,0.530572951,1.8063159,nan,nan,0.0,0.0,100.0,nan,-30.0,nan,nan,nan,0.0,0.0,100.0,0.0,0.100095838,0.000249278673,2.32572842,0.554160535,1.36637354,4.63564825,nan,nan,0.298750252,nan,nan,default,deployed,PM-Stokes,1.5,1
TFG,adaptive,periodic,wave_data_pmstokes_H4.000_L112.766_A30.00_P30.00.csv,900.0,180000,0.393550158,0.343268663,0.159423038,0.546013534,9.8387537,8.58171654,3.98557591,13.4954443,1.04037023,15.3236828,0.212379843,0.42967093,0.604049981,nan,nan,0.0,0.0,100.0,nan,30.0,nan,nan,nan,0.0,0.0,100.0,0.0,0.0794927105,0.00024057331,3.67532349,1.01533353,7.94513941,7.32536983,nan,nan,0.99904424,nan,nan,default,deployed,PM-Stokes,4.0,0
TFG,adaptive,periodic,wave_data_pmstokes_H8.500_L202.839_A-30.00_P72.00.csv,900.0,180000,0.866994798,0.661015093,0.315322101,1.1349225,10.1999388,7.77664804,3.70967174,15.0641155,2.16781425,14.5456228,0.555563807,0.851128519,2.46577644,nan,nan,0.0,0.0,100.0,nan,-30.0,nan,nan,nan,0.0,0.0,100.0,0.0,0.175533444,0.000281048851,4.32274389,1.47110868,16.8483315,8.77819252,nan,nan,2.10727835,nan,nan,default,deployed,PM-Stokes,8.5,1
TFG,adaptive,periodic,wave_data_jonswap_H0.270_L14.047_A30.00_P60.00.csv,900.0,180000,0.0226853434,0.032206852,0.0118800942,0.0411465988,8.40197849,11.928463,4.4000349,20.5644875,0.0534430593,22.2294426,0.284572065,0.125585541,1.86473668,nan,nan,0.0,0.0,100.0,nan,30.0,nan,nan,nan,0.0,0.0,100.0,0.0,0.0447043404,0.000220137401,1.53014684,0.177875862,0.152251452,3.05647588,nan,nan,0.030795794,nan,nan,default,hard-iron-off,JONSWAP,0.27,1
TFG,adaptive,periodic,wave_data_jonswap_H1.500_L50.710_A-30.00_P120.00.csv,900.0,180000,0.126296371,0.141744167,0.062854223,0.199982092,8.41975784,9.44961071,4.19028139,15.089695,0.390963972,16.0767307,0.284229994,0.489120066,2.86950946,nan,nan,0.0,0.0,100.0,nan,-30.0,nan,nan,nan,0.0,0.0,100.0,0.0,0.0924694389,0.000238448119,2.50608253,0.516465545,1.60177565,4.98906136,nan,nan,0.257799357,nan,nan,default,hard-iron-off,JONSWAP,1.5,1
TFG,adaptive,periodic,wave_data_jonswap_H4.000_L112.766_A30.00_P30.00.csv,900.0,180000,0.359020799,0.354298234,0.164738923,0.53062427,8.97552013,8.85745621,4.11847305,12.8631144,1.04307246,15.793622,0.256940633,0.540135384,2.92703724,nan,nan,0.0,0.0,100.0,nan,30.0,nan,nan,nan,0.0,0.0,100.0,0.0,0.0908665434,0.000198239883,3.93711972,0.939394355,9.1077137,7.83341837,nan,nan,0.859586596,nan,nan,default,hard-iron-off,JONSWAP,4.0,1
TFG,adaptive,periodic,wave_data_jonswap_H8.500_L202.839_A-30.00_P72.00.csv,900.0,180000,0.784760773,0.680956244,0.333655894,1.09127319,9.2324791,8.01124954,3.9253633,14.3666849,2.15460348,15.4857216,0.507684648,0.699670851,3.23544288,nan,nan,0.0,0.0,100.0,nan,-30.0,nan,nan,nan,0.0,0.0,100.0,0.0,0.143706515,0.000276845734,4.49693966,1.23857212,16.7863598,9.12593937,nan,nan,1.4970237,nan,nan,default,hard-iron-off,JONSWAP,8.5,1
TFG,adaptive,periodic,wave_data_pmstokes_H0.270_L14.047_A30.00_P60.00.csv,900.0,180000,0.0224848501,0.0318185426,0.0117465081,0.040693596,8.3277216,11.7846451,4.35055828,21.0319557,0.0499124601,23.5342197,0.284110159,0.122257657,1.85818243,nan,nan,0.0,0.0,100.0,nan,30.0,nan,nan,nan,0.0,0.0,100.0,0.0,0.0444385856,0.000220988397,1.51924002,0.176272944,0.150495678,3.02446294,nan,nan,0.0310942866,nan,nan,default,hard-iron-off,PM-Stokes,0.27,1
TFG,adaptive,periodic,wave_data_pmstokes_H1.500_L50.710_A-30.00_P120.00.csv,900.0,180000,0.124472618,0.134290978,0.0614071377,0.193127766,8.2981739,8.95273113,4.09380913,14.4349298,0.385561794,15.9266653,0.28219685,0.534508228,2.98114085,nan,nan,0.0,0.0,100.0,nan,-30.0,nan,nan,nan,0.0,0.0,100.0,0.0,0.0997189954,0.000248791795,2.32572842,0.554160535,1.36637354,4.63564825,nan,nan,0.298750252,nan,nan,default,hard-iron-off,PM-Stokes,1.5,1
TFG,adaptive,periodic,wave_data_pmstokes_H4.000_L112.766_A30.00_P30.00.csv,900.0,180000,0.359590352,0.337899536,0.162630528,0.51954788,8.98975849,8.44748878,4.065763,12.8413115,1.04037023,15.6319857,0.265542328,0.460347146,2.6802156,nan,nan,0.0,0.0,100.0,nan,30.0,nan,nan,nan,0.0,0.0,100.0,0.0,0.0743572637,0.000200149807,3.67532349,1.01533353,7.94513941,7.32536983,nan,nan,0.99904424,nan,nan,default,hard-iron-off,PM-Stokes,4.0,1
TFG,adaptive,periodic,wave_data_pmstokes_H8.500_L202.839_A-30.00_P72.00.csv,900.0,180000,0.821413636,0.641111374,0.334728777,1.09443474,9.66368961,7.54248667,3.93798566,14.5267115,2.16781425,15.4408417,0.563253582,0.876593411,3.64098668,nan,nan,0.0,0.0,100.0,nan,-30.0,nan,nan,nan,0.0,0.0,100.0,0.0,0.176717907,0.000307628739,4.32274389,1.47110868,16.8483315,8.77819252,nan,nan,2.10727835,nan,nan,default,hard-iron-off,PM-Stokes,8.5,1
TFG,adaptive,periodic,wave_data_jonswap_H0.270_L14.047_A30.00_P60.00.csv,900.0,180000,0.022679273,0.0324645117,0.0117760338,0.0413154811,8.39973068,12.0238934,4.36149406,20.6488914,0.0534430593,22.034729,0.485387236,0.131651521,1.37931764,nan,nan,0.0,0.0,100.0,nan,30.0,nan,nan,nan,0.0,0.0,100.0,0.0,0.0788568556,0.000226492237,1.53014684,0.177875862,0.152251452,3.05647588,nan,nan,0.030795794,nan,nan,default,refinement-off,JONSWAP,0.27,1
TFG,adaptive,periodic,wave_data_jonswap_H1.500_L50.710_A-30.00_P120.00.csv,900.0,180000,0.128655106,0.146272928,0.0631466657,0.204781368,8.57700634,9.75152779,4.20977736,15.4518251,0.390963972,16.1515312,0.548821688,0.31068036,1.26240492,nan,nan,0.0,0.0,100.0,nan,-30.0,nan,nan,nan,0.0,0.0,100.0,0.0,0.100896381,0.000242850365,2.50608253,0.516465545,1.60177565,4.98906136,nan,nan,0.257799357,nan,nan,default,refinement-off,JONSWAP,1.5,0
TFG,adaptive,periodic,wave_data_jonswap_H4.000_L112.766_A30.00_P30.00.csv,900.0,180000,0.398401439,0.358627498,0.163114607,0.560306847,9.96003628,8.96568775,4.07786512,13.5826645,1.04307246,15.6378975,0.397775024,0.159676954,0.707808018,nan,nan,0.0,0.0,100.0,nan,30.0,nan,nan,nan,0.0,0.0,100.0,0.0,0.0617786534,0.000253414473,3.93711972,0.939394355,9.1077137,7.83341837,nan,nan,0.859586596,nan,nan,default,refinement-off,JONSWAP,4.0,0
TFG,adaptive,periodic,wave_data_jonswap_H8.500_L202.839_A-30.00_P72.00.csv,900.0,180000,0.830548406,0.727667093,0.31351918,1.14786947,9.77115726,8.56078911,3.68846083,15.1117792,2.15460348,14.5511312,0.768996716,0.520387888,1.70362198,nan,nan,0.0,0.0,100.0,nan,-30.0,nan,nan,nan,0.0,0.0,100.0,0.0,0.153084487,0.000255962135,4.49693966,1.23857212,16.7863598,9.12593937,nan,nan,1.4970237,nan,nan,default,refinement-off,JONSWAP,8.5,1
TFG,adaptive,periodic,wave_data_pmstokes_H0.270_L14.047_A30.00_P60.00.csv,900.0,180000,0.0225247182,0.0321205594,0.0116458777,0.0409233384,8.34248829,11.8965034,4.31328773,21.1506939,0.0499124601,23.3326054,0.481816322,0.12524803,1.4307555,nan,nan,0.0,0.0,100.0,nan,30.0,nan,nan,nan,0.0,0.0,100.0,0.0,0.0779756308,0.000222877585,1.51924002,0.176272944,0.150495678,3.02446294,nan,nan,0.0310942866,nan,nan,default,refinement-off,PM-Stokes,0.27,1
TFG,adaptive,periodic,wave_data_pmstokes_H1.500_L50.710_A-30.00_P120.00.csv,900.0,180000,0.126204431,0.13841854,0.0617132112,0.197220102,8.41362858,9.22790241,4.11421394,14.7408018,0.385561794,16.0060482,0.546649992,0.312601179,1.13311553,nan,nan,0.0,0.0,100.0,nan,-30.0,nan,nan,nan,0.0,0.0,100.0,0.0,0.100777715,0.000251592166,2.32572842,0.554160535,1.36637354,4.63564825,nan,nan,0.298750252,nan,nan,default,refinement-off,PM-Stokes,1.5,0
TFG,adaptive,periodic,wave_data_pmstokes_H4.000_L112.766_A30.00_P30.00.csv,900.0,180000,0.394445062,0.342793435,0.160667866,0.546725154,9.8611269,8.56983566,4.01669645,13.5130339,1.04037023,15.4433346,0.354843646,0.201397717,0.438670784,nan,nan,0.0,0.0,100.0,nan,30.0,nan,nan,nan,0.0,0.0,100.0,0.0,0.0595151819,0.000263331953,3.67532349,1.01533353,7.94513941,7.32536983,nan,nan,0.99904424,nan,nan,default,refinement-off,PM-Stokes,4.0,0
TFG,adaptive,periodic,wave_data_pmstokes_H8.500_L202.839_A-30.00_P72.00.csv,900.0,180000,0.849795818,0.685718954,0.315081596,1.13650334,9.99759769,8.06728172,3.70684218,15.0850992,2.16781425,14.5345297,0.926515758,0.577690661,1.63878167,nan,nan,0.0,0.0,100.0,nan,-30.0,nan,nan,nan,0.0,0.0,100.0,0.0,0.181122765,0.000271676225,4.32274389,1.47110868,16.8483315,8.77819252,nan,nan,2.10727835,nan,nan,default,refinement-off,PM-Stokes,8.5,1
TFG,adaptive,periodic,wave_data_jonswap_H0.270_L14.047_A30.00_P60.00.csv,900.0,180000,0.022559436,0.0318002813,0.0120251086,0.0408018306,8.35534668,11.7778816,4.45374393,20.3921776,0.0534430593,22.5007858,0.220215768,0.106292009,1.9808079,nan,nan,0.0,0.0,100.0,nan,30.0,nan,nan,nan,0.0,0.0,100.0,0.0,0.0348783359,0.000225242344,1.53014684,0.177875862,0.152251452,3.05647588,nan,nan,0.030795794,nan,nan,default,staged-startup,JONSWAP,0.27,1
TFG,adaptive,periodic,wave_data_jonswap_H1.500_L50.710_A-30.00_P120.00.csv,900.0,180000,0.124942683,0.140657097,0.0629664138,0.198393211,8.32951164,9.37713909,4.19776058,14.9698057,0.390963972,16.1054268,0.289002568,0.225537181,2.16990304,nan,nan,0.0,0.0,100.0,nan,-30.0,nan,nan,nan,0.0,0.0,100.0,0.0,0.0514899604,0.000227224664,2.50608253,0.516465545,1.60177565,4.98906136,nan,nan,0.257799357,nan,nan,default,staged-startup,JONSWAP,1.5,1
TFG,adaptive,periodic,wave_data_jonswap_H4.000_L112.766_A30.00_P30.00.csv,900.0,180000,0.367325574,0.342607975,0.164626002,0.528592527,9.1831398,8.5651989,4.11565018,12.8138618,1.04307246,15.7827969,0.982344449,0.252677053,1.96611035,nan,nan,0.0,0.0,100.0,nan,30.0,nan,nan,nan,0.0,0.0,100.0,0.0,0.166223884,0.000247029093,3.93711972,0.939394355,9.1077137,7.83341837,nan,nan,0.859586596,nan,nan,default,staged-startup,JONSWAP,4.0,1
TFG,adaptive,periodic,wave_data_jonswap_H8.500_L202.839_A-30.00_P72.00.csv,900.0,180000,0.764803767,0.705748081,0.333735615,1.09287906,8.99769115,8.30291843,3.92630124,14.387826,2.15460348,15.4894218,0.951736093,0.376746297,2.17758131,nan,nan,0.0,0.0,100.0,nan,-30.0,nan,nan,nan,0.0,0.0,100.0,0.0,0.162407994,0.000266519404,4.49693966,1.23857212,16.7863598,9.12593937,nan,nan,1.4970237,nan,nan,default,staged-startup,JONSWAP,8.5,1
TFG,adaptive,periodic,wave_data_pmstokes_H0.270_L14.047_A30.00_P60.00.csv,900.0,180000,0.0223637354,0.0314227603,0.0118867559,0.0403586589,8.28286457,11.6380587,4.40250206,20.8588467,0.0499124601,23.8152084,0.215669677,0.104696482,1.97616863,nan,nan,0.0,0.0,100.0,nan,30.0,nan,nan,nan,0.0,0.0,100.0,0.0,0.0339249931,0.000225639102,1.51924002,0.176272944,0.150495678,3.02446294,nan,nan,0.0310942866,nan,nan,default,staged-startup,PM-Stokes,0.27,1
TFG,adaptive,periodic,wave_data_pmstokes_H1.500_L50.710_A-30.00_P120.00.csv,900.0,180000,0.122858025,0.134891763,0.0615919866,0.192570642,8.19053459,8.99278355,4.10613251,14.3932886,0.385561794,15.9746084,0.474408686,0.25501895,2.15769506,nan,nan,0.0,0.0,100.0,nan,-30.0,nan,nan,nan,0.0,0.0,100.0,0.0,0.0822041556,0.000231967453,2.32572842,0.554160535,1.36637354,4.63564825,nan,nan,0.298750252,nan,nan,default,staged-startup,PM-Stokes,1.5,1
TFG,adaptive,periodic,wave_data_pmstokes_H4.000_L112.766_A30.00_P30.00.csv,900.0,180000,0.369187236,0.328852981,0.162319586,0.520375967,9.22968102,8.22132492,4.0579896,12.8617783,1.04037023,15.6020985,1.00323749,0.276477873,1.91668832,nan,nan,0.0,0.0,100.0,nan,30.0,nan,nan,nan,0.0,0.0,100.0,0.0,0.169287309,0.000252222526,3.67532349,1.01533353,7.94513941,7.32536983,nan,nan,0.99904424,nan,nan,default,staged-startup,PM-Stokes,4.0,1
TFG,adaptive,periodic,wave_data_pmstokes_H8.500_L202.839_A-30.00_P72.00.csv,900.0,180000,0.791410923,0.664062917,0.335615665,1.08625448,9.31071663,7.81250477,3.94841957,14.4181328,2.16781425,15.4817533,1.01676738,0.385860145,2.13763642,nan,nan,0.0,0.0,100.0,nan,-30.0,nan,nan,nan,0.0,0.0,100.0,0.0,0.172000095,0.000289349729,4.32274389,1.47110868,16.8483315,8.77819252,nan,nan,2.10727835,nan,nan,default,staged-startup,PM-Stokes,8.5,1
