arm,record,seed,gate,roll_rms_deg,pitch_rms_deg,yaw_rms_deg,disp_z_rms_m,disp_3d_rms_m,disp_z_pct_hs,accel_bias_3d_rms_mps2,gyro_bias_3d_rms_radps,tau_applied_s,sigma_applied_mps2
deployed,jonswap_H0.270,1,FAIL,0.267096162,0.49001509,3.48213768,0.011920847,0.0586024784,4.41512823,0.0854629651,0.000241947113,1.2979629,0.350299329
deployed,jonswap_H0.270,2,FAIL,0.331789941,0.205154836,4.04916048,0.01364954,0.0562880635,5.05538511,0.0595967695,0.000238728491,1.28338206,0.351867527
deployed,jonswap_H0.270,3,FAIL,0.185608208,0.221429169,5.07823515,0.0119792307,0.0557360239,4.43675184,0.0374171361,0.000223022013,1.25628102,0.361486852
deployed,jonswap_H0.270,4,FAIL,0.312344164,0.26909247,2.42460012,0.0125132632,0.0556513406,4.63454199,0.0627020225,0.000219368492,1.26532924,0.350926667
deployed,jonswap_H0.270,5,FAIL,0.337719977,0.397811294,5.82882977,0.0117983939,0.056541387,4.3697753,0.0855105594,0.000204216805,1.25790656,0.351814181
deployed,jonswap_H1.500,1,FAIL,0.245124757,0.480250865,3.27713847,0.0593226962,0.26750496,3.95484614,0.0790788159,0.000246834243,2.18100834,0.725073874
deployed,jonswap_H1.500,2,FAIL,0.417959183,0.228667885,2.81976461,0.0665328279,0.25831908,4.4355216,0.0733055845,0.000247198361,2.18478942,0.726248801
deployed,jonswap_H1.500,3,FAIL,0.228550613,0.26769653,3.39475465,0.0582044497,0.255412489,3.88029647,0.0454841852,0.000235562431,2.17850184,0.729600251
deployed,jonswap_H1.500,4,FAIL,0.384012341,0.310194194,1.55486906,0.0608607121,0.252855271,4.05738068,0.0753369778,0.000191236424,2.18348646,0.705704868
deployed,jonswap_H1.500,5,FAIL,0.286584228,0.433537155,6.30119801,0.0564048104,0.256311029,3.76032066,0.0841449276,0.000200141483,2.1777575,0.720317721
deployed,jonswap_H4.000,1,FAIL,0.373164207,0.467061222,2.25475907,0.15672943,0.725307107,3.91823578,0.0858867019,0.000245409727,3.58995557,1.12531114
deployed,jonswap_H4.000,2,FAIL,0.26111728,0.262932867,3.42381287,0.16977793,0.716174066,4.24444818,0.0509579442,0.000235764397,3.59055161,1.12450373
deployed,jonswap_H4.000,3,FAIL,0.182543233,0.328106225,4.50761175,0.153607368,0.691279113,3.84018421,0.0476201475,0.000234833657,3.58910298,1.12369895
deployed,jonswap_H4.000,4,FAIL,0.274561226,0.35568285,1.86630476,0.165248051,0.712703526,4.13120127,0.0641685575,0.000168896615,3.59000444,1.12445807
deployed,jonswap_H4.000,5,FAIL,0.362673432,0.434049666,3.18737721,0.152159169,0.721877515,3.80397916,0.095161289,0.000312168238,3.58899474,1.12265122
deployed,jonswap_H8.500,1,FAIL,0.326730549,0.506400883,3.08592987,0.346534401,1.34251785,4.07687521,0.0881482065,0.000235085259,4.22194338,1.42213702
deployed,jonswap_H8.500,2,FAIL,0.330669075,0.235265344,2.70370603,0.340837181,1.23359632,4.00984907,0.054600928,0.000243730741,4.22111464,1.41873169
deployed,jonswap_H8.500,3,FAIL,0.190200582,0.310211122,2.7797401,0.33584103,1.28424037,3.95107079,0.039623674,0.000255724299,4.22255135,1.41927826
deployed,jonswap_H8.500,4,FAIL,0.330339551,0.294481546,1.50753903,0.346666038,1.3059839,4.07842398,0.0619909801,0.000164465848,4.22084951,1.41782928
deployed,jonswap_H8.500,5,FAIL,0.324174374,0.403106183,5.64872217,0.319684446,1.31531572,3.76099348,0.0844964832,0.000225815631,4.22343445,1.41919327
deployed,pmstokes_H0.270,1,FAIL,0.260898143,0.498573661,3.21725941,0.0119393542,0.0574824922,4.42198277,0.0862087756,0.000239645029,1.18999803,0.396765739
deployed,pmstokes_H0.270,2,FAIL,0.343915313,0.198658451,4.00192547,0.0130150812,0.0548539683,4.82040024,0.0608698167,0.000237749933,1.17476964,0.395676285
deployed,pmstokes_H0.270,3,FAIL,0.191119269,0.221362263,4.79561615,0.0117290318,0.054155767,4.34408569,0.0380131416,0.000226599863,1.14895809,0.385182202
deployed,pmstokes_H0.270,4,FAIL,0.323655307,0.253547132,2.34306884,0.0123703936,0.0542735569,4.58162737,0.0627957657,0.000226642325,1.1575098,0.397553384
deployed,pmstokes_H0.270,5,FAIL,0.324156225,0.376744986,5.1331768,0.011788236,0.0549771003,4.36601305,0.0817432031,0.000212467174,1.14930069,0.397042245
deployed,pmstokes_H1.500,1,FAIL,0.2595855,0.517430425,3.23270917,0.058530461,0.257876813,3.90203071,0.0857570693,0.000244127063,2.04409766,0.791541398
deployed,pmstokes_H1.500,2,FAIL,0.383191168,0.199960172,2.84680057,0.0608511083,0.241631612,4.05674028,0.0648283586,0.000251630787,2.04525042,0.790915489
deployed,pmstokes_H1.500,3,FAIL,0.209167123,0.23399888,3.19558024,0.0559257194,0.242628902,3.72838116,0.0383806489,0.000233894927,2.04276919,0.790095568
deployed,pmstokes_H1.500,4,FAIL,0.349012047,0.275588334,1.69426215,0.058428742,0.240552276,3.89524937,0.066134803,0.000204383308,2.04334545,0.791755617
deployed,pmstokes_H1.500,5,FAIL,0.32163614,0.392677873,6.02108002,0.054419715,0.243908256,3.62798095,0.0827367157,0.000199327158,2.04234433,0.789882421
deployed,pmstokes_H4.000,1,FAIL,0.369928539,0.553523362,2.31076264,0.159204885,0.702916503,3.98012209,0.0979590565,0.000246866315,3.28950691,1.12080824
deployed,pmstokes_H4.000,2,FAIL,0.278421551,0.205805391,3.56664586,0.162844807,0.666250288,4.07112026,0.0450991355,0.000239347733,3.29101133,1.12507129
deployed,pmstokes_H4.000,3,FAIL,0.185825497,0.240331069,4.390275,0.151975796,0.644964397,3.79939485,0.033233203,0.000246404583,3.29030442,1.12649322
deployed,pmstokes_H4.000,4,FAIL,0.243695423,0.28134349,1.88314593,0.158183724,0.669275999,3.95459318,0.0485020466,0.000206302968,3.29041028,1.12568247
deployed,pmstokes_H4.000,5,FAIL,0.423942655,0.339185089,2.90170693,0.14525044,0.675142467,3.63126087,0.0905963331,0.000245573203,3.29185557,1.12286091
deployed,pmstokes_H8.500,1,FAIL,0.246421024,0.463730276,3.36436105,0.351723194,1.27578402,4.1379199,0.0772752464,0.000236507098,4.10336018,1.49639642
deployed,pmstokes_H8.500,2,FAIL,0.439796895,0.269409627,2.924721,0.323775738,1.16291881,3.80912638,0.074310936,0.000239353307,4.10316706,1.49501801
deployed,pmstokes_H8.500,3,FAIL,0.198877648,0.298122972,2.53912091,0.321803778,1.22869742,3.78592682,0.0364140905,0.0003485083,4.10334301,1.49589336
deployed,pmstokes_H8.500,4,FAIL,0.580113173,0.381637871,1.79230201,0.341864973,1.21526003,4.02194071,0.10669896,0.000237782922,4.10386848,1.48797488
deployed,pmstokes_H8.500,5,FAIL,0.3012954,0.451682001,5.87707758,0.320966721,1.22928512,3.77607894,0.0836508572,0.000186097503,4.10165882,1.49425924
sga_0.36,jonswap_H0.270,1,FAIL,0.264071494,0.503188491,3.45024514,0.0117620844,0.0586679839,4.35632753,0.087365143,0.00024224371,1.2979629,0.350299329
sga_0.36,jonswap_H0.270,2,FAIL,0.331217378,0.206195369,4.05061626,0.0143406997,0.0565116368,5.3113699,0.0595438182,0.000238930297,1.28338206,0.351867527
sga_0.36,jonswap_H0.270,3,FAIL,0.185957,0.208015159,5.11644268,0.0119506046,0.0558191612,4.42614985,0.0352169648,0.000223709256,1.25628102,0.361486852
sga_0.36,jonswap_H0.270,4,FAIL,0.304174244,0.301427841,2.50302601,0.0126458323,0.0557373129,4.68364143,0.0653323159,0.000219061476,1.26532924,0.350926667
sga_0.36,jonswap_H0.270,5,FAIL,0.337895483,0.389317483,5.80869436,0.0122372126,0.0566405207,4.53230095,0.0844593793,0.000205178963,1.25790656,0.351814181
sga_0.36,jonswap_H1.500,1,FAIL,0.243228555,0.489298224,3.25611949,0.0583293289,0.267505288,3.88862181,0.0804384276,0.000246706099,2.18100834,0.725073874
sga_0.36,jonswap_H1.500,2,FAIL,0.418104738,0.227537587,2.81626987,0.0677231029,0.258546561,4.5148735,0.0731866583,0.000247592106,2.18478942,0.726248801
sga_0.36,jonswap_H1.500,3,FAIL,0.229497209,0.256257027,3.42636609,0.0573433265,0.255049497,3.82288837,0.0440021977,0.000228598306,2.17850184,0.729600251
sga_0.36,jonswap_H1.500,4,FAIL,0.379800498,0.327596575,1.59664345,0.0606027842,0.252910376,4.04018545,0.076500237,0.000204822514,2.18348646,0.705704868
sga_0.36,jonswap_H1.500,5,FAIL,0.28655237,0.430357844,6.29381037,0.0558768287,0.256040931,3.72512174,0.0836978927,0.000198056237,2.1777575,0.720317721
sga_0.36,jonswap_H4.000,1,FAIL,0.371681899,0.471818,2.24255967,0.154312864,0.724251747,3.8578217,0.0863495916,0.000247129326,3.58995557,1.12531114
sga_0.36,jonswap_H4.000,2,FAIL,0.260855079,0.263685495,3.4261446,0.170622841,0.714927137,4.26557112,0.0509881601,0.000235473737,3.59055161,1.12450373
sga_0.36,jonswap_H4.000,3,FAIL,0.182523191,0.335991561,4.48689318,0.151375979,0.690518498,3.78439951,0.0485730581,0.000240498804,3.58910298,1.12369895
sga_0.36,jonswap_H4.000,4,FAIL,0.274490088,0.355788738,1.86605489,0.164400056,0.710966229,4.11000156,0.064265959,0.000165095029,3.59000444,1.12445807
sga_0.36,jonswap_H4.000,5,FAIL,0.359915525,0.419581056,3.14861727,0.150848463,0.721064031,3.77121162,0.093200542,0.000317645259,3.58899474,1.12265122
sga_0.36,jonswap_H8.500,1,FAIL,0.326043129,0.508646131,3.08063793,0.344752312,1.34124255,4.05590963,0.0884311348,0.000235764484,4.22194338,1.42213702
sga_0.36,jonswap_H8.500,2,FAIL,0.330661297,0.234827742,2.70235085,0.341185212,1.23109114,4.01394367,0.0545231402,0.000243540737,4.22111464,1.41873169
sga_0.36,jonswap_H8.500,3,FAIL,0.189658031,0.314056158,2.76882148,0.334062099,1.28232074,3.93014216,0.0401288308,0.000254355255,4.22255135,1.41927826
sga_0.36,jonswap_H8.500,4,FAIL,0.330224723,0.294995159,1.50910938,0.345126182,1.30260992,4.06030798,0.0620387457,0.000161300035,4.22084951,1.41782928
sga_0.36,jonswap_H8.500,5,FAIL,0.322117388,0.393844604,5.62259436,0.316980541,1.31496,3.72918272,0.0832128152,0.000226308926,4.22343445,1.41919327
sga_0.36,pmstokes_H0.270,1,FAIL,0.257581383,0.512957156,3.18289518,0.0117947021,0.0575092211,4.3684082,0.0883205608,0.000239419664,1.18999803,0.396765739
sga_0.36,pmstokes_H0.270,2,FAIL,0.34312126,0.201025695,4.00777769,0.0134935798,0.0550121553,4.99762201,0.0609224439,0.000237832195,1.17476964,0.395676285
sga_0.36,pmstokes_H0.270,3,FAIL,0.190655798,0.224108323,4.78786278,0.0116333663,0.0541588739,4.30865431,0.0383378267,0.000224255287,1.14895809,0.385182202
sga_0.36,pmstokes_H0.270,4,FAIL,0.323437572,0.254817098,2.34635496,0.0124285351,0.0543382913,4.60316086,0.0628113523,0.000232954728,1.1575098,0.397553384
sga_0.36,pmstokes_H0.270,5,FAIL,0.320360333,0.355837405,5.0769372,0.0121585382,0.0550341979,4.50316238,0.0785818025,0.000212001003,1.14930069,0.397042245
sga_0.36,pmstokes_H1.500,1,FAIL,0.258556366,0.521095276,3.22530103,0.0574424267,0.257804036,3.82949495,0.0863490701,0.000243189701,2.04409766,0.791541398
sga_0.36,pmstokes_H1.500,2,FAIL,0.383681685,0.19819124,2.84149909,0.0613707043,0.241655737,4.09138012,0.0647385269,0.000252624042,2.04525042,0.790915489
sga_0.36,pmstokes_H1.500,3,FAIL,0.21002841,0.220936254,3.23279881,0.0549206324,0.24224712,3.66137528,0.0367390849,0.00022506727,2.04276919,0.790095568
sga_0.36,pmstokes_H1.500,4,FAIL,0.344375759,0.294192612,1.74185967,0.057641618,0.240440905,3.84277439,0.0673428327,0.000221944312,2.04334545,0.791755617
sga_0.36,pmstokes_H1.500,5,FAIL,0.322162032,0.39203015,6.02045822,0.0535892472,0.243520632,3.57261634,0.0826310739,0.000194977794,2.04234433,0.789882421
sga_0.36,pmstokes_H4.000,1,FAIL,0.369153857,0.556150675,2.30492353,0.157009169,0.701855659,3.92522931,0.0982963145,0.000247238466,3.28950691,1.12080824
sga_0.36,pmstokes_H4.000,2,FAIL,0.278447419,0.205230981,3.56557941,0.163077936,0.665272534,4.07694817,0.0450631604,0.00023938503,3.29101133,1.12507129
sga_0.36,pmstokes_H4.000,3,FAIL,0.185315415,0.235363871,4.40306234,0.149553791,0.643886685,3.73884487,0.0322633348,0.000247618213,3.29030442,1.12649322
sga_0.36,pmstokes_H4.000,4,FAIL,0.242037326,0.289540321,1.90412748,0.156392962,0.667597413,3.90982413,0.0494259298,0.000204639116,3.29041028,1.12568247
sga_0.36,pmstokes_H4.000,5,FAIL,0.422920167,0.333400548,2.88492179,0.142810449,0.673733115,3.57026124,0.0899771005,0.000247151125,3.29185557,1.12286091
sga_0.36,pmstokes_H8.500,1,FAIL,0.246226549,0.464872748,3.36154032,0.349759549,1.27439129,4.1148181,0.0774536207,0.000236492924,4.10336018,1.49639642
sga_0.36,pmstokes_H8.500,2,FAIL,0.439841896,0.269418657,2.92470098,0.322201252,1.16036153,3.79060292,0.0743038133,0.000239176792,4.10316706,1.49501801
sga_0.36,pmstokes_H8.500,3,FAIL,0.198385239,0.299083114,2.53495169,0.318371475,1.22661817,3.74554658,0.0364481173,0.000347970781,4.10334301,1.49589336
sga_0.36,pmstokes_H8.500,4,FAIL,0.578584552,0.387415558,1.8061682,0.341118336,1.21342528,4.01315689,0.106952235,0.000238115215,4.10386848,1.48797488
sga_0.36,pmstokes_H8.500,5,FAIL,0.301062942,0.449709713,5.87149525,0.317738324,1.22661912,3.73809791,0.0833766684,0.000186046367,4.10165882,1.49425924
sga_0.5,jonswap_H0.270,1,FAIL,0.264634579,0.500347137,3.45710015,0.0117298942,0.0586245768,4.34440517,0.086943306,0.000242232767,1.2979629,0.350299329
sga_0.5,jonswap_H0.270,2,FAIL,0.331862271,0.204848439,4.04718733,0.0141376015,0.0564434305,5.23614836,0.0595367253,0.000238871537,1.28338206,0.351867527
sga_0.5,jonswap_H0.270,3,FAIL,0.186036497,0.211590469,5.10616398,0.0118878167,0.0557756759,4.40289497,0.0358584151,0.000223254363,1.25628102,0.361486852
sga_0.5,jonswap_H0.270,4,FAIL,0.307991326,0.286321759,2.46635962,0.0125571657,0.0557032116,4.65080214,0.0640420094,0.000219117457,1.26532924,0.350926667
sga_0.5,jonswap_H0.270,5,FAIL,0.337438524,0.390386045,5.81089783,0.0120606972,0.056604974,4.46692467,0.0845109746,0.000204763754,1.25790656,0.351814181
sga_0.5,jonswap_H1.500,1,FAIL,0.243664265,0.487053096,3.26130795,0.0584292561,0.267459333,3.8952837,0.0800988227,0.000246766955,2.18100834,0.725073874
sga_0.5,jonswap_H1.500,2,FAIL,0.418154836,0.227676958,2.81677389,0.0674837977,0.258507341,4.49891949,0.0732158571,0.000247491,2.18478942,0.726248801
sga_0.5,jonswap_H1.500,3,FAIL,0.229330778,0.25891155,3.41891289,0.0574309379,0.255108535,3.82872915,0.0443548411,0.00023048342,2.17850184,0.729600251
sga_0.5,jonswap_H1.500,4,FAIL,0.381108373,0.322256893,1.58375359,0.0605784543,0.252869904,4.03856325,0.0761320665,0.000200700844,2.18348646,0.705704868
sga_0.5,jonswap_H1.500,5,FAIL,0.286542475,0.431035638,6.29538059,0.0559011102,0.256084353,3.7267406,0.0837855414,0.000198581198,2.1777575,0.720317721
sga_0.5,jonswap_H4.000,1,FAIL,0.372099519,0.470468998,2.24595785,0.154641345,0.724484921,3.86603355,0.086217083,0.000246659736,3.58995557,1.12531114
sga_0.5,jonswap_H4.000,2,FAIL,0.260891467,0.263691455,3.42608643,0.170432582,0.715300322,4.26081467,0.0510027558,0.000235550688,3.59055161,1.12450373
sga_0.5,jonswap_H4.000,3,FAIL,0.182541028,0.333509177,4.49334908,0.151684657,0.690653026,3.7921164,0.0482538939,0.000239319459,3.58910298,1.12369895
sga_0.5,jonswap_H4.000,4,FAIL,0.274505377,0.355773568,1.8660661,0.164462253,0.711395383,4.11155653,0.0642534941,0.000165740581,3.59000444,1.12445807
sga_0.5,jonswap_H4.000,5,FAIL,0.36068213,0.42352137,3.15912509,0.150984541,0.72128433,3.77461362,0.0937373266,0.000316457154,3.58899474,1.12265122
sga_0.5,jonswap_H8.500,1,FAIL,0.326169521,0.508191943,3.08165026,0.344970644,1.34153664,4.05847788,0.0883742571,0.000235572094,4.22194338,1.42213702
sga_0.5,jonswap_H8.500,2,FAIL,0.330733687,0.234802008,2.70217776,0.341072172,1.23169327,4.01261377,0.0545359291,0.000243611925,4.22111464,1.41873169
sga_0.5,jonswap_H8.500,3,FAIL,0.189851984,0.312517554,2.77313924,0.334295869,1.28272891,3.93289256,0.0399244912,0.00025472691,4.22255135,1.41927826
sga_0.5,jonswap_H8.500,4,FAIL,0.330321878,0.294671535,1.50810897,0.345313579,1.3033936,4.0625124,0.0620123446,0.000162118566,4.22084951,1.41782928
sga_0.5,jonswap_H8.500,5,FAIL,0.322591573,0.39589712,5.62838602,0.317362517,1.31500173,3.73367667,0.0834974721,0.000226190386,4.22343445,1.41919327
sga_0.5,pmstokes_H0.270,1,FAIL,0.258336335,0.509465694,3.19105053,0.0117573645,0.0574822165,4.35457945,0.0877978355,0.000239649875,1.18999803,0.396765739
sga_0.5,pmstokes_H0.270,2,FAIL,0.343780488,0.199147344,4.00269938,0.0133373337,0.054959476,4.93975306,0.0608687252,0.000237796339,1.17476964,0.395676285
sga_0.5,pmstokes_H0.270,3,FAIL,0.191089392,0.220872253,4.79717493,0.0115811834,0.0541408248,4.28932714,0.037922401,0.00022521893,1.14895809,0.385182202
sga_0.5,pmstokes_H0.270,4,FAIL,0.323843569,0.25322783,2.3422277,0.012348908,0.0543042235,4.57366943,0.062734507,0.000230070742,1.1575098,0.397553384
sga_0.5,pmstokes_H0.270,5,FAIL,0.321586519,0.36187458,5.09352064,0.0119999982,0.0550107397,4.4444437,0.0794996619,0.000212281462,1.14930069,0.397042245
sga_0.5,pmstokes_H1.500,1,FAIL,0.258720607,0.520510852,3.22631931,0.0575634949,0.257784307,3.83756614,0.0862492099,0.000243450253,2.04409766,0.791541398
sga_0.5,pmstokes_H1.500,2,FAIL,0.383552849,0.198674023,2.84288979,0.061233826,0.24165225,4.08225489,0.0647604316,0.000252353901,2.04525042,0.790915489
sga_0.5,pmstokes_H1.500,3,FAIL,0.209851086,0.224065498,3.22377753,0.0550209768,0.242305025,3.66806507,0.0371363424,0.000227137876,2.04276919,0.790095568
sga_0.5,pmstokes_H1.500,4,FAIL,0.345686913,0.288977742,1.72852778,0.0577207431,0.240438908,3.8480494,0.0669890568,0.000217321809,2.04334545,0.791755617
sga_0.5,pmstokes_H1.500,5,FAIL,0.32196787,0.391877472,6.01975536,0.0536642857,0.243594959,3.57761884,0.0826072171,0.000196055495,2.04234433,0.789882421
sga_0.5,pmstokes_H4.000,1,FAIL,0.369244456,0.555863202,2.30550218,0.157302514,0.702076614,3.93256283,0.0982571393,0.000247174728,3.28950691,1.12080824
sga_0.5,pmstokes_H4.000,2,FAIL,0.278506786,0.205263466,3.56534171,0.16298227,0.665515423,4.07455683,0.0450678132,0.000239373127,3.29101133,1.12507129
sga_0.5,pmstokes_H4.000,3,FAIL,0.185451582,0.235905185,4.402071,0.149884075,0.644091964,3.74710178,0.0324002244,0.000247423275,3.29030442,1.12649322
sga_0.5,pmstokes_H4.000,4,FAIL,0.242489681,0.287420452,1.89860404,0.156619415,0.667943716,3.91548538,0.049192626,0.000204848664,3.29041028,1.12568247
sga_0.5,pmstokes_H4.000,5,FAIL,0.423138589,0.334508896,2.88815641,0.14314729,0.674045801,3.57868218,0.0900950804,0.00024690479,3.29185557,1.12286091
sga_0.5,pmstokes_H8.500,1,FAIL,0.246248618,0.464763373,3.3617816,0.350007951,1.27468872,4.11774063,0.0774338618,0.000236516746,4.10336018,1.49639642
sga_0.5,pmstokes_H8.500,2,FAIL,0.439881623,0.269338369,2.92438936,0.322388053,1.1609298,3.79280066,0.0743035674,0.000239219109,4.10316706,1.49501801
sga_0.5,pmstokes_H8.500,3,FAIL,0.198494628,0.298307955,2.5375061,0.318852365,1.22702563,3.75120425,0.0363592841,0.000348191592,4.10334301,1.49589336
sga_0.5,pmstokes_H8.500,4,FAIL,0.578951538,0.38609606,1.80289853,0.341162145,1.21382666,4.01367235,0.106896915,0.000238103312,4.10386848,1.48797488
sga_0.5,pmstokes_H8.500,5,FAIL,0.301119417,0.450062335,5.87245941,0.318176776,1.22714055,3.74325609,0.0834323689,0.000186049409,4.10165882,1.49425924
sga_0.71,jonswap_H0.270,1,FAIL,0.265734881,0.495534986,3.46871662,0.0117449602,0.0585962273,4.34998512,0.0862503871,0.000242112932,1.2979629,0.350299329
sga_0.71,jonswap_H0.270,2,FAIL,0.332127273,0.204302996,4.04611349,0.0138709005,0.0563624166,5.13737059,0.0595482066,0.000238809822,1.28338206,0.351867527
sga_0.71,jonswap_H0.270,3,FAIL,0.185925797,0.216231823,5.09310198,0.0118598556,0.0557406805,4.39253902,0.0366187356,0.000223031922,1.25628102,0.361486852
sga_0.71,jonswap_H0.270,4,FAIL,0.310844809,0.27509439,2.43901372,0.0124759395,0.0556670167,4.620718,0.0631486252,0.000219282534,1.26532924,0.350926667
sga_0.71,jonswap_H0.270,5,FAIL,0.337413996,0.393592656,5.81851435,0.0118660973,0.0565640889,4.39485073,0.0849119276,0.000204413605,1.25790656,0.351814181
sga_0.71,jonswap_H1.500,1,FAIL,0.244341493,0.483787894,3.26880312,0.0586915985,0.267438889,3.91277313,0.0796100348,0.000246812153,2.18100834,0.725073874
sga_0.71,jonswap_H1.500,2,FAIL,0.418142617,0.227985397,2.81774139,0.0670694262,0.258434772,4.47129488,0.0732545331,0.000247345684,2.18478942,0.726248801
sga_0.71,jonswap_H1.500,3,FAIL,0.229012564,0.262936413,3.4077816,0.0576585606,0.255226731,3.84390378,0.0448764116,0.000233023355,2.17850184,0.729600251
sga_0.71,jonswap_H1.500,4,FAIL,0.382667005,0.315843105,1.56833267,0.0606086291,0.252835125,4.04057503,0.0757030025,0.000195688786,2.18348646,0.705704868
sga_0.71,jonswap_H1.500,5,FAIL,0.286549687,0.432137012,6.29788733,0.0560156927,0.25616765,3.73437929,0.0839388222,0.000199340706,2.1777575,0.720317721
sga_0.71,jonswap_H4.000,1,FAIL,0.372650892,0.468694121,2.2504766,0.155343533,0.724827766,3.88358831,0.0860416144,0.000246045965,3.58995557,1.12531114
sga_0.71,jonswap_H4.000,2,FAIL,0.260982513,0.263454318,3.42532039,0.170119911,0.715762973,4.25299788,0.0509952717,0.000235650514,3.59055161,1.12450373
sga_0.71,jonswap_H4.000,3,FAIL,0.182557493,0.330575705,4.5009985,0.152330369,0.690896451,3.80825925,0.0478925444,0.000237405417,3.58910298,1.12369895
sga_0.71,jonswap_H4.000,4,FAIL,0.274528801,0.355748922,1.86614656,0.164667785,0.711993575,4.11669445,0.0642234683,0.000166962418,3.59000444,1.12445807
sga_0.71,jonswap_H4.000,5,FAIL,0.361687481,0.428773463,3.17316318,0.151330516,0.721560359,3.78326297,0.0944478437,0.000314574922,3.58899474,1.12265122
sga_0.71,jonswap_H8.500,1,FAIL,0.326404124,0.507420301,3.08345032,0.345456481,1.34195149,4.06419373,0.0882775411,0.000235310115,4.22194338,1.42213702
sga_0.71,jonswap_H8.500,2,FAIL,0.330779046,0.234879926,2.70233774,0.340919614,1.23257792,4.01081896,0.0545596369,0.000243681992,4.22111464,1.41873169
sga_0.71,jonswap_H8.500,3,FAIL,0.190070853,0.310923904,2.77770615,0.334801435,1.28337491,3.93884039,0.039713949,0.000255216146,4.22255135,1.41927826
sga_0.71,jonswap_H8.500,4,FAIL,0.330398768,0.294381976,1.50722563,0.345742673,1.30458295,4.06756067,0.0619873069,0.000163261953,4.22084951,1.41782928
sga_0.71,jonswap_H8.500,5,FAIL,0.32330355,0.399089932,5.63744354,0.318147957,1.31510341,3.74291706,0.0839406624,0.000226026226,4.22343445,1.41919327
sga_0.71,pmstokes_H0.270,1,FAIL,0.259550065,0.504216313,3.20357251,0.0117670484,0.0574655347,4.35816574,0.0870306492,0.000239698507,1.18999803,0.396765739
sga_0.71,pmstokes_H0.270,2,FAIL,0.344132006,0.198145747,4.00011635,0.0131424274,0.0548999794,4.86756563,0.0608476363,0.000237777349,1.17476964,0.395676285
sga_0.71,pmstokes_H0.270,3,FAIL,0.191270947,0.219819605,4.80021811,0.0115733743,0.0541327745,4.28643465,0.0377973802,0.000226058997,1.14895809,0.385182202
sga_0.71,pmstokes_H0.270,4,FAIL,0.323970139,0.252605379,2.34062719,0.0122904265,0.0542736799,4.55200958,0.0627170354,0.000227962475,1.1575098,0.397553384
sga_0.71,pmstokes_H0.270,5,FAIL,0.322927564,0.36929664,5.11331797,0.0118288938,0.0549835563,4.38107157,0.0806188062,0.000212394982,1.14930069,0.397042245
sga_0.71,pmstokes_H1.500,1,FAIL,0.259066492,0.51928705,3.22877479,0.0578593984,0.25779146,3.85729313,0.0860522315,0.000243781309,2.04409766,0.791541398
sga_0.71,pmstokes_H1.500,2,FAIL,0.383392692,0.19928062,2.84467316,0.0610256083,0.241641536,4.06837368,0.06479197,0.000251996331,2.04525042,0.790915489
sga_0.71,pmstokes_H1.500,3,FAIL,0.209560201,0.22867237,3.21063757,0.0552868918,0.242420495,3.68579268,0.0377159715,0.000230263162,2.04276919,0.790095568
sga_0.71,pmstokes_H1.500,4,FAIL,0.347397476,0.282130033,1.71099758,0.0579273961,0.240460634,3.86182618,0.066541478,0.00021094257,2.04334545,0.791755617
sga_0.71,pmstokes_H1.500,5,FAIL,0.321752876,0.391981721,6.01963568,0.0538762659,0.24371624,3.59175086,0.0826244876,0.000197615576,2.04234433,0.789882421
sga_0.71,pmstokes_H4.000,1,FAIL,0.369480222,0.555076122,2.30719686,0.157935634,0.702432871,3.94839096,0.0981556252,0.000247066608,3.28950691,1.12080824
sga_0.71,pmstokes_H4.000,2,FAIL,0.278529644,0.205408499,3.56544566,0.162853986,0.665861011,4.07134962,0.0450781062,0.000239355431,3.29101133,1.12507129
sga_0.71,pmstokes_H4.000,3,FAIL,0.185639754,0.237398461,4.39842176,0.150589183,0.644440591,3.7647295,0.0327046104,0.000247051124,3.29030442,1.12649322
sga_0.71,pmstokes_H4.000,4,FAIL,0.243109986,0.284406364,1.89084482,0.157118589,0.668505132,3.92796469,0.0488557704,0.000205352044,3.29041028,1.12568247
sga_0.71,pmstokes_H4.000,5,FAIL,0.423479766,0.336392611,2.8935926,0.14385739,0.674520671,3.59643483,0.0902945623,0.000246381183,3.29185557,1.12286091
sga_0.71,pmstokes_H8.500,1,FAIL,0.246303067,0.464443803,3.36256027,0.350557208,1.27514017,4.12420225,0.0773832947,0.000236516789,4.10336018,1.49639642
sga_0.71,pmstokes_H8.500,2,FAIL,0.439901143,0.269274533,2.92422318,0.322827101,1.16180694,3.79796576,0.0743046105,0.000239288915,4.10316706,1.49501801
sga_0.71,pmstokes_H8.500,3,FAIL,0.198665068,0.297683358,2.53983808,0.319864243,1.22770905,3.76310873,0.0363058634,0.000348408037,4.10334301,1.49589336
sga_0.71,pmstokes_H8.500,4,FAIL,0.579497933,0.38407439,1.79800546,0.341336071,1.21446466,4.01571846,0.106810004,0.000238008637,4.10386848,1.48797488
sga_0.71,pmstokes_H8.500,5,FAIL,0.301206529,0.450729042,5.87441063,0.319119006,1.22801197,3.75434113,0.0835264996,0.000186065095,4.10165882,1.49425924
sga_1.41,jonswap_H0.270,1,FAIL,0.268341035,0.485209048,3.4938786,0.0124263819,0.0586729161,4.60236359,0.0847666636,0.000241806032,1.2979629,0.350299329
sga_1.41,jonswap_H0.270,2,FAIL,0.331137717,0.206712559,4.0544405,0.0136323394,0.0562500656,5.04901457,0.0596675277,0.000238648747,1.28338206,0.351867527
sga_1.41,jonswap_H0.270,3,FAIL,0.185197309,0.226461127,5.0635457,0.012406854,0.0557927154,4.59513092,0.0381749608,0.000223126059,1.25628102,0.361486852
sga_1.41,jonswap_H0.270,4,FAIL,0.312908798,0.266680539,2.41926408,0.0128337825,0.0556919836,4.75325251,0.0625392199,0.000219430964,1.26532924,0.350926667
sga_1.41,jonswap_H0.270,5,FAIL,0.338142663,0.402076602,5.83965874,0.0120535027,0.0565749668,4.4642601,0.0861743763,0.000204157113,1.25790656,0.351814181
sga_1.41,jonswap_H1.500,1,FAIL,0.24588725,0.477038205,3.28477049,0.0607668944,0.267764777,4.051126,0.0785842985,0.000246841897,2.18100834,0.725073874
sga_1.41,jonswap_H1.500,2,FAIL,0.417528838,0.22982052,2.82329869,0.0661489069,0.258209109,4.40992689,0.073372215,0.000247068005,2.18478942,0.726248801
sga_1.41,jonswap_H1.500,3,FAIL,0.22796227,0.272708058,3.38099766,0.0594674312,0.255728096,3.96449518,0.0461245663,0.000237668166,2.17850184,0.729600251
sga_1.41,jonswap_H1.500,4,FAIL,0.38491413,0.306167334,1.54551816,0.0617373101,0.253018409,4.11582041,0.0750885457,0.00018790079,2.18348646,0.705704868
sga_1.41,jonswap_H1.500,5,FAIL,0.286670208,0.435124159,6.30518484,0.0575115792,0.256614357,3.83410525,0.0843962803,0.000200855196,2.1777575,0.720317721
sga_1.41,jonswap_H4.000,1,FAIL,0.373492479,0.466019124,2.25767565,0.159509778,0.726050854,3.98774433,0.0857816562,0.000244893774,3.58995557,1.12531114
sga_1.41,jonswap_H4.000,2,FAIL,0.261263341,0.262226254,3.42193222,0.169863239,0.716578841,4.24658108,0.0509003438,0.00023589893,3.59055161,1.12450373
sga_1.41,jonswap_H4.000,3,FAIL,0.182489082,0.326302528,4.51257992,0.156191736,0.691916525,3.9047935,0.0474617593,0.000231837432,3.58910298,1.12369895
sga_1.41,jonswap_H4.000,4,FAIL,0.274619341,0.355499357,1.86639452,0.1668441,0.713635266,4.17110252,0.0640850216,0.000171514752,3.59000444,1.12445807
sga_1.41,jonswap_H4.000,5,FAIL,0.363487303,0.438700169,3.20002675,0.154140592,0.722374499,3.85351467,0.0957878754,0.000309493131,3.58899474,1.12265122
sga_1.41,jonswap_H8.500,1,FAIL,0.327093542,0.505343795,3.08862829,0.348967433,1.34330142,4.10549927,0.0880079418,0.000234887062,4.22194338,1.42213702
sga_1.41,jonswap_H8.500,2,FAIL,0.3302899,0.236149102,2.70718312,0.34128058,1.23473167,4.01506567,0.0546739362,0.000243738628,4.22111464,1.41873169
sga_1.41,jonswap_H8.500,3,FAIL,0.190170228,0.310895711,2.7776978,0.338073343,1.28545129,3.97733331,0.0397270396,0.000256165862,4.22255135,1.41927826
sga_1.41,jonswap_H8.500,4,FAIL,0.329999357,0.295412719,1.51036727,0.34874624,1.30764449,4.10289669,0.0620588735,0.00016560567,4.22084951,1.41782928
sga_1.41,jonswap_H8.500,5,FAIL,0.325143158,0.407665789,5.66165686,0.322829276,1.31584406,3.79799151,0.0851418301,0.000225575175,4.22343445,1.41919327
sga_1.41,pmstokes_H0.270,1,FAIL,0.262222767,0.49320519,3.2304635,0.0124450717,0.057566952,4.60928583,0.0854160935,0.000239589979,1.18999803,0.396765739
sga_1.41,pmstokes_H0.270,2,FAIL,0.343197435,0.200436845,4.0074625,0.0131172193,0.0548536293,4.85822916,0.0609283708,0.000237704779,1.17476964,0.395676285
sga_1.41,pmstokes_H0.270,3,FAIL,0.190756157,0.224536479,4.78606319,0.0122141195,0.0542452671,4.52374792,0.0384494327,0.000226943463,1.14895809,0.385182202
sga_1.41,pmstokes_H0.270,4,FAIL,0.322959095,0.255867213,2.3491447,0.01275759,0.0543401092,4.72503328,0.062960878,0.000225812604,1.1575098,0.397553384
sga_1.41,pmstokes_H0.270,5,FAIL,0.325235337,0.383651614,5.15147114,0.0120749194,0.0550349094,4.47219229,0.0828078017,0.000212581712,1.14930069,0.397042245
sga_1.41,pmstokes_H1.500,1,FAIL,0.260244817,0.515041471,3.23803806,0.060013324,0.25815779,4.00088835,0.085376218,0.000244420429,2.04409766,0.791541398
sga_1.41,pmstokes_H1.500,2,FAIL,0.38282454,0.20087488,2.84992886,0.0610511005,0.241695583,4.07007313,0.0648695901,0.000251311518,2.04525042,0.790915489
sga_1.41,pmstokes_H1.500,3,FAIL,0.208666235,0.239539787,3.17978811,0.0573606305,0.243013695,3.82404184,0.0390697084,0.000237389162,2.04276919,0.790095568
sga_1.41,pmstokes_H1.500,4,FAIL,0.350153923,0.270728886,1.68198621,0.0596277937,0.240821213,3.97518611,0.0658505261,0.000198762194,2.04334545,0.791755617
sga_1.41,pmstokes_H1.500,5,FAIL,0.321677595,0.39403376,6.02437115,0.0557289161,0.244271532,3.71526098,0.0829625055,0.000200925104,2.04234433,0.789882421
sga_1.41,pmstokes_H4.000,1,FAIL,0.370663255,0.550880075,2.31697059,0.161793917,0.703653157,4.04484797,0.0976229534,0.000246573414,3.28950691,1.12080824
sga_1.41,pmstokes_H4.000,2,FAIL,0.278035253,0.206675768,3.57013726,0.163478076,0.666757226,4.08695173,0.0451380163,0.000239329485,3.29101133,1.12507129
sga_1.41,pmstokes_H4.000,3,FAIL,0.185946062,0.244789377,4.377069,0.154751241,0.645810366,3.86878109,0.0339906327,0.000245415198,3.29030442,1.12649322
sga_1.41,pmstokes_H4.000,4,FAIL,0.244038343,0.279146016,1.87794292,0.160498828,0.670362115,4.01247072,0.0482247137,0.000207865058,3.29041028,1.12568247
sga_1.41,pmstokes_H4.000,5,FAIL,0.424564481,0.343129694,2.91313934,0.14805004,0.676025033,3.70125103,0.0910492092,0.000244456634,3.29185557,1.12286091
sga_1.41,pmstokes_H8.500,1,FAIL,0.246592075,0.462555587,3.36745048,0.354340225,1.27677965,4.16870832,0.0770955086,0.000236482854,4.10336018,1.49639642
sga_1.41,pmstokes_H8.500,2,FAIL,0.439405471,0.270023137,2.92707109,0.326010019,1.16438425,3.83541203,0.0743286088,0.000239392364,4.10316706,1.49501801
sga_1.41,pmstokes_H8.500,3,FAIL,0.199119806,0.300539881,2.53261733,0.325647563,1.23024666,3.83114767,0.0368142836,0.000348388945,4.10334301,1.49589336
sga_1.41,pmstokes_H8.500,4,FAIL,0.580692887,0.37905699,1.78665555,0.343474239,1.21632028,4.04087353,0.106575951,0.000237415719,4.10386848,1.48797488
sga_1.41,pmstokes_H8.500,5,FAIL,0.301363766,0.452889383,5.88045359,0.324675143,1.23117518,3.81970739,0.083799772,0.000186121353,4.10165882,1.49425924
sga_2,jonswap_H0.270,1,FAIL,0.269141585,0.482319236,3.50103855,0.0134627642,0.058855202,4.98620892,0.0843035579,0.000241715868,1.2979629,0.350299329
sga_2,jonswap_H0.270,2,FAIL,0.330679476,0.207738563,4.05862474,0.0140504437,0.0562991388,5.20386791,0.0597211607,0.00023859831,1.28338206,0.351867527
sga_2,jonswap_H0.270,3,FAIL,0.184883833,0.230081871,5.05243921,0.0133400904,0.0559600107,4.94077396,0.0387351252,0.000223252384,1.25628102,0.361486852
sga_2,jonswap_H0.270,4,FAIL,0.313136876,0.265758395,2.41787696,0.0136515507,0.0558421761,5.05612993,0.0624952801,0.000219466572,1.26532924,0.350926667
sga_2,jonswap_H0.270,5,FAIL,0.338376909,0.405088425,5.84761381,0.0128654232,0.0567247383,4.76497126,0.0866861865,0.000204141921,1.25790656,0.351814181
sga_2,jonswap_H1.500,1,FAIL,0.246515736,0.474753499,3.29036307,0.0637764037,0.268404096,4.25176001,0.078197889,0.00024689312,2.18100834,0.725073874
sga_2,jonswap_H1.500,2,FAIL,0.416945666,0.23112449,2.8275485,0.0666891336,0.258289695,4.44594193,0.0734417215,0.000246976793,2.18478942,0.726248801
sga_2,jonswap_H1.500,3,FAIL,0.22732915,0.27719146,3.36837792,0.0621315092,0.256340295,4.14210033,0.0467049219,0.000239162313,2.17850184,0.729600251
sga_2,jonswap_H1.500,4,FAIL,0.385370404,0.303692251,1.54017496,0.064004153,0.253526092,4.26694345,0.0749461278,0.000185732642,2.18348646,0.705704868
sga_2,jonswap_H1.500,5,FAIL,0.286818475,0.436602563,6.30925465,0.0601371974,0.25727728,4.00914621,0.0846565589,0.000201366012,2.1777575,0.720317721
sga_2,jonswap_H4.000,1,FAIL,0.373538554,0.465898752,2.25833058,0.165033326,0.727383971,4.12583303,0.0857463256,0.00024453795,3.58995557,1.12531114
sga_2,jonswap_H4.000,2,FAIL,0.261452854,0.261194527,3.41945243,0.171679631,0.717288792,4.29199076,0.050812345,0.00023604781,3.59055161,1.12450373
sga_2,jonswap_H4.000,3,FAIL,0.182400867,0.324681759,4.51688099,0.161386177,0.693180978,4.03465462,0.0473321229,0.000228931181,3.58910298,1.12369895
sga_2,jonswap_H4.000,4,FAIL,0.27476564,0.354938805,1.86579442,0.17083922,0.715143859,4.27098036,0.0639601797,0.000174331202,3.59000444,1.12445807
sga_2,jonswap_H4.000,5,FAIL,0.364008099,0.442045927,3.20944357,0.158657476,0.723439693,3.96643686,0.0962610617,0.000307020993,3.58899474,1.12265122
sga_2,jonswap_H8.500,1,FAIL,0.327409148,0.504618466,3.09075403,0.354527712,1.34485865,4.17091417,0.0878852308,0.000234745021,4.22194338,1.42213702
sga_2,jonswap_H8.500,2,FAIL,0.329579502,0.237599686,2.71317554,0.343716711,1.23640049,4.04372597,0.0547867864,0.000243726987,4.22111464,1.41873169
sga_2,jonswap_H8.500,3,FAIL,0.189960539,0.312856704,2.77171659,0.343102247,1.2874527,4.03649712,0.0400184393,0.000256517495,4.22255135,1.41927826
sga_2,jonswap_H8.500,4,FAIL,0.329271436,0.297426999,1.51649487,0.353531152,1.3099122,4.15919018,0.062215399,0.000166601385,4.22084951,1.41782928
sga_2,jonswap_H8.500,5,FAIL,0.326160729,0.412348628,5.67497683,0.329358011,1.31725943,3.87479997,0.085832648,0.000225313212,4.22343445,1.41919327
sga_2,pmstokes_H0.270,1,FAIL,0.263362676,0.488833159,3.24132705,0.0134889064,0.05777229,4.99589109,0.0847391561,0.000239548914,1.18999803,0.396765739
sga_2,pmstokes_H0.270,2,FAIL,0.342343807,0.202618688,4.01455879,0.0136781717,0.0549518131,5.06598949,0.0610035621,0.000237671746,1.17476964,0.395676285
sga_2,pmstokes_H0.270,3,FAIL,0.190364167,0.228071496,4.77523041,0.0132231573,0.054456234,4.89746571,0.0389437824,0.000227147932,1.14895809,0.385182202
sga_2,pmstokes_H0.270,4,FAIL,0.322170138,0.258682311,2.35663795,0.0136623625,0.054529503,5.06013393,0.063160941,0.000225272626,1.1575098,0.397553384
sga_2,pmstokes_H0.270,5,FAIL,0.326096475,0.389490008,5.16700554,0.01292226,0.0552189834,4.78602219,0.0837439746,0.000212722429,1.14930069,0.397042245
sga_2,pmstokes_H1.500,1,FAIL,0.2610116,0.512312651,3.24451947,0.0630366355,0.25882113,4.20244217,0.0849199519,0.000244607334,2.04409766,0.791541398
sga_2,pmstokes_H1.500,2,FAIL,0.382191688,0.202149361,2.85462427,0.0624147728,0.242022753,4.16098452,0.0649139583,0.000251063233,2.04525042,0.790915489
sga_2,pmstokes_H1.500,3,FAIL,0.208075881,0.244816452,3.16450524,0.0602916405,0.243756801,4.01944256,0.0397276618,0.000240247027,2.04276919,0.790095568
sga_2,pmstokes_H1.500,4,FAIL,0.350626588,0.26822871,1.67609417,0.0622551963,0.241477385,4.15034628,0.0657215267,0.000194681314,2.04334545,0.791755617
sga_2,pmstokes_H1.500,5,FAIL,0.321928114,0.396031171,6.02993441,0.058573015,0.24501057,3.90486741,0.0833027288,0.000202171141,2.04234433,0.789882421
sga_2,pmstokes_H4.000,1,FAIL,0.371655285,0.54720962,2.32582712,0.167050272,0.704956949,4.17625666,0.0971394554,0.000246203417,3.28950691,1.12080824
sga_2,pmstokes_H4.000,2,FAIL,0.277298957,0.208099708,3.57647085,0.166189507,0.667737782,4.15473747,0.0451998487,0.000239314657,3.29101133,1.12507129
sga_2,pmstokes_H4.000,3,FAIL,0.185953185,0.250273824,4.36029911,0.160243794,0.647362411,4.00609493,0.0348995402,0.000244132127,3.29030442,1.12649322
sga_2,pmstokes_H4.000,4,FAIL,0.243969709,0.278602451,1.87737727,0.16549468,0.672123671,4.13736725,0.0481087267,0.00020989422,3.29041028,1.12568247
sga_2,pmstokes_H4.000,5,FAIL,0.425390095,0.348362625,2.92830443,0.153639659,0.677523315,3.8409915,0.0916973129,0.000243206799,3.29185557,1.12286091
sga_2,pmstokes_H8.500,1,FAIL,0.246810704,0.461018711,3.37162375,0.360273778,1.27870929,4.2385149,0.0768478811,0.000236460983,4.10336018,1.49639642
sga_2,pmstokes_H8.500,2,FAIL,0.438605547,0.271319896,2.93202376,0.331378192,1.16672432,3.89856696,0.0743622854,0.000239389483,4.10316706,1.49501801
sga_2,pmstokes_H8.500,3,FAIL,0.199380606,0.30511871,2.51958871,0.333391339,1.23296368,3.92225099,0.0375424959,0.000347975176,4.10334301,1.49589336
sga_2,pmstokes_H8.500,4,FAIL,0.581116974,0.376655608,1.78194284,0.348048568,1.2181623,4.09468889,0.106448904,0.00023717976,4.10386848,1.48797488
sga_2,pmstokes_H8.500,5,FAIL,0.301403433,0.454203248,5.88429832,0.332205653,1.23428369,3.90830183,0.0839614198,0.000186150661,4.10165882,1.49425924
sga_3,jonswap_H0.270,1,FAIL,0.269313008,0.482246131,3.50179672,0.0155296028,0.0592981726,5.75170469,0.0841372386,0.000241743648,1.2979629,0.350299329
sga_3,jonswap_H0.270,2,FAIL,0.3309578,0.206966668,4.05868244,0.0154094175,0.0565635227,5.70719147,0.0597134084,0.000238589782,1.28338206,0.351867527
sga_3,jonswap_H0.270,3,FAIL,0.184859857,0.231397644,5.04717922,0.0152678164,0.0563837215,5.65474653,0.0389823653,0.000223333584,1.25628102,0.361486852
sga_3,jonswap_H0.270,4,FAIL,0.313705564,0.264126986,2.41530085,0.0154762194,0.0562580898,5.73193312,0.0624059774,0.000219475682,1.26532924,0.350926667
sga_3,jonswap_H0.270,5,FAIL,0.338086426,0.405915856,5.85048532,0.0147418855,0.0571494177,5.4599576,0.0869215056,0.000204166106,1.25790656,0.351814181
sga_3,jonswap_H1.500,1,FAIL,0.246898279,0.474239647,3.29201674,0.0703428388,0.269993782,4.68952227,0.0779923722,0.000246990967,2.18100834,0.725073874
sga_3,jonswap_H1.500,2,FAIL,0.416425109,0.231608123,2.83027697,0.0701661929,0.259073049,4.67774582,0.0734779313,0.000246963231,2.18478942,0.726248801
sga_3,jonswap_H1.500,3,FAIL,0.226779521,0.280088425,3.3594346,0.0680540949,0.257767469,4.53693962,0.0470936634,0.000240148074,2.17850184,0.729600251
sga_3,jonswap_H1.500,4,FAIL,0.385707349,0.301230162,1.53529799,0.0696421862,0.254965007,4.64281225,0.0748024955,0.000184239369,2.18348646,0.705704868
sga_3,jonswap_H1.500,5,FAIL,0.286935121,0.437139183,6.31133986,0.0663237572,0.258942306,4.42158365,0.0848236158,0.000201767281,2.1777575,0.720317721
sga_3,jonswap_H4.000,1,FAIL,0.372862011,0.468199402,2.25299358,0.177454323,0.73044759,4.43635798,0.0858817995,0.000244482653,3.58995557,1.12531114
sga_3,jonswap_H4.000,2,FAIL,0.262097806,0.25827989,3.41256952,0.179331794,0.719426572,4.48329496,0.0505556129,0.000236249689,3.59055161,1.12450373
sga_3,jonswap_H4.000,3,FAIL,0.18227306,0.321352899,4.52503538,0.173147097,0.696202695,4.32867765,0.0469454005,0.000226354983,3.58910298,1.12369895
sga_3,jonswap_H4.000,4,FAIL,0.275422007,0.352306843,1.86055684,0.181395948,0.718468428,4.53489876,0.0636336729,0.000176762667,3.59000444,1.12445807
sga_3,jonswap_H4.000,5,FAIL,0.3638978,0.442680299,3.21215343,0.169858605,0.726227939,4.24646521,0.0964093879,0.000305111549,3.58899474,1.12265122
sga_3,jonswap_H8.500,1,FAIL,0.327520251,0.505102277,3.09018922,0.36924234,1.34900618,4.34402752,0.0878320858,0.000234618579,4.22194338,1.42213702
sga_3,jonswap_H8.500,2,FAIL,0.328526944,0.239390701,2.72134376,0.353499085,1.2406348,4.15881252,0.0549424179,0.000243682895,4.22111464,1.41873169
sga_3,jonswap_H8.500,3,FAIL,0.18961212,0.3151443,2.76411915,0.356479973,1.29193509,4.19388199,0.0403941795,0.000256705272,4.22255135,1.41927826
sga_3,jonswap_H8.500,4,FAIL,0.328098476,0.300392926,1.52587426,0.366563797,1.31460452,4.31251526,0.0624676496,0.000167478123,4.22084951,1.41782928
sga_3,jonswap_H8.500,5,FAIL,0.327249646,0.416905671,5.68845415,0.345249027,1.32131875,4.06175327,0.0865765139,0.000225149401,4.22343445,1.41919327
sga_3,pmstokes_H0.270,1,FAIL,0.264111698,0.486470073,3.24762487,0.0155769242,0.0582558662,5.76923084,0.0842551216,0.000239592744,1.18999803,0.396765739
sga_3,pmstokes_H0.270,2,FAIL,0.341867507,0.204043508,4.01990843,0.0152145494,0.0552900024,5.63501835,0.0610656478,0.000237653119,1.17476964,0.395676285
sga_3,pmstokes_H0.270,3,FAIL,0.19016169,0.230699718,4.7666502,0.01524885,0.0549517162,5.64772224,0.0393238068,0.000227235752,1.14895809,0.385182202
sga_3,pmstokes_H0.270,4,FAIL,0.321774065,0.260544509,2.36216521,0.015589254,0.0550063364,5.77379751,0.0632986501,0.000224843272,1.1575098,0.397553384
sga_3,pmstokes_H0.270,5,FAIL,0.326589018,0.393776268,5.17885113,0.014843272,0.0557012446,5.49750805,0.084507972,0.000212902421,1.14930069,0.397042245
sga_3,pmstokes_H1.500,1,FAIL,0.261908829,0.509442747,3.25152183,0.0695479736,0.260449201,4.63653135,0.0843757093,0.000244744966,2.04409766,0.791541398
sga_3,pmstokes_H1.500,2,FAIL,0.381249696,0.203663945,2.86071324,0.06698367,0.243189186,4.4655776,0.0649591982,0.000250892364,2.04525042,0.790915489
sga_3,pmstokes_H1.500,3,FAIL,0.207372293,0.24983114,3.14945459,0.0665870011,0.245421946,4.43913317,0.0403607339,0.000242396374,2.04276919,0.790095568
sga_3,pmstokes_H1.500,4,FAIL,0.35047856,0.267640024,1.67562771,0.0682823583,0.243163079,4.55215693,0.0657123774,0.000191833882,2.04334545,0.791755617
sga_3,pmstokes_H1.500,5,FAIL,0.322390586,0.39847964,6.03678751,0.0649738535,0.246777564,4.33159018,0.0837577358,0.000203137315,2.04234433,0.789882421
sga_3,pmstokes_H4.000,1,FAIL,0.372847825,0.542732835,2.33676934,0.1790535,0.707971752,4.47633743,0.0964793935,0.000245775533,3.28950691,1.12080824
sga_3,pmstokes_H4.000,2,FAIL,0.276222318,0.210000113,3.58533549,0.175279781,0.670483828,4.38199472,0.0452907197,0.000239300673,3.29101133,1.12507129
sga_3,pmstokes_H4.000,3,FAIL,0.185825065,0.256587118,4.34029961,0.172541097,0.650934517,4.31352758,0.0359493792,0.000242718408,3.29030442,1.12649322
sga_3,pmstokes_H4.000,4,FAIL,0.243471459,0.279814273,1.88199794,0.177440926,0.675884962,4.43602324,0.0481735803,0.000212186205,3.29041028,1.12568247
sga_3,pmstokes_H4.000,5,FAIL,0.426411808,0.355160326,2.94805479,0.166258052,0.680913746,4.15645123,0.092625916,0.000242030583,3.29185557,1.12286091
sga_3,pmstokes_H8.500,1,FAIL,0.247045487,0.459541917,3.37612462,0.375866741,1.28363073,4.42196178,0.0765489489,0.000236438063,4.10336018,1.49639642
sga_3,pmstokes_H8.500,2,FAIL,0.437321782,0.27322641,2.93950057,0.346264541,1.17237473,4.07370043,0.0744114593,0.000239344605,4.10316706,1.49501801
sga_3,pmstokes_H8.500,3,FAIL,0.199659839,0.311345696,2.50127482,0.351475239,1.23900747,4.13500261,0.0385502093,0.000347174937,4.10334301,1.49589336
sga_3,pmstokes_H8.500,4,FAIL,0.581297696,0.374472797,1.77857304,0.362060398,1.22297812,4.25953388,0.10631299,0.000237209868,4.10386848,1.48797488
sga_3,pmstokes_H8.500,5,FAIL,0.301477909,0.455698907,5.88890886,0.349972486,1.24091566,4.1173234,0.0841904879,0.000186174817,4.10165882,1.49425924
sgg_0.02,jonswap_H0.270,1,FAIL,0.211860329,0.45146969,3.51218367,0.0119229918,0.0346726887,4.41592264,0.0840562358,0.000149783838,1.2979629,0.350299329
sgg_0.02,jonswap_H0.270,2,FAIL,0.301147968,0.198862165,4.04283524,0.0135803027,0.034125682,5.02974176,0.0608034804,0.000117437688,1.28338206,0.351867527
sgg_0.02,jonswap_H0.270,3,FAIL,0.143721446,0.178964317,5.06173849,0.0119496426,0.0371056385,4.42579365,0.0377793647,9.61466067e-05,1.25628102,0.361486852
sgg_0.02,jonswap_H0.270,4,FAIL,0.290889442,0.225948021,2.44162107,0.0124783404,0.0348190404,4.6216073,0.0624889061,0.00011987349,1.26532924,0.350926667
sgg_0.02,jonswap_H0.270,5,FAIL,0.335459113,0.336236209,5.75915241,0.0118740229,0.0362317525,4.39778614,0.0806986988,0.000166957558,1.25790656,0.351814181
sgg_0.02,jonswap_H1.500,1,FAIL,0.183086038,0.432998329,3.30182385,0.0585613735,0.192836523,3.90409136,0.0777662545,0.000141809505,2.18100834,0.725073874
sgg_0.02,jonswap_H1.500,2,FAIL,0.37705335,0.235307068,2.84388995,0.0658295974,0.176869169,4.38863945,0.0748854652,0.00012368006,2.18478942,0.726248801
sgg_0.02,jonswap_H1.500,3,FAIL,0.187699243,0.211225614,3.39938021,0.0574214421,0.207157895,3.82809591,0.045398809,0.000107430453,2.17850184,0.729600251
sgg_0.02,jonswap_H1.500,4,FAIL,0.356707603,0.263383776,1.55551374,0.0609581918,0.18390511,4.06387949,0.075345926,0.000125019753,2.18348646,0.705704868
sgg_0.02,jonswap_H1.500,5,FAIL,0.291312754,0.381320953,6.23251963,0.0558367558,0.198318362,3.72245026,0.0808978081,0.000115864968,2.1777575,0.720317721
sgg_0.02,jonswap_H4.000,1,FAIL,0.303744346,0.467962027,2.13400435,0.155660674,0.519892156,3.89151692,0.0909618512,0.000143572106,3.58995557,1.12531114
sgg_0.02,jonswap_H4.000,2,FAIL,0.218116805,0.216481522,3.33613896,0.165724441,0.475331038,4.14311123,0.0496263951,0.000124305065,3.59055161,1.12450373
sgg_0.02,jonswap_H4.000,3,FAIL,0.140629634,0.255476803,4.56070328,0.147924468,0.567435503,3.69811177,0.0461151861,0.000109817134,3.58910298,1.12369895
sgg_0.02,jonswap_H4.000,4,FAIL,0.243125439,0.309583545,1.86661983,0.157135174,0.498006046,3.9283793,0.0648871362,0.000130225759,3.59000444,1.12445807
sgg_0.02,jonswap_H4.000,5,FAIL,0.386799932,0.430115014,3.22405195,0.149403214,0.525005162,3.73508024,0.0987154841,0.00016130702,3.58899474,1.12265122
sgg_0.02,jonswap_H8.500,1,FAIL,0.264899194,0.511244416,2.97959757,0.346738249,1.10439062,4.07927322,0.092880182,0.000145058279,4.22194338,1.42213702
sgg_0.02,jonswap_H8.500,2,FAIL,0.29112637,0.170636147,2.64476657,0.327268064,0.995056272,3.85021234,0.0542925075,0.000130044602,4.22111464,1.41873169
sgg_0.02,jonswap_H8.500,3,FAIL,0.151044101,0.220590785,2.85404253,0.321453273,1.19057548,3.78180313,0.0381423645,0.000124758706,4.22255135,1.41927826
sgg_0.02,jonswap_H8.500,4,FAIL,0.295277417,0.248623714,1.51530874,0.328923345,1.04298365,3.86968637,0.0633191839,0.00013059804,4.22084951,1.41782928
sgg_0.02,jonswap_H8.500,5,FAIL,0.345061392,0.39253962,5.68790436,0.300110698,1.11469781,3.53071404,0.0875240788,0.000131586014,4.22343445,1.41919327
sgg_0.02,pmstokes_H0.270,1,FAIL,0.207538843,0.447790354,3.25173473,0.0118857007,0.0339096189,4.40211105,0.0830554068,0.000141049357,1.18999803,0.396765739
sgg_0.02,pmstokes_H0.270,2,FAIL,0.313866854,0.192616671,3.99450326,0.0130606275,0.0325324014,4.83726931,0.0620471388,0.000119545344,1.17476964,0.395676285
sgg_0.02,pmstokes_H0.270,3,FAIL,0.150781557,0.170893908,4.79520893,0.0116757816,0.0356522724,4.32436323,0.0373594351,0.00010518101,1.14895809,0.385182202
sgg_0.02,pmstokes_H0.270,4,FAIL,0.300610751,0.220769823,2.37190604,0.0122817094,0.0336238407,4.54878092,0.0632328317,0.000124051032,1.1575098,0.397553384
sgg_0.02,pmstokes_H0.270,5,FAIL,0.32755813,0.335614741,5.05714273,0.0117630456,0.0345505737,4.35668325,0.0798269585,0.000170014478,1.14930069,0.397042245
sgg_0.02,pmstokes_H1.500,1,FAIL,0.197331384,0.474395454,3.24583745,0.0577699728,0.1775572,3.85133147,0.0849791616,0.000141826793,2.04409766,0.791541398
sgg_0.02,pmstokes_H1.500,2,FAIL,0.340572,0.192825347,2.84642863,0.0610144511,0.164818555,4.06762981,0.0657817647,0.000123315069,2.04525042,0.790915489
sgg_0.02,pmstokes_H1.500,3,FAIL,0.164916575,0.18442212,3.17412663,0.0553559475,0.183160037,3.69039631,0.0393449366,0.000108655651,2.04276919,0.790095568
sgg_0.02,pmstokes_H1.500,4,FAIL,0.319213212,0.222465932,1.69014978,0.0584581159,0.172581226,3.8972075,0.0660041198,0.000131409091,2.04334545,0.791755617
sgg_0.02,pmstokes_H1.500,5,FAIL,0.332511216,0.345416129,5.96503973,0.053836491,0.178689659,3.58909917,0.0807447359,0.000123339763,2.04234433,0.789882421
sgg_0.02,pmstokes_H4.000,1,FAIL,0.308232069,0.514237165,2.29689336,0.155951932,0.471370906,3.89879823,0.0980249047,0.000139703523,3.28950691,1.12080824
sgg_0.02,pmstokes_H4.000,2,FAIL,0.232453912,0.166568667,3.52861214,0.15952535,0.417018384,3.98813367,0.0456436276,0.000127713764,3.29101133,1.12507129
sgg_0.02,pmstokes_H4.000,3,FAIL,0.144740015,0.172353297,4.41637325,0.146914631,0.505825102,3.67286587,0.0340482146,0.000109534289,3.29030442,1.12649322
sgg_0.02,pmstokes_H4.000,4,FAIL,0.212449118,0.214840442,1.86024761,0.1538468,0.44498238,3.84616995,0.0488024205,0.000135793627,3.29041028,1.12568247
sgg_0.02,pmstokes_H4.000,5,FAIL,0.438225001,0.297655195,2.85337448,0.142314941,0.461879492,3.55787349,0.0899470747,0.000144350211,3.29185557,1.12286091
sgg_0.02,pmstokes_H8.500,1,FAIL,0.188524976,0.49885717,3.20851946,0.338708639,0.966423213,3.98480749,0.0862367228,0.000156908063,4.10336018,1.49639642
sgg_0.02,pmstokes_H8.500,2,FAIL,0.411285132,0.185133189,2.78649235,0.311390817,0.837871671,3.66342139,0.0736544579,0.00012870552,4.10316706,1.49501801
sgg_0.02,pmstokes_H8.500,3,FAIL,0.159439787,0.162332147,2.71458769,0.31020838,1.08432603,3.64951038,0.0305296872,0.000170639658,4.10334301,1.49589336
sgg_0.02,pmstokes_H8.500,4,FAIL,0.56776458,0.267000675,1.64585865,0.322946548,0.938090205,3.799371,0.105504915,0.000137679614,4.10386848,1.48797488
sgg_0.02,pmstokes_H8.500,5,FAIL,0.305446953,0.384154826,5.78190899,0.303049743,0.976224542,3.56529093,0.0810364559,0.000128182801,4.10165882,1.49425924
sgg_0.035,jonswap_H0.270,1,FAIL,0.211110458,0.45992133,3.49045897,0.0119284177,0.0313451812,4.41793251,0.0851155519,0.000151281274,1.2979629,0.350299329
sgg_0.035,jonswap_H0.270,2,FAIL,0.302965432,0.193732515,4.03411436,0.0135817369,0.0312094744,5.03027296,0.0605221093,0.00012115296,1.28338206,0.351867527
sgg_0.035,jonswap_H0.270,3,FAIL,0.143917352,0.181024775,5.05677271,0.0119492393,0.0339210667,4.42564392,0.0378831439,0.000101334721,1.25628102,0.361486852
sgg_0.035,jonswap_H0.270,4,FAIL,0.290508181,0.227499902,2.44486523,0.0124785379,0.0315223895,4.62168074,0.0625592843,0.000122516503,1.26532924,0.350926667
sgg_0.035,jonswap_H0.270,5,FAIL,0.336183012,0.338829964,5.76450396,0.011873031,0.0321660712,4.39741898,0.0810250789,0.000166560436,1.25790656,0.351814181
sgg_0.035,jonswap_H1.500,1,FAIL,0.183493108,0.439382851,3.28816199,0.0585762598,0.17680876,3.90508389,0.0783916339,0.000144000427,2.18100834,0.725073874
sgg_0.035,jonswap_H1.500,2,FAIL,0.379220784,0.231638715,2.8373251,0.0658312812,0.165616199,4.38875198,0.0747116357,0.000126580067,2.18478942,0.726248801
sgg_0.035,jonswap_H1.500,3,FAIL,0.189192504,0.21007888,3.4045217,0.0574228391,0.190656543,3.82818913,0.0449663065,0.000112171874,2.17850184,0.729600251
sgg_0.035,jonswap_H1.500,4,FAIL,0.3558397,0.26802361,1.5643481,0.0609596968,0.167517766,4.06397963,0.0755970553,0.000126730563,2.18348646,0.705704868
sgg_0.035,jonswap_H1.500,5,FAIL,0.294118047,0.393084824,6.26268911,0.0558161326,0.177039996,3.7210753,0.0827193111,0.000117679745,2.1777575,0.720317721
sgg_0.035,jonswap_H4.000,1,FAIL,0.306374699,0.466396689,2.14391518,0.155572429,0.485848963,3.88931084,0.0902781934,0.000145918864,3.58995557,1.12531114
sgg_0.035,jonswap_H4.000,2,FAIL,0.217982501,0.220625952,3.34701014,0.165718719,0.454798967,4.14296818,0.0500194058,0.000127033665,3.59055161,1.12450373
sgg_0.035,jonswap_H4.000,3,FAIL,0.141226798,0.260548562,4.55243397,0.147911415,0.530899465,3.69778538,0.0464650281,0.000113929236,3.58910298,1.12369895
sgg_0.035,jonswap_H4.000,4,FAIL,0.244424552,0.305524856,1.85577643,0.15715462,0.460910589,3.92886543,0.0643041506,0.000131599925,3.59000444,1.12445807
sgg_0.035,jonswap_H4.000,5,FAIL,0.386444628,0.433659941,3.23148251,0.149483055,0.486021727,3.73707628,0.0991859734,0.000165197416,3.58899474,1.12265122
sgg_0.035,jonswap_H8.500,1,FAIL,0.267122865,0.513852298,2.98018551,0.346599609,1.05005109,4.07764244,0.0925613195,0.000147149563,4.22194338,1.42213702
sgg_0.035,jonswap_H8.500,2,FAIL,0.29186672,0.171620533,2.65100956,0.327386826,0.96243,3.85160971,0.0544015691,0.000132347282,4.22111464,1.41873169
sgg_0.035,jonswap_H8.500,3,FAIL,0.152418032,0.224407688,2.84814167,0.321401477,1.11294162,3.78119373,0.03822558,0.000128893385,4.22255135,1.41927826
sgg_0.035,jonswap_H8.500,4,FAIL,0.296357006,0.246155068,1.50874519,0.328884214,0.975633562,3.86922598,0.0630753562,0.000131539418,4.22084951,1.41782928
sgg_0.035,jonswap_H8.500,5,FAIL,0.342338622,0.391646504,5.6822772,0.300171345,1.0447154,3.53142762,0.0872168317,0.000133596914,4.22343445,1.41919327
sgg_0.035,pmstokes_H0.270,1,FAIL,0.206079632,0.460485816,3.22016382,0.0118940715,0.0306359734,4.40521145,0.0847343206,0.000143165322,1.18999803,0.396765739
sgg_0.035,pmstokes_H0.270,2,FAIL,0.315780491,0.186675742,3.98456025,0.0130625842,0.0297794081,4.8379941,0.0617331117,0.000123173741,1.17476964,0.395676285
sgg_0.035,pmstokes_H0.270,3,FAIL,0.150896206,0.1737822,4.78833818,0.0116749983,0.0325286016,4.32407331,0.037554156,0.000109724431,1.14895809,0.385182202
sgg_0.035,pmstokes_H0.270,4,FAIL,0.301141173,0.218710378,2.36730146,0.0122837359,0.0303534493,4.54953194,0.0630614012,0.000126446248,1.1575098,0.397553384
sgg_0.035,pmstokes_H0.270,5,FAIL,0.326403558,0.332426518,5.04911137,0.0117635438,0.0306522343,4.35686779,0.0792316347,0.000169797684,1.14930069,0.397042245
sgg_0.035,pmstokes_H1.500,1,FAIL,0.197219476,0.482400745,3.22810864,0.057792522,0.16290842,3.8528347,0.085822247,0.00014396348,2.04409766,0.791541398
sgg_0.035,pmstokes_H1.500,2,FAIL,0.34272334,0.188693464,2.83938503,0.0610150881,0.152155682,4.06767225,0.0656188354,0.000126256113,2.04525042,0.790915489
sgg_0.035,pmstokes_H1.500,3,FAIL,0.166389078,0.180412352,3.18575215,0.0553803705,0.168851703,3.69202447,0.0385665782,0.000113701237,2.04276919,0.790095568
sgg_0.035,pmstokes_H1.500,4,FAIL,0.318424433,0.226704299,1.69804525,0.058457911,0.15567717,3.89719391,0.0662185252,0.000132897781,2.04334545,0.791755617
sgg_0.035,pmstokes_H1.500,5,FAIL,0.334703654,0.354724765,5.98846865,0.0538249873,0.160955131,3.58833241,0.0820896402,0.000124823418,2.04234433,0.789882421
sgg_0.035,pmstokes_H4.000,1,FAIL,0.308447778,0.524932325,2.27496362,0.156131208,0.442382962,3.90328026,0.0989365727,0.000141995057,3.28950691,1.12080824
sgg_0.035,pmstokes_H4.000,2,FAIL,0.235115021,0.160004929,3.51600957,0.159577355,0.393339694,3.98943377,0.0452503972,0.000130681758,3.29101133,1.12507129
sgg_0.035,pmstokes_H4.000,3,FAIL,0.144937769,0.165769219,4.43557262,0.147017539,0.467775702,3.6754384,0.0327105857,0.000114066752,3.29030442,1.12649322
sgg_0.035,pmstokes_H4.000,4,FAIL,0.212760493,0.214358225,1.85718584,0.153856605,0.408457607,3.84641504,0.0486071557,0.000137401279,3.29041028,1.12568247
sgg_0.035,pmstokes_H4.000,5,FAIL,0.438834161,0.303873777,2.86787677,0.142333329,0.42317155,3.55833316,0.0907198936,0.000147167098,3.29185557,1.12286091
sgg_0.035,pmstokes_H8.500,1,FAIL,0.189454496,0.501301527,3.20867348,0.338692069,0.919044256,3.98461246,0.0860083997,0.000158454714,4.10336018,1.49639642
sgg_0.035,pmstokes_H8.500,2,FAIL,0.413129538,0.18416214,2.788517,0.311442405,0.802412331,3.66402817,0.073626563,0.000131558321,4.10316706,1.49501801
sgg_0.035,pmstokes_H8.500,3,FAIL,0.159747019,0.16069445,2.72215009,0.310500443,1.01863992,3.65294623,0.0298504531,0.000174897956,4.10334301,1.49589336
sgg_0.035,pmstokes_H8.500,4,FAIL,0.568428099,0.269067854,1.64761162,0.323038489,0.873914897,3.80045271,0.10549967,0.000139651311,4.10386848,1.48797488
sgg_0.035,pmstokes_H8.500,5,FAIL,0.302346736,0.383561343,5.77543783,0.303000748,0.899173796,3.56471467,0.0805888474,0.000128481581,4.10165882,1.49425924
sgg_0.056,jonswap_H0.270,1,FAIL,0.21120809,0.46664688,3.47437835,0.0119321533,0.029096365,4.41931581,0.0858387128,0.000154256224,1.2979629,0.350299329
sgg_0.056,jonswap_H0.270,2,FAIL,0.305107445,0.188483,4.02621698,0.0135832895,0.0293155387,5.03084803,0.0602470487,0.000128546424,1.28338206,0.351867527
sgg_0.056,jonswap_H0.270,3,FAIL,0.144661367,0.181921989,5.05656338,0.0119496211,0.0315090194,4.42578554,0.0377649255,0.000109514411,1.25628102,0.361486852
sgg_0.056,jonswap_H0.270,4,FAIL,0.290457129,0.228275865,2.44569087,0.0124790063,0.0288921427,4.62185431,0.0625732318,0.00012686495,1.26532924,0.350926667
sgg_0.056,jonswap_H0.270,5,FAIL,0.337966025,0.345583051,5.77908659,0.0118707856,0.0292674806,4.39658737,0.0819507465,0.000166197453,1.25790656,0.351814181
sgg_0.056,jonswap_H1.500,1,FAIL,0.185050383,0.446729898,3.27425027,0.0585924387,0.167438716,3.9061625,0.0789787769,0.000148183928,2.18100834,0.725073874
sgg_0.056,jonswap_H1.500,2,FAIL,0.382124156,0.227414921,2.83045673,0.0658340678,0.160906658,4.38893747,0.07451915,0.000132579327,2.18478942,0.726248801
sgg_0.056,jonswap_H1.500,3,FAIL,0.191511109,0.210722864,3.40762115,0.0574291646,0.179175615,3.8286109,0.044620648,0.000120087956,2.17850184,0.729600251
sgg_0.056,jonswap_H1.500,4,FAIL,0.355643988,0.271389484,1.56870854,0.0609602109,0.156326711,4.06401396,0.07575351,0.000129309803,2.18348646,0.705704868
sgg_0.056,jonswap_H1.500,5,FAIL,0.296326041,0.405357569,6.29203892,0.0557984151,0.164099932,3.71989417,0.0845106766,0.000121885641,2.1777575,0.720317721
sgg_0.056,jonswap_H4.000,1,FAIL,0.310675412,0.466330469,2.15310001,0.155492857,0.471268952,3.88732147,0.0895265862,0.000150477033,3.58995557,1.12531114
sgg_0.056,jonswap_H4.000,2,FAIL,0.219160974,0.223197535,3.35527301,0.165715098,0.451810688,4.14287758,0.0503065661,0.000132909729,3.59055161,1.12450373
sgg_0.056,jonswap_H4.000,3,FAIL,0.142689183,0.265069634,4.54825449,0.147923321,0.5078125,3.69808292,0.0465189144,0.000120780089,3.58910298,1.12369895
sgg_0.056,jonswap_H4.000,4,FAIL,0.245792806,0.302857161,1.84685981,0.157193467,0.440269291,3.92983675,0.0638623089,0.00013361602,3.59000444,1.12445807
sgg_0.056,jonswap_H4.000,5,FAIL,0.384135962,0.434442729,3.22927141,0.149535671,0.471820951,3.73839188,0.0991177559,0.000173778899,3.58899474,1.12265122
sgg_0.056,jonswap_H8.500,1,FAIL,0.271744102,0.516806483,2.98354387,0.346342742,1.03225613,4.07462025,0.091996491,0.000151245185,4.22194338,1.42213702
sgg_0.056,jonswap_H8.500,2,FAIL,0.294061989,0.170764536,2.65393519,0.327533841,0.960437715,3.8533392,0.0544603318,0.000137577503,4.22111464,1.41873169
sgg_0.056,jonswap_H8.500,3,FAIL,0.154893741,0.229323521,2.84245729,0.321394593,1.06009769,3.78111267,0.0382119566,0.000136241404,4.22255135,1.41927826
sgg_0.056,jonswap_H8.500,4,FAIL,0.29807812,0.243372694,1.49978626,0.328859925,0.940570533,3.86894011,0.0627935231,0.000132697605,4.22084951,1.41782928
sgg_0.056,jonswap_H8.500,5,FAIL,0.338145763,0.391119868,5.67487144,0.300271869,1.01892555,3.53261018,0.0868268013,0.000138683259,4.22343445,1.41919327
sgg_0.056,pmstokes_H0.270,1,FAIL,0.205539569,0.471260458,3.19581723,0.0119007835,0.0283755995,4.40769768,0.0860521346,0.000147086306,1.18999803,0.396765739
sgg_0.056,pmstokes_H0.270,2,FAIL,0.318095326,0.180539683,3.97518682,0.0130646275,0.0279758535,4.83875084,0.0614347905,0.000130461878,1.17476964,0.395676285
sgg_0.056,pmstokes_H0.270,3,FAIL,0.15153338,0.175861776,4.78521299,0.0116748782,0.0301647168,4.32402897,0.0375781134,0.000116969393,1.14895809,0.385182202
sgg_0.056,pmstokes_H0.270,4,FAIL,0.301921844,0.216171578,2.36136103,0.0122858146,0.0277379416,4.55030155,0.0628628507,0.00013047221,1.1575098,0.397553384
sgg_0.056,pmstokes_H0.270,5,FAIL,0.326084554,0.332822949,5.05042028,0.0117633948,0.0279384069,4.35681295,0.0791580528,0.000169710926,1.14930069,0.397042245
sgg_0.056,pmstokes_H1.500,1,FAIL,0.198494181,0.489998817,3.21364927,0.05781224,0.155140251,3.8541491,0.0864147618,0.000148172374,2.04409766,0.791541398
sgg_0.056,pmstokes_H1.500,2,FAIL,0.345377028,0.184915438,2.83433342,0.0610178635,0.145300314,4.06785727,0.0654767826,0.000132453759,2.04525042,0.790915489
sgg_0.056,pmstokes_H1.500,3,FAIL,0.168613836,0.179303646,3.19260168,0.0553994998,0.159596995,3.69329977,0.0380235463,0.000122154612,2.04276919,0.790095568
sgg_0.056,pmstokes_H1.500,4,FAIL,0.318343639,0.229534969,1.70125985,0.0584565252,0.143670782,3.89710164,0.0663324147,0.000135168564,2.04334545,0.791755617
sgg_0.056,pmstokes_H1.500,5,FAIL,0.335647017,0.362443328,6.00579023,0.0538177043,0.150193408,3.58784676,0.0830570161,0.000128433006,2.04234433,0.789882421
sgg_0.056,pmstokes_H4.000,1,FAIL,0.310727,0.535631657,2.25661731,0.156275392,0.433794677,3.90688467,0.0996043235,0.000146374397,3.28950691,1.12080824
sgg_0.056,pmstokes_H4.000,2,FAIL,0.238578171,0.153721407,3.50586438,0.159631804,0.386152536,3.99079514,0.0449263752,0.000137210634,3.29101133,1.12507129
sgg_0.056,pmstokes_H4.000,3,FAIL,0.146198913,0.162335679,4.44944286,0.147116572,0.444007635,3.67791438,0.0316766575,0.000121818572,3.29030442,1.12649322
sgg_0.056,pmstokes_H4.000,4,FAIL,0.213503867,0.213959485,1.85301733,0.153872982,0.387901127,3.84682465,0.048383262,0.000140033429,3.29041028,1.12568247
sgg_0.056,pmstokes_H4.000,5,FAIL,0.43803826,0.308884948,2.87763548,0.142354414,0.407251835,3.5588603,0.0912448466,0.000153445464,3.29185557,1.12286091
sgg_0.056,pmstokes_H8.500,1,FAIL,0.192469448,0.504601657,3.20921445,0.338638306,0.913428485,3.98397994,0.0856211409,0.000161976161,4.10336018,1.49639642
sgg_0.056,pmstokes_H8.500,2,FAIL,0.416592598,0.181330577,2.78745532,0.311498374,0.799864709,3.66468668,0.0735552013,0.000137890878,4.10316706,1.49501801
sgg_0.056,pmstokes_H8.500,3,FAIL,0.161285162,0.161872834,2.72539186,0.310732096,0.981025398,3.6556716,0.0293423347,0.000183243013,4.10334301,1.49589336
sgg_0.056,pmstokes_H8.500,4,FAIL,0.569442809,0.273592412,1.6533916,0.32319358,0.838240564,3.80227733,0.105534919,0.000143182508,4.10386848,1.48797488
sgg_0.056,pmstokes_H8.500,5,FAIL,0.298168451,0.384782404,5.77066374,0.303014994,0.868385851,3.56488228,0.0802512914,0.000130041342,4.10165882,1.49425924
sgg_0.1,jonswap_H0.270,1,FAIL,0.213369474,0.473206252,3.46234274,0.0119342078,0.0289797205,4.42007685,0.0862697661,0.000162779179,1.2979629,0.350299329
sgg_0.1,jonswap_H0.270,2,FAIL,0.308049887,0.183096215,4.02217197,0.0135847945,0.0291318335,5.03140545,0.0599735267,0.000146531063,1.28338206,0.351867527
sgg_0.1,jonswap_H0.270,3,FAIL,0.14633517,0.184128568,5.05780649,0.0119500188,0.0304056797,4.42593288,0.0376000963,0.000124894985,1.25628102,0.361486852
sgg_0.1,jonswap_H0.270,4,FAIL,0.290486366,0.230299607,2.44625425,0.0124790072,0.0277847294,4.62185431,0.0626224279,0.000136750212,1.26532924,0.350926667
sgg_0.1,jonswap_H0.270,5,FAIL,0.340313762,0.357122332,5.80035591,0.0118669961,0.0283025317,4.39518356,0.083462365,0.000166629587,1.25790656,0.351814181
sgg_0.1,jonswap_H1.500,1,FAIL,0.190205812,0.456680894,3.2605958,0.0586105622,0.171813369,3.90737057,0.0794083476,0.000158881507,2.18100834,0.725073874
sgg_0.1,jonswap_H1.500,2,FAIL,0.387598068,0.219460562,2.8190763,0.0658403113,0.167936772,4.38935375,0.074189581,0.0001482019,2.18478942,0.726248801
sgg_0.1,jonswap_H1.500,3,FAIL,0.195419952,0.217286497,3.40263247,0.0574367307,0.176232427,3.82911515,0.0445799418,0.00013626687,2.17850184,0.729600251
sgg_0.1,jonswap_H1.500,4,FAIL,0.356438816,0.275165498,1.56916451,0.0609538108,0.157073289,4.06358719,0.0758330598,0.000134661663,2.18348646,0.705704868
sgg_0.1,jonswap_H1.500,5,FAIL,0.295306593,0.415263295,6.30967522,0.0557843782,0.165165737,3.71895838,0.0855977014,0.000133057285,2.1777575,0.720317721
sgg_0.1,jonswap_H4.000,1,FAIL,0.319707185,0.470769465,2.15921235,0.155403405,0.493495375,3.88508511,0.0886469781,0.000162526165,3.58995557,1.12531114
sgg_0.1,jonswap_H4.000,2,FAIL,0.223706841,0.221794575,3.35763836,0.165688202,0.476926059,4.14220524,0.0503356382,0.000148196617,3.59055161,1.12450373
sgg_0.1,jonswap_H4.000,3,FAIL,0.145231381,0.273036212,4.54282331,0.147949949,0.50308907,3.69874883,0.0465290695,0.000134600356,3.58910298,1.12369895
sgg_0.1,jonswap_H4.000,4,FAIL,0.247444764,0.304461211,1.84263885,0.157285675,0.455148697,3.93214178,0.0636766478,0.000137868745,3.59000444,1.12445807
sgg_0.1,jonswap_H4.000,5,FAIL,0.376569688,0.429872721,3.20721316,0.149552628,0.494648665,3.73881578,0.098000221,0.000196376699,3.58899474,1.12265122
sgg_0.1,jonswap_H8.500,1,FAIL,0.282065868,0.522646308,2.98731256,0.345874578,1.07360375,4.06911278,0.0911188796,0.000162018201,4.22194338,1.42213702
sgg_0.1,jonswap_H8.500,2,FAIL,0.299590468,0.165326163,2.64924097,0.327616751,0.995713055,3.85431457,0.0543902777,0.000151866261,4.22111464,1.41873169
sgg_0.1,jonswap_H8.500,3,FAIL,0.158547103,0.240058988,2.82921004,0.321451634,1.04018295,3.78178382,0.0383297801,0.000152601875,4.22255135,1.41927826
sgg_0.1,jonswap_H8.500,4,FAIL,0.301220655,0.242556423,1.48925936,0.329030484,0.972355068,3.87094688,0.062481042,0.000135010167,4.22084951,1.41782928
sgg_0.1,jonswap_H8.500,5,FAIL,0.329473674,0.389560312,5.65764666,0.300490707,1.05257583,3.53518462,0.0859881788,0.000152849825,4.22343445,1.41919327
sgg_0.1,pmstokes_H0.270,1,FAIL,0.207144901,0.481520593,3.1787982,0.0119058825,0.0281484127,4.40958595,0.0870132297,0.000157339775,1.18999803,0.396765739
sgg_0.1,pmstokes_H0.270,2,FAIL,0.321171403,0.174484119,3.97047544,0.013066222,0.0278998744,4.83934116,0.0611517392,0.000148246821,1.17476964,0.395676285
sgg_0.1,pmstokes_H0.270,3,FAIL,0.153112441,0.179709762,4.7826848,0.011674731,0.0291560441,4.32397413,0.0376098603,0.000130891101,1.14895809,0.385182202
sgg_0.1,pmstokes_H0.270,4,FAIL,0.302595824,0.215462789,2.35771966,0.0122875581,0.0266553164,4.55094719,0.0627376586,0.000139935713,1.1575098,0.397553384
sgg_0.1,pmstokes_H0.270,5,FAIL,0.326226234,0.337937027,5.06374645,0.0117625976,0.0272097271,4.35651731,0.0796985105,0.00017121667,1.14930069,0.397042245
sgg_0.1,pmstokes_H1.500,1,FAIL,0.203758404,0.498526305,3.20335793,0.0578300618,0.161393493,3.85533738,0.0865839198,0.00015905789,2.04409766,0.791541398
sgg_0.1,pmstokes_H1.500,2,FAIL,0.350200027,0.1795021,2.82999229,0.0610223971,0.149599954,4.06815958,0.0652958229,0.000148413135,2.04525042,0.790915489
sgg_0.1,pmstokes_H1.500,3,FAIL,0.172394246,0.183830723,3.1918838,0.0554095507,0.159095913,3.69396996,0.0377691388,0.000139352836,2.04276919,0.790095568
sgg_0.1,pmstokes_H1.500,4,FAIL,0.319233805,0.233169392,1.70111382,0.0584499873,0.143636242,3.89666557,0.0663997456,0.000139963377,2.04334545,0.791755617
sgg_0.1,pmstokes_H1.500,5,FAIL,0.333805621,0.369376451,6.01579285,0.0538150705,0.151684687,3.58767128,0.0836052746,0.000138139963,2.04234433,0.789882421
sgg_0.1,pmstokes_H4.000,1,FAIL,0.318404227,0.548275352,2.24246264,0.156363845,0.463446379,3.90909624,0.0998648703,0.000157717848,3.28950691,1.12080824
sgg_0.1,pmstokes_H4.000,2,FAIL,0.243865073,0.148446605,3.50272965,0.159646973,0.408334911,3.99117422,0.0447113775,0.000153812522,3.29101133,1.12507129
sgg_0.1,pmstokes_H4.000,3,FAIL,0.148900226,0.166399956,4.44992018,0.147187844,0.442743361,3.67969608,0.0311841741,0.000138013915,3.29030442,1.12649322
sgg_0.1,pmstokes_H4.000,4,FAIL,0.214544252,0.218072146,1.85384166,0.15388684,0.4040142,3.84717107,0.0483255833,0.000146575869,3.29041028,1.12568247
sgg_0.1,pmstokes_H4.000,5,FAIL,0.433449596,0.312065899,2.87912631,0.142363399,0.427351564,3.55908489,0.0913892016,0.00016959662,3.29185557,1.12286091
sgg_0.1,pmstokes_H8.500,1,FAIL,0.200688556,0.506955147,3.21819496,0.338425636,0.973653078,3.98147798,0.0844367146,0.000172195723,4.10336018,1.49639642
sgg_0.1,pmstokes_H8.500,2,FAIL,0.421906233,0.179462254,2.79279208,0.311490983,0.842237234,3.66459966,0.0734952316,0.000153523273,4.10316706,1.49501801
sgg_0.1,pmstokes_H8.500,3,FAIL,0.164464563,0.1749814,2.70498705,0.310690612,0.98468256,3.65518355,0.0296509042,0.000204407188,4.10334301,1.49589336
sgg_0.1,pmstokes_H8.500,4,FAIL,0.570262313,0.288633317,1.67657852,0.323622942,0.867506027,3.8073287,0.105753869,0.000153413741,4.10386848,1.48797488
sgg_0.1,pmstokes_H8.500,5,FAIL,0.291661203,0.392043293,5.77535295,0.303278059,0.905901372,3.56797719,0.0804249048,0.000135093869,4.10165882,1.49425924
sgg_0.18,jonswap_H0.270,1,FAIL,0.218466535,0.478903294,3.45739245,0.0119331712,0.0330451168,4.41969299,0.0862756446,0.000181490643,1.2979629,0.350299329
sgg_0.18,jonswap_H0.270,2,FAIL,0.311122298,0.179668993,4.02502966,0.013586211,0.0323680714,5.03192997,0.0597927831,0.000174631103,1.28338206,0.351867527
sgg_0.18,jonswap_H0.270,3,FAIL,0.149195611,0.188675225,5.05871201,0.011949922,0.0328676738,4.42589712,0.0375344157,0.00014803544,1.25628102,0.361486852
sgg_0.18,jonswap_H0.270,4,FAIL,0.290823162,0.234792039,2.4460876,0.0124780303,0.030949166,4.62149239,0.0626992285,0.000156353446,1.26532924,0.350926667
sgg_0.18,jonswap_H0.270,5,FAIL,0.34036991,0.367539406,5.81236458,0.0118625695,0.0314932056,4.3935442,0.0846299231,0.000172407032,1.25790656,0.351814181
sgg_0.18,jonswap_H1.500,1,FAIL,0.199733749,0.467787236,3.2515049,0.0586307757,0.194954291,3.90871811,0.0795223936,0.000179475566,2.18100834,0.725073874
sgg_0.18,jonswap_H1.500,2,FAIL,0.394863605,0.208807334,2.80581903,0.0658560023,0.188893184,4.39039993,0.073792845,0.000175901034,2.18478942,0.726248801
sgg_0.18,jonswap_H1.500,3,FAIL,0.200617731,0.229924247,3.38982582,0.0574406944,0.18922855,3.82937956,0.044932317,0.000162044525,2.17850184,0.729600251
sgg_0.18,jonswap_H1.500,4,FAIL,0.358936191,0.280120969,1.56605661,0.0609286651,0.178150535,4.06191063,0.0757714286,0.000145990038,2.18348646,0.705704868
sgg_0.18,jonswap_H1.500,5,FAIL,0.289090693,0.418222636,6.30391741,0.0557798892,0.185635194,3.71865916,0.0853080079,0.000152158667,2.1777575,0.720317721
sgg_0.18,jonswap_H4.000,1,FAIL,0.332090527,0.479045093,2.16107512,0.155288503,0.548736155,3.88221264,0.0879109278,0.000185869183,3.58995557,1.12531114
sgg_0.18,jonswap_H4.000,2,FAIL,0.230934978,0.217256263,3.35612941,0.165540829,0.523228824,4.13852072,0.0501463972,0.00017443487,3.59055161,1.12450373
sgg_0.18,jonswap_H4.000,3,FAIL,0.148583829,0.284934551,4.53258848,0.148005903,0.527339578,3.70014763,0.0467697531,0.000156970578,3.58910298,1.12369895
sgg_0.18,jonswap_H4.000,4,FAIL,0.250175357,0.312144697,1.8453021,0.157569379,0.510133326,3.9392345,0.0637556016,0.000146872713,3.59000444,1.12445807
sgg_0.18,jonswap_H4.000,5,FAIL,0.364368826,0.420363814,3.17103052,0.149558261,0.546004713,3.73895645,0.0962148085,0.00023298942,3.58899474,1.12265122
sgg_0.18,jonswap_H8.500,1,FAIL,0.294711232,0.528364182,2.99243283,0.345087647,1.14374495,4.05985451,0.0901545435,0.000182644901,4.22194338,1.42213702
sgg_0.18,jonswap_H8.500,2,FAIL,0.306720674,0.158843532,2.64038873,0.327374995,1.04065681,3.85147047,0.0542502739,0.000178159273,4.22111464,1.41873169
sgg_0.18,jonswap_H8.500,3,FAIL,0.161879554,0.256697267,2.80540657,0.321673661,1.06345582,3.78439593,0.0387929007,0.000179857612,4.22255135,1.41927826
sgg_0.18,jonswap_H8.500,4,FAIL,0.305853903,0.246266231,1.48262084,0.329885721,1.05471981,3.88100839,0.0622137859,0.000140932563,4.22084951,1.41782928
sgg_0.18,jonswap_H8.500,5,FAIL,0.318788439,0.385611355,5.63302517,0.301215589,1.11933386,3.54371285,0.0848845169,0.000177087219,4.22343445,1.41919327
sgg_0.18,pmstokes_H0.270,1,FAIL,0.212078288,0.488281786,3.1775043,0.0119070178,0.0320627056,4.41000652,0.0871444345,0.000177671813,1.18999803,0.396765739
sgg_0.18,pmstokes_H0.270,2,FAIL,0.324102461,0.17151615,3.97476649,0.0130650057,0.0311956089,4.83889103,0.0609975085,0.00017608497,1.17476964,0.395676285
sgg_0.18,pmstokes_H0.270,3,FAIL,0.155922338,0.186184734,4.77920723,0.0116743501,0.0316730291,4.32383347,0.0377667546,0.000152749926,1.14895809,0.385182202
sgg_0.18,pmstokes_H0.270,4,FAIL,0.303045273,0.219202235,2.35885501,0.0122888396,0.0298228916,4.55142212,0.06276948,0.000159274423,1.1575098,0.397553384
sgg_0.18,pmstokes_H0.270,5,FAIL,0.325452417,0.346011937,5.08347607,0.0117617073,0.0304223709,4.35618782,0.0805875659,0.000179215553,1.14930069,0.397042245
sgg_0.18,pmstokes_H1.500,1,FAIL,0.213758469,0.507584035,3.19956875,0.057853017,0.185504243,3.85686755,0.0863381699,0.000180454037,2.04409766,0.791541398
sgg_0.18,pmstokes_H1.500,2,FAIL,0.356966287,0.17275092,2.82562685,0.0610175654,0.169479415,4.06783772,0.0650876611,0.000176160596,2.04525042,0.790915489
sgg_0.18,pmstokes_H1.500,3,FAIL,0.177605748,0.194893211,3.18290234,0.0554059222,0.173918158,3.69372797,0.0379383974,0.000166022524,2.04276919,0.790095568
sgg_0.18,pmstokes_H1.500,4,FAIL,0.32176438,0.239459872,1.70004702,0.0584365353,0.164369345,3.89576888,0.0664227381,0.000150498381,2.04334545,0.791755617
sgg_0.18,pmstokes_H1.500,5,FAIL,0.32776618,0.373671204,6.01462269,0.0538176522,0.171418041,3.58784342,0.0835180432,0.000155011687,2.04234433,0.789882421
sgg_0.18,pmstokes_H4.000,1,FAIL,0.330691606,0.558930218,2.23927307,0.156364158,0.523309112,3.90910387,0.0995175689,0.000179814844,3.28950691,1.12080824
sgg_0.18,pmstokes_H4.000,2,FAIL,0.249773994,0.147696167,3.5089922,0.159539193,0.45821026,3.98847985,0.0446885228,0.000180127216,3.29101133,1.12507129
sgg_0.18,pmstokes_H4.000,3,FAIL,0.152879879,0.180320814,4.43176889,0.147237048,0.473636031,3.68092608,0.03154663,0.000164143567,3.29030442,1.12649322
sgg_0.18,pmstokes_H4.000,4,FAIL,0.216524392,0.230132714,1.86440992,0.153946191,0.462001681,3.84865475,0.04856674,0.000160863812,3.29041028,1.12568247
sgg_0.18,pmstokes_H4.000,5,FAIL,0.424976647,0.311828345,2.87058544,0.142362744,0.480346411,3.55906868,0.0910970718,0.000195211847,3.29185557,1.12286091
sgg_0.18,pmstokes_H8.500,1,FAIL,0.211151257,0.502447188,3.24444079,0.338267356,1.0567286,3.97961593,0.0822781399,0.000191078027,4.10336018,1.49639642
sgg_0.18,pmstokes_H8.500,2,FAIL,0.425603241,0.185585201,2.81518435,0.311209053,0.905428231,3.66128302,0.0735775828,0.000178242917,4.10316706,1.49501801
sgg_0.18,pmstokes_H8.500,3,FAIL,0.168533504,0.204200014,2.6513176,0.310382754,1.02294433,3.65156174,0.0312766023,0.000242232447,4.10334301,1.49589336
sgg_0.18,pmstokes_H8.500,4,FAIL,0.569598377,0.316185325,1.72084343,0.324752331,0.954333663,3.82061553,0.106230214,0.000176749265,4.10386848,1.48797488
sgg_0.18,pmstokes_H8.500,5,FAIL,0.286342114,0.405366391,5.79578066,0.304234505,0.987440169,3.57922935,0.0813772157,0.000145182566,4.10165882,1.49425924
sgg_0.32,jonswap_H0.270,1,FAIL,0.227358326,0.483808011,3.45902061,0.0119289355,0.0407866389,4.4181242,0.0860440731,0.000208325335,1.2979629,0.350299329
sgg_0.32,jonswap_H0.270,2,FAIL,0.314789683,0.179075927,4.03084707,0.0135890394,0.0391629748,5.03297758,0.0596712418,0.000204257289,1.28338206,0.351867527
sgg_0.32,jonswap_H0.270,3,FAIL,0.154586196,0.19460994,5.0628686,0.0119505255,0.039147947,4.42612028,0.0374684855,0.000178705828,1.25628102,0.361486852
sgg_0.32,jonswap_H0.270,4,FAIL,0.293194234,0.2413463,2.44064665,0.01247703,0.0382399634,4.62112236,0.0627036914,0.000184081626,1.26532924,0.350926667
sgg_0.32,jonswap_H0.270,5,FAIL,0.337400287,0.375234455,5.8166275,0.011854575,0.0386693887,4.39058304,0.0851760134,0.00018532695,1.25790656,0.351814181
sgg_0.32,jonswap_H1.500,1,FAIL,0.212355375,0.477183819,3.24926519,0.0586718433,0.223480344,3.91145611,0.0794800147,0.000208161233,2.18100834,0.725073874
sgg_0.32,jonswap_H1.500,2,FAIL,0.402254969,0.202263996,2.79931283,0.0658862963,0.214598894,4.39241982,0.0734944493,0.000209259699,2.18478942,0.726248801
sgg_0.32,jonswap_H1.500,3,FAIL,0.207283393,0.242363244,3.38301325,0.0574599542,0.210775465,3.83066344,0.0452271663,0.000195566463,2.17850184,0.729600251
sgg_0.32,jonswap_H1.500,4,FAIL,0.364309371,0.287031144,1.56178522,0.0608743317,0.206799075,4.05828857,0.0756277367,0.000163811172,2.18348646,0.705704868
sgg_0.32,jonswap_H1.500,5,FAIL,0.282202363,0.41913256,6.29515982,0.0557890646,0.213444754,3.71927094,0.0846598744,0.000174832632,2.1777575,0.720317721
sgg_0.32,jonswap_H4.000,1,FAIL,0.344503462,0.482890874,2.17193699,0.155129686,0.603137612,3.87824225,0.0872471556,0.00021604159,3.58995557,1.12531114
sgg_0.32,jonswap_H4.000,2,FAIL,0.238636732,0.216862291,3.36156535,0.16524367,0.574288964,4.13109159,0.0500722788,0.000205165372,3.59055161,1.12450373
sgg_0.32,jonswap_H4.000,3,FAIL,0.154386789,0.296499074,4.52364731,0.148326591,0.567388952,3.70816469,0.0470404476,0.000187510246,3.58910298,1.12369895
sgg_0.32,jonswap_H4.000,4,FAIL,0.255620003,0.322159529,1.8488344,0.158448905,0.571123004,3.96122265,0.063835822,0.000159524643,3.59000444,1.12445807
sgg_0.32,jonswap_H4.000,5,FAIL,0.354675531,0.412721336,3.14748597,0.149695888,0.598666072,3.74239731,0.0949582979,0.000271814584,3.58899474,1.12265122
sgg_0.32,jonswap_H8.500,1,FAIL,0.304739743,0.527817786,3.00673056,0.343856782,1.19936502,4.04537392,0.0892875418,0.000208863799,4.22194338,1.42213702
sgg_0.32,jonswap_H8.500,2,FAIL,0.313222826,0.162440225,2.64186454,0.326994061,1.08025753,3.84698892,0.0542190112,0.000209959951,4.22111464,1.41873169
sgg_0.32,jonswap_H8.500,3,FAIL,0.165933594,0.272184402,2.78598309,0.322496414,1.1057601,3.79407549,0.0392096639,0.000214437561,4.22255135,1.41927826
sgg_0.32,jonswap_H8.500,4,FAIL,0.312036872,0.253580481,1.48127711,0.332530618,1.128034,3.91212487,0.0620140657,0.000150778011,4.22084951,1.41782928
sgg_0.32,jonswap_H8.500,5,FAIL,0.312512368,0.382033467,5.61716604,0.303549558,1.17812657,3.57117128,0.0841477364,0.000203859847,4.22343445,1.41919327
sgg_0.32,pmstokes_H0.270,1,FAIL,0.220939144,0.49300462,3.18560505,0.0119061954,0.0397114232,4.40970182,0.0868500397,0.000205526143,1.18999803,0.396765739
sgg_0.32,pmstokes_H0.270,2,FAIL,0.327494532,0.171924293,3.98276258,0.0130585348,0.0379407667,4.83649445,0.0609154813,0.000205094912,1.17476964,0.395676285
sgg_0.32,pmstokes_H0.270,3,FAIL,0.16115275,0.193951145,4.78014135,0.0116757546,0.0378575139,4.32435322,0.0379061438,0.000182831776,1.14895809,0.385182202
sgg_0.32,pmstokes_H0.270,4,FAIL,0.305216074,0.225929007,2.35637164,0.0122934263,0.0370231979,4.55312061,0.0627960265,0.000187092155,1.1575098,0.397553384
sgg_0.32,pmstokes_H0.270,5,FAIL,0.322625369,0.353562117,5.10173321,0.0117614111,0.0374027714,4.35607815,0.0812392384,0.000194009786,1.14930069,0.397042245
sgg_0.32,pmstokes_H1.500,1,FAIL,0.226798877,0.515539229,3.20155144,0.057908833,0.214475676,3.86058879,0.0860695764,0.00020993517,2.04409766,0.791541398
sgg_0.32,pmstokes_H1.500,2,FAIL,0.364557743,0.169796988,2.82513046,0.0609703548,0.195778221,4.06469011,0.0649221241,0.000209636084,2.04525042,0.790915489
sgg_0.32,pmstokes_H1.500,3,FAIL,0.184935793,0.207106993,3.17864323,0.0554117151,0.196878284,3.69411421,0.0381646007,0.00019952502,2.04276919,0.790095568
sgg_0.32,pmstokes_H1.500,4,FAIL,0.327556401,0.248242483,1.69805801,0.0584104359,0.193038866,3.8940289,0.0663849488,0.000167691484,2.04334545,0.791755617
sgg_0.32,pmstokes_H1.500,5,FAIL,0.320608795,0.376771152,6.01186037,0.0538323447,0.199127823,3.58882284,0.0831854492,0.000175622175,2.04234433,0.789882421
sgg_0.32,pmstokes_H4.000,1,FAIL,0.3432419,0.56384474,2.24766827,0.156421557,0.580426157,3.91053891,0.098929204,0.0002099954,3.28950691,1.12080824
sgg_0.32,pmstokes_H4.000,2,FAIL,0.255945861,0.153912812,3.51950073,0.159273133,0.515996397,3.98182821,0.0447680131,0.000208301484,3.29101133,1.12507129
sgg_0.32,pmstokes_H4.000,3,FAIL,0.15910989,0.197386935,4.41189766,0.147510618,0.518516839,3.68776536,0.0321644321,0.00019843546,3.29030442,1.12649322
sgg_0.32,pmstokes_H4.000,4,FAIL,0.2216658,0.245099708,1.87463593,0.154267609,0.525478065,3.85669017,0.0487899184,0.000180987801,3.29041028,1.12568247
sgg_0.32,pmstokes_H4.000,5,FAIL,0.417739958,0.311841398,2.86511636,0.142435834,0.539395869,3.56089592,0.0907698795,0.000222660005,3.29185557,1.12286091
sgg_0.32,pmstokes_H8.500,1,FAIL,0.220015913,0.490421832,3.28201699,0.339144766,1.11873806,3.98993826,0.0799718574,0.000212821295,4.10336018,1.49639642
sgg_0.32,pmstokes_H8.500,2,FAIL,0.427441299,0.201040775,2.84776497,0.310787797,0.968043029,3.65632701,0.0737845674,0.000205403834,4.10316706,1.49501801
sgg_0.32,pmstokes_H8.500,3,FAIL,0.174038216,0.236472741,2.59452391,0.31064108,1.06197917,3.65460086,0.0333090685,0.000289567397,4.10334301,1.49589336
sgg_0.32,pmstokes_H8.500,4,FAIL,0.569200218,0.344199836,1.76386321,0.327398837,1.03201044,3.85175085,0.106711909,0.00020834773,4.10386848,1.48797488
sgg_0.32,pmstokes_H8.500,5,FAIL,0.286145538,0.419916064,5.82501411,0.306695163,1.0632726,3.60817838,0.0825611353,0.000160062133,4.10165882,1.49425924
sgg_0.56,jonswap_H0.270,1,FAIL,0.242858469,0.487077773,3.46734071,0.0119216852,0.0499950871,4.41543865,0.0857432708,0.000231640181,1.2979629,0.350299329
sgg_0.56,jonswap_H0.270,2,FAIL,0.320801973,0.185189441,4.03821659,0.0135990884,0.0478048995,5.0366993,0.0596026182,0.000226263815,1.28338206,0.351867527
sgg_0.56,jonswap_H0.270,3,FAIL,0.165337965,0.203306675,5.07091904,0.0119546931,0.0474379472,4.4276638,0.0374131724,0.000206794313,1.25628102,0.361486852
sgg_0.56,jonswap_H0.270,4,FAIL,0.299854875,0.251061529,2.43102527,0.0124801723,0.0471565351,4.62228584,0.0626786277,0.000208120808,1.26532924,0.350926667
sgg_0.56,jonswap_H0.270,5,FAIL,0.334535062,0.383498818,5.8212719,0.0118351495,0.0477478579,4.38338852,0.0853843987,0.000198175301,1.25790656,0.351814181
sgg_0.56,jonswap_H1.500,1,FAIL,0.227058217,0.480801344,3.25746989,0.0588118285,0.246661186,3.92078853,0.0793218091,0.000233837171,2.18100834,0.725073874
sgg_0.56,jonswap_H1.500,2,FAIL,0.409337103,0.20690757,2.80341983,0.0659969971,0.236992091,4.39979982,0.0733400583,0.00023523526,2.18478942,0.726248801
sgg_0.56,jonswap_H1.500,3,FAIL,0.215603873,0.252386719,3.3872087,0.0575762019,0.232242405,3.83841324,0.0453523397,0.000223839947,2.17850184,0.729600251
sgg_0.56,jonswap_H1.500,4,FAIL,0.372693211,0.295606256,1.55654144,0.0607960895,0.230815455,4.05307245,0.0754727572,0.000180686067,2.18348646,0.705704868
sgg_0.56,jonswap_H1.500,5,FAIL,0.280329734,0.422868669,6.29413748,0.0558886193,0.236747041,3.7259078,0.0842750967,0.000192793043,2.1777575,0.720317721
sgg_0.56,jonswap_H4.000,1,FAIL,0.356646776,0.47807619,2.20019698,0.155246168,0.654490471,3.8811543,0.0866293758,0.000238910594,3.58995557,1.12531114
sgg_0.56,jonswap_H4.000,2,FAIL,0.247078389,0.228400812,3.38063383,0.165626943,0.632889867,4.14067364,0.0502890423,0.000227678,3.59055161,1.12450373
sgg_0.56,jonswap_H4.000,3,FAIL,0.164364681,0.307179868,4.51911831,0.149593756,0.617814839,3.73984385,0.0472210757,0.000215740438,3.58910298,1.12369895
sgg_0.56,jonswap_H4.000,4,FAIL,0.263584435,0.333264798,1.85093927,0.160620928,0.631581306,4.01552296,0.0638963953,0.000167918901,3.59000444,1.12445807
sgg_0.56,jonswap_H4.000,5,FAIL,0.353304207,0.414589167,3.15145111,0.150281191,0.650674462,3.75702977,0.0946129709,0.000300197775,3.58899474,1.12265122
sgg_0.56,jonswap_H8.500,1,FAIL,0.313558042,0.519498229,3.03550506,0.343271673,1.25471878,4.0384903,0.0886636078,0.000228272518,4.22194338,1.42213702
sgg_0.56,jonswap_H8.500,2,FAIL,0.320082933,0.18496044,2.66021776,0.328902394,1.13497925,3.86943984,0.0543378554,0.000233682731,4.22111464,1.41873169
sgg_0.56,jonswap_H8.500,3,FAIL,0.173772812,0.285305887,2.78137302,0.325562954,1.17056262,3.83015227,0.0393791981,0.000242814625,4.22255135,1.41927826
sgg_0.56,jonswap_H8.500,4,FAIL,0.31976521,0.266168594,1.48576331,0.33807379,1.19968736,3.97733855,0.061927449,0.00015961926,4.22084951,1.41782928
sgg_0.56,jonswap_H8.500,5,FAIL,0.313942701,0.385361671,5.62164879,0.309185237,1.2339648,3.63747334,0.0840221643,0.000222039729,4.22343445,1.41919327
sgg_0.56,pmstokes_H0.270,1,FAIL,0.236469835,0.495934278,3.1992662,0.0119090313,0.0488870516,4.4107523,0.0864882171,0.000229362544,1.18999803,0.396765739
sgg_0.56,pmstokes_H0.270,2,FAIL,0.333251655,0.178773001,3.99120116,0.0130414944,0.0464882478,4.83018303,0.0608735532,0.00022620683,1.17476964,0.395676285
sgg_0.56,pmstokes_H0.270,3,FAIL,0.17147316,0.203675702,4.78719282,0.0116844578,0.0459835753,4.32757664,0.0379761495,0.000210744751,1.14895809,0.385182202
sgg_0.56,pmstokes_H0.270,4,FAIL,0.311558515,0.235866264,2.3488946,0.012309744,0.0458272249,4.55916452,0.0627911165,0.000212192041,1.1575098,0.397553384
sgg_0.56,pmstokes_H0.270,5,FAIL,0.320301563,0.362101734,5.11804867,0.0117633035,0.0463024713,4.3567791,0.0815789327,0.000207509409,1.14930069,0.397042245
sgg_0.56,pmstokes_H1.500,1,FAIL,0.241682231,0.51843518,3.21212554,0.0580684617,0.237702489,3.8712306,0.0858739242,0.000234694817,2.04409766,0.791541398
sgg_0.56,pmstokes_H1.500,2,FAIL,0.372584522,0.176926777,2.83123207,0.0608486757,0.219270051,4.05657816,0.06483794,0.000236647829,2.04525042,0.790915489
sgg_0.56,pmstokes_H1.500,3,FAIL,0.194590375,0.217809886,3.18513322,0.0554882325,0.219194189,3.69921541,0.0382757038,0.000226165255,2.04276919,0.790095568
sgg_0.56,pmstokes_H1.500,4,FAIL,0.336703867,0.258834451,1.69461322,0.0583705567,0.217734113,3.8913703,0.0662888736,0.000186263831,2.04334545,0.791755617
sgg_0.56,pmstokes_H1.500,5,FAIL,0.317561597,0.381776273,6.01411676,0.0539284907,0.223157242,3.59523249,0.0829154029,0.000192258856,2.04234433,0.789882421
sgg_0.56,pmstokes_H4.000,1,FAIL,0.354917467,0.561056137,2.26924825,0.156990543,0.633020103,3.92476368,0.0983816534,0.000235793166,3.28950691,1.12080824
sgg_0.56,pmstokes_H4.000,2,FAIL,0.263786942,0.170288295,3.53551722,0.159409165,0.57965374,3.98522902,0.0448969603,0.000228947902,3.29101133,1.12507129
sgg_0.56,pmstokes_H4.000,3,FAIL,0.168785617,0.214304611,4.40057611,0.148568571,0.570674658,3.71421432,0.0326897837,0.00022909054,3.29030442,1.12649322
sgg_0.56,pmstokes_H4.000,4,FAIL,0.230425894,0.259067059,1.87675381,0.155279815,0.587273598,3.88199544,0.048765149,0.000196949681,3.29041028,1.12568247
sgg_0.56,pmstokes_H4.000,5,FAIL,0.416566968,0.318325907,2.87334156,0.142968088,0.598290503,3.5742023,0.0906042755,0.000242220733,3.29185557,1.12286091
sgg_0.56,pmstokes_H8.500,1,FAIL,0.229921013,0.476277143,3.31948805,0.342855215,1.18000329,4.03359079,0.0782947689,0.000228467048,4.10336018,1.49639642
sgg_0.56,pmstokes_H8.500,2,FAIL,0.430761248,0.225484923,2.8811841,0.312432528,1.04345083,3.67567682,0.0740367919,0.000226126882,4.10316706,1.49501801
sgg_0.56,pmstokes_H8.500,3,FAIL,0.182816133,0.263630897,2.55959177,0.313005477,1.11691785,3.68241739,0.0350186564,0.000327986316,4.10334301,1.49589336
sgg_0.56,pmstokes_H8.500,4,FAIL,0.572244287,0.362597972,1.78355324,0.332609713,1.10373688,3.91305542,0.106881499,0.000230576727,4.10386848,1.48797488
sgg_0.56,pmstokes_H8.500,5,FAIL,0.290919244,0.433339834,5.85161257,0.311759084,1.13383949,3.66775393,0.0833741054,0.000175256966,4.10165882,1.49425924
sgg_2,jonswap_H0.270,1,FAIL,0.305177122,0.49808827,3.51443982,0.0120561551,0.0668902472,4.46524239,0.0851182714,0.000232598308,1.2979629,0.350299329
sgg_2,jonswap_H0.270,2,FAIL,0.353801548,0.26175493,4.07534838,0.0140076382,0.0651352182,5.18801403,0.0596850216,0.000247208984,1.28338206,0.351867527
sgg_2,jonswap_H0.270,3,FAIL,0.223702505,0.271265447,5.07505751,0.0121777626,0.0642357022,4.51028252,0.0376210436,0.000230877602,1.25628102,0.361486852
sgg_2,jonswap_H0.270,4,FAIL,0.33493489,0.315451831,2.43386149,0.0127945831,0.0645686463,4.73873425,0.0628315434,0.000211719598,1.26532924,0.350926667
sgg_2,jonswap_H0.270,5,FAIL,0.358055055,0.432473153,5.84844971,0.0118618691,0.0654897913,4.3932848,0.0858988166,0.000202883268,1.25790656,0.351814181
sgg_2,jonswap_H1.500,1,FAIL,0.276338428,0.48040992,3.32626724,0.061319571,0.297866076,4.08797121,0.0785832256,0.000239191766,2.18100834,0.725073874
sgg_2,jonswap_H1.500,2,FAIL,0.43455562,0.290782422,2.86518312,0.0691583827,0.290699571,4.61055851,0.0733671039,0.000247955235,2.18478942,0.726248801
sgg_2,jonswap_H1.500,3,FAIL,0.256009281,0.315427899,3.38690567,0.0612939894,0.292449236,4.08626604,0.0459445603,0.000234361229,2.17850184,0.729600251
sgg_2,jonswap_H1.500,4,FAIL,0.4032152,0.351530313,1.57496393,0.0623600483,0.28633666,4.15733624,0.0752086267,0.000194850974,2.18348646,0.705704868
sgg_2,jonswap_H1.500,5,FAIL,0.308899581,0.464216828,6.32365036,0.0586599,0.283582866,3.91065979,0.084341228,0.000195652901,2.1777575,0.720317721
sgg_2,jonswap_H4.000,1,FAIL,0.409089446,0.450683355,2.39728284,0.163382158,0.857246757,4.08455372,0.0844306052,0.000230535297,3.58995557,1.12531114
sgg_2,jonswap_H4.000,2,FAIL,0.293114185,0.359524608,3.54072547,0.183820426,0.864519954,4.59551048,0.0526025258,0.000232137245,3.59055161,1.12450373
sgg_2,jonswap_H4.000,3,FAIL,0.22209163,0.396388084,4.45572519,0.16557385,0.825967133,4.13934612,0.0491849594,0.000254473125,3.58910298,1.12369895
sgg_2,jonswap_H4.000,4,FAIL,0.294879228,0.429307222,1.95458281,0.176479906,0.857806504,4.4119978,0.0652916804,0.000175177425,3.59000444,1.12445807
sgg_2,jonswap_H4.000,5,FAIL,0.394627064,0.501953423,3.30332613,0.159377664,0.85555613,3.98444152,0.0975299254,0.000297655148,3.58899474,1.12265122
sgg_2,jonswap_H8.500,1,FAIL,0.356893003,0.485031247,3.21774888,0.359987408,1.5200845,4.23514605,0.0870845094,0.000233525105,4.22194338,1.42213702
sgg_2,jonswap_H8.500,2,FAIL,0.351518452,0.346215159,2.82664251,0.379625142,1.44120252,4.46617794,0.0550010353,0.00024445224,4.22111464,1.41873169
sgg_2,jonswap_H8.500,3,FAIL,0.22639139,0.390727311,2.73665261,0.36699608,1.51320326,4.31760073,0.0409157015,0.000258583052,4.22255135,1.41927826
sgg_2,jonswap_H8.500,4,FAIL,0.348393977,0.377746314,1.6052494,0.36161533,1.51184046,4.25429773,0.0623253025,0.000172753003,4.22084951,1.41782928
sgg_2,jonswap_H8.500,5,FAIL,0.352853149,0.462424189,5.73421764,0.339479148,1.48276472,3.99387217,0.0862143561,0.000215042382,4.22343445,1.41919327
sgg_2,pmstokes_H0.270,1,FAIL,0.299198478,0.505523801,3.24995184,0.0121786594,0.06576965,4.5106144,0.0859956741,0.000231664773,1.18999803,0.396765739
sgg_2,pmstokes_H0.270,2,FAIL,0.365225017,0.251654476,4.02457714,0.0131654544,0.0634569153,4.87609386,0.0608965382,0.000245307659,1.17476964,0.395676285
sgg_2,pmstokes_H0.270,3,FAIL,0.228115112,0.266461372,4.79608202,0.0120194238,0.0625920594,4.45163822,0.0381113142,0.00023367464,1.14895809,0.385182202
sgg_2,pmstokes_H0.270,4,FAIL,0.345035464,0.296358138,2.35021949,0.0126705645,0.0631844178,4.69280148,0.062815927,0.000227420038,1.1575098,0.397553384
sgg_2,pmstokes_H0.270,5,FAIL,0.344501555,0.410348564,5.15374899,0.0120297177,0.0637130365,4.45545101,0.0818843842,0.000205990305,1.14930069,0.397042245
sgg_2,pmstokes_H1.500,1,FAIL,0.289872199,0.516099632,3.28010559,0.0599450693,0.28691262,3.99633789,0.0856076851,0.000232581588,2.04409766,0.791541398
sgg_2,pmstokes_H1.500,2,FAIL,0.404115498,0.260494679,2.88811398,0.0624760501,0.27480635,4.16507006,0.0648652837,0.000259517605,2.04525042,0.790915489
sgg_2,pmstokes_H1.500,3,FAIL,0.238706365,0.280280173,3.19475436,0.0581999831,0.279526383,3.87999868,0.0386938155,0.00022339412,2.04276919,0.790095568
sgg_2,pmstokes_H1.500,4,FAIL,0.370307177,0.316917539,1.71086085,0.0594884232,0.274255008,3.9658947,0.0658435374,0.000221523762,2.04334545,0.791755617
sgg_2,pmstokes_H1.500,5,FAIL,0.339371562,0.421138197,6.03797293,0.0566196963,0.272471607,3.77464628,0.0826453641,0.000197082787,2.04234433,0.789882421
sgg_2,pmstokes_H4.000,1,FAIL,0.402151018,0.541037798,2.42503405,0.166322351,0.832099199,4.15805864,0.0974577069,0.000236819455,3.28950691,1.12080824
sgg_2,pmstokes_H4.000,2,FAIL,0.312292337,0.296941549,3.65658426,0.176732078,0.818958879,4.41830206,0.0453565381,0.000244060386,3.29101133,1.12507129
sgg_2,pmstokes_H4.000,3,FAIL,0.222790554,0.31074807,4.35193443,0.162119821,0.782281101,4.05299568,0.0341635197,0.000259140594,3.29030442,1.12649322
sgg_2,pmstokes_H4.000,4,FAIL,0.268908292,0.349557102,1.94552732,0.167215675,0.816590846,4.18039179,0.0481310822,0.000216796718,3.29041028,1.12568247
sgg_2,pmstokes_H4.000,5,FAIL,0.449564338,0.402926832,2.98887968,0.153064996,0.814294934,3.82662487,0.0910684913,0.000225242096,3.29185557,1.12286091
sgg_2,pmstokes_H8.500,1,FAIL,0.280906618,0.447861195,3.4823029,0.369158953,1.46449828,4.34304667,0.0763393492,0.000249874807,4.10336018,1.49639642
sgg_2,pmstokes_H8.500,2,FAIL,0.460339069,0.370747447,3.0335598,0.358751476,1.39489543,4.22060537,0.074500151,0.000257592328,4.10316706,1.49501801
sgg_2,pmstokes_H8.500,3,FAIL,0.233023345,0.381677866,2.49984932,0.349776149,1.46972275,4.1150136,0.037837822,0.000363301311,4.10334301,1.49589336
sgg_2,pmstokes_H8.500,4,FAIL,0.594285488,0.442628294,1.85134864,0.362057805,1.4397068,4.25950336,0.106182232,0.000238818728,4.10386848,1.48797488
sgg_2,pmstokes_H8.500,5,FAIL,0.327531248,0.503577888,5.94233179,0.339562297,1.41573346,3.9948504,0.0838883817,0.000193531945,4.10165882,1.49425924
sgm_0.25,jonswap_H0.270,1,FAIL,0.343304694,0.529677749,3.4914341,0.0121390894,0.0864469409,4.49595881,0.0897115245,0.00023919098,1.2979629,0.350299329
sgm_0.25,jonswap_H0.270,2,FAIL,0.400815338,0.272530735,4.00420618,0.014041014,0.0897336528,5.20037556,0.0599727035,0.000236143591,1.28338206,0.351867527
sgm_0.25,jonswap_H0.270,3,FAIL,0.276593268,0.29718262,5.0890379,0.0121731088,0.0869097412,4.50855875,0.0388580933,0.000230118851,1.25628102,0.361486852
sgm_0.25,jonswap_H0.270,4,FAIL,0.374446809,0.330455303,2.41992092,0.0127692483,0.0836881846,4.72935104,0.0642399117,0.000224711213,1.26532924,0.350926667
sgm_0.25,jonswap_H0.270,5,FAIL,0.383522153,0.426370621,5.7837162,0.0118419779,0.0840940252,4.38591766,0.0812786445,0.000208462458,1.25790656,0.351814181
sgm_0.25,jonswap_H1.500,1,FAIL,0.322718561,0.521377206,3.26598597,0.0633713901,0.322582483,4.2247591,0.0835407004,0.000265189243,2.18100834,0.725073874
sgm_0.25,jonswap_H1.500,2,FAIL,0.472571999,0.293169141,2.7632556,0.0711457431,0.34311831,4.74304914,0.0734296516,0.000237928907,2.18478942,0.726248801
sgm_0.25,jonswap_H1.500,3,FAIL,0.300866902,0.320638835,3.4281013,0.060159862,0.319337785,4.01065731,0.0459733903,0.000232260689,2.17850184,0.729600251
sgm_0.25,jonswap_H1.500,4,FAIL,0.43629387,0.344522208,1.50453186,0.0623025596,0.315530539,4.15350389,0.0754164159,0.000185334968,2.18348646,0.705704868
sgm_0.25,jonswap_H1.500,5,FAIL,0.351264924,0.474357814,6.32314968,0.0585441776,0.316099584,3.90294504,0.0843952969,0.000202902913,2.1777575,0.720317721
sgm_0.25,jonswap_H4.000,1,FAIL,0.424053818,0.513815582,2.2326417,0.159836113,0.823797464,3.99590278,0.0924686417,0.000250990124,3.58995557,1.12531114
sgm_0.25,jonswap_H4.000,2,FAIL,0.358557373,0.312463909,3.37713695,0.190992653,0.813139975,4.77481651,0.0496705547,0.00022987886,3.59055161,1.12450373
sgm_0.25,jonswap_H4.000,3,FAIL,0.274285346,0.368741512,4.53100443,0.163776115,0.778120995,4.09440279,0.0467894524,0.000222540591,3.58910298,1.12369895
sgm_0.25,jonswap_H4.000,4,FAIL,0.346815765,0.381339759,1.81591296,0.174722955,0.800475657,4.36807394,0.0633831173,0.000170873289,3.59000444,1.12445807
sgm_0.25,jonswap_H4.000,5,FAIL,0.410027683,0.449464768,3.15261388,0.154496372,0.82109493,3.86240935,0.0903149471,0.000292117329,3.58899474,1.12265122
sgm_0.25,jonswap_H8.500,1,FAIL,0.386616677,0.569635332,3.02213645,0.36855635,1.49911571,4.33595705,0.0956860408,0.00024965682,4.22194338,1.42213702
sgm_0.25,jonswap_H8.500,2,FAIL,0.406922251,0.327506453,2.5943675,0.387643874,1.37353277,4.56051588,0.0543755814,0.00024858152,4.22111464,1.41873169
sgm_0.25,jonswap_H8.500,3,FAIL,0.278519332,0.360942125,2.83095717,0.348758399,1.42994511,4.10303974,0.0391088538,0.0002348665,4.22255135,1.41927826
sgm_0.25,jonswap_H8.500,4,FAIL,0.397642136,0.311139792,1.35696268,0.352855861,1.49707603,4.15124512,0.0606883056,0.00014693971,4.22084951,1.41782928
sgm_0.25,jonswap_H8.500,5,FAIL,0.390542924,0.447524667,5.68068123,0.316278577,1.48828197,3.72092438,0.0850510746,0.000230962512,4.22343445,1.41919327
sgm_0.25,pmstokes_H0.270,1,FAIL,0.338014841,0.542082787,3.2170856,0.0122518949,0.0855091438,4.5377388,0.090976201,0.000239200832,1.18999803,0.396765739
sgm_0.25,pmstokes_H0.270,2,FAIL,0.411283076,0.268667132,3.95990014,0.0133625381,0.087843515,4.9490881,0.0613625571,0.000233734783,1.17476964,0.395676285
sgm_0.25,pmstokes_H0.270,3,FAIL,0.280487895,0.294618517,4.81999397,0.0121419141,0.0844555721,4.49700499,0.0392214023,0.000223126655,1.14895809,0.385182202
sgm_0.25,pmstokes_H0.270,4,FAIL,0.383993357,0.318024069,2.33827877,0.0128510203,0.0826602429,4.75963688,0.06438528,0.000236797699,1.1575098,0.397553384
sgm_0.25,pmstokes_H0.270,5,FAIL,0.371699184,0.40875718,5.0919385,0.0118046226,0.081467025,4.37208223,0.0775071457,0.000213920037,1.14930069,0.397042245
sgm_0.25,pmstokes_H1.500,1,FAIL,0.334062934,0.556546092,3.22430372,0.0605199635,0.315852076,4.03466415,0.0908636004,0.000244373397,2.04409766,0.791541398
sgm_0.25,pmstokes_H1.500,2,FAIL,0.448422939,0.275630832,2.76095223,0.0652582571,0.321765244,4.35055017,0.0657570362,0.000255474413,2.04525042,0.790915489
sgm_0.25,pmstokes_H1.500,3,FAIL,0.287553906,0.29131797,3.24527407,0.0580332838,0.303379834,3.86888552,0.0384948663,0.000223736875,2.04276919,0.790095568
sgm_0.25,pmstokes_H1.500,4,FAIL,0.404845387,0.318958163,1.6548779,0.059543509,0.29583779,3.96956706,0.0664177388,0.000225968484,2.04334545,0.791755617
sgm_0.25,pmstokes_H1.500,5,FAIL,0.377424717,0.427871555,6.01574469,0.0587568916,0.301130235,3.91712594,0.0812289417,0.000216648288,2.04234433,0.789882421
sgm_0.25,pmstokes_H4.000,1,FAIL,0.41534856,0.616729677,2.2374413,0.167353317,0.799527287,4.18383312,0.106531605,0.000273136917,3.28950691,1.12080824
sgm_0.25,pmstokes_H4.000,2,FAIL,0.382230073,0.277364463,3.47998548,0.187950626,0.75975734,4.69876575,0.0462410003,0.000244404597,3.29101133,1.12507129
sgm_0.25,pmstokes_H4.000,3,FAIL,0.274266928,0.286777824,4.45755863,0.163739577,0.723590136,4.09348965,0.0310479403,0.000232937557,3.29030442,1.12649322
sgm_0.25,pmstokes_H4.000,4,FAIL,0.321914941,0.319718033,1.83565402,0.166027427,0.752643406,4.15068579,0.0483714268,0.000239114423,3.29041028,1.12568247
sgm_0.25,pmstokes_H4.000,5,FAIL,0.461562485,0.363113433,2.85283923,0.15457496,0.765987754,3.86437392,0.0848378018,0.000237292174,3.29185557,1.12286091
sgm_0.25,pmstokes_H8.500,1,FAIL,0.327159911,0.527183831,3.2990582,0.36700803,1.43813753,4.31774139,0.083907865,0.000246533076,4.10336018,1.49639642
sgm_0.25,pmstokes_H8.500,2,FAIL,0.511704087,0.350656301,2.80832386,0.371381253,1.31158638,4.36919117,0.0759821385,0.000276111532,4.10316706,1.49501801
sgm_0.25,pmstokes_H8.500,3,FAIL,0.283791393,0.339134097,2.64311028,0.350588828,1.34794521,4.12457418,0.0323957838,0.000339656865,4.10334301,1.49589336
sgm_0.25,pmstokes_H8.500,4,FAIL,0.622712672,0.396537751,1.70039546,0.358712375,1.37372243,4.2201457,0.106959455,0.000300845684,4.10386848,1.48797488
sgm_0.25,pmstokes_H8.500,5,FAIL,0.372402847,0.496840298,5.92675209,0.343137324,1.3719219,4.03690958,0.0832511708,0.00024377396,4.10165882,1.49425924
sgm_0.5,jonswap_H0.270,1,FAIL,0.302129537,0.506008029,3.48789072,0.0119575122,0.0714833438,4.42870808,0.088206768,0.000240976238,1.2979629,0.350299329
sgm_0.5,jonswap_H0.270,2,FAIL,0.359069556,0.231335491,4.03773069,0.0137301246,0.0703125894,5.0852313,0.059826456,0.000237653672,1.28338206,0.351867527
sgm_0.5,jonswap_H0.270,3,FAIL,0.223622307,0.251739085,5.08387089,0.0120155429,0.0691498742,4.45020103,0.0383599289,0.000225133626,1.25628102,0.361486852
sgm_0.5,jonswap_H0.270,4,FAIL,0.336890608,0.296274096,2.42882609,0.0125444401,0.0676759928,4.6460886,0.0639022142,0.000221722265,1.26532924,0.350926667
sgm_0.5,jonswap_H0.270,5,FAIL,0.350691319,0.411269128,5.8197794,0.0117674712,0.0684137344,4.35832262,0.0839316025,0.000204458993,1.25790656,0.351814181
sgm_0.5,jonswap_H1.500,1,FAIL,0.276019156,0.495008051,3.27609348,0.060652975,0.290610105,4.04353142,0.0817582384,0.00025412126,2.18100834,0.725073874
sgm_0.5,jonswap_H1.500,2,FAIL,0.436094493,0.253208995,2.80837226,0.0679431409,0.290102154,4.52954245,0.0734680444,0.000242709822,2.18478942,0.726248801
sgm_0.5,jonswap_H1.500,3,FAIL,0.254193902,0.285474509,3.4093287,0.0586943217,0.280256271,3.91295457,0.0461187288,0.000234045612,2.17850184,0.729600251
sgm_0.5,jonswap_H1.500,4,FAIL,0.400729716,0.327646077,1.55320489,0.0611479841,0.276324183,4.07653189,0.0761042833,0.000189370665,2.18348646,0.705704868
sgm_0.5,jonswap_H1.500,5,FAIL,0.309483498,0.445893764,6.30836821,0.0569238514,0.27665481,3.79492331,0.0839607045,0.000199924805,2.1777575,0.720317721
sgm_0.5,jonswap_H4.000,1,FAIL,0.391248524,0.482934356,2.25156212,0.157169685,0.764674008,3.92924213,0.0898749009,0.000246321812,3.58995557,1.12531114
sgm_0.5,jonswap_H4.000,2,FAIL,0.300449818,0.281505525,3.4174068,0.179451436,0.748426557,4.48628569,0.0507708713,0.000229339319,3.59055161,1.12450373
sgm_0.5,jonswap_H4.000,3,FAIL,0.217117473,0.340780646,4.51498461,0.157649621,0.720942318,3.94124055,0.0474821031,0.000230045989,3.58910298,1.12369895
sgm_0.5,jonswap_H4.000,4,FAIL,0.30019325,0.370947808,1.86910892,0.169768512,0.740883648,4.24421263,0.0649545193,0.00017573814,3.59000444,1.12445807
sgm_0.5,jonswap_H4.000,5,FAIL,0.377919793,0.438192278,3.18456936,0.152622044,0.753136218,3.81555104,0.0932671875,0.00030297722,3.58899474,1.12265122
sgm_0.5,jonswap_H8.500,1,FAIL,0.350640416,0.525857747,3.07342196,0.356204212,1.39517486,4.19063759,0.0921568424,0.000239222834,4.22194338,1.42213702
sgm_0.5,jonswap_H8.500,2,FAIL,0.357475579,0.276711076,2.67907119,0.360776603,1.26526213,4.24443054,0.0545605384,0.000242367314,4.22111464,1.41873169
sgm_0.5,jonswap_H8.500,3,FAIL,0.22345756,0.328013569,2.79742336,0.34191975,1.32710946,4.02258539,0.039748989,0.000245962903,4.22255135,1.41927826
sgm_0.5,jonswap_H8.500,4,FAIL,0.351186603,0.305381358,1.48037684,0.350509346,1.36294663,4.12363911,0.0622456037,0.000155771646,4.22084951,1.41782928
sgm_0.5,jonswap_H8.500,5,FAIL,0.348705173,0.413862497,5.65846777,0.318533331,1.36768448,3.74745083,0.0842380151,0.000225040683,4.22343445,1.41919327
sgm_0.5,pmstokes_H0.270,1,FAIL,0.296257943,0.515936315,3.22075772,0.0119911563,0.0702373087,4.44116879,0.0890743732,0.00023938909,1.18999803,0.396765739
sgm_0.5,pmstokes_H0.270,2,FAIL,0.370475054,0.22592473,3.99111009,0.0130600519,0.0686543807,4.83705616,0.0611577593,0.0002363604,1.17476964,0.395676285
sgm_0.5,pmstokes_H0.270,3,FAIL,0.228302419,0.250937939,4.80528736,0.0118145058,0.0670148134,4.37574291,0.038944643,0.000225297917,1.14895809,0.385182202
sgm_0.5,pmstokes_H0.270,4,FAIL,0.347420782,0.282028079,2.34761477,0.0124777695,0.0664194152,4.62139606,0.0639968738,0.000229765777,1.1575098,0.397553384
sgm_0.5,pmstokes_H0.270,5,FAIL,0.337631762,0.389917701,5.12291574,0.0117277754,0.0662841648,4.3436203,0.0799097568,0.000212067142,1.14930069,0.397042245
sgm_0.5,pmstokes_H1.500,1,FAIL,0.289386719,0.532321036,3.23090124,0.0590359531,0.282129049,3.93572998,0.0888492465,0.000245512609,2.04409766,0.791541398
sgm_0.5,pmstokes_H1.500,2,FAIL,0.405506939,0.228582859,2.82886076,0.0619347319,0.270948172,4.12898207,0.0651885122,0.000252322207,2.04525042,0.790915489
sgm_0.5,pmstokes_H1.500,3,FAIL,0.237357661,0.254495233,3.21204877,0.0562986098,0.266003877,3.75324059,0.0389207564,0.000231143917,2.04276919,0.790095568
sgm_0.5,pmstokes_H1.500,4,FAIL,0.367145628,0.296568483,1.69774413,0.0584011301,0.260720551,3.89340854,0.0670102462,0.000210473416,2.04334545,0.791755617
sgm_0.5,pmstokes_H1.500,5,FAIL,0.340883911,0.403453648,6.02060938,0.0555905551,0.263786316,3.70603681,0.0818228647,0.000204196986,2.04234433,0.789882421
sgm_0.5,pmstokes_H4.000,1,FAIL,0.386093795,0.574432969,2.29167747,0.161266372,0.740730524,4.03165913,0.102338009,0.000255919644,3.28950691,1.12080824
sgm_0.5,pmstokes_H4.000,2,FAIL,0.320670217,0.231192097,3.54297996,0.173221037,0.695605278,4.33052588,0.0454729199,0.000240465466,3.29101133,1.12507129
sgm_0.5,pmstokes_H4.000,3,FAIL,0.21867305,0.254035532,4.41589689,0.156449586,0.669659495,3.91123962,0.0325705372,0.000236819149,3.29030442,1.12649322
sgm_0.5,pmstokes_H4.000,4,FAIL,0.272122204,0.298694342,1.88326299,0.160246626,0.696507752,4.0061655,0.0492629558,0.000220963309,3.29041028,1.12568247
sgm_0.5,pmstokes_H4.000,5,FAIL,0.435147703,0.344415843,2.88901329,0.148118615,0.703530669,3.70296526,0.0878910199,0.000238032662,3.29185557,1.12286091
sgm_0.5,pmstokes_H8.500,1,FAIL,0.278669387,0.484045148,3.35019374,0.359616876,1.333161,4.2307868,0.0803592801,0.000239426619,4.10336018,1.49639642
sgm_0.5,pmstokes_H8.500,2,FAIL,0.464624524,0.302687019,2.89794731,0.343464017,1.19520259,4.04075289,0.0750098899,0.000248312921,4.10316706,1.49501801
sgm_0.5,pmstokes_H8.500,3,FAIL,0.231067359,0.311637014,2.57516956,0.331577986,1.25979149,3.90091753,0.034944158,0.000341712876,4.10334301,1.49589336
sgm_0.5,pmstokes_H8.500,4,FAIL,0.591197431,0.391602159,1.78271544,0.349266678,1.26507354,4.10901976,0.107605644,0.00025387507,4.10386848,1.48797488
sgm_0.5,pmstokes_H8.500,5,FAIL,0.328676134,0.464761555,5.89969063,0.329331368,1.26173699,3.87448668,0.0833639279,0.00020221922,4.10165882,1.49425924
sgm_2,jonswap_H0.270,1,FAIL,0.214494437,0.474554807,3.47199011,0.0119259292,0.051395338,4.41701078,0.0813371465,0.000242634647,1.2979629,0.350299329
sgm_2,jonswap_H0.270,2,FAIL,0.312563539,0.19820255,4.04647827,0.0136443255,0.0495242365,5.05345392,0.0594925247,0.00023945923,1.28338206,0.351867527
sgm_2,jonswap_H0.270,3,FAIL,0.154631615,0.208712414,5.06088972,0.0119710462,0.049923446,4.43372059,0.0362828225,0.000221917639,1.25628102,0.361486852
sgm_2,jonswap_H0.270,4,FAIL,0.292698681,0.256654263,2.43680382,0.0125259748,0.0499588884,4.6392498,0.0623893961,0.000217724184,1.26532924,0.350926667
sgm_2,jonswap_H0.270,5,FAIL,0.355585366,0.3804591,5.82092237,0.0118294358,0.0505262688,4.38127232,0.0870740563,0.000206379176,1.25790656,0.351814181
sgm_2,jonswap_H1.500,1,FAIL,0.209885001,0.469277084,3.26706195,0.0589459576,0.264659613,3.92973042,0.0753933638,0.000243719667,2.18100834,0.725073874
sgm_2,jonswap_H1.500,2,FAIL,0.408512652,0.222034723,2.81247497,0.0663163736,0.253966868,4.42109156,0.0729195997,0.000249955308,2.18478942,0.726248801
sgm_2,jonswap_H1.500,3,FAIL,0.210697368,0.263951063,3.37433791,0.058329206,0.255593091,3.8886137,0.0438641272,0.000236218417,2.17850184,0.729600251
sgm_2,jonswap_H1.500,4,FAIL,0.372950703,0.303066343,1.55896831,0.0610492751,0.25334084,4.06995153,0.0753045231,0.000192340129,2.18348646,0.705704868
sgm_2,jonswap_H1.500,5,FAIL,0.282514334,0.425127834,6.28670025,0.0567043275,0.258818716,3.78028846,0.0845931098,0.000201496572,2.1777575,0.720317721
sgm_2,jonswap_H4.000,1,FAIL,0.354441732,0.459182262,2.24075174,0.157475933,0.735554636,3.93689823,0.0799134001,0.000246395415,3.58995557,1.12531114
sgm_2,jonswap_H4.000,2,FAIL,0.236967638,0.259343117,3.41492319,0.166070834,0.72476548,4.15177107,0.0516508557,0.000240430178,3.59055161,1.12450373
sgm_2,jonswap_H4.000,3,FAIL,0.164237738,0.331062108,4.48962927,0.152448654,0.707253397,3.81121635,0.0479228422,0.000237400789,3.58910298,1.12369895
sgm_2,jonswap_H4.000,4,FAIL,0.254688859,0.35119313,1.86495113,0.163497776,0.733536601,4.08744431,0.0641890317,0.000164500103,3.59000444,1.12445807
sgm_2,jonswap_H4.000,5,FAIL,0.365087271,0.433903366,3.16684294,0.153083473,0.73447299,3.82708693,0.0969912335,0.00031594254,3.58899474,1.12265122
sgm_2,jonswap_H8.500,1,FAIL,0.304451734,0.499315709,3.07253408,0.3429057,1.40052152,4.03418446,0.0826453343,0.000235487358,4.22194338,1.42213702
sgm_2,jonswap_H8.500,2,FAIL,0.321171612,0.208859533,2.69906735,0.33588326,1.29748392,3.95156765,0.0553839915,0.000245767413,4.22111464,1.41873169
sgm_2,jonswap_H8.500,3,FAIL,0.172590539,0.308415413,2.75996161,0.33610484,1.33782959,3.95417452,0.0392215587,0.000260287226,4.22255135,1.41927826
sgm_2,jonswap_H8.500,4,FAIL,0.320563018,0.291091859,1.51687396,0.344392121,1.3599304,4.05167198,0.0625705719,0.000170435786,4.22084951,1.41782928
sgm_2,jonswap_H8.500,5,FAIL,0.310644686,0.405006677,5.63548183,0.321694821,1.36286438,3.78464484,0.0854787976,0.000228642981,4.22343445,1.41919327
sgm_2,pmstokes_H0.270,1,FAIL,0.208909974,0.482215077,3.20602226,0.0119466633,0.0505619012,4.42468977,0.0821371302,0.000239934685,1.18999803,0.396765739
sgm_2,pmstokes_H0.270,2,FAIL,0.324780285,0.191637918,4.00029182,0.0130222309,0.048405353,4.82304859,0.060664203,0.00023852814,1.17476964,0.395676285
sgm_2,pmstokes_H0.270,3,FAIL,0.160529941,0.209150285,4.77381039,0.011718655,0.0489779115,4.34024239,0.0367386639,0.000227298951,1.14895809,0.385182202
sgm_2,pmstokes_H0.270,4,FAIL,0.304722428,0.240529999,2.35437918,0.0123552103,0.0488698669,4.57600355,0.0624242686,0.000224891977,1.1575098,0.397553384
sgm_2,pmstokes_H0.270,5,FAIL,0.341874182,0.361401856,5.12028885,0.0118380478,0.0494382456,4.38446188,0.0835924223,0.000215016684,1.14930069,0.397042245
sgm_2,pmstokes_H1.500,1,FAIL,0.222654626,0.506455362,3.22212195,0.058482077,0.254565626,3.8988049,0.0817507505,0.000243088434,2.04409766,0.791541398
sgm_2,pmstokes_H1.500,2,FAIL,0.371710658,0.191770002,2.83959413,0.0608773008,0.239826038,4.05848646,0.0645602643,0.000252075697,2.04525042,0.790915489
sgm_2,pmstokes_H1.500,3,FAIL,0.189614072,0.227909043,3.17825842,0.0561547726,0.244151533,3.74365139,0.0369578376,0.000233174476,2.04276919,0.790095568
sgm_2,pmstokes_H1.500,4,FAIL,0.336313814,0.266270638,1.69584239,0.0587902777,0.242466316,3.91935158,0.0659451038,0.000202396579,2.04334545,0.791755617
sgm_2,pmstokes_H1.500,5,FAIL,0.320931494,0.384627938,6.0077014,0.0544365123,0.246911258,3.6291008,0.0839303508,0.000199159811,2.04234433,0.789882421
sgm_2,pmstokes_H4.000,1,FAIL,0.352311343,0.542089462,2.30861259,0.159586698,0.714447677,3.98966742,0.0919358209,0.000242706723,3.28950691,1.12080824
sgm_2,pmstokes_H4.000,2,FAIL,0.253478497,0.200719133,3.57174206,0.160389528,0.682932019,4.00973797,0.0460742339,0.000239024856,3.29101133,1.12507129
sgm_2,pmstokes_H4.000,3,FAIL,0.168500185,0.244180307,4.3591156,0.15128231,0.668863952,3.78205776,0.0336790159,0.00025516079,3.29030442,1.12649322
sgm_2,pmstokes_H4.000,4,FAIL,0.222086698,0.275623918,1.88165247,0.158988371,0.692920983,3.97470927,0.048758477,0.00019475857,3.29041028,1.12568247
sgm_2,pmstokes_H4.000,5,FAIL,0.427910864,0.339447737,2.88799739,0.146217674,0.69012773,3.65544176,0.0929667056,0.000254749146,3.29185557,1.12286091
sgm_2,pmstokes_H8.500,1,FAIL,0.223075032,0.452418834,3.36487055,0.347083539,1.32665336,4.08333588,0.0738526583,0.000236021355,4.10336018,1.49639642
sgm_2,pmstokes_H8.500,2,FAIL,0.432642519,0.25626877,2.92549133,0.320291966,1.2379303,3.76814079,0.0730443448,0.000238835884,4.10316706,1.49501801
sgm_2,pmstokes_H8.500,3,FAIL,0.179237604,0.301659465,2.50608635,0.323096722,1.29753721,3.80113792,0.0372068286,0.000352293981,4.10334301,1.49589336
sgm_2,pmstokes_H8.500,4,FAIL,0.576785445,0.38069731,1.79248476,0.339298069,1.2664963,3.9917419,0.104665607,0.000227413315,4.10386848,1.48797488
sgm_2,pmstokes_H8.500,5,FAIL,0.284858316,0.453140914,5.85963535,0.319341421,1.30528593,3.75695777,0.0844496489,0.000184138858,4.10165882,1.49425924
sgm_4,jonswap_H0.270,1,FAIL,0.152397215,0.454533279,3.45494294,0.0119363843,0.0507066399,4.42088318,0.0762668103,0.000243670554,1.2979629,0.350299329
sgm_4,jonswap_H0.270,2,FAIL,0.311714172,0.204872504,4.03088999,0.0136495372,0.0495380238,5.05538416,0.0606202073,0.000240288864,1.28338206,0.351867527
sgm_4,jonswap_H0.270,3,FAIL,0.140031457,0.203082994,5.02183247,0.0119615709,0.050503891,4.43021154,0.0350648165,0.0002211674,1.25628102,0.361486852
sgm_4,jonswap_H0.270,4,FAIL,0.316511661,0.261282414,2.48252487,0.0125378827,0.0499270931,4.64366007,0.0679406747,0.000217332403,1.26532924,0.350926667
sgm_4,jonswap_H0.270,5,FAIL,0.406979263,0.358298481,5.80050421,0.0118393246,0.0503284074,4.3849349,0.0899400786,0.000209294638,1.25790656,0.351814181
sgm_4,jonswap_H1.500,1,FAIL,0.157768399,0.452735484,3.23966074,0.0588291325,0.27946955,3.921942,0.0713777319,0.000242873604,2.18100834,0.725073874
sgm_4,jonswap_H1.500,2,FAIL,0.406603277,0.236647829,2.78449512,0.0664366633,0.272222519,4.42911053,0.0731751546,0.000251191028,2.18478942,0.726248801
sgm_4,jonswap_H1.500,3,FAIL,0.186292708,0.267840952,3.32835078,0.0585495457,0.277670294,3.90330291,0.0410592332,0.000236332882,2.17850184,0.729600251
sgm_4,jonswap_H1.500,4,FAIL,0.38987273,0.312667876,1.58625996,0.0611934662,0.271410018,4.07956409,0.0809755996,0.000193376138,2.18348646,0.705704868
sgm_4,jonswap_H1.500,5,FAIL,0.32019347,0.411917567,6.25174856,0.0570917837,0.276598513,3.80611873,0.0861399397,0.000203623771,2.1777575,0.720317721
sgm_4,jonswap_H4.000,1,FAIL,0.29911086,0.44802475,2.20122766,0.158259422,0.793986857,3.95648551,0.0717646778,0.000248393626,3.58995557,1.12531114
sgm_4,jonswap_H4.000,2,FAIL,0.231714934,0.282781482,3.3975997,0.165517733,0.776746333,4.13794327,0.0550400391,0.000241623609,3.59055161,1.12450373
sgm_4,jonswap_H4.000,3,FAIL,0.165133834,0.347823411,4.43744993,0.152350768,0.776035964,3.80876923,0.0489774421,0.000240583613,3.58910298,1.12369895
sgm_4,jonswap_H4.000,4,FAIL,0.25232181,0.364797026,1.87888217,0.164073259,0.786417365,4.10183144,0.0700348765,0.000163556935,3.59000444,1.12445807
sgm_4,jonswap_H4.000,5,FAIL,0.40867123,0.434246838,3.10485029,0.154113159,0.780387044,3.85282898,0.0997234061,0.000314831239,3.58899474,1.12265122
sgm_4,jonswap_H8.500,1,FAIL,0.251889467,0.492079079,3.03612852,0.339989156,1.56277418,3.99987245,0.0753075927,0.000238457113,4.22194338,1.42213702
sgm_4,jonswap_H8.500,2,FAIL,0.333251327,0.221996009,2.6745069,0.337736815,1.46373653,3.97337413,0.0591626689,0.000247287244,4.22111464,1.41873169
sgm_4,jonswap_H8.500,3,FAIL,0.165117353,0.328552276,2.71037817,0.339505017,1.51165974,3.99417663,0.0389744751,0.00026156503,4.22255135,1.41927826
sgm_4,jonswap_H8.500,4,FAIL,0.328812659,0.306952298,1.52954865,0.345971167,1.50576472,4.07024908,0.0696393624,0.000171458247,4.22084951,1.41782928
sgm_4,jonswap_H8.500,5,FAIL,0.32086879,0.414262772,5.59826183,0.325787783,1.51536214,3.83279729,0.0875001624,0.000230428413,4.22343445,1.41919327
sgm_4,pmstokes_H0.270,1,FAIL,0.149747342,0.461810648,3.18343973,0.011959699,0.0500407778,4.42951822,0.0772846714,0.000240404188,1.18999803,0.396765739
sgm_4,pmstokes_H0.270,2,FAIL,0.32268557,0.198109373,3.9867537,0.0130277108,0.0486347601,4.82507801,0.061535418,0.000239416491,1.17476964,0.395676285
sgm_4,pmstokes_H0.270,3,FAIL,0.143317148,0.203696042,4.72556591,0.0117111504,0.0498456769,4.3374629,0.0351421721,0.00022819372,1.14895809,0.385182202
sgm_4,pmstokes_H0.270,4,FAIL,0.327471673,0.244996503,2.3988626,0.0123598967,0.0491525047,4.57773924,0.0678212717,0.000224158139,1.1575098,0.397553384
sgm_4,pmstokes_H0.270,5,FAIL,0.394481719,0.341150433,5.07955456,0.0118566668,0.0494516231,4.3913579,0.0867553353,0.000218798916,1.14930069,0.397042245
sgm_4,pmstokes_H1.500,1,FAIL,0.163792193,0.489501625,3.19486904,0.0584082566,0.269084513,3.89388371,0.07729467,0.000242416994,2.04409766,0.791541398
sgm_4,pmstokes_H1.500,2,FAIL,0.371353567,0.207856849,2.8092494,0.0609827265,0.260325581,4.06551504,0.0653844476,0.00025241432,2.04525042,0.790915489
sgm_4,pmstokes_H1.500,3,FAIL,0.168155715,0.231957465,3.13903642,0.0564338006,0.266914457,3.76225328,0.0347640403,0.00023181735,2.04276919,0.790095568
sgm_4,pmstokes_H1.500,4,FAIL,0.351232529,0.276107222,1.72538626,0.0589846186,0.261295378,3.93230772,0.0716379955,0.000203556614,2.04334545,0.791755617
sgm_4,pmstokes_H1.500,5,FAIL,0.360599518,0.373044312,5.97373867,0.0546384156,0.265607595,3.64256096,0.0862878188,0.000200921393,2.04234433,0.789882421
sgm_4,pmstokes_H4.000,1,FAIL,0.294133842,0.525073647,2.2872839,0.160580575,0.771597326,4.01451445,0.0835082754,0.000240978872,3.28950691,1.12080824
sgm_4,pmstokes_H4.000,2,FAIL,0.251797795,0.226425722,3.5680716,0.160467863,0.743559837,4.01169682,0.0506381728,0.000239116926,3.29101133,1.12507129
sgm_4,pmstokes_H4.000,3,FAIL,0.167442352,0.265230358,4.29465961,0.151702404,0.743217349,3.7925601,0.0343057849,0.000263508555,3.29030442,1.12649322
sgm_4,pmstokes_H4.000,4,FAIL,0.222354412,0.292294234,1.89830267,0.160433903,0.753931582,4.01084757,0.0568645634,0.000186141988,3.29041028,1.12568247
sgm_4,pmstokes_H4.000,5,FAIL,0.460820347,0.345184714,2.83181524,0.147950858,0.740818679,3.69877148,0.0947895646,0.000265204086,3.29185557,1.12286091
sgm_4,pmstokes_H8.500,1,FAIL,0.193263933,0.444116354,3.35948253,0.344908446,1.49202478,4.05774641,0.0705181509,0.000236650332,4.10336018,1.49639642
sgm_4,pmstokes_H8.500,2,FAIL,0.436245352,0.278069258,2.9183104,0.32293117,1.4275955,3.79919028,0.0720823705,0.000239585512,4.10316706,1.49501801
sgm_4,pmstokes_H8.500,3,FAIL,0.168947563,0.3289105,2.43560982,0.327213585,1.48596084,3.84957147,0.037960805,0.00035198679,4.10334301,1.49589336
sgm_4,pmstokes_H8.500,4,FAIL,0.572586715,0.397485018,1.81282508,0.339992076,1.43934369,3.99990678,0.10330075,0.000215821347,4.10386848,1.48797488
sgm_4,pmstokes_H8.500,5,FAIL,0.295310557,0.465101629,5.84029055,0.321043283,1.48773634,3.77697968,0.0868510976,0.000187741927,4.10165882,1.49425924
sgm_8,jonswap_H0.270,1,FAIL,0.11063356,0.432571948,3.42529678,0.0119486246,0.0514387041,4.42541647,0.0717513859,0.000245900737,1.2979629,0.350299329
sgm_8,jonswap_H0.270,2,FAIL,0.32641232,0.21311155,4.0065856,0.013653703,0.0506374091,5.05692673,0.0632459223,0.000241840928,1.28338206,0.351867527
sgm_8,jonswap_H0.270,3,FAIL,0.146676555,0.195866749,4.92982435,0.0119477911,0.0514923632,4.42510748,0.0354669243,0.000222354211,1.25628102,0.361486852
sgm_8,jonswap_H0.270,4,FAIL,0.39015156,0.27957055,2.6003058,0.0125496835,0.0509059168,4.64803076,0.079965204,0.000218427376,1.26532924,0.350926667
sgm_8,jonswap_H0.270,5,FAIL,0.466948211,0.335852414,5.75819731,0.0118406462,0.0512827374,4.38542461,0.0944719464,0.000210620216,1.25790656,0.351814181
sgm_8,jonswap_H1.500,1,FAIL,0.14718537,0.430753142,3.17651033,0.0587820001,0.294694811,3.91879988,0.068896316,0.000243396644,2.18100834,0.725073874
sgm_8,jonswap_H1.500,2,FAIL,0.419376612,0.25510177,2.72606516,0.0665594488,0.291977525,4.43729639,0.0749464855,0.000252077385,2.18478942,0.726248801
sgm_8,jonswap_H1.500,3,FAIL,0.159078836,0.266891629,3.21299648,0.0587095171,0.295668006,3.91396761,0.0383683145,0.000236552936,2.17850184,0.729600251
sgm_8,jonswap_H1.500,4,FAIL,0.46813339,0.336066008,1.67269671,0.0612838715,0.289488673,4.08559132,0.0933760479,0.000194081367,2.18348646,0.705704868
sgm_8,jonswap_H1.500,5,FAIL,0.386104256,0.394359291,6.16651583,0.0573383756,0.29435268,3.82255816,0.0888887718,0.000207467849,2.1777575,0.720317721
sgm_8,jonswap_H4.000,1,FAIL,0.207288653,0.425856054,2.09568,0.158709422,0.852800786,3.96773553,0.0634034574,0.000250904908,3.58995557,1.12531114
sgm_8,jonswap_H4.000,2,FAIL,0.267712057,0.322255373,3.36814809,0.165580168,0.842655718,4.13950443,0.0605691671,0.000241651855,3.59055161,1.12450373
sgm_8,jonswap_H4.000,3,FAIL,0.200502142,0.363746494,4.29060316,0.152199507,0.848804474,3.80498767,0.0517477319,0.000247487304,3.58910298,1.12369895
sgm_8,jonswap_H4.000,4,FAIL,0.326505512,0.396294206,1.92430568,0.165294483,0.84334439,4.13236189,0.0816834792,0.000163632722,3.59000444,1.12445807
sgm_8,jonswap_H4.000,5,FAIL,0.499898374,0.427987158,2.93530297,0.154783532,0.836490035,3.86958838,0.103800371,0.000314512494,3.58899474,1.12265122
sgm_8,jonswap_H8.500,1,FAIL,0.176003516,0.470674366,2.95084977,0.335399926,1.73047602,3.94588137,0.0689470172,0.000243339789,4.22194338,1.42213702
sgm_8,jonswap_H8.500,2,FAIL,0.393328965,0.2744973,2.60879016,0.33918497,1.6803453,3.99041128,0.0658998936,0.000249549747,4.22111464,1.41873169
sgm_8,jonswap_H8.500,3,FAIL,0.176443115,0.35860604,2.58167434,0.342301279,1.72816432,4.02707386,0.0393036939,0.000262323418,4.22255135,1.41927826
sgm_8,jonswap_H8.500,4,FAIL,0.41475758,0.35147208,1.57568228,0.349814326,1.68752158,4.11546278,0.0833930746,0.000171021558,4.22084951,1.41782928
sgm_8,jonswap_H8.500,5,FAIL,0.386069417,0.422682375,5.47575951,0.329809934,1.71040523,3.8801167,0.0903190151,0.000233325249,4.22343445,1.41919327
sgm_8,pmstokes_H0.270,1,FAIL,0.113446951,0.439799756,3.14833927,0.0119727142,0.0508028194,4.43433857,0.0730441809,0.000241596572,1.18999803,0.396765739
sgm_8,pmstokes_H0.270,2,FAIL,0.334957302,0.205911174,3.96717119,0.0130313635,0.0497903787,4.8264308,0.063790746,0.000240766996,1.17476964,0.395676285
sgm_8,pmstokes_H0.270,3,FAIL,0.145092681,0.196527645,4.61085796,0.0116977319,0.0508741103,4.33249331,0.0350446254,0.000232515871,1.14895809,0.385182202
sgm_8,pmstokes_H0.270,4,FAIL,0.398381561,0.262746871,2.51599383,0.0123721594,0.0502047911,4.58228111,0.0795993134,0.000224819756,1.1575098,0.397553384
sgm_8,pmstokes_H0.270,5,FAIL,0.456853747,0.319487333,4.99182034,0.0118605476,0.0504311882,4.39279509,0.0916569456,0.000221662456,1.14930069,0.397042245
sgm_8,pmstokes_H1.500,1,FAIL,0.136222631,0.466262013,3.14561176,0.0582954809,0.284390748,3.88636518,0.0738246739,0.000241798523,2.04409766,0.791541398
sgm_8,pmstokes_H1.500,2,FAIL,0.388162494,0.22797142,2.74908113,0.061009068,0.280670762,4.06727123,0.0677895099,0.000252738362,2.04525042,0.790915489
sgm_8,pmstokes_H1.500,3,FAIL,0.151311383,0.232325584,3.04154682,0.0566604361,0.285237849,3.77736235,0.0333588347,0.000231473416,2.04276919,0.790095568
sgm_8,pmstokes_H1.500,4,FAIL,0.427264094,0.299980015,1.82513869,0.0591025725,0.279122174,3.94017124,0.0838808119,0.000208116195,2.04334545,0.791755617
sgm_8,pmstokes_H1.500,5,FAIL,0.426860213,0.358324081,5.89822006,0.0547717884,0.283355415,3.6514523,0.0900373682,0.000202882729,2.04234433,0.789882421
sgm_8,pmstokes_H4.000,1,FAIL,0.194149494,0.493148953,2.22898531,0.161699131,0.825950027,4.04247808,0.0747673437,0.000241134738,3.28950691,1.12080824
sgm_8,pmstokes_H4.000,2,FAIL,0.298504323,0.269083023,3.56250358,0.160677195,0.812754214,4.01692963,0.0582758039,0.000240581096,3.29101133,1.12507129
sgm_8,pmstokes_H4.000,3,FAIL,0.190281123,0.287439138,4.12701464,0.152074844,0.818591475,3.80187106,0.0358002409,0.000276004284,3.29030442,1.12649322
sgm_8,pmstokes_H4.000,4,FAIL,0.319225103,0.330639869,1.94936883,0.161701262,0.813642383,4.04253149,0.0731139556,0.000176288391,3.29041028,1.12568247
sgm_8,pmstokes_H4.000,5,FAIL,0.515572786,0.35302636,2.66733885,0.149177864,0.802931547,3.72944665,0.096102789,0.000280052045,3.29185557,1.12286091
sgm_8,pmstokes_H8.500,1,FAIL,0.19042924,0.438003123,3.34873986,0.343406111,1.69276917,4.04007196,0.0685596019,0.000240418245,4.10336018,1.49639642
sgm_8,pmstokes_H8.500,2,FAIL,0.454974473,0.326224208,2.90605807,0.325481206,1.66599274,3.82919049,0.0722898692,0.000241540329,4.10316706,1.49501801
sgm_8,pmstokes_H8.500,3,FAIL,0.184860826,0.364854336,2.26214051,0.330196768,1.71069658,3.88466787,0.0392758138,0.000350512244,4.10334301,1.49589336
sgm_8,pmstokes_H8.500,4,FAIL,0.57669431,0.426603377,1.88087952,0.341844141,1.6639967,4.02169561,0.103460081,0.000202833617,4.10386848,1.48797488
sgm_8,pmstokes_H8.500,5,FAIL,0.371921331,0.476028085,5.78695631,0.323440284,1.6988647,3.80517983,0.0907802582,0.000194762077,4.10165882,1.49425924
pq0_5e-05,jonswap_H0.270,1,FAIL,0.267096162,0.49001509,3.48213768,0.011920847,0.0586024784,4.41512823,0.0854629651,0.000241947113,1.2979629,0.350299329
pq0_5e-05,jonswap_H0.270,2,FAIL,0.331789941,0.205154836,4.04916048,0.01364954,0.0562880635,5.05538511,0.0595967695,0.000238728491,1.28338206,0.351867527
pq0_5e-05,jonswap_H0.270,3,FAIL,0.185608208,0.221429169,5.07823515,0.0119792307,0.0557360239,4.43675184,0.0374171361,0.000223022013,1.25628102,0.361486852
pq0_5e-05,jonswap_H0.270,4,FAIL,0.312344164,0.26909247,2.42460012,0.0125132632,0.0556513406,4.63454199,0.0627020225,0.000219368492,1.26532924,0.350926667
pq0_5e-05,jonswap_H0.270,5,FAIL,0.337719977,0.397811294,5.82882977,0.0117983939,0.056541387,4.3697753,0.0855105594,0.000204216805,1.25790656,0.351814181
pq0_5e-05,jonswap_H1.500,1,FAIL,0.245124757,0.480250865,3.27713847,0.0593226962,0.26750496,3.95484614,0.0790788159,0.000246834243,2.18100834,0.725073874
pq0_5e-05,jonswap_H1.500,2,FAIL,0.417959183,0.228667885,2.81976461,0.0665328279,0.25831908,4.4355216,0.0733055845,0.000247198361,2.18478942,0.726248801
pq0_5e-05,jonswap_H1.500,3,FAIL,0.228550613,0.26769653,3.39475465,0.0582044497,0.255412489,3.88029647,0.0454841852,0.000235562431,2.17850184,0.729600251
pq0_5e-05,jonswap_H1.500,4,FAIL,0.384012341,0.310194194,1.55486906,0.0608607121,0.252855271,4.05738068,0.0753369778,0.000191236424,2.18348646,0.705704868
pq0_5e-05,jonswap_H1.500,5,FAIL,0.286584228,0.433537155,6.30119801,0.0564048104,0.256311029,3.76032066,0.0841449276,0.000200141483,2.1777575,0.720317721
pq0_5e-05,jonswap_H4.000,1,FAIL,0.373164207,0.467061222,2.25475907,0.15672943,0.725307107,3.91823578,0.0858867019,0.000245409727,3.58995557,1.12531114
pq0_5e-05,jonswap_H4.000,2,FAIL,0.26111728,0.262932867,3.42381287,0.16977793,0.716174066,4.24444818,0.0509579442,0.000235764397,3.59055161,1.12450373
pq0_5e-05,jonswap_H4.000,3,FAIL,0.182543233,0.328106225,4.50761175,0.153607368,0.691279113,3.84018421,0.0476201475,0.000234833657,3.58910298,1.12369895
pq0_5e-05,jonswap_H4.000,4,FAIL,0.274561226,0.35568285,1.86630476,0.165248051,0.712703526,4.13120127,0.0641685575,0.000168896615,3.59000444,1.12445807
pq0_5e-05,jonswap_H4.000,5,FAIL,0.362673432,0.434049666,3.18737721,0.152159169,0.721877515,3.80397916,0.095161289,0.000312168238,3.58899474,1.12265122
pq0_5e-05,jonswap_H8.500,1,FAIL,0.326730549,0.506400883,3.08592987,0.346534401,1.34251785,4.07687521,0.0881482065,0.000235085259,4.22194338,1.42213702
pq0_5e-05,jonswap_H8.500,2,FAIL,0.330669075,0.235265344,2.70370603,0.340837181,1.23359632,4.00984907,0.054600928,0.000243730741,4.22111464,1.41873169
pq0_5e-05,jonswap_H8.500,3,FAIL,0.190200582,0.310211122,2.7797401,0.33584103,1.28424037,3.95107079,0.039623674,0.000255724299,4.22255135,1.41927826
pq0_5e-05,jonswap_H8.500,4,FAIL,0.330339551,0.294481546,1.50753903,0.346666038,1.3059839,4.07842398,0.0619909801,0.000164465848,4.22084951,1.41782928
pq0_5e-05,jonswap_H8.500,5,FAIL,0.324174374,0.403106183,5.64872217,0.319684446,1.31531572,3.76099348,0.0844964832,0.000225815631,4.22343445,1.41919327
pq0_5e-05,pmstokes_H0.270,1,FAIL,0.260898143,0.498573661,3.21725941,0.0119393542,0.0574824922,4.42198277,0.0862087756,0.000239645029,1.18999803,0.396765739
pq0_5e-05,pmstokes_H0.270,2,FAIL,0.343915313,0.198658451,4.00192547,0.0130150812,0.0548539683,4.82040024,0.0608698167,0.000237749933,1.17476964,0.395676285
pq0_5e-05,pmstokes_H0.270,3,FAIL,0.191119269,0.221362263,4.79561615,0.0117290318,0.054155767,4.34408569,0.0380131416,0.000226599863,1.14895809,0.385182202
pq0_5e-05,pmstokes_H0.270,4,FAIL,0.323655307,0.253547132,2.34306884,0.0123703936,0.0542735569,4.58162737,0.0627957657,0.000226642325,1.1575098,0.397553384
pq0_5e-05,pmstokes_H0.270,5,FAIL,0.324156225,0.376744986,5.1331768,0.011788236,0.0549771003,4.36601305,0.0817432031,0.000212467174,1.14930069,0.397042245
pq0_5e-05,pmstokes_H1.500,1,FAIL,0.2595855,0.517430425,3.23270917,0.058530461,0.257876813,3.90203071,0.0857570693,0.000244127063,2.04409766,0.791541398
pq0_5e-05,pmstokes_H1.500,2,FAIL,0.383191168,0.199960172,2.84680057,0.0608511083,0.241631612,4.05674028,0.0648283586,0.000251630787,2.04525042,0.790915489
pq0_5e-05,pmstokes_H1.500,3,FAIL,0.209167123,0.23399888,3.19558024,0.0559257194,0.242628902,3.72838116,0.0383806489,0.000233894927,2.04276919,0.790095568
pq0_5e-05,pmstokes_H1.500,4,FAIL,0.349012047,0.275588334,1.69426215,0.058428742,0.240552276,3.89524937,0.066134803,0.000204383308,2.04334545,0.791755617
pq0_5e-05,pmstokes_H1.500,5,FAIL,0.32163614,0.392677873,6.02108002,0.054419715,0.243908256,3.62798095,0.0827367157,0.000199327158,2.04234433,0.789882421
pq0_5e-05,pmstokes_H4.000,1,FAIL,0.369928539,0.553523362,2.31076264,0.159204885,0.702916503,3.98012209,0.0979590565,0.000246866315,3.28950691,1.12080824
pq0_5e-05,pmstokes_H4.000,2,FAIL,0.278421551,0.205805391,3.56664586,0.162844807,0.666250288,4.07112026,0.0450991355,0.000239347733,3.29101133,1.12507129
pq0_5e-05,pmstokes_H4.000,3,FAIL,0.185825497,0.240331069,4.390275,0.151975796,0.644964397,3.79939485,0.033233203,0.000246404583,3.29030442,1.12649322
pq0_5e-05,pmstokes_H4.000,4,FAIL,0.243695423,0.28134349,1.88314593,0.158183724,0.669275999,3.95459318,0.0485020466,0.000206302968,3.29041028,1.12568247
pq0_5e-05,pmstokes_H4.000,5,FAIL,0.423942655,0.339185089,2.90170693,0.14525044,0.675142467,3.63126087,0.0905963331,0.000245573203,3.29185557,1.12286091
pq0_5e-05,pmstokes_H8.500,1,FAIL,0.246421024,0.463730276,3.36436105,0.351723194,1.27578402,4.1379199,0.0772752464,0.000236507098,4.10336018,1.49639642
pq0_5e-05,pmstokes_H8.500,2,FAIL,0.439796895,0.269409627,2.924721,0.323775738,1.16291881,3.80912638,0.074310936,0.000239353307,4.10316706,1.49501801
pq0_5e-05,pmstokes_H8.500,3,FAIL,0.198877648,0.298122972,2.53912091,0.321803778,1.22869742,3.78592682,0.0364140905,0.0003485083,4.10334301,1.49589336
pq0_5e-05,pmstokes_H8.500,4,FAIL,0.580113173,0.381637871,1.79230201,0.341864973,1.21526003,4.02194071,0.10669896,0.000237782922,4.10386848,1.48797488
pq0_5e-05,pmstokes_H8.500,5,FAIL,0.3012954,0.451682001,5.87707758,0.320966721,1.22928512,3.77607894,0.0836508572,0.000186097503,4.10165882,1.49425924
pq0_0.005,jonswap_H0.270,1,FAIL,0.267096162,0.49001509,3.48213768,0.011920847,0.0586024784,4.41512823,0.0854629651,0.000241947113,1.2979629,0.350299329
pq0_0.005,jonswap_H0.270,2,FAIL,0.331789941,0.205154836,4.04916048,0.01364954,0.0562880635,5.05538511,0.0595967695,0.000238728491,1.28338206,0.351867527
pq0_0.005,jonswap_H0.270,3,FAIL,0.185608208,0.221429169,5.07823515,0.0119792307,0.0557360239,4.43675184,0.0374171361,0.000223022013,1.25628102,0.361486852
pq0_0.005,jonswap_H0.270,4,FAIL,0.312344164,0.26909247,2.42460012,0.0125132632,0.0556513406,4.63454199,0.0627020225,0.000219368492,1.26532924,0.350926667
pq0_0.005,jonswap_H0.270,5,FAIL,0.337719977,0.397811294,5.82882977,0.0117983939,0.056541387,4.3697753,0.0855105594,0.000204216805,1.25790656,0.351814181
pq0_0.005,jonswap_H1.500,1,FAIL,0.245124757,0.480250865,3.27713847,0.0593226962,0.26750496,3.95484614,0.0790788159,0.000246834243,2.18100834,0.725073874
pq0_0.005,jonswap_H1.500,2,FAIL,0.417959183,0.228667885,2.81976461,0.0665328279,0.25831908,4.4355216,0.0733055845,0.000247198361,2.18478942,0.726248801
pq0_0.005,jonswap_H1.500,3,FAIL,0.228550613,0.26769653,3.39475465,0.0582044497,0.255412489,3.88029647,0.0454841852,0.000235562431,2.17850184,0.729600251
pq0_0.005,jonswap_H1.500,4,FAIL,0.384012341,0.310194194,1.55486906,0.0608607121,0.252855271,4.05738068,0.0753369778,0.000191236424,2.18348646,0.705704868
pq0_0.005,jonswap_H1.500,5,FAIL,0.286584228,0.433537155,6.30119801,0.0564048104,0.256311029,3.76032066,0.0841449276,0.000200141483,2.1777575,0.720317721
pq0_0.005,jonswap_H4.000,1,FAIL,0.373164207,0.467061222,2.25475907,0.15672943,0.725307107,3.91823578,0.0858867019,0.000245409727,3.58995557,1.12531114
pq0_0.005,jonswap_H4.000,2,FAIL,0.26111728,0.262932867,3.42381287,0.16977793,0.716174066,4.24444818,0.0509579442,0.000235764397,3.59055161,1.12450373
pq0_0.005,jonswap_H4.000,3,FAIL,0.182543233,0.328106225,4.50761175,0.153607368,0.691279113,3.84018421,0.0476201475,0.000234833657,3.58910298,1.12369895
pq0_0.005,jonswap_H4.000,4,FAIL,0.274561226,0.35568285,1.86630476,0.165248051,0.712703526,4.13120127,0.0641685575,0.000168896615,3.59000444,1.12445807
pq0_0.005,jonswap_H4.000,5,FAIL,0.362673432,0.434049666,3.18737721,0.152159169,0.721877515,3.80397916,0.095161289,0.000312168238,3.58899474,1.12265122
pq0_0.005,jonswap_H8.500,1,FAIL,0.326730549,0.506400883,3.08592987,0.346534401,1.34251785,4.07687521,0.0881482065,0.000235085259,4.22194338,1.42213702
pq0_0.005,jonswap_H8.500,2,FAIL,0.330669075,0.235265344,2.70370603,0.340837181,1.23359632,4.00984907,0.054600928,0.000243730741,4.22111464,1.41873169
pq0_0.005,jonswap_H8.500,3,FAIL,0.190200582,0.310211122,2.7797401,0.33584103,1.28424037,3.95107079,0.039623674,0.000255724299,4.22255135,1.41927826
pq0_0.005,jonswap_H8.500,4,FAIL,0.330339551,0.294481546,1.50753903,0.346666038,1.3059839,4.07842398,0.0619909801,0.000164465848,4.22084951,1.41782928
pq0_0.005,jonswap_H8.500,5,FAIL,0.324174374,0.403106183,5.64872217,0.319684446,1.31531572,3.76099348,0.0844964832,0.000225815631,4.22343445,1.41919327
pq0_0.005,pmstokes_H0.270,1,FAIL,0.260898143,0.498573661,3.21725941,0.0119393542,0.0574824922,4.42198277,0.0862087756,0.000239645029,1.18999803,0.396765739
pq0_0.005,pmstokes_H0.270,2,FAIL,0.343915313,0.198658451,4.00192547,0.0130150812,0.0548539683,4.82040024,0.0608698167,0.000237749933,1.17476964,0.395676285
pq0_0.005,pmstokes_H0.270,3,FAIL,0.191119269,0.221362263,4.79561615,0.0117290318,0.054155767,4.34408569,0.0380131416,0.000226599863,1.14895809,0.385182202
pq0_0.005,pmstokes_H0.270,4,FAIL,0.323655307,0.253547132,2.34306884,0.0123703936,0.0542735569,4.58162737,0.0627957657,0.000226642325,1.1575098,0.397553384
pq0_0.005,pmstokes_H0.270,5,FAIL,0.324156225,0.376744986,5.1331768,0.011788236,0.0549771003,4.36601305,0.0817432031,0.000212467174,1.14930069,0.397042245
pq0_0.005,pmstokes_H1.500,1,FAIL,0.2595855,0.517430425,3.23270917,0.058530461,0.257876813,3.90203071,0.0857570693,0.000244127063,2.04409766,0.791541398
pq0_0.005,pmstokes_H1.500,2,FAIL,0.383191168,0.199960172,2.84680057,0.0608511083,0.241631612,4.05674028,0.0648283586,0.000251630787,2.04525042,0.790915489
pq0_0.005,pmstokes_H1.500,3,FAIL,0.209167123,0.23399888,3.19558024,0.0559257194,0.242628902,3.72838116,0.0383806489,0.000233894927,2.04276919,0.790095568
pq0_0.005,pmstokes_H1.500,4,FAIL,0.349012047,0.275588334,1.69426215,0.058428742,0.240552276,3.89524937,0.066134803,0.000204383308,2.04334545,0.791755617
pq0_0.005,pmstokes_H1.500,5,FAIL,0.32163614,0.392677873,6.02108002,0.054419715,0.243908256,3.62798095,0.0827367157,0.000199327158,2.04234433,0.789882421
pq0_0.005,pmstokes_H4.000,1,FAIL,0.369928539,0.553523362,2.31076264,0.159204885,0.702916503,3.98012209,0.0979590565,0.000246866315,3.28950691,1.12080824
pq0_0.005,pmstokes_H4.000,2,FAIL,0.278421551,0.205805391,3.56664586,0.162844807,0.666250288,4.07112026,0.0450991355,0.000239347733,3.29101133,1.12507129
pq0_0.005,pmstokes_H4.000,3,FAIL,0.185825497,0.240331069,4.390275,0.151975796,0.644964397,3.79939485,0.033233203,0.000246404583,3.29030442,1.12649322
pq0_0.005,pmstokes_H4.000,4,FAIL,0.243695423,0.28134349,1.88314593,0.158183724,0.669275999,3.95459318,0.0485020466,0.000206302968,3.29041028,1.12568247
pq0_0.005,pmstokes_H4.000,5,FAIL,0.423942655,0.339185089,2.90170693,0.14525044,0.675142467,3.63126087,0.0905963331,0.000245573203,3.29185557,1.12286091
pq0_0.005,pmstokes_H8.500,1,FAIL,0.246421024,0.463730276,3.36436105,0.351723194,1.27578402,4.1379199,0.0772752464,0.000236507098,4.10336018,1.49639642
pq0_0.005,pmstokes_H8.500,2,FAIL,0.439796895,0.269409627,2.924721,0.323775738,1.16291881,3.80912638,0.074310936,0.000239353307,4.10316706,1.49501801
pq0_0.005,pmstokes_H8.500,3,FAIL,0.198877648,0.298122972,2.53912091,0.321803778,1.22869742,3.78592682,0.0364140905,0.0003485083,4.10334301,1.49589336
pq0_0.005,pmstokes_H8.500,4,FAIL,0.580113173,0.381637871,1.79230201,0.341864973,1.21526003,4.02194071,0.10669896,0.000237782922,4.10386848,1.48797488
pq0_0.005,pmstokes_H8.500,5,FAIL,0.3012954,0.451682001,5.87707758,0.320966721,1.22928512,3.77607894,0.0836508572,0.000186097503,4.10165882,1.49425924
pq0_0.05,jonswap_H0.270,1,FAIL,0.267096162,0.49001509,3.48213768,0.011920847,0.0586024784,4.41512823,0.0854629651,0.000241947113,1.2979629,0.350299329
pq0_0.05,jonswap_H0.270,2,FAIL,0.331789941,0.205154836,4.04916048,0.01364954,0.0562880635,5.05538511,0.0595967695,0.000238728491,1.28338206,0.351867527
pq0_0.05,jonswap_H0.270,3,FAIL,0.185608208,0.221429169,5.07823515,0.0119792307,0.0557360239,4.43675184,0.0374171361,0.000223022013,1.25628102,0.361486852
pq0_0.05,jonswap_H0.270,4,FAIL,0.312344164,0.26909247,2.42460012,0.0125132632,0.0556513406,4.63454199,0.0627020225,0.000219368492,1.26532924,0.350926667
pq0_0.05,jonswap_H0.270,5,FAIL,0.337719977,0.397811294,5.82882977,0.0117983939,0.056541387,4.3697753,0.0855105594,0.000204216805,1.25790656,0.351814181
pq0_0.05,jonswap_H1.500,1,FAIL,0.245124757,0.480250865,3.27713847,0.0593226962,0.26750496,3.95484614,0.0790788159,0.000246834243,2.18100834,0.725073874
pq0_0.05,jonswap_H1.500,2,FAIL,0.417959183,0.228667885,2.81976461,0.0665328279,0.25831908,4.4355216,0.0733055845,0.000247198361,2.18478942,0.726248801
pq0_0.05,jonswap_H1.500,3,FAIL,0.228550613,0.26769653,3.39475465,0.0582044497,0.255412489,3.88029647,0.0454841852,0.000235562431,2.17850184,0.729600251
pq0_0.05,jonswap_H1.500,4,FAIL,0.384012341,0.310194194,1.55486906,0.0608607121,0.252855271,4.05738068,0.0753369778,0.000191236424,2.18348646,0.705704868
pq0_0.05,jonswap_H1.500,5,FAIL,0.286584228,0.433537155,6.30119801,0.0564048104,0.256311029,3.76032066,0.0841449276,0.000200141483,2.1777575,0.720317721
pq0_0.05,jonswap_H4.000,1,FAIL,0.373164207,0.467061222,2.25475907,0.15672943,0.725307107,3.91823578,0.0858867019,0.000245409727,3.58995557,1.12531114
pq0_0.05,jonswap_H4.000,2,FAIL,0.26111728,0.262932867,3.42381287,0.16977793,0.716174066,4.24444818,0.0509579442,0.000235764397,3.59055161,1.12450373
pq0_0.05,jonswap_H4.000,3,FAIL,0.182543233,0.328106225,4.50761175,0.153607368,0.691279113,3.84018421,0.0476201475,0.000234833657,3.58910298,1.12369895
pq0_0.05,jonswap_H4.000,4,FAIL,0.274561226,0.35568285,1.86630476,0.165248051,0.712703526,4.13120127,0.0641685575,0.000168896615,3.59000444,1.12445807
pq0_0.05,jonswap_H4.000,5,FAIL,0.362673432,0.434049666,3.18737721,0.152159169,0.721877515,3.80397916,0.095161289,0.000312168238,3.58899474,1.12265122
pq0_0.05,jonswap_H8.500,1,FAIL,0.326730549,0.506400883,3.08592987,0.346534401,1.34251785,4.07687521,0.0881482065,0.000235085259,4.22194338,1.42213702
pq0_0.05,jonswap_H8.500,2,FAIL,0.330669075,0.235265344,2.70370603,0.340837181,1.23359632,4.00984907,0.054600928,0.000243730741,4.22111464,1.41873169
pq0_0.05,jonswap_H8.500,3,FAIL,0.190200582,0.310211122,2.7797401,0.33584103,1.28424037,3.95107079,0.039623674,0.000255724299,4.22255135,1.41927826
pq0_0.05,jonswap_H8.500,4,FAIL,0.330339551,0.294481546,1.50753903,0.346666038,1.3059839,4.07842398,0.0619909801,0.000164465848,4.22084951,1.41782928
pq0_0.05,jonswap_H8.500,5,FAIL,0.324174374,0.403106183,5.64872217,0.319684446,1.31531572,3.76099348,0.0844964832,0.000225815631,4.22343445,1.41919327
pq0_0.05,pmstokes_H0.270,1,FAIL,0.260898143,0.498573661,3.21725941,0.0119393542,0.0574824922,4.42198277,0.0862087756,0.000239645029,1.18999803,0.396765739
pq0_0.05,pmstokes_H0.270,2,FAIL,0.343915313,0.198658451,4.00192547,0.0130150812,0.0548539683,4.82040024,0.0608698167,0.000237749933,1.17476964,0.395676285
pq0_0.05,pmstokes_H0.270,3,FAIL,0.191119269,0.221362263,4.79561615,0.0117290318,0.054155767,4.34408569,0.0380131416,0.000226599863,1.14895809,0.385182202
pq0_0.05,pmstokes_H0.270,4,FAIL,0.323655307,0.253547132,2.34306884,0.0123703936,0.0542735569,4.58162737,0.0627957657,0.000226642325,1.1575098,0.397553384
pq0_0.05,pmstokes_H0.270,5,FAIL,0.324156225,0.376744986,5.1331768,0.011788236,0.0549771003,4.36601305,0.0817432031,0.000212467174,1.14930069,0.397042245
pq0_0.05,pmstokes_H1.500,1,FAIL,0.2595855,0.517430425,3.23270917,0.058530461,0.257876813,3.90203071,0.0857570693,0.000244127063,2.04409766,0.791541398
pq0_0.05,pmstokes_H1.500,2,FAIL,0.383191168,0.199960172,2.84680057,0.0608511083,0.241631612,4.05674028,0.0648283586,0.000251630787,2.04525042,0.790915489
pq0_0.05,pmstokes_H1.500,3,FAIL,0.209167123,0.23399888,3.19558024,0.0559257194,0.242628902,3.72838116,0.0383806489,0.000233894927,2.04276919,0.790095568
pq0_0.05,pmstokes_H1.500,4,FAIL,0.349012047,0.275588334,1.69426215,0.058428742,0.240552276,3.89524937,0.066134803,0.000204383308,2.04334545,0.791755617
pq0_0.05,pmstokes_H1.500,5,FAIL,0.32163614,0.392677873,6.02108002,0.054419715,0.243908256,3.62798095,0.0827367157,0.000199327158,2.04234433,0.789882421
pq0_0.05,pmstokes_H4.000,1,FAIL,0.369928539,0.553523362,2.31076264,0.159204885,0.702916503,3.98012209,0.0979590565,0.000246866315,3.28950691,1.12080824
pq0_0.05,pmstokes_H4.000,2,FAIL,0.278421551,0.205805391,3.56664586,0.162844807,0.666250288,4.07112026,0.0450991355,0.000239347733,3.29101133,1.12507129
pq0_0.05,pmstokes_H4.000,3,FAIL,0.185825497,0.240331069,4.390275,0.151975796,0.644964397,3.79939485,0.033233203,0.000246404583,3.29030442,1.12649322
pq0_0.05,pmstokes_H4.000,4,FAIL,0.243695423,0.28134349,1.88314593,0.158183724,0.669275999,3.95459318,0.0485020466,0.000206302968,3.29041028,1.12568247
pq0_0.05,pmstokes_H4.000,5,FAIL,0.423942655,0.339185089,2.90170693,0.14525044,0.675142467,3.63126087,0.0905963331,0.000245573203,3.29185557,1.12286091
pq0_0.05,pmstokes_H8.500,1,FAIL,0.246421024,0.463730276,3.36436105,0.351723194,1.27578402,4.1379199,0.0772752464,0.000236507098,4.10336018,1.49639642
pq0_0.05,pmstokes_H8.500,2,FAIL,0.439796895,0.269409627,2.924721,0.323775738,1.16291881,3.80912638,0.074310936,0.000239353307,4.10316706,1.49501801
pq0_0.05,pmstokes_H8.500,3,FAIL,0.198877648,0.298122972,2.53912091,0.321803778,1.22869742,3.78592682,0.0364140905,0.0003485083,4.10334301,1.49589336
pq0_0.05,pmstokes_H8.500,4,FAIL,0.580113173,0.381637871,1.79230201,0.341864973,1.21526003,4.02194071,0.10669896,0.000237782922,4.10386848,1.48797488
pq0_0.05,pmstokes_H8.500,5,FAIL,0.3012954,0.451682001,5.87707758,0.320966721,1.22928512,3.77607894,0.0836508572,0.000186097503,4.10165882,1.49425924
pb0_1e-08,jonswap_H0.270,1,FAIL,0.276518077,0.430762023,3.66378331,0.0119076669,0.0596869253,4.41024685,0.0829925388,0.000496194232,1.2979629,0.350299329
pb0_1e-08,jonswap_H0.270,2,FAIL,0.347202539,0.219663635,4.10421467,0.0136426128,0.0563255847,5.05281925,0.0598169602,0.00048354108,1.28338206,0.351867527
pb0_1e-08,jonswap_H0.270,3,FAIL,0.182820573,0.205891073,5.05067492,0.0119725941,0.0554964207,4.43429422,0.0375865735,0.000498974056,1.25628102,0.361486852
pb0_1e-08,jonswap_H0.270,4,FAIL,0.313440382,0.274240255,2.38752604,0.0125208665,0.0555773377,4.63735771,0.0625579283,0.000326417678,1.26532924,0.350926667
pb0_1e-08,jonswap_H0.270,5,FAIL,0.311757863,0.385302842,5.81570053,0.0117867198,0.0570228584,4.36545181,0.0851463377,0.000428711239,1.25790656,0.351814181
pb0_1e-08,jonswap_H1.500,1,FAIL,0.253604919,0.384878725,3.55736995,0.0592675917,0.275676519,3.95117259,0.0755816177,0.000510510639,2.18100834,0.725073874
pb0_1e-08,jonswap_H1.500,2,FAIL,0.431223333,0.257912904,2.91447639,0.0665773451,0.258226573,4.43848944,0.0736183599,0.000490179285,2.18478942,0.726248801
pb0_1e-08,jonswap_H1.500,3,FAIL,0.220509887,0.24987489,3.37214065,0.058115948,0.254686385,3.87439632,0.045531217,0.000518969784,2.17850184,0.729600251
pb0_1e-08,jonswap_H1.500,4,FAIL,0.386229396,0.31266889,1.5150305,0.0609016046,0.25235185,4.06010675,0.075164713,0.000338292914,2.18348646,0.705704868
pb0_1e-08,jonswap_H1.500,5,FAIL,0.260112941,0.415803403,6.27555704,0.0564144664,0.257762998,3.76096439,0.0837499797,0.000439532654,2.1777575,0.720317721
pb0_1e-08,jonswap_H4.000,1,FAIL,0.402829915,0.327828705,2.65813065,0.156500742,0.759319723,3.9125185,0.0820262954,0.000543099421,3.58995557,1.12531114
pb0_1e-08,jonswap_H4.000,2,FAIL,0.269966245,0.302788347,3.54849505,0.169736549,0.717953563,4.24341393,0.0519791916,0.000512343133,3.59055161,1.12450373
pb0_1e-08,jonswap_H4.000,3,FAIL,0.189715505,0.309003562,4.48609304,0.153460294,0.690181732,3.83650732,0.0475803688,0.000551268691,3.58910298,1.12369895
pb0_1e-08,jonswap_H4.000,4,FAIL,0.276319385,0.358415037,1.82676697,0.165343434,0.710749745,4.13358593,0.0638761744,0.00035752097,3.59000444,1.12445807
pb0_1e-08,jonswap_H4.000,5,FAIL,0.336602658,0.42728135,3.20462275,0.152010769,0.720612288,3.80026913,0.0953880325,0.000471688749,3.58899474,1.12265122
pb0_1e-08,jonswap_H8.500,1,FAIL,0.360878319,0.344885349,3.56995225,0.34504208,1.43052769,4.05931854,0.0833010077,0.00055409054,4.22194338,1.42213702
pb0_1e-08,jonswap_H8.500,2,FAIL,0.337049782,0.280912191,2.86987138,0.341526896,1.23843062,4.01796341,0.0551676154,0.00051280245,4.22111464,1.41873169
pb0_1e-08,jonswap_H8.500,3,FAIL,0.190224841,0.286685526,2.76888156,0.335361123,1.28025639,3.9454248,0.0394518599,0.000549878401,4.22255135,1.41927826
pb0_1e-08,jonswap_H8.500,4,FAIL,0.333295882,0.292216718,1.45658112,0.346696645,1.30284488,4.07878399,0.0617451817,0.000360458653,4.22084951,1.41782928
pb0_1e-08,jonswap_H8.500,5,FAIL,0.295363128,0.381832331,5.61817312,0.319614828,1.31744146,3.76017427,0.0842817798,0.000469334918,4.22343445,1.41919327
pb0_1e-08,pmstokes_H0.270,1,FAIL,0.269552082,0.439873546,3.39572001,0.0119297337,0.0584335886,4.41841984,0.0837304667,0.000497348781,1.18999803,0.396765739
pb0_1e-08,pmstokes_H0.270,2,FAIL,0.359721005,0.212609634,4.05571175,0.0130090928,0.0549172089,4.81818247,0.0610570349,0.000483788317,1.17476964,0.395676285
pb0_1e-08,pmstokes_H0.270,3,FAIL,0.187481239,0.205103666,4.76986313,0.0117221884,0.0539187305,4.3415513,0.0381584279,0.000502113486,1.14895809,0.385182202
pb0_1e-08,pmstokes_H0.270,4,FAIL,0.324942321,0.258396149,2.30573893,0.0123779336,0.0542054623,4.58441973,0.0626628771,0.000326029491,1.1575098,0.397553384
pb0_1e-08,pmstokes_H0.270,5,FAIL,0.298871279,0.365198851,5.12326527,0.0117765013,0.0555211231,4.36166716,0.0814323351,0.00042860434,1.14930069,0.397042245
pb0_1e-08,pmstokes_H1.500,1,FAIL,0.271669328,0.42295754,3.51130438,0.0584500879,0.265337318,3.89667249,0.0824017376,0.000523041352,2.04409766,0.791541398
pb0_1e-08,pmstokes_H1.500,2,FAIL,0.396230698,0.227095976,2.94165516,0.060881678,0.241882414,4.05877829,0.065053001,0.000500963361,2.04525042,0.790915489
pb0_1e-08,pmstokes_H1.500,3,FAIL,0.20349811,0.216588542,3.17093062,0.0558393076,0.242009729,3.72262025,0.0384232663,0.000526167802,2.04276919,0.790095568
pb0_1e-08,pmstokes_H1.500,4,FAIL,0.350915819,0.27710104,1.6497947,0.0584642999,0.24001281,3.89761996,0.0659670159,0.000344397326,2.04334545,0.791755617
pb0_1e-08,pmstokes_H1.500,5,FAIL,0.292902559,0.373729885,5.99267244,0.0544181839,0.245405719,3.6278789,0.0823238567,0.000447488856,2.04234433,0.789882421
pb0_1e-08,pmstokes_H4.000,1,FAIL,0.397324145,0.427895308,2.67902684,0.15885146,0.728698969,3.97128654,0.0944638401,0.000528116303,3.28950691,1.12080824
pb0_1e-08,pmstokes_H4.000,2,FAIL,0.288339138,0.233981654,3.67048836,0.162815288,0.668645799,4.07038212,0.0453899466,0.000504199066,3.29101133,1.12507129
pb0_1e-08,pmstokes_H4.000,3,FAIL,0.191337541,0.220495656,4.37606812,0.151816204,0.643296301,3.79540515,0.033225596,0.000540910289,3.29030442,1.12649322
pb0_1e-08,pmstokes_H4.000,4,FAIL,0.246080741,0.278321624,1.82726407,0.158278391,0.666411459,3.95695972,0.0481629446,0.000343793276,3.29041028,1.12568247
pb0_1e-08,pmstokes_H4.000,5,FAIL,0.394494057,0.325648367,2.89060712,0.144998565,0.675813317,3.62496424,0.0904314965,0.000450192776,3.29185557,1.12286091
pb0_1e-08,pmstokes_H8.500,1,FAIL,0.254617512,0.321683407,3.80037618,0.350128978,1.3610574,4.11916447,0.0728953332,0.000596158498,4.10336018,1.49639642
pb0_1e-08,pmstokes_H8.500,2,FAIL,0.452954173,0.301796079,3.03933477,0.324163377,1.17019045,3.81368661,0.0745070204,0.000540734385,4.10316706,1.49501801
pb0_1e-08,pmstokes_H8.500,3,FAIL,0.202967748,0.258660287,2.57367849,0.321444064,1.21203494,3.78169489,0.035808567,0.000593979028,4.10334301,1.49589336
pb0_1e-08,pmstokes_H8.500,4,FAIL,0.587179542,0.363714606,1.70015275,0.341704726,1.20568562,4.02005529,0.106461316,0.000373166025,4.10386848,1.48797488
pb0_1e-08,pmstokes_H8.500,5,FAIL,0.265789866,0.40842694,5.78140402,0.320557296,1.23046434,3.77126217,0.0825614855,0.000483276672,4.10165882,1.49425924
pb0_1e-07,jonswap_H0.270,1,FAIL,0.268772304,0.476704508,3.52401972,0.0119178388,0.0586588234,4.41401434,0.0849224329,0.000227527111,1.2979629,0.350299329
pb0_1e-07,jonswap_H0.270,2,FAIL,0.335225612,0.208514795,4.0617733,0.0136481151,0.0562641025,5.05485725,0.0596459247,0.000260932575,1.28338206,0.351867527
pb0_1e-07,jonswap_H0.270,3,FAIL,0.185213134,0.21784395,5.07241917,0.0119777536,0.0556771122,4.43620491,0.0374493673,0.000238836044,1.25628102,0.361486852
pb0_1e-07,jonswap_H0.270,4,FAIL,0.312588096,0.270131111,2.41608715,0.0125149488,0.0556265302,4.63516617,0.0626736879,0.000201243849,1.26532924,0.350926667
pb0_1e-07,jonswap_H0.270,5,FAIL,0.331602752,0.39504233,5.82587719,0.011795816,0.056627512,4.36882067,0.0854281485,0.00020736405,1.25790656,0.351814181
pb0_1e-07,jonswap_H1.500,1,FAIL,0.246103406,0.457469612,3.34534621,0.0593088232,0.267561585,3.95392132,0.0782518238,0.000226291886,2.18100834,0.725073874
pb0_1e-07,jonswap_H1.500,2,FAIL,0.420889825,0.235782802,2.84298635,0.0665438399,0.257979631,4.43625593,0.073381871,0.000261635432,2.18478942,0.726248801
pb0_1e-07,jonswap_H1.500,3,FAIL,0.226955011,0.263501883,3.38987517,0.0581841916,0.255238801,3.87894607,0.045483239,0.000256801344,2.17850184,0.729600251
pb0_1e-07,jonswap_H1.500,4,FAIL,0.384562612,0.310403764,1.54511654,0.0608695373,0.252675831,4.05796909,0.0752976015,0.000185583966,2.18348646,0.705704868
pb0_1e-07,jonswap_H1.500,5,FAIL,0.280026942,0.429576278,6.29562902,0.0564060323,0.256598353,3.76040196,0.0840637013,0.000204577766,2.1777575,0.720317721
pb0_1e-07,jonswap_H4.000,1,FAIL,0.379761577,0.429986686,2.36157537,0.156649396,0.727393568,3.91623497,0.0847916156,0.000226011354,3.58995557,1.12531114
pb0_1e-07,jonswap_H4.000,2,FAIL,0.263012975,0.273422241,3.45757794,0.169765055,0.715704978,4.24412632,0.0512311533,0.000259457505,3.59055161,1.12450373
pb0_1e-07,jonswap_H4.000,3,FAIL,0.184706569,0.323203951,4.5031724,0.153578758,0.690952241,3.83946896,0.0475619249,0.000269173848,3.58910298,1.12369895
pb0_1e-07,jonswap_H4.000,4,FAIL,0.275019169,0.355938584,1.85633266,0.165270403,0.712104917,4.13176012,0.0640914887,0.000180989824,3.59000444,1.12445807
pb0_1e-07,jonswap_H4.000,5,FAIL,0.356351167,0.433676004,3.19571877,0.152126163,0.721117258,3.80315399,0.0952826962,0.000284168258,3.58899474,1.12265122
pb0_1e-07,jonswap_H8.500,1,FAIL,0.333801091,0.464637041,3.21231532,0.346106976,1.35003698,4.07184649,0.0867844671,0.000241500617,4.22194338,1.42213702
pb0_1e-07,jonswap_H8.500,2,FAIL,0.332029551,0.246428192,2.74620533,0.341005206,1.23184037,4.01182604,0.0547654815,0.000264465401,4.22111464,1.41873169
pb0_1e-07,jonswap_H8.500,3,FAIL,0.190551803,0.302782238,2.78151608,0.335718393,1.28221071,3.94962811,0.0395348072,0.000278719119,4.22255135,1.41927826
pb0_1e-07,jonswap_H8.500,4,FAIL,0.331209153,0.292910337,1.49300933,0.346659333,1.30478072,4.07834482,0.0619182922,0.000180028146,4.22084951,1.41782928
pb0_1e-07,jonswap_H8.500,5,FAIL,0.316530406,0.397816569,5.64080811,0.31967026,1.31578755,3.76082659,0.0844837874,0.000232599326,4.22343445,1.41919327
pb0_1e-07,pmstokes_H0.270,1,FAIL,0.262399346,0.485402644,3.25827575,0.0119371219,0.0575125664,4.42115593,0.0856687725,0.000226763645,1.18999803,0.396765739
pb0_1e-07,pmstokes_H0.270,2,FAIL,0.347435415,0.201895535,4.01421642,0.0130139003,0.0548360124,4.81996298,0.0609118268,0.000260335801,1.17476964,0.395676285
pb0_1e-07,pmstokes_H0.270,3,FAIL,0.190531448,0.217599601,4.79017448,0.0117274104,0.0540961139,4.34348536,0.0380413383,0.000244843104,1.14895809,0.385182202
pb0_1e-07,pmstokes_H0.270,4,FAIL,0.323938638,0.254531711,2.33459449,0.0123720309,0.0542510711,4.58223343,0.0627702177,0.000206043711,1.1575098,0.397553384
pb0_1e-07,pmstokes_H0.270,5,FAIL,0.318185836,0.37423116,5.13112259,0.0117856534,0.055081252,4.36505651,0.0816752091,0.000212162515,1.14930069,0.397042245
pb0_1e-07,pmstokes_H1.500,1,FAIL,0.261510283,0.494630009,3.3019228,0.0585104935,0.257946432,3.90069938,0.0849707499,0.000228414021,2.04409766,0.791541398
pb0_1e-07,pmstokes_H1.500,2,FAIL,0.38612479,0.206783086,2.87053275,0.0608579367,0.241416246,4.05719566,0.0648841858,0.00026952292,2.04525042,0.790915489
pb0_1e-07,pmstokes_H1.500,3,FAIL,0.208152637,0.229734093,3.19019127,0.0559068136,0.242484748,3.72712088,0.0383675732,0.000255469495,2.04276919,0.790095568
pb0_1e-07,pmstokes_H1.500,4,FAIL,0.349489003,0.275569677,1.68317449,0.0584362373,0.240349427,3.89574909,0.0660984367,0.000194210224,2.04334545,0.791755617
pb0_1e-07,pmstokes_H1.500,5,FAIL,0.314421266,0.388263464,6.01444054,0.054418467,0.244206026,3.62789774,0.0826551169,0.000205621778,2.04234433,0.789882421
pb0_1e-07,pmstokes_H4.000,1,FAIL,0.375917435,0.5219028,2.4055264,0.159103796,0.703956306,3.97759485,0.0970747694,0.000227303535,3.28950691,1.12080824
pb0_1e-07,pmstokes_H4.000,2,FAIL,0.280604869,0.212940678,3.59309626,0.162838161,0.666322768,4.07095385,0.0451735817,0.000266159041,3.29101133,1.12507129
pb0_1e-07,pmstokes_H4.000,3,FAIL,0.187430903,0.234909698,4.38884354,0.151936769,0.644334078,3.79841924,0.0332291946,0.000274831982,3.29030442,1.12649322
pb0_1e-07,pmstokes_H4.000,4,FAIL,0.244249687,0.280203402,1.86932397,0.158204362,0.668381691,3.95510912,0.0484069586,0.000196068795,3.29041028,1.12568247
pb0_1e-07,pmstokes_H4.000,5,FAIL,0.416723907,0.336232424,2.8998332,0.145192847,0.675228477,3.62982106,0.0905693322,0.000235493091,3.29185557,1.12286091
pb0_1e-07,pmstokes_H8.500,1,FAIL,0.245807797,0.425625741,3.48479843,0.35130015,1.28810501,4.13294268,0.0760875568,0.000285113638,4.10336018,1.49639642
pb0_1e-07,pmstokes_H8.500,2,FAIL,0.443089068,0.27813682,2.95555735,0.323862821,1.16388619,3.81015086,0.0743650943,0.000285344868,4.10316706,1.49501801
pb0_1e-07,pmstokes_H8.500,3,FAIL,0.200027511,0.285506099,2.55234003,0.321739763,1.22156227,3.78517365,0.0361761786,0.000364075095,4.10334301,1.49589336
pb0_1e-07,pmstokes_H8.500,4,FAIL,0.582698345,0.37333104,1.76025951,0.341809988,1.21019948,4.02129412,0.106618419,0.00021208504,4.10386848,1.48797488
pb0_1e-07,pmstokes_H8.500,5,FAIL,0.290620208,0.43876338,5.84685802,0.320835114,1.22842014,3.77453065,0.0833248124,0.000208978585,4.10165882,1.49425924
pb0_1e-05,jonswap_H0.270,1,FAIL,0.266913891,0.491624981,3.47698975,0.0119212139,0.0586052984,4.41526413,0.0855246261,0.000248547614,1.2979629,0.350299329
pb0_1e-05,jonswap_H0.270,2,FAIL,0.331377566,0.204746798,4.04761696,0.0136496909,0.0562925152,5.0554409,0.0595911182,0.000238640991,1.28338206,0.351867527
pb0_1e-05,jonswap_H0.270,3,FAIL,0.18564713,0.221847385,5.07899046,0.0119793741,0.0557429641,4.43680525,0.037413206,0.000224709132,1.25628102,0.361486852
pb0_1e-05,jonswap_H0.270,4,FAIL,0.312313616,0.268976271,2.42566228,0.0125130648,0.05565501,4.63446856,0.06270466,0.000223814277,1.26532924,0.350926667
pb0_1e-05,jonswap_H0.270,5,FAIL,0.338465899,0.398135364,5.82916212,0.0117987283,0.0565319844,4.36989927,0.0855200142,0.000207210425,1.25790656,0.351814181
pb0_1e-05,jonswap_H1.500,1,FAIL,0.245052606,0.483126521,3.26842475,0.0593240671,0.267604738,3.9549377,0.0791762695,0.000255645136,2.18100834,0.725073874
pb0_1e-05,jonswap_H1.500,2,FAIL,0.417615563,0.227748111,2.81675744,0.0665311441,0.258381307,4.43540955,0.0732962191,0.000248933356,2.18478942,0.726248801
pb0_1e-05,jonswap_H1.500,3,FAIL,0.22874482,0.268072784,3.39574099,0.0582067929,0.255420148,3.88045263,0.0454828069,0.000236253123,2.17850184,0.729600251
pb0_1e-05,jonswap_H1.500,4,FAIL,0.3839297,0.310245752,1.5562613,0.0608595759,0.25288564,4.05730486,0.0753419772,0.000194986686,2.18348646,0.705704868
pb0_1e-05,jonswap_H1.500,5,FAIL,0.287414283,0.434056818,6.30200338,0.0564044677,0.256275743,3.76029778,0.0841547847,0.000203459582,2.1777575,0.720317721
pb0_1e-05,jonswap_H4.000,1,FAIL,0.372265667,0.472616971,2.23865986,0.156740412,0.725574911,3.9185102,0.0860325024,0.000259090826,3.58995557,1.12531114
pb0_1e-05,jonswap_H4.000,2,FAIL,0.260985851,0.261220187,3.41815734,0.169781953,0.716339171,4.2445488,0.0509234481,0.000238443405,3.59055161,1.12450373
pb0_1e-05,jonswap_H4.000,3,FAIL,0.182232961,0.328506291,4.50885487,0.153610766,0.691245735,3.84026909,0.0476329997,0.000234413266,3.58910298,1.12369895
pb0_1e-05,jonswap_H4.000,4,FAIL,0.274472773,0.355838239,1.86800444,0.165246338,0.712805569,4.13115835,0.0641849041,0.000171115214,3.59000444,1.12445807
pb0_1e-05,jonswap_H4.000,5,FAIL,0.363348097,0.433710724,3.18499207,0.152164295,0.72211194,3.80410743,0.09514305,0.00032245522,3.58899474,1.12265122
pb0_1e-05,jonswap_H8.500,1,FAIL,0.325918734,0.511812329,3.06972075,0.346593469,1.34259307,4.07756996,0.0883463249,0.000241597591,4.22194338,1.42213702
pb0_1e-05,jonswap_H8.500,2,FAIL,0.330229372,0.234715387,2.70156693,0.340816677,1.23375034,4.00960779,0.0545732006,0.000243302726,4.22111464,1.41873169
pb0_1e-05,jonswap_H8.500,3,FAIL,0.190209225,0.313105077,2.77402639,0.335862041,1.28583694,3.95131803,0.0396353118,0.00026426994,4.22255135,1.41927826
pb0_1e-05,jonswap_H8.500,4,FAIL,0.330224723,0.294743776,1.50960505,0.346665889,1.30620003,4.07842207,0.0619969741,0.000166268786,4.22084951,1.41782928
pb0_1e-05,jonswap_H8.500,5,FAIL,0.325683564,0.405295998,5.65493202,0.319689333,1.31471193,3.76105094,0.0845030919,0.000223679133,4.22343445,1.41919327
pb0_1e-05,pmstokes_H0.270,1,FAIL,0.260739565,0.500150383,3.21228147,0.0119396215,0.0574881323,4.42208195,0.0862687975,0.000246084091,1.18999803,0.396765739
pb0_1e-05,pmstokes_H0.270,2,FAIL,0.34349215,0.198264942,4.00044918,0.0130152134,0.0548574738,4.82044935,0.0608650111,0.000237613363,1.17476964,0.395676285
pb0_1e-05,pmstokes_H0.270,3,FAIL,0.191183969,0.221785843,4.79639435,0.0117292069,0.0541624725,4.34415054,0.0380087793,0.000227725235,1.14895809,0.385182202
pb0_1e-05,pmstokes_H0.270,4,FAIL,0.323620647,0.253434896,2.3441093,0.0123701729,0.0542769618,4.58154535,0.062798202,0.000231301878,1.1575098,0.397553384
pb0_1e-05,pmstokes_H0.270,5,FAIL,0.324886233,0.377046973,5.13341618,0.0117884837,0.0549653135,4.36610508,0.0817514136,0.000215778156,1.14930069,0.397042245
pb0_1e-05,pmstokes_H1.500,1,FAIL,0.259396315,0.520360649,3.22364306,0.0585330017,0.257975489,3.90219998,0.0858411491,0.000253499224,2.04409766,0.791541398
pb0_1e-05,pmstokes_H1.500,2,FAIL,0.382845372,0.199063152,2.84367561,0.0608498044,0.241677389,4.0566535,0.0648224577,0.000253228325,2.04525042,0.790915489
pb0_1e-05,pmstokes_H1.500,3,FAIL,0.209274486,0.234537646,3.19627285,0.0559278838,0.242640108,3.7285254,0.0383900031,0.000235324856,2.04276919,0.790095568
pb0_1e-05,pmstokes_H1.500,4,FAIL,0.348958343,0.275613934,1.6957171,0.0584280267,0.240586117,3.89520168,0.0661369264,0.000208948069,2.04334545,0.791755617
pb0_1e-05,pmstokes_H1.500,5,FAIL,0.322544575,0.393245012,6.02203941,0.0544197075,0.243873075,3.62798047,0.0827410966,0.000202641007,2.04234433,0.789882421
pb0_1e-05,pmstokes_H4.000,1,FAIL,0.369157195,0.557904363,2.29741359,0.15921481,0.703159332,3.98037028,0.0980628803,0.000258233835,3.28950691,1.12080824
pb0_1e-05,pmstokes_H4.000,2,FAIL,0.278184146,0.204804793,3.56293631,0.162840992,0.666275918,4.07102489,0.0450912267,0.0002395833,3.29101133,1.12507129
pb0_1e-05,pmstokes_H4.000,3,FAIL,0.185602963,0.240822569,4.390975,0.1519804,0.64500469,3.79951,0.0332280323,0.000246003154,3.29030442,1.12649322
pb0_1e-05,pmstokes_H4.000,4,FAIL,0.243581757,0.281817615,1.88570487,0.158180445,0.669452429,3.95451117,0.0485230163,0.000211565799,3.29041028,1.12568247
pb0_1e-05,pmstokes_H4.000,5,FAIL,0.424894154,0.33972615,2.90250564,0.145257965,0.675110877,3.63144922,0.0906012207,0.000249847624,3.29185557,1.12286091
pb0_1e-05,pmstokes_H8.500,1,FAIL,0.246711329,0.469311297,3.3464756,0.351781517,1.27491915,4.13860607,0.0774338171,0.000237273649,4.10336018,1.49639642
pb0_1e-05,pmstokes_H8.500,2,FAIL,0.439380705,0.268226862,2.92058849,0.323769003,1.1628598,3.80904698,0.074303478,0.000237548084,4.10316706,1.49501801
pb0_1e-05,pmstokes_H8.500,3,FAIL,0.19875282,0.300125986,2.53674579,0.32180652,1.23002219,3.78595901,0.036461886,0.000351554831,4.10334301,1.49589336
pb0_1e-05,pmstokes_H8.500,4,FAIL,0.578621387,0.387401044,1.80811834,0.341893554,1.21868014,4.02227688,0.106724828,0.000266595744,4.10386848,1.48797488
pb0_1e-05,pmstokes_H8.500,5,FAIL,0.303851277,0.45663467,5.89150286,0.321026564,1.23027396,3.77678299,0.0837397203,0.00019050292,4.10165882,1.49425924
pb0_0.0001,jonswap_H0.270,1,FAIL,0.266893357,0.491795093,3.47643137,0.0119212503,0.0586056747,4.41527796,0.0855308473,0.000249301404,1.2979629,0.350299329
pb0_0.0001,jonswap_H0.270,2,FAIL,0.331333131,0.204717383,4.04747772,0.0136496993,0.0562929586,5.05544424,0.059590634,0.000238642649,1.28338206,0.351867527
pb0_0.0001,jonswap_H0.270,3,FAIL,0.185652301,0.221855924,5.07918358,0.0119793983,0.0557433441,4.43681431,0.0374114402,0.000224823685,1.25628102,0.361486852
pb0_0.0001,jonswap_H0.270,4,FAIL,0.312315226,0.268952101,2.42573929,0.0125130955,0.0556552671,4.63447952,0.0627046153,0.000224207775,1.26532924,0.350926667
pb0_0.0001,jonswap_H0.270,5,FAIL,0.338536561,0.398163825,5.82916546,0.0117987255,0.0565311089,4.36989832,0.0855205357,0.00020759998,1.25790656,0.351814181
pb0_0.0001,jonswap_H1.500,1,FAIL,0.24504596,0.483428121,3.26749325,0.0593245402,0.267617375,3.95496917,0.0791863948,0.000256623491,2.18100834,0.725073874
pb0_0.0001,jonswap_H1.500,2,FAIL,0.417607725,0.22758396,2.81624055,0.0665315017,0.258391261,4.43543339,0.0732948333,0.000249364908,2.18478942,0.726248801
pb0_0.0001,jonswap_H1.500,3,FAIL,0.228778139,0.267952263,3.39626026,0.0582068898,0.255408317,3.88045907,0.0454789624,0.000235856045,2.17850184,0.729600251
pb0_0.0001,jonswap_H1.500,4,FAIL,0.383940041,0.310203761,1.55625618,0.0608593151,0.252885103,4.05728769,0.0753416866,0.000195078959,2.18348646,0.705704868
pb0_0.0001,jonswap_H1.500,5,FAIL,0.287494332,0.434089661,6.30200434,0.0564044304,0.256272495,3.76029515,0.0841547772,0.000203956384,2.1777575,0.720317721
pb0_0.0001,jonswap_H4.000,1,FAIL,0.372151524,0.473334134,2.23652625,0.156741709,0.725627244,3.91854262,0.0860468596,0.000261172303,3.58995557,1.12531114
pb0_0.0001,jonswap_H4.000,2,FAIL,0.261009961,0.260893375,3.4171176,0.169780895,0.716372609,4.24452257,0.0509201474,0.000239162793,3.59055161,1.12450373
pb0_0.0001,jonswap_H4.000,3,FAIL,0.182196811,0.328438222,4.50923681,0.153612331,0.691248596,3.84030819,0.047615096,0.000234511695,3.58910298,1.12369895
pb0_0.0001,jonswap_H4.000,4,FAIL,0.27457577,0.355351567,1.86686528,0.165243432,0.712744474,4.13108587,0.0641750097,0.00016961123,3.59000444,1.12445807
pb0_0.0001,jonswap_H4.000,5,FAIL,0.363344401,0.433459669,3.18404555,0.152164504,0.722203493,3.80411267,0.0951403826,0.000324907742,3.58899474,1.12265122
pb0_0.0001,jonswap_H8.500,1,FAIL,0.325710505,0.513230205,3.06525087,0.346607596,1.34265399,4.07773638,0.0883839875,0.000243599905,4.22194338,1.42213702
pb0_0.0001,jonswap_H8.500,2,FAIL,0.330242634,0.234491453,2.70075989,0.340814412,1.23380804,4.00958109,0.0545687415,0.000243588132,4.22111464,1.41873169
pb0_0.0001,jonswap_H8.500,3,FAIL,0.190230638,0.314207792,2.77124929,0.335873485,1.28645265,3.95145273,0.0396622233,0.000267538329,4.22255135,1.41927826
pb0_0.0001,jonswap_H8.500,4,FAIL,0.3303563,0.294134706,1.50812852,0.346662194,1.30605209,4.07837868,0.0619925372,0.000164566722,4.22084951,1.41782928
pb0_0.0001,jonswap_H8.500,5,FAIL,0.325591266,0.404740691,5.65319729,0.319686621,1.31482863,3.76101899,0.0844612196,0.000225108059,4.22343445,1.41919327
pb0_0.0001,pmstokes_H0.270,1,FAIL,0.260721982,0.500311375,3.21177626,0.0119396187,0.0574887283,4.42208099,0.0862748176,0.000246787647,1.18999803,0.396765739
pb0_0.0001,pmstokes_H0.270,2,FAIL,0.343450218,0.198241889,4.00032902,0.013015247,0.0548578314,4.82046175,0.0608646944,0.000237617423,1.17476964,0.395676285
pb0_0.0001,pmstokes_H0.270,3,FAIL,0.191195592,0.221730873,4.79679346,0.011729205,0.0541619882,4.34415007,0.0380050279,0.000227458499,1.14895809,0.385182202
pb0_0.0001,pmstokes_H0.270,4,FAIL,0.323613375,0.25345248,2.34428978,0.0123701654,0.0542778373,4.58154249,0.0627989173,0.000232033344,1.1575098,0.397553384
pb0_0.0001,pmstokes_H0.270,5,FAIL,0.324964643,0.377112061,5.13353395,0.0117884986,0.0549641922,4.36611032,0.0817533806,0.000215984634,1.14930069,0.397042245
pb0_0.0001,pmstokes_H1.500,1,FAIL,0.259375036,0.520680368,3.22262788,0.0585332252,0.25798735,3.90221477,0.085849531,0.000254636601,2.04409766,0.791541398
pb0_0.0001,pmstokes_H1.500,2,FAIL,0.382811397,0.198954776,2.84330726,0.0608499683,0.241683498,4.05666447,0.0648218393,0.000253489357,2.04525042,0.790915489
pb0_0.0001,pmstokes_H1.500,3,FAIL,0.209284097,0.234552994,3.19645405,0.0559281744,0.242637709,3.72854471,0.0383905731,0.000235306783,2.04276919,0.790095568
pb0_0.0001,pmstokes_H1.500,4,FAIL,0.348947674,0.275680512,1.69603395,0.0584282577,0.240594894,3.89521694,0.0661376119,0.000209894904,2.04334545,0.791755617
pb0_0.0001,pmstokes_H1.500,5,FAIL,0.322656274,0.393366337,6.02233648,0.0544199869,0.243868575,3.62799907,0.0827433243,0.000202797324,2.04234433,0.789882421
pb0_0.0001,pmstokes_H4.000,1,FAIL,0.369067013,0.558410406,2.29586458,0.159215525,0.703193665,3.98038816,0.098073855,0.000259679422,3.28950691,1.12080824
pb0_0.0001,pmstokes_H4.000,2,FAIL,0.278158873,0.204706535,3.56255245,0.162843972,0.66627866,4.07109928,0.0450905822,0.000239657369,3.29101133,1.12507129
pb0_0.0001,pmstokes_H4.000,3,FAIL,0.185549274,0.240434781,4.39234638,0.151978761,0.644873917,3.79946899,0.033228185,0.000244041381,3.29030442,1.12649322
pb0_0.0001,pmstokes_H4.000,4,FAIL,0.2435541,0.282012761,1.88634884,0.158180818,0.669498026,3.95452046,0.0485277325,0.000212845203,3.29041028,1.12568247
pb0_0.0001,pmstokes_H4.000,5,FAIL,0.42500934,0.339857131,2.90282154,0.145259649,0.675099552,3.63149118,0.0906026363,0.00024997702,3.29185557,1.12286091
pb0_0.0001,pmstokes_H8.500,1,FAIL,0.246786416,0.47058022,3.34230089,0.351799756,1.27472973,4.13882065,0.0774544105,0.000237639266,4.10336018,1.49639642
pb0_0.0001,pmstokes_H8.500,2,FAIL,0.439414442,0.267892122,2.91952038,0.323762834,1.16282701,3.8089745,0.0743032247,0.000237322965,4.10316706,1.49501801
pb0_0.0001,pmstokes_H8.500,3,FAIL,0.198745787,0.300356179,2.53640199,0.321807832,1.23018396,3.7859745,0.036468517,0.000352108997,4.10334301,1.49589336
pb0_0.0001,pmstokes_H8.500,4,FAIL,0.578522384,0.387723684,1.80917513,0.341899097,1.21898091,4.02234221,0.106725484,0.000268975418,4.10386848,1.48797488
pb0_0.0001,pmstokes_H8.500,5,FAIL,0.304347843,0.457814366,5.89515495,0.321043193,1.23057938,3.77697873,0.0837561488,0.000191448911,4.10165882,1.49425924
brw_1e-13,jonswap_H0.270,1,FAIL,0.266894311,0.491044432,3.48044705,0.0119207986,0.0586139858,4.41511059,0.0854704455,0.000250834419,1.2979629,0.350299329
brw_1e-13,jonswap_H0.270,2,FAIL,0.332076579,0.205020756,4.04852247,0.0136494618,0.0562885068,5.05535603,0.0595971234,0.000246267708,1.28338206,0.351867527
brw_1e-13,jonswap_H0.270,3,FAIL,0.185870811,0.222134843,5.07622051,0.011979307,0.055746343,4.43678045,0.0374250151,0.000233280094,1.25628102,0.361486852
brw_1e-13,jonswap_H0.270,4,FAIL,0.312110275,0.269955456,2.42734146,0.0125133106,0.0556634404,4.63455915,0.0627085045,0.000228338482,1.26532924,0.350926667
brw_1e-13,jonswap_H0.270,5,FAIL,0.337721527,0.397767574,5.82778311,0.0117985401,0.0565325618,4.36982965,0.0855020508,0.000209865539,1.25790656,0.351814181
brw_1e-13,jonswap_H1.500,1,FAIL,0.244848073,0.48191604,3.27399659,0.0593224838,0.267599463,3.95483208,0.0790942758,0.000256254396,2.18100834,0.725073874
brw_1e-13,jonswap_H1.500,2,FAIL,0.418359995,0.228177011,2.8180337,0.0665325969,0.258332968,4.43550634,0.0733048171,0.000256252562,2.18478942,0.726248801
brw_1e-13,jonswap_H1.500,3,FAIL,0.22873041,0.269003958,3.39127994,0.0582055151,0.255499095,3.88036752,0.0454960763,0.000246022129,2.17850184,0.729600251
brw_1e-13,jonswap_H1.500,4,FAIL,0.383659512,0.311330259,1.55806398,0.0608618222,0.252911478,4.05745459,0.0753440931,0.00019766287,2.18348646,0.705704868
brw_1e-13,jonswap_H1.500,5,FAIL,0.286490083,0.433268756,6.29940939,0.05640449,0.256284088,3.76029921,0.0841307566,0.000206545374,2.1777575,0.720317721
brw_1e-13,jonswap_H4.000,1,FAIL,0.372665256,0.46913895,2.24979544,0.156725302,0.725432694,3.91813254,0.085906148,0.000254531653,3.58995557,1.12531114
brw_1e-13,jonswap_H4.000,2,FAIL,0.261435479,0.262427211,3.42211986,0.169777393,0.7160483,4.24443483,0.0509516932,0.00024363077,3.59055161,1.12450373
brw_1e-13,jonswap_H4.000,3,FAIL,0.182573915,0.329845458,4.50342131,0.153612852,0.69141835,3.8403213,0.0476485677,0.000244016235,3.58910298,1.12369895
brw_1e-13,jonswap_H4.000,4,FAIL,0.274257094,0.356724948,1.86899972,0.165251777,0.712651193,4.13129425,0.0641801581,0.00017268931,3.59000444,1.12445807
brw_1e-13,jonswap_H4.000,5,FAIL,0.362371236,0.432661623,3.18200517,0.152157381,0.721829712,3.80393457,0.0951173529,0.000320941908,3.58899474,1.12265122
brw_1e-13,jonswap_H8.500,1,FAIL,0.326210946,0.508463025,3.08177543,0.346534818,1.34284627,4.07687998,0.0881665498,0.00024234422,4.22194338,1.42213702
brw_1e-13,jonswap_H8.500,2,FAIL,0.331121683,0.234699503,2.70135069,0.340828478,1.23350894,4.00974655,0.05459968,0.000251926336,4.22111464,1.41873169
brw_1e-13,jonswap_H8.500,3,FAIL,0.19017224,0.31247586,2.7733233,0.335855871,1.28489923,3.95124555,0.0396543145,0.000265637296,4.22255135,1.41927826
brw_1e-13,jonswap_H8.500,4,FAIL,0.329954237,0.295734078,1.51116502,0.346677363,1.30600214,4.07855701,0.0619993508,0.000168314087,4.22084951,1.41782928
brw_1e-13,jonswap_H8.500,5,FAIL,0.323945642,0.402334183,5.64533091,0.319679737,1.31517899,3.76093793,0.0844683722,0.00023223483,4.22343445,1.41919327
brw_1e-13,pmstokes_H0.270,1,FAIL,0.260710567,0.499617726,3.21548247,0.0119393189,0.0574941561,4.42196989,0.0862161666,0.000248690485,1.18999803,0.396765739
brw_1e-13,pmstokes_H0.270,2,FAIL,0.344169855,0.198546097,4.00143862,0.0130150225,0.0548543744,4.82037878,0.0608703569,0.00024483251,1.17476964,0.395676285
brw_1e-13,pmstokes_H0.270,3,FAIL,0.191371918,0.222120047,4.7931571,0.0117290523,0.0541684665,4.34409332,0.0380218849,0.000237095461,1.14895809,0.385182202
brw_1e-13,pmstokes_H0.270,4,FAIL,0.323400259,0.254414976,2.34592557,0.0123704271,0.0542850345,4.58163977,0.0628018826,0.000235905885,1.1575098,0.397553384
brw_1e-13,pmstokes_H0.270,5,FAIL,0.324139386,0.376600444,5.13164425,0.0117883151,0.0549685992,4.36604261,0.0817333609,0.000218597095,1.14930069,0.397042245
brw_1e-13,pmstokes_H1.500,1,FAIL,0.25928852,0.519031227,3.22971916,0.058530461,0.25796476,3.90203071,0.0857700408,0.000253072591,2.04409766,0.791541398
brw_1e-13,pmstokes_H1.500,2,FAIL,0.383601308,0.199607745,2.84532166,0.0608512834,0.24164252,4.0567522,0.064829044,0.000260578294,2.04525042,0.790915489
brw_1e-13,pmstokes_H1.500,3,FAIL,0.209373862,0.235044822,3.19252539,0.0559272468,0.242696211,3.72848296,0.0383885615,0.00024404109,2.04276919,0.790095568
brw_1e-13,pmstokes_H1.500,4,FAIL,0.348716408,0.276646644,1.69743192,0.0584303215,0.240600511,3.89535451,0.0661401972,0.000210922124,2.04334545,0.791755617
brw_1e-13,pmstokes_H1.500,5,FAIL,0.321577758,0.392537296,6.01960182,0.0544199161,0.243881032,3.6279943,0.0827272087,0.000205606251,2.04234433,0.789882421
brw_1e-13,pmstokes_H4.000,1,FAIL,0.369420558,0.555743933,2.30628252,0.159201235,0.703031063,3.98003078,0.0979776159,0.000256387313,3.28950691,1.12080824
brw_1e-13,pmstokes_H4.000,2,FAIL,0.278686792,0.205636606,3.56610894,0.162843093,0.666087747,4.07107735,0.0450999849,0.000245625735,3.29101133,1.12507129
brw_1e-13,pmstokes_H4.000,3,FAIL,0.185870036,0.241884768,4.38486481,0.151980996,0.645213664,3.79952478,0.0332491659,0.000256925006,3.29030442,1.12649322
brw_1e-13,pmstokes_H4.000,4,FAIL,0.243228257,0.282728225,1.88723099,0.158188343,0.669376493,3.95470858,0.0485125296,0.000212739193,3.29041028,1.12568247
brw_1e-13,pmstokes_H4.000,5,FAIL,0.423781157,0.338358819,2.8981421,0.145246193,0.675002635,3.63115478,0.0905781984,0.000253270147,3.29185557,1.12286091
brw_1e-13,pmstokes_H8.500,1,FAIL,0.246113583,0.465154409,3.3618896,0.351723462,1.27586913,4.13792324,0.0772843286,0.000241579299,4.10336018,1.49639642
brw_1e-13,pmstokes_H8.500,2,FAIL,0.43997854,0.26951614,2.9248848,0.323778898,1.16265559,3.80916333,0.0743115023,0.000245476665,4.10316706,1.49501801
brw_1e-13,pmstokes_H8.500,3,FAIL,0.19888556,0.300627917,2.53129125,0.321825802,1.2298373,3.78618574,0.0364412293,0.000358683348,4.10334301,1.49589336
brw_1e-13,pmstokes_H8.500,4,FAIL,0.579581082,0.383582503,1.79757845,0.341890812,1.21565282,4.02224493,0.106706381,0.000243939459,4.10386848,1.48797488
brw_1e-13,pmstokes_H8.500,5,FAIL,0.301303864,0.452132225,5.8773613,0.320970893,1.22906375,3.77612805,0.0836494192,0.000191851621,4.10165882,1.49425924
brw_1e-12,jonswap_H0.270,1,FAIL,0.266916722,0.490931809,3.4806354,0.0119207846,0.0586125478,4.41510534,0.0854694694,0.0002498705,1.2979629,0.350299329
brw_1e-12,jonswap_H0.270,2,FAIL,0.33204633,0.205033705,4.04859161,0.0136494832,0.0562885143,5.05536413,0.059597034,0.000245474337,1.28338206,0.351867527
brw_1e-12,jonswap_H0.270,3,FAIL,0.185841426,0.222060308,5.07643557,0.0119793117,0.0557451136,4.43678188,0.0374243967,0.000232172868,1.25628102,0.361486852
brw_1e-12,jonswap_H0.270,4,FAIL,0.312135905,0.269865513,2.42706084,0.012513293,0.0556620434,4.63455296,0.0627079234,0.000227393262,1.26532924,0.350926667
brw_1e-12,jonswap_H0.270,5,FAIL,0.337720662,0.397773087,5.82790375,0.0117985383,0.0565334633,4.3698287,0.0855028927,0.000209234771,1.25790656,0.351814181
brw_1e-12,jonswap_H1.500,1,FAIL,0.244878277,0.48174125,3.27433729,0.0593224838,0.267589808,3.95483208,0.0790927112,0.000255239051,2.18100834,0.725073874
brw_1e-12,jonswap_H1.500,2,FAIL,0.41831702,0.228225902,2.81821227,0.0665323287,0.258331716,4.43548822,0.0733048394,0.000255291467,2.18478942,0.726248801
brw_1e-12,jonswap_H1.500,3,FAIL,0.2287108,0.268866867,3.39165521,0.05820553,0.255487859,3.88036847,0.0454948805,0.000244897557,2.17850184,0.729600251
brw_1e-12,jonswap_H1.500,4,FAIL,0.383697957,0.311210632,1.55773151,0.0608619452,0.252904415,4.05746269,0.0753433183,0.000196986555,2.18348646,0.705704868
brw_1e-12,jonswap_H1.500,5,FAIL,0.286498666,0.433294863,6.29959488,0.0564045347,0.256287336,3.76030207,0.0841321498,0.000205853954,2.1777575,0.720317721
brw_1e-12,jonswap_H4.000,1,FAIL,0.372717768,0.468912274,2.25034022,0.156725913,0.725417972,3.9181478,0.0859041139,0.000253537321,3.58995557,1.12531114
brw_1e-12,jonswap_H4.000,2,FAIL,0.261401564,0.262476802,3.42229867,0.169778973,0.716061354,4.24447441,0.0509523191,0.00024279386,3.59055161,1.12450373
brw_1e-12,jonswap_H4.000,3,FAIL,0.182570472,0.32966432,4.50385332,0.153612316,0.691402555,3.84030795,0.0476457439,0.000243035043,3.58910298,1.12369895
brw_1e-12,jonswap_H4.000,4,FAIL,0.274289072,0.356619805,1.86873102,0.165251419,0.712656796,4.13128567,0.0641790554,0.000172292261,3.59000444,1.12445807
brw_1e-12,jonswap_H4.000,5,FAIL,0.36239934,0.432803392,3.18256688,0.152157038,0.721833885,3.80392599,0.0951219127,0.000320033811,3.58899474,1.12265122
brw_1e-12,jonswap_H8.500,1,FAIL,0.326265991,0.508242786,3.08224392,0.346533388,1.34280121,4.07686329,0.0881644785,0.000241550297,4.22194338,1.42213702
brw_1e-12,jonswap_H8.500,2,FAIL,0.331073642,0.234756798,2.70158553,0.340830624,1.23351514,4.00977182,0.0545998327,0.000251061487,4.22111464,1.41873169
brw_1e-12,jonswap_H8.500,3,FAIL,0.190174952,0.312244892,2.77398992,0.33585614,1.28483105,3.95124865,0.0396512598,0.000264591217,4.22255135,1.41927826
brw_1e-12,jonswap_H8.500,4,FAIL,0.329995096,0.295605302,1.51079178,0.346673042,1.30599511,4.07850647,0.0619984046,0.000167914783,4.22084951,1.41782928
brw_1e-12,jonswap_H8.500,5,FAIL,0.323966235,0.402412862,5.64566803,0.319680989,1.3151927,3.76095271,0.0844712853,0.000231555168,4.22343445,1.41919327
brw_1e-12,pmstokes_H0.270,1,FAIL,0.260731369,0.499505341,3.21567678,0.0119393263,0.0574927367,4.42197275,0.0862152576,0.000247708696,1.18999803,0.396765739
brw_1e-12,pmstokes_H0.270,2,FAIL,0.344143212,0.198556304,4.00149632,0.0130150355,0.0548542142,4.82038355,0.0608702935,0.000244086084,1.17476964,0.395676285
brw_1e-12,pmstokes_H0.270,3,FAIL,0.1913445,0.222039998,4.79341888,0.0117290644,0.0541670844,4.34409761,0.0380209945,0.000235965286,1.14895809,0.385182202
brw_1e-12,pmstokes_H0.270,4,FAIL,0.323427379,0.254322052,2.34562922,0.0123704392,0.0542837866,4.58164406,0.0628011227,0.000234920459,1.1575098,0.397553384
brw_1e-12,pmstokes_H0.270,5,FAIL,0.324140429,0.376615763,5.13180923,0.01178829,0.054969389,4.36603308,0.0817345008,0.0002179359,1.14930069,0.397042245
brw_1e-12,pmstokes_H1.500,1,FAIL,0.259321243,0.518856227,3.23004484,0.0585307367,0.257954657,3.90204906,0.0857687667,0.000252104743,2.04409766,0.791541398
brw_1e-12,pmstokes_H1.500,2,FAIL,0.383559734,0.199642554,2.84547138,0.0608514026,0.241641164,4.05675983,0.0648289844,0.00025963079,2.04525042,0.790915489
brw_1e-12,pmstokes_H1.500,3,FAIL,0.209350646,0.23493503,3.19284964,0.0559271909,0.24268952,3.72847915,0.0383877195,0.000242959839,2.04276919,0.790095568
brw_1e-12,pmstokes_H1.500,4,FAIL,0.348748595,0.276536196,1.69709992,0.0584301986,0.24059625,3.8953464,0.0661395639,0.00021023817,2.04334545,0.791755617
brw_1e-12,pmstokes_H1.500,5,FAIL,0.321582645,0.392552197,6.01976252,0.0544198453,0.243884251,3.62798953,0.082728222,0.000204926633,2.04234433,0.789882421
brw_1e-12,pmstokes_H4.000,1,FAIL,0.369473636,0.555506468,2.3067522,0.159201801,0.70301652,3.98004508,0.0979757681,0.000255357503,3.28950691,1.12080824
brw_1e-12,pmstokes_H4.000,2,FAIL,0.278659165,0.205654263,3.5661726,0.162842825,0.666104615,4.07107067,0.0450999402,0.000244957802,3.29101133,1.12507129
brw_1e-12,pmstokes_H4.000,3,FAIL,0.185865909,0.241726205,4.38541746,0.151980504,0.645185709,3.79951262,0.0332476161,0.000255813589,3.29030442,1.12649322
brw_1e-12,pmstokes_H4.000,4,FAIL,0.243277892,0.282583326,1.88679731,0.158189416,0.669363558,3.95473528,0.0485114343,0.000212056315,3.29041028,1.12568247
brw_1e-12,pmstokes_H4.000,5,FAIL,0.423796386,0.338446677,2.89852309,0.145245746,0.675015569,3.63114357,0.0905802995,0.000252440514,3.29185557,1.12286091
brw_1e-12,pmstokes_H8.500,1,FAIL,0.246146828,0.464997798,3.36217141,0.351725399,1.27585924,4.13794565,0.077283226,0.00024102944,4.10336018,1.49639642
brw_1e-12,pmstokes_H8.500,2,FAIL,0.439957887,0.269511402,2.92488718,0.323781997,1.16268492,3.80919981,0.0743114501,0.000244828349,4.10316706,1.49501801
brw_1e-12,pmstokes_H8.500,3,FAIL,0.198885471,0.300374031,2.53207159,0.321825564,1.22972131,3.78618312,0.0364386588,0.000357635203,4.10334301,1.49589336
brw_1e-12,pmstokes_H8.500,4,FAIL,0.579634309,0.38339144,1.79706872,0.341888905,1.21561277,4.02222252,0.106705725,0.000243337956,4.10386848,1.48797488
brw_1e-12,pmstokes_H8.500,5,FAIL,0.301302791,0.452085078,5.87733364,0.320972115,1.22908652,3.77614236,0.0836495981,0.000191230414,4.10165882,1.49425924
brw_1e-10,jonswap_H0.270,1,FAIL,0.267931312,0.485185146,3.48994589,0.0119209224,0.0585709624,4.41515636,0.0854275823,0.00020220333,1.2979629,0.350299329
brw_1e-10,jonswap_H0.270,2,FAIL,0.330419928,0.205923915,4.05228567,0.0136497058,0.0562996604,5.05544662,0.0595949143,0.000202224954,1.28338206,0.351867527
brw_1e-10,jonswap_H0.270,3,FAIL,0.184435725,0.218062133,5.08840752,0.0119788507,0.0557109937,4.43661118,0.0373765044,0.000178084389,1.25628102,0.361486852
brw_1e-10,jonswap_H0.270,4,FAIL,0.313486457,0.265006006,2.41134071,0.0125130033,0.0556198806,4.63444567,0.0626666546,0.00017872623,1.26532924,0.350926667
brw_1e-10,jonswap_H0.270,5,FAIL,0.337802857,0.397968739,5.83359194,0.011797715,0.0565966889,4.369524,0.0855519548,0.000181091338,1.25790656,0.351814181
brw_1e-10,jonswap_H1.500,1,FAIL,0.246370912,0.472141832,3.29259038,0.0593236983,0.26720643,3.95491314,0.0789988115,0.000204301425,2.18100834,0.725073874
brw_1e-10,jonswap_H1.500,2,FAIL,0.41595903,0.231437922,2.8290267,0.0665344894,0.258347869,4.43563223,0.0733101666,0.000204167169,2.18478942,0.726248801
brw_1e-10,jonswap_H1.500,3,FAIL,0.227730259,0.261267662,3.41243458,0.0581977069,0.255178303,3.87984705,0.0454194061,0.000188375183,2.17850184,0.729600251
brw_1e-10,jonswap_H1.500,4,FAIL,0.385731459,0.304656655,1.53933918,0.0608541705,0.252720654,4.05694437,0.0752995685,0.000162104436,2.18348646,0.705704868
brw_1e-10,jonswap_H1.500,5,FAIL,0.287269652,0.434947789,6.31046963,0.0564051829,0.256489426,3.76034546,0.0842227936,0.000170342653,2.1777575,0.720317721
brw_1e-10,jonswap_H4.000,1,FAIL,0.375702858,0.456337094,2.28069425,0.156757563,0.725301683,3.91893911,0.0857693925,0.000202780648,3.58995557,1.12531114
brw_1e-10,jonswap_H4.000,2,FAIL,0.259517193,0.265905082,3.43334866,0.169783562,0.717237651,4.24458885,0.0509948917,0.000197276051,3.59055161,1.12450373
brw_1e-10,jonswap_H4.000,3,FAIL,0.182375252,0.319167346,4.53000927,0.153583705,0.691072345,3.8395927,0.0474555008,0.000191168423,3.58910298,1.12369895
brw_1e-10,jonswap_H4.000,4,FAIL,0.27615726,0.350455076,1.85252059,0.165228561,0.713379741,4.13071394,0.0641050786,0.000151486718,3.59000444,1.12445807
brw_1e-10,jonswap_H4.000,5,FAIL,0.364654601,0.441525489,3.21630001,0.152174145,0.722393632,3.80435371,0.0954236016,0.000267591298,3.58899474,1.12265122
brw_1e-10,jonswap_H8.500,1,FAIL,0.329365641,0.495883733,3.10726094,0.346508503,1.34188282,4.07657051,0.0880428925,0.000200573486,4.22194338,1.42213702
brw_1e-10,jonswap_H8.500,2,FAIL,0.32836622,0.238756508,2.71714163,0.340877026,1.2349,4.0103178,0.0546099618,0.000203807489,4.22111464,1.41873169
brw_1e-10,jonswap_H8.500,3,FAIL,0.190310255,0.298569739,2.81415462,0.335738599,1.2824322,3.94986582,0.0394410826,0.000208595477,4.22255135,1.41927826
brw_1e-10,jonswap_H8.500,4,FAIL,0.332377851,0.288176119,1.48896718,0.34660247,1.30681312,4.07767582,0.061942514,0.000146737642,4.22084951,1.41782928
brw_1e-10,jonswap_H8.500,5,FAIL,0.325728744,0.407334447,5.66733742,0.319723874,1.31635106,3.7614572,0.0846624747,0.000194114196,4.22343445,1.41919327
brw_1e-10,pmstokes_H0.270,1,FAIL,0.261676341,0.49363479,3.22563624,0.0119394977,0.0574509576,4.42203617,0.0861723721,0.00019934935,1.18999803,0.396765739
brw_1e-10,pmstokes_H0.270,2,FAIL,0.34267202,0.199310362,4.00438547,0.0130153056,0.0548633039,4.82048368,0.0608670041,0.000203030562,1.17476964,0.395676285
brw_1e-10,pmstokes_H0.270,3,FAIL,0.1899755,0.217736557,4.80740499,0.0117288129,0.0541215166,4.34400463,0.0379669331,0.000181027688,1.14895809,0.385182202
brw_1e-10,pmstokes_H0.270,4,FAIL,0.324882597,0.249431983,2.32931495,0.0123700276,0.054243017,4.58149147,0.0627641454,0.000184502482,1.1575098,0.397553384
brw_1e-10,pmstokes_H0.270,5,FAIL,0.32435295,0.377446413,5.14010954,0.0117877442,0.0550304614,4.3658309,0.0817929506,0.000186577206,1.14930069,0.397042245
brw_1e-10,pmstokes_H1.500,1,FAIL,0.260960549,0.509512126,3.24775982,0.0585298724,0.257603705,3.90199137,0.0856859758,0.000203027856,2.04409766,0.791541398
brw_1e-10,pmstokes_H1.500,2,FAIL,0.381140649,0.202088669,2.8549633,0.0608493313,0.241663873,4.05662203,0.0648258999,0.000208628582,2.04525042,0.790915489
brw_1e-10,pmstokes_H1.500,3,FAIL,0.208221346,0.228779376,3.21125388,0.0559187308,0.242443025,3.72791529,0.0383360907,0.000187318772,2.04276919,0.790095568
brw_1e-10,pmstokes_H1.500,4,FAIL,0.350504011,0.270305157,1.67841923,0.0584195256,0.240452155,3.89463496,0.0661045834,0.000173858323,2.04334545,0.791755617
brw_1e-10,pmstokes_H1.500,5,FAIL,0.322090238,0.39344272,6.02869606,0.0544192567,0.244096771,3.62795043,0.0827919766,0.000170465006,2.04234433,0.789882421
brw_1e-10,pmstokes_H4.000,1,FAIL,0.372449875,0.542409182,2.33387518,0.159212783,0.702997804,3.9803195,0.0978573933,0.00020335408,3.28950691,1.12080824
brw_1e-10,pmstokes_H4.000,2,FAIL,0.277124017,0.20689702,3.56954837,0.162842825,0.667457342,4.07107067,0.0450948477,0.000208106343,3.29101133,1.12507129
brw_1e-10,pmstokes_H4.000,3,FAIL,0.185551584,0.232431442,4.41845608,0.151945457,0.644322038,3.79863644,0.0331388228,0.000197190748,3.29030442,1.12649322
brw_1e-10,pmstokes_H4.000,4,FAIL,0.246039912,0.27443248,1.86212218,0.158146307,0.669310689,3.95365763,0.048442103,0.000176877817,3.29041028,1.12568247
brw_1e-10,pmstokes_H4.000,5,FAIL,0.425019115,0.343675971,2.92043614,0.145277813,0.676174104,3.63194537,0.090699397,0.000208589772,3.29185557,1.12286091
brw_1e-10,pmstokes_H8.500,1,FAIL,0.248051777,0.456330478,3.37684107,0.351708025,1.27602172,4.13774157,0.07722608,0.000211168561,4.10336018,1.49639642
brw_1e-10,pmstokes_H8.500,2,FAIL,0.43884021,0.268901467,2.92384648,0.323756665,1.16483521,3.80890179,0.0743069947,0.000208756988,4.10316706,1.49501801
brw_1e-10,pmstokes_H8.500,3,FAIL,0.198660418,0.284659386,2.58278227,0.321672171,1.2241261,3.78437853,0.0362466238,0.000296644052,4.10334301,1.49589336
brw_1e-10,pmstokes_H8.500,4,FAIL,0.583031178,0.371010631,1.76359177,0.341736466,1.21412373,4.02042913,0.106658362,0.000206095006,4.10386848,1.48797488
brw_1e-10,pmstokes_H8.500,5,FAIL,0.30135572,0.449344397,5.8753953,0.320953369,1.23097897,3.77592182,0.0836607516,0.000158336668,4.10165882,1.49425924
brw_1e-09,jonswap_H0.270,1,FAIL,0.268756807,0.479094774,3.49929404,0.0119210659,0.058661893,4.41520929,0.0853851587,0.000152763489,1.2979629,0.350299329
brw_1e-09,jonswap_H0.270,2,FAIL,0.328399658,0.207627639,4.05732346,0.013650299,0.0564309396,5.05566597,0.0595902391,0.000142791396,1.28338206,0.351867527
brw_1e-09,jonswap_H0.270,3,FAIL,0.183142588,0.213693559,5.10239172,0.0119783385,0.0558072366,4.43642139,0.0373202823,0.000128361135,1.25628102,0.361486852
brw_1e-09,jonswap_H0.270,4,FAIL,0.315099597,0.260294378,2.39407969,0.0125126345,0.0557426699,4.63430882,0.0626190305,0.000132171554,1.26532924,0.350926667
brw_1e-09,jonswap_H0.270,5,FAIL,0.338075787,0.397674829,5.83750439,0.0117962686,0.0567957722,4.36898851,0.0856119692,0.000168597689,1.25790656,0.351814181
brw_1e-09,jonswap_H1.500,1,FAIL,0.247909859,0.46144706,3.31431985,0.0593246743,0.267661601,3.95497823,0.0788679942,0.000152978013,2.18100834,0.725073874
brw_1e-09,jonswap_H1.500,2,FAIL,0.41288209,0.237060934,2.84569812,0.066540055,0.259092718,4.43600368,0.0733204708,0.000146489678,2.18478942,0.726248801
brw_1e-09,jonswap_H1.500,3,FAIL,0.226760924,0.252687573,3.43825269,0.0581893846,0.2559053,3.87929225,0.0453172997,0.000133241978,2.17850184,0.729600251
brw_1e-09,jonswap_H1.500,4,FAIL,0.38818261,0.297887444,1.51961553,0.0608420074,0.253448099,4.05613375,0.0752393752,0.000131355016,2.18348646,0.705704868
brw_1e-09,jonswap_H1.500,5,FAIL,0.289095193,0.436872005,6.32313967,0.0564071424,0.25731498,3.76047611,0.0843607485,0.000128974629,2.1777575,0.720317721
brw_1e-09,jonswap_H4.000,1,FAIL,0.379531026,0.440419614,2.32141113,0.156789154,0.729895115,3.91972876,0.085537374,0.000153443631,3.58995557,1.12531114
brw_1e-09,jonswap_H4.000,2,FAIL,0.257074088,0.273135126,3.45287514,0.169786856,0.722915292,4.24467134,0.0510825738,0.000146285383,3.59055161,1.12450373
brw_1e-09,jonswap_H4.000,3,FAIL,0.181915984,0.306755871,4.56642628,0.153552189,0.694952667,3.83880472,0.0471567251,0.000137581519,3.58910298,1.12369895
brw_1e-09,jonswap_H4.000,4,FAIL,0.278684378,0.344468445,1.83390892,0.165192053,0.718614101,4.12980127,0.064009428,0.000136769537,3.59000444,1.12445807
brw_1e-09,jonswap_H4.000,5,FAIL,0.369911879,0.453947872,3.2640245,0.152208745,0.726408243,3.8052187,0.0959736407,0.000180189949,3.58899474,1.12265122
brw_1e-09,jonswap_H8.500,1,FAIL,0.333180249,0.481266469,3.13771534,0.346430838,1.34762549,4.07565689,0.0878412426,0.000156022987,4.22194338,1.42213702
brw_1e-09,jonswap_H8.500,2,FAIL,0.324782252,0.248035967,2.74502754,0.340989232,1.24432015,4.01163816,0.0546405204,0.000155091315,4.22111464,1.41873169
brw_1e-09,jonswap_H8.500,3,FAIL,0.189943939,0.282216907,2.86917043,0.335591555,1.28971076,3.94813585,0.0390853658,0.000148405379,4.22255135,1.41927826
brw_1e-09,jonswap_H8.500,4,FAIL,0.335563451,0.280769527,1.46361458,0.346479446,1.31557453,4.07622862,0.061861705,0.000131071036,4.22084951,1.41782928
brw_1e-09,jonswap_H8.500,5,FAIL,0.330232561,0.414796412,5.69843245,0.319810301,1.32304776,3.76247406,0.0850108862,0.000142186109,4.22343445,1.41919327
brw_1e-09,pmstokes_H0.270,1,FAIL,0.262443542,0.487347066,3.23584795,0.0119398925,0.0575398952,4.42218208,0.0861393958,0.000148370222,1.18999803,0.396765739
brw_1e-09,pmstokes_H0.270,2,FAIL,0.34083724,0.200831696,4.00855255,0.0130157145,0.0549819097,4.82063484,0.0608604327,0.00014500723,1.17476964,0.395676285
brw_1e-09,pmstokes_H0.270,3,FAIL,0.188634202,0.21299313,4.82339668,0.0117286937,0.0542062894,4.34396076,0.0378999524,0.000131734443,1.14895809,0.385182202
brw_1e-09,pmstokes_H0.270,4,FAIL,0.326593578,0.244659051,2.31168056,0.0123694902,0.0543555543,4.58129263,0.0627195835,0.000135530019,1.1575098,0.397553384
brw_1e-09,pmstokes_H0.270,5,FAIL,0.324897856,0.378016144,5.14793062,0.0117870728,0.0552239493,4.36558247,0.0818557516,0.000161857417,1.14930069,0.397042245
brw_1e-09,pmstokes_H1.500,1,FAIL,0.262700677,0.498714715,3.26934648,0.05853099,0.258065015,3.90206575,0.0855640769,0.000151262837,2.04409766,0.791541398
brw_1e-09,pmstokes_H1.500,2,FAIL,0.377924263,0.207197338,2.87007165,0.060848318,0.242416665,4.05655432,0.0648253113,0.000149808126,2.04525042,0.790915489
brw_1e-09,pmstokes_H1.500,3,FAIL,0.207251385,0.221710145,3.23487544,0.0559103377,0.243164986,3.72735572,0.0382581577,0.000132949324,2.04276919,0.790095568
brw_1e-09,pmstokes_H1.500,4,FAIL,0.35275653,0.263532251,1.65685523,0.0584018826,0.241177395,3.8934586,0.0660520494,0.000138596559,2.04334545,0.791755617
brw_1e-09,pmstokes_H1.500,5,FAIL,0.32344678,0.394576579,6.03910303,0.054417327,0.244948715,3.62782168,0.0828784481,0.000132901478,2.04234433,0.789882421
brw_1e-09,pmstokes_H4.000,1,FAIL,0.376209944,0.526607752,2.37065864,0.159224272,0.707503319,3.98060679,0.0976716354,0.000154040274,3.28950691,1.12080824
brw_1e-09,pmstokes_H4.000,2,FAIL,0.275335163,0.210736081,3.57574415,0.16284883,0.673156202,4.07122087,0.0450850502,0.000158131312,3.29101133,1.12507129
brw_1e-09,pmstokes_H4.000,3,FAIL,0.184719279,0.221695378,4.46166563,0.151905641,0.647756279,3.79764104,0.0329436213,0.000135602531,3.29030442,1.12649322
brw_1e-09,pmstokes_H4.000,4,FAIL,0.249354511,0.266329616,1.83318043,0.158087537,0.673786402,3.95218849,0.0483392142,0.000147250801,3.29041028,1.12568247
brw_1e-09,pmstokes_H4.000,5,FAIL,0.427815557,0.351463556,2.94923759,0.14533098,0.681426346,3.63327456,0.0908925757,0.000151565953,3.29185557,1.12286091
brw_1e-09,pmstokes_H8.500,1,FAIL,0.251096636,0.446438283,3.39030409,0.351670772,1.28156269,4.13730335,0.077140145,0.000168031562,4.10336018,1.49639642
brw_1e-09,pmstokes_H8.500,2,FAIL,0.437301993,0.269610941,2.92283535,0.323779106,1.17463863,3.80916595,0.0742958784,0.000163106713,4.10316706,1.49501801
brw_1e-09,pmstokes_H8.500,3,FAIL,0.196612269,0.262739956,2.65843987,0.321509302,1.22547817,3.78246236,0.0358820744,0.000203614371,4.10334301,1.49589336
brw_1e-09,pmstokes_H8.500,4,FAIL,0.587938726,0.353354514,1.7166115,0.341483325,1.21973586,4.01745081,0.106575437,0.000154228052,4.10386848,1.48797488
brw_1e-09,pmstokes_H8.500,5,FAIL,0.302168071,0.445537835,5.86996794,0.320926487,1.23935735,3.77560568,0.0836711302,0.000128585423,4.10165882,1.49425924
brw_1e-08,jonswap_H0.270,1,FAIL,0.270941824,0.476885527,3.50516605,0.0119205741,0.0592188314,4.41502714,0.0853372365,0.000175311739,1.2979629,0.350299329
brw_1e-08,jonswap_H0.270,2,FAIL,0.32821694,0.210367933,4.06240177,0.0136510711,0.0569918863,5.05595207,0.0595873855,0.00016300843,1.28338206,0.351867527
brw_1e-08,jonswap_H0.270,3,FAIL,0.183804616,0.213398218,5.10900545,0.0119780302,0.0562903881,4.43630743,0.03730933,0.000156932947,1.25628102,0.361486852
brw_1e-08,jonswap_H0.270,4,FAIL,0.316606253,0.260281205,2.38853955,0.0125117507,0.0563128404,4.6339817,0.062616989,0.000166160346,1.26532924,0.350926667
brw_1e-08,jonswap_H0.270,5,FAIL,0.338196665,0.398238808,5.83745527,0.0117941368,0.0573711097,4.36819887,0.0856522545,0.000219689202,1.25790656,0.351814181
brw_1e-08,jonswap_H1.500,1,FAIL,0.250683099,0.458325773,3.3258791,0.0593162253,0.270648718,3.95441484,0.0787828639,0.000175200024,2.18100834,0.725073874
brw_1e-08,jonswap_H1.500,2,FAIL,0.412216723,0.243066296,2.85674906,0.0665486902,0.262169957,4.43657923,0.0733185709,0.000178582617,2.18478942,0.726248801
brw_1e-08,jonswap_H1.500,3,FAIL,0.227443978,0.252410144,3.44944787,0.0581871234,0.259597868,3.87914133,0.0453124493,0.000165246558,2.17850184,0.729600251
brw_1e-08,jonswap_H1.500,4,FAIL,0.390221953,0.2979424,1.51409197,0.0608311482,0.25680995,4.05540991,0.0752158314,0.000172352302,2.18348646,0.705704868
brw_1e-08,jonswap_H1.500,5,FAIL,0.290398955,0.439039201,6.32747555,0.0564146601,0.260213107,3.76097727,0.0844051316,0.000167719161,2.1777575,0.720317721
brw_1e-08,jonswap_H4.000,1,FAIL,0.383642823,0.434721917,2.34870052,0.156805217,0.747888446,3.92013049,0.0853294656,0.000196716122,3.58995557,1.12531114
brw_1e-08,jonswap_H4.000,2,FAIL,0.257377148,0.285332292,3.47306967,0.169791415,0.742013872,4.24478531,0.0511866659,0.000203692704,3.59055161,1.12450373
brw_1e-08,jonswap_H4.000,3,FAIL,0.182884648,0.308817506,4.57966375,0.153517067,0.712530315,3.83792663,0.0471277498,0.00018623707,3.58910298,1.12369895
brw_1e-08,jonswap_H4.000,4,FAIL,0.281180024,0.348834187,1.83394587,0.165175304,0.738006234,4.12938261,0.0640340522,0.000199151371,3.59000444,1.12445807
brw_1e-08,jonswap_H4.000,5,FAIL,0.3736431,0.464580923,3.2919488,0.152287081,0.744654596,3.80717707,0.096348092,0.000193800966,3.58899474,1.12265122
brw_1e-08,jonswap_H8.500,1,FAIL,0.33706376,0.476406038,3.15934396,0.346233517,1.3759948,4.07333565,0.087637715,0.000192935346,4.22194338,1.42213702
brw_1e-08,jonswap_H8.500,2,FAIL,0.323931307,0.263485193,2.77210498,0.341232866,1.27748573,4.01450443,0.0546718724,0.00021876175,4.22111464,1.41873169
brw_1e-08,jonswap_H8.500,3,FAIL,0.190572023,0.285891384,2.8895781,0.335661143,1.32737112,3.94895458,0.0389834009,0.00019685147,4.22255135,1.41927826
brw_1e-08,jonswap_H8.500,4,FAIL,0.338081837,0.28655082,1.46309626,0.346512467,1.34810185,4.07661724,0.0618633777,0.000189528961,4.22084951,1.41782928
brw_1e-08,jonswap_H8.500,5,FAIL,0.334051728,0.422992051,5.71544743,0.319940478,1.3509562,3.76400566,0.0852621868,0.000183449418,4.22343445,1.41919327
brw_1e-08,pmstokes_H0.270,1,FAIL,0.264567494,0.484887511,3.24317622,0.0119396141,0.0580850206,4.42207909,0.086103864,0.000166879647,1.18999803,0.396765739
brw_1e-08,pmstokes_H0.270,2,FAIL,0.340690315,0.203472331,4.01322317,0.013016508,0.0555097312,4.82092857,0.0608561188,0.0001656245,1.17476964,0.395676285
brw_1e-08,pmstokes_H0.270,3,FAIL,0.18924135,0.212321356,4.83097792,0.0117285717,0.0546665117,4.34391546,0.0378773436,0.000159204414,1.14895809,0.385182202
brw_1e-08,pmstokes_H0.270,4,FAIL,0.328089833,0.244641021,2.30653715,0.0123685971,0.0548953228,4.5809617,0.0627128854,0.000167026505,1.1575098,0.397553384
brw_1e-08,pmstokes_H0.270,5,FAIL,0.325419754,0.379506797,5.15269089,0.0117867682,0.0557920411,4.36546946,0.0818927884,0.000184893259,1.14930069,0.397042245
brw_1e-08,pmstokes_H1.500,1,FAIL,0.265565008,0.495344877,3.28114939,0.0585306659,0.260974377,3.9020443,0.0854960531,0.000173861496,2.04409766,0.791541398
brw_1e-08,pmstokes_H1.500,2,FAIL,0.377459675,0.213307083,2.88024664,0.0608530752,0.245473817,4.05687141,0.0648208559,0.000180038958,2.04525042,0.790915489
brw_1e-08,pmstokes_H1.500,3,FAIL,0.208146453,0.222113714,3.24611807,0.0559102744,0.246742666,3.72735143,0.0382374935,0.000167031118,2.04276919,0.790095568
brw_1e-08,pmstokes_H1.500,4,FAIL,0.354837745,0.263911694,1.65057266,0.0583900064,0.244436771,3.89266706,0.0660256296,0.000178235961,2.04334545,0.791755617
brw_1e-08,pmstokes_H1.500,5,FAIL,0.324403077,0.396743983,6.04333878,0.054416202,0.247813419,3.62774658,0.0828901008,0.000168503757,2.04234433,0.789882421
brw_1e-08,pmstokes_H4.000,1,FAIL,0.380461484,0.520278335,2.39854479,0.159239471,0.724785984,3.98098683,0.0975373089,0.000198174079,3.28950691,1.12080824
brw_1e-08,pmstokes_H4.000,2,FAIL,0.276132047,0.221631572,3.58797336,0.162886262,0.692098379,4.07215643,0.0450772233,0.000208484169,3.29101133,1.12507129
brw_1e-08,pmstokes_H4.000,3,FAIL,0.185572237,0.225664109,4.47764874,0.151880413,0.664957345,3.79701042,0.0328444168,0.000184980177,3.29030442,1.12649322
brw_1e-08,pmstokes_H4.000,4,FAIL,0.252197921,0.271047771,1.82910299,0.158071488,0.692410827,3.95178723,0.0483216979,0.000202710013,3.29041028,1.12568247
brw_1e-08,pmstokes_H4.000,5,FAIL,0.429874599,0.360502839,2.96699047,0.145394087,0.700066805,3.63485217,0.0909934789,0.00019538551,3.29185557,1.12286091
brw_1e-08,pmstokes_H8.500,1,FAIL,0.255514741,0.444513142,3.40058041,0.35158962,1.30931318,4.13634825,0.077040486,0.000198629452,4.10336018,1.49639642
brw_1e-08,pmstokes_H8.500,2,FAIL,0.436984539,0.28164658,2.93746305,0.324062645,1.21030104,3.81250167,0.0742873102,0.000223890704,4.10316706,1.49501801
brw_1e-08,pmstokes_H8.500,3,FAIL,0.19568938,0.263341159,2.6902504,0.321562797,1.26021063,3.78309155,0.0357499607,0.000210136684,4.10334301,1.49589336
brw_1e-08,pmstokes_H8.500,4,FAIL,0.590698659,0.352842957,1.70566916,0.341517866,1.25306785,4.01785707,0.106533721,0.00020013316,4.10386848,1.48797488
brw_1e-08,pmstokes_H8.500,5,FAIL,0.304580867,0.449269235,5.87248707,0.320979387,1.26872623,3.77622795,0.0837173164,0.000188366452,4.10165882,1.49425924
rs0_0.015,jonswap_H0.270,1,FAIL,0.267096162,0.49001509,3.48213768,0.011920847,0.0586024784,4.41512823,0.0854629651,0.000241947113,1.2979629,0.350299329
rs0_0.015,jonswap_H0.270,2,FAIL,0.331789941,0.205154836,4.04916048,0.01364954,0.0562880635,5.05538511,0.0595967695,0.000238728491,1.28338206,0.351867527
rs0_0.015,jonswap_H0.270,3,FAIL,0.185608208,0.221429169,5.07823515,0.0119792307,0.0557360239,4.43675184,0.0374171361,0.000223022013,1.25628102,0.361486852
rs0_0.015,jonswap_H0.270,4,FAIL,0.312344164,0.26909247,2.42460012,0.0125132632,0.0556513406,4.63454199,0.0627020225,0.000219368492,1.26532924,0.350926667
rs0_0.015,jonswap_H0.270,5,FAIL,0.337719977,0.397811294,5.82882977,0.0117983939,0.056541387,4.3697753,0.0855105594,0.000204216805,1.25790656,0.351814181
rs0_0.015,jonswap_H1.500,1,FAIL,0.245124757,0.480250865,3.27713847,0.0593226962,0.26750496,3.95484614,0.0790788159,0.000246834243,2.18100834,0.725073874
rs0_0.015,jonswap_H1.500,2,FAIL,0.417959183,0.228667885,2.81976461,0.0665328279,0.25831908,4.4355216,0.0733055845,0.000247198361,2.18478942,0.726248801
rs0_0.015,jonswap_H1.500,3,FAIL,0.228550613,0.26769653,3.39475465,0.0582044497,0.255412489,3.88029647,0.0454841852,0.000235562431,2.17850184,0.729600251
rs0_0.015,jonswap_H1.500,4,FAIL,0.384012341,0.310194194,1.55486906,0.0608607121,0.252855271,4.05738068,0.0753369778,0.000191236424,2.18348646,0.705704868
rs0_0.015,jonswap_H1.500,5,FAIL,0.286584228,0.433537155,6.30119801,0.0564048104,0.256311029,3.76032066,0.0841449276,0.000200141483,2.1777575,0.720317721
rs0_0.015,jonswap_H4.000,1,FAIL,0.373164207,0.467061222,2.25475907,0.15672943,0.725307107,3.91823578,0.0858867019,0.000245409727,3.58995557,1.12531114
rs0_0.015,jonswap_H4.000,2,FAIL,0.26111728,0.262932867,3.42381287,0.16977793,0.716174066,4.24444818,0.0509579442,0.000235764397,3.59055161,1.12450373
rs0_0.015,jonswap_H4.000,3,FAIL,0.182543233,0.328106225,4.50761175,0.153607368,0.691279113,3.84018421,0.0476201475,0.000234833657,3.58910298,1.12369895
rs0_0.015,jonswap_H4.000,4,FAIL,0.274561226,0.35568285,1.86630476,0.165248051,0.712703526,4.13120127,0.0641685575,0.000168896615,3.59000444,1.12445807
rs0_0.015,jonswap_H4.000,5,FAIL,0.362673432,0.434049666,3.18737721,0.152159169,0.721877515,3.80397916,0.095161289,0.000312168238,3.58899474,1.12265122
rs0_0.015,jonswap_H8.500,1,FAIL,0.326730549,0.506400883,3.08592987,0.346534401,1.34251785,4.07687521,0.0881482065,0.000235085259,4.22194338,1.42213702
rs0_0.015,jonswap_H8.500,2,FAIL,0.330669075,0.235265344,2.70370603,0.340837181,1.23359632,4.00984907,0.054600928,0.000243730741,4.22111464,1.41873169
rs0_0.015,jonswap_H8.500,3,FAIL,0.190200582,0.310211122,2.7797401,0.33584103,1.28424037,3.95107079,0.039623674,0.000255724299,4.22255135,1.41927826
rs0_0.015,jonswap_H8.500,4,FAIL,0.330339551,0.294481546,1.50753903,0.346666038,1.3059839,4.07842398,0.0619909801,0.000164465848,4.22084951,1.41782928
rs0_0.015,jonswap_H8.500,5,FAIL,0.324174374,0.403106183,5.64872217,0.319684446,1.31531572,3.76099348,0.0844964832,0.000225815631,4.22343445,1.41919327
rs0_0.015,pmstokes_H0.270,1,FAIL,0.260898143,0.498573661,3.21725941,0.0119393542,0.0574824922,4.42198277,0.0862087756,0.000239645029,1.18999803,0.396765739
rs0_0.015,pmstokes_H0.270,2,FAIL,0.343915313,0.198658451,4.00192547,0.0130150812,0.0548539683,4.82040024,0.0608698167,0.000237749933,1.17476964,0.395676285
rs0_0.015,pmstokes_H0.270,3,FAIL,0.191119269,0.221362263,4.79561615,0.0117290318,0.054155767,4.34408569,0.0380131416,0.000226599863,1.14895809,0.385182202
rs0_0.015,pmstokes_H0.270,4,FAIL,0.323655307,0.253547132,2.34306884,0.0123703936,0.0542735569,4.58162737,0.0627957657,0.000226642325,1.1575098,0.397553384
rs0_0.015,pmstokes_H0.270,5,FAIL,0.324156225,0.376744986,5.1331768,0.011788236,0.0549771003,4.36601305,0.0817432031,0.000212467174,1.14930069,0.397042245
rs0_0.015,pmstokes_H1.500,1,FAIL,0.2595855,0.517430425,3.23270917,0.058530461,0.257876813,3.90203071,0.0857570693,0.000244127063,2.04409766,0.791541398
rs0_0.015,pmstokes_H1.500,2,FAIL,0.383191168,0.199960172,2.84680057,0.0608511083,0.241631612,4.05674028,0.0648283586,0.000251630787,2.04525042,0.790915489
rs0_0.015,pmstokes_H1.500,3,FAIL,0.209167123,0.23399888,3.19558024,0.0559257194,0.242628902,3.72838116,0.0383806489,0.000233894927,2.04276919,0.790095568
rs0_0.015,pmstokes_H1.500,4,FAIL,0.349012047,0.275588334,1.69426215,0.058428742,0.240552276,3.89524937,0.066134803,0.000204383308,2.04334545,0.791755617
rs0_0.015,pmstokes_H1.500,5,FAIL,0.32163614,0.392677873,6.02108002,0.054419715,0.243908256,3.62798095,0.0827367157,0.000199327158,2.04234433,0.789882421
rs0_0.015,pmstokes_H4.000,1,FAIL,0.369928539,0.553523362,2.31076264,0.159204885,0.702916503,3.98012209,0.0979590565,0.000246866315,3.28950691,1.12080824
rs0_0.015,pmstokes_H4.000,2,FAIL,0.278421551,0.205805391,3.56664586,0.162844807,0.666250288,4.07112026,0.0450991355,0.000239347733,3.29101133,1.12507129
rs0_0.015,pmstokes_H4.000,3,FAIL,0.185825497,0.240331069,4.390275,0.151975796,0.644964397,3.79939485,0.033233203,0.000246404583,3.29030442,1.12649322
rs0_0.015,pmstokes_H4.000,4,FAIL,0.243695423,0.28134349,1.88314593,0.158183724,0.669275999,3.95459318,0.0485020466,0.000206302968,3.29041028,1.12568247
rs0_0.015,pmstokes_H4.000,5,FAIL,0.423942655,0.339185089,2.90170693,0.14525044,0.675142467,3.63126087,0.0905963331,0.000245573203,3.29185557,1.12286091
rs0_0.015,pmstokes_H8.500,1,FAIL,0.246421024,0.463730276,3.36436105,0.351723194,1.27578402,4.1379199,0.0772752464,0.000236507098,4.10336018,1.49639642
rs0_0.015,pmstokes_H8.500,2,FAIL,0.439796895,0.269409627,2.924721,0.323775738,1.16291881,3.80912638,0.074310936,0.000239353307,4.10316706,1.49501801
rs0_0.015,pmstokes_H8.500,3,FAIL,0.198877648,0.298122972,2.53912091,0.321803778,1.22869742,3.78592682,0.0364140905,0.0003485083,4.10334301,1.49589336
rs0_0.015,pmstokes_H8.500,4,FAIL,0.580113173,0.381637871,1.79230201,0.341864973,1.21526003,4.02194071,0.10669896,0.000237782922,4.10386848,1.48797488
rs0_0.015,pmstokes_H8.500,5,FAIL,0.3012954,0.451682001,5.87707758,0.320966721,1.22928512,3.77607894,0.0836508572,0.000186097503,4.10165882,1.49425924
rs0_0.15,jonswap_H0.270,1,FAIL,0.267096162,0.49001509,3.48213768,0.011920847,0.0586024784,4.41512823,0.0854629651,0.000241947113,1.2979629,0.350299329
rs0_0.15,jonswap_H0.270,2,FAIL,0.331789941,0.205154836,4.04916048,0.01364954,0.0562880635,5.05538511,0.0595967695,0.000238728491,1.28338206,0.351867527
rs0_0.15,jonswap_H0.270,3,FAIL,0.185608208,0.221429169,5.07823515,0.0119792307,0.0557360239,4.43675184,0.0374171361,0.000223022013,1.25628102,0.361486852
rs0_0.15,jonswap_H0.270,4,FAIL,0.312344164,0.26909247,2.42460012,0.0125132632,0.0556513406,4.63454199,0.0627020225,0.000219368492,1.26532924,0.350926667
rs0_0.15,jonswap_H0.270,5,FAIL,0.337719977,0.397811294,5.82882977,0.0117983939,0.056541387,4.3697753,0.0855105594,0.000204216805,1.25790656,0.351814181
rs0_0.15,jonswap_H1.500,1,FAIL,0.245124757,0.480250865,3.27713847,0.0593226962,0.26750496,3.95484614,0.0790788159,0.000246834243,2.18100834,0.725073874
rs0_0.15,jonswap_H1.500,2,FAIL,0.417959183,0.228667885,2.81976461,0.0665328279,0.25831908,4.4355216,0.0733055845,0.000247198361,2.18478942,0.726248801
rs0_0.15,jonswap_H1.500,3,FAIL,0.228550613,0.26769653,3.39475465,0.0582044497,0.255412489,3.88029647,0.0454841852,0.000235562431,2.17850184,0.729600251
rs0_0.15,jonswap_H1.500,4,FAIL,0.384012341,0.310194194,1.55486906,0.0608607121,0.252855271,4.05738068,0.0753369778,0.000191236424,2.18348646,0.705704868
rs0_0.15,jonswap_H1.500,5,FAIL,0.286584228,0.433537155,6.30119801,0.0564048104,0.256311029,3.76032066,0.0841449276,0.000200141483,2.1777575,0.720317721
rs0_0.15,jonswap_H4.000,1,FAIL,0.373164207,0.467061222,2.25475907,0.15672943,0.725307107,3.91823578,0.0858867019,0.000245409727,3.58995557,1.12531114
rs0_0.15,jonswap_H4.000,2,FAIL,0.26111728,0.262932867,3.42381287,0.16977793,0.716174066,4.24444818,0.0509579442,0.000235764397,3.59055161,1.12450373
rs0_0.15,jonswap_H4.000,3,FAIL,0.182543233,0.328106225,4.50761175,0.153607368,0.691279113,3.84018421,0.0476201475,0.000234833657,3.58910298,1.12369895
rs0_0.15,jonswap_H4.000,4,FAIL,0.274561226,0.35568285,1.86630476,0.165248051,0.712703526,4.13120127,0.0641685575,0.000168896615,3.59000444,1.12445807
rs0_0.15,jonswap_H4.000,5,FAIL,0.362673432,0.434049666,3.18737721,0.152159169,0.721877515,3.80397916,0.095161289,0.000312168238,3.58899474,1.12265122
rs0_0.15,jonswap_H8.500,1,FAIL,0.326730549,0.506400883,3.08592987,0.346534401,1.34251785,4.07687521,0.0881482065,0.000235085259,4.22194338,1.42213702
rs0_0.15,jonswap_H8.500,2,FAIL,0.330669075,0.235265344,2.70370603,0.340837181,1.23359632,4.00984907,0.054600928,0.000243730741,4.22111464,1.41873169
rs0_0.15,jonswap_H8.500,3,FAIL,0.190200582,0.310211122,2.7797401,0.33584103,1.28424037,3.95107079,0.039623674,0.000255724299,4.22255135,1.41927826
rs0_0.15,jonswap_H8.500,4,FAIL,0.330339551,0.294481546,1.50753903,0.346666038,1.3059839,4.07842398,0.0619909801,0.000164465848,4.22084951,1.41782928
rs0_0.15,jonswap_H8.500,5,FAIL,0.324174374,0.403106183,5.64872217,0.319684446,1.31531572,3.76099348,0.0844964832,0.000225815631,4.22343445,1.41919327
rs0_0.15,pmstokes_H0.270,1,FAIL,0.260898143,0.498573661,3.21725941,0.0119393542,0.0574824922,4.42198277,0.0862087756,0.000239645029,1.18999803,0.396765739
rs0_0.15,pmstokes_H0.270,2,FAIL,0.343915313,0.198658451,4.00192547,0.0130150812,0.0548539683,4.82040024,0.0608698167,0.000237749933,1.17476964,0.395676285
rs0_0.15,pmstokes_H0.270,3,FAIL,0.191119269,0.221362263,4.79561615,0.0117290318,0.054155767,4.34408569,0.0380131416,0.000226599863,1.14895809,0.385182202
rs0_0.15,pmstokes_H0.270,4,FAIL,0.323655307,0.253547132,2.34306884,0.0123703936,0.0542735569,4.58162737,0.0627957657,0.000226642325,1.1575098,0.397553384
rs0_0.15,pmstokes_H0.270,5,FAIL,0.324156225,0.376744986,5.1331768,0.011788236,0.0549771003,4.36601305,0.0817432031,0.000212467174,1.14930069,0.397042245
rs0_0.15,pmstokes_H1.500,1,FAIL,0.2595855,0.517430425,3.23270917,0.058530461,0.257876813,3.90203071,0.0857570693,0.000244127063,2.04409766,0.791541398
rs0_0.15,pmstokes_H1.500,2,FAIL,0.383191168,0.199960172,2.84680057,0.0608511083,0.241631612,4.05674028,0.0648283586,0.000251630787,2.04525042,0.790915489
rs0_0.15,pmstokes_H1.500,3,FAIL,0.209167123,0.23399888,3.19558024,0.0559257194,0.242628902,3.72838116,0.0383806489,0.000233894927,2.04276919,0.790095568
rs0_0.15,pmstokes_H1.500,4,FAIL,0.349012047,0.275588334,1.69426215,0.058428742,0.240552276,3.89524937,0.066134803,0.000204383308,2.04334545,0.791755617
rs0_0.15,pmstokes_H1.500,5,FAIL,0.32163614,0.392677873,6.02108002,0.054419715,0.243908256,3.62798095,0.0827367157,0.000199327158,2.04234433,0.789882421
rs0_0.15,pmstokes_H4.000,1,FAIL,0.369928539,0.553523362,2.31076264,0.159204885,0.702916503,3.98012209,0.0979590565,0.000246866315,3.28950691,1.12080824
rs0_0.15,pmstokes_H4.000,2,FAIL,0.278421551,0.205805391,3.56664586,0.162844807,0.666250288,4.07112026,0.0450991355,0.000239347733,3.29101133,1.12507129
rs0_0.15,pmstokes_H4.000,3,FAIL,0.185825497,0.240331069,4.390275,0.151975796,0.644964397,3.79939485,0.033233203,0.000246404583,3.29030442,1.12649322
rs0_0.15,pmstokes_H4.000,4,FAIL,0.243695423,0.28134349,1.88314593,0.158183724,0.669275999,3.95459318,0.0485020466,0.000206302968,3.29041028,1.12568247
rs0_0.15,pmstokes_H4.000,5,FAIL,0.423942655,0.339185089,2.90170693,0.14525044,0.675142467,3.63126087,0.0905963331,0.000245573203,3.29185557,1.12286091
rs0_0.15,pmstokes_H8.500,1,FAIL,0.246421024,0.463730276,3.36436105,0.351723194,1.27578402,4.1379199,0.0772752464,0.000236507098,4.10336018,1.49639642
rs0_0.15,pmstokes_H8.500,2,FAIL,0.439796895,0.269409627,2.924721,0.323775738,1.16291881,3.80912638,0.074310936,0.000239353307,4.10316706,1.49501801
rs0_0.15,pmstokes_H8.500,3,FAIL,0.198877648,0.298122972,2.53912091,0.321803778,1.22869742,3.78592682,0.0364140905,0.0003485083,4.10334301,1.49589336
rs0_0.15,pmstokes_H8.500,4,FAIL,0.580113173,0.381637871,1.79230201,0.341864973,1.21526003,4.02194071,0.10669896,0.000237782922,4.10386848,1.48797488
rs0_0.15,pmstokes_H8.500,5,FAIL,0.3012954,0.451682001,5.87707758,0.320966721,1.22928512,3.77607894,0.0836508572,0.000186097503,4.10165882,1.49425924
rs0_15,jonswap_H0.270,1,FAIL,0.267096162,0.49001509,3.48213768,0.011920847,0.0586024784,4.41512823,0.0854629651,0.000241947113,1.2979629,0.350299329
rs0_15,jonswap_H0.270,2,FAIL,0.331789941,0.205154836,4.04916048,0.01364954,0.0562880635,5.05538511,0.0595967695,0.000238728491,1.28338206,0.351867527
rs0_15,jonswap_H0.270,3,FAIL,0.185608208,0.221429169,5.07823515,0.0119792307,0.0557360239,4.43675184,0.0374171361,0.000223022013,1.25628102,0.361486852
rs0_15,jonswap_H0.270,4,FAIL,0.312344164,0.26909247,2.42460012,0.0125132632,0.0556513406,4.63454199,0.0627020225,0.000219368492,1.26532924,0.350926667
rs0_15,jonswap_H0.270,5,FAIL,0.337719977,0.397811294,5.82882977,0.0117983939,0.056541387,4.3697753,0.0855105594,0.000204216805,1.25790656,0.351814181
rs0_15,jonswap_H1.500,1,FAIL,0.245124757,0.480250865,3.27713847,0.0593226962,0.26750496,3.95484614,0.0790788159,0.000246834243,2.18100834,0.725073874
rs0_15,jonswap_H1.500,2,FAIL,0.417959183,0.228667885,2.81976461,0.0665328279,0.25831908,4.4355216,0.0733055845,0.000247198361,2.18478942,0.726248801
rs0_15,jonswap_H1.500,3,FAIL,0.228550613,0.26769653,3.39475465,0.0582044497,0.255412489,3.88029647,0.0454841852,0.000235562431,2.17850184,0.729600251
rs0_15,jonswap_H1.500,4,FAIL,0.384012341,0.310194194,1.55486906,0.0608607121,0.252855271,4.05738068,0.0753369778,0.000191236424,2.18348646,0.705704868
rs0_15,jonswap_H1.500,5,FAIL,0.286584228,0.433537155,6.30119801,0.0564048104,0.256311029,3.76032066,0.0841449276,0.000200141483,2.1777575,0.720317721
rs0_15,jonswap_H4.000,1,FAIL,0.373164207,0.467061222,2.25475907,0.15672943,0.725307107,3.91823578,0.0858867019,0.000245409727,3.58995557,1.12531114
rs0_15,jonswap_H4.000,2,FAIL,0.26111728,0.262932867,3.42381287,0.16977793,0.716174066,4.24444818,0.0509579442,0.000235764397,3.59055161,1.12450373
rs0_15,jonswap_H4.000,3,FAIL,0.182543233,0.328106225,4.50761175,0.153607368,0.691279113,3.84018421,0.0476201475,0.000234833657,3.58910298,1.12369895
rs0_15,jonswap_H4.000,4,FAIL,0.274561226,0.35568285,1.86630476,0.165248051,0.712703526,4.13120127,0.0641685575,0.000168896615,3.59000444,1.12445807
rs0_15,jonswap_H4.000,5,FAIL,0.362673432,0.434049666,3.18737721,0.152159169,0.721877515,3.80397916,0.095161289,0.000312168238,3.58899474,1.12265122
rs0_15,jonswap_H8.500,1,FAIL,0.326730549,0.506400883,3.08592987,0.346534401,1.34251785,4.07687521,0.0881482065,0.000235085259,4.22194338,1.42213702
rs0_15,jonswap_H8.500,2,FAIL,0.330669075,0.235265344,2.70370603,0.340837181,1.23359632,4.00984907,0.054600928,0.000243730741,4.22111464,1.41873169
rs0_15,jonswap_H8.500,3,FAIL,0.190200582,0.310211122,2.7797401,0.33584103,1.28424037,3.95107079,0.039623674,0.000255724299,4.22255135,1.41927826
rs0_15,jonswap_H8.500,4,FAIL,0.330339551,0.294481546,1.50753903,0.346666038,1.3059839,4.07842398,0.0619909801,0.000164465848,4.22084951,1.41782928
rs0_15,jonswap_H8.500,5,FAIL,0.324174374,0.403106183,5.64872217,0.319684446,1.31531572,3.76099348,0.0844964832,0.000225815631,4.22343445,1.41919327
rs0_15,pmstokes_H0.270,1,FAIL,0.260898143,0.498573661,3.21725941,0.0119393542,0.0574824922,4.42198277,0.0862087756,0.000239645029,1.18999803,0.396765739
rs0_15,pmstokes_H0.270,2,FAIL,0.343915313,0.198658451,4.00192547,0.0130150812,0.0548539683,4.82040024,0.0608698167,0.000237749933,1.17476964,0.395676285
rs0_15,pmstokes_H0.270,3,FAIL,0.191119269,0.221362263,4.79561615,0.0117290318,0.054155767,4.34408569,0.0380131416,0.000226599863,1.14895809,0.385182202
rs0_15,pmstokes_H0.270,4,FAIL,0.323655307,0.253547132,2.34306884,0.0123703936,0.0542735569,4.58162737,0.0627957657,0.000226642325,1.1575098,0.397553384
rs0_15,pmstokes_H0.270,5,FAIL,0.324156225,0.376744986,5.1331768,0.011788236,0.0549771003,4.36601305,0.0817432031,0.000212467174,1.14930069,0.397042245
rs0_15,pmstokes_H1.500,1,FAIL,0.2595855,0.517430425,3.23270917,0.058530461,0.257876813,3.90203071,0.0857570693,0.000244127063,2.04409766,0.791541398
rs0_15,pmstokes_H1.500,2,FAIL,0.383191168,0.199960172,2.84680057,0.0608511083,0.241631612,4.05674028,0.0648283586,0.000251630787,2.04525042,0.790915489
rs0_15,pmstokes_H1.500,3,FAIL,0.209167123,0.23399888,3.19558024,0.0559257194,0.242628902,3.72838116,0.0383806489,0.000233894927,2.04276919,0.790095568
rs0_15,pmstokes_H1.500,4,FAIL,0.349012047,0.275588334,1.69426215,0.058428742,0.240552276,3.89524937,0.066134803,0.000204383308,2.04334545,0.791755617
rs0_15,pmstokes_H1.500,5,FAIL,0.32163614,0.392677873,6.02108002,0.054419715,0.243908256,3.62798095,0.0827367157,0.000199327158,2.04234433,0.789882421
rs0_15,pmstokes_H4.000,1,FAIL,0.369928539,0.553523362,2.31076264,0.159204885,0.702916503,3.98012209,0.0979590565,0.000246866315,3.28950691,1.12080824
rs0_15,pmstokes_H4.000,2,FAIL,0.278421551,0.205805391,3.56664586,0.162844807,0.666250288,4.07112026,0.0450991355,0.000239347733,3.29101133,1.12507129
rs0_15,pmstokes_H4.000,3,FAIL,0.185825497,0.240331069,4.390275,0.151975796,0.644964397,3.79939485,0.033233203,0.000246404583,3.29030442,1.12649322
rs0_15,pmstokes_H4.000,4,FAIL,0.243695423,0.28134349,1.88314593,0.158183724,0.669275999,3.95459318,0.0485020466,0.000206302968,3.29041028,1.12568247
rs0_15,pmstokes_H4.000,5,FAIL,0.423942655,0.339185089,2.90170693,0.14525044,0.675142467,3.63126087,0.0905963331,0.000245573203,3.29185557,1.12286091
rs0_15,pmstokes_H8.500,1,FAIL,0.246421024,0.463730276,3.36436105,0.351723194,1.27578402,4.1379199,0.0772752464,0.000236507098,4.10336018,1.49639642
rs0_15,pmstokes_H8.500,2,FAIL,0.439796895,0.269409627,2.924721,0.323775738,1.16291881,3.80912638,0.074310936,0.000239353307,4.10316706,1.49501801
rs0_15,pmstokes_H8.500,3,FAIL,0.198877648,0.298122972,2.53912091,0.321803778,1.22869742,3.78592682,0.0364140905,0.0003485083,4.10334301,1.49589336
rs0_15,pmstokes_H8.500,4,FAIL,0.580113173,0.381637871,1.79230201,0.341864973,1.21526003,4.02194071,0.10669896,0.000237782922,4.10386848,1.48797488
rs0_15,pmstokes_H8.500,5,FAIL,0.3012954,0.451682001,5.87707758,0.320966721,1.22928512,3.77607894,0.0836508572,0.000186097503,4.10165882,1.49425924
rs0_150,jonswap_H0.270,1,FAIL,0.267096162,0.49001509,3.48213768,0.011920847,0.0586024784,4.41512823,0.0854629651,0.000241947113,1.2979629,0.350299329
rs0_150,jonswap_H0.270,2,FAIL,0.331789941,0.205154836,4.04916048,0.01364954,0.0562880635,5.05538511,0.0595967695,0.000238728491,1.28338206,0.351867527
rs0_150,jonswap_H0.270,3,FAIL,0.185608208,0.221429169,5.07823515,0.0119792307,0.0557360239,4.43675184,0.0374171361,0.000223022013,1.25628102,0.361486852
rs0_150,jonswap_H0.270,4,FAIL,0.312344164,0.26909247,2.42460012,0.0125132632,0.0556513406,4.63454199,0.0627020225,0.000219368492,1.26532924,0.350926667
rs0_150,jonswap_H0.270,5,FAIL,0.337719977,0.397811294,5.82882977,0.0117983939,0.056541387,4.3697753,0.0855105594,0.000204216805,1.25790656,0.351814181
rs0_150,jonswap_H1.500,1,FAIL,0.245124757,0.480250865,3.27713847,0.0593226962,0.26750496,3.95484614,0.0790788159,0.000246834243,2.18100834,0.725073874
rs0_150,jonswap_H1.500,2,FAIL,0.417959183,0.228667885,2.81976461,0.0665328279,0.25831908,4.4355216,0.0733055845,0.000247198361,2.18478942,0.726248801
rs0_150,jonswap_H1.500,3,FAIL,0.228550613,0.26769653,3.39475465,0.0582044497,0.255412489,3.88029647,0.0454841852,0.000235562431,2.17850184,0.729600251
rs0_150,jonswap_H1.500,4,FAIL,0.384012341,0.310194194,1.55486906,0.0608607121,0.252855271,4.05738068,0.0753369778,0.000191236424,2.18348646,0.705704868
rs0_150,jonswap_H1.500,5,FAIL,0.286584228,0.433537155,6.30119801,0.0564048104,0.256311029,3.76032066,0.0841449276,0.000200141483,2.1777575,0.720317721
rs0_150,jonswap_H4.000,1,FAIL,0.373164207,0.467061222,2.25475907,0.15672943,0.725307107,3.91823578,0.0858867019,0.000245409727,3.58995557,1.12531114
rs0_150,jonswap_H4.000,2,FAIL,0.26111728,0.262932867,3.42381287,0.16977793,0.716174066,4.24444818,0.0509579442,0.000235764397,3.59055161,1.12450373
rs0_150,jonswap_H4.000,3,FAIL,0.182543233,0.328106225,4.50761175,0.153607368,0.691279113,3.84018421,0.0476201475,0.000234833657,3.58910298,1.12369895
rs0_150,jonswap_H4.000,4,FAIL,0.274561226,0.35568285,1.86630476,0.165248051,0.712703526,4.13120127,0.0641685575,0.000168896615,3.59000444,1.12445807
rs0_150,jonswap_H4.000,5,FAIL,0.362673432,0.434049666,3.18737721,0.152159169,0.721877515,3.80397916,0.095161289,0.000312168238,3.58899474,1.12265122
rs0_150,jonswap_H8.500,1,FAIL,0.326730549,0.506400883,3.08592987,0.346534401,1.34251785,4.07687521,0.0881482065,0.000235085259,4.22194338,1.42213702
rs0_150,jonswap_H8.500,2,FAIL,0.330669075,0.235265344,2.70370603,0.340837181,1.23359632,4.00984907,0.054600928,0.000243730741,4.22111464,1.41873169
rs0_150,jonswap_H8.500,3,FAIL,0.190200582,0.310211122,2.7797401,0.33584103,1.28424037,3.95107079,0.039623674,0.000255724299,4.22255135,1.41927826
rs0_150,jonswap_H8.500,4,FAIL,0.330339551,0.294481546,1.50753903,0.346666038,1.3059839,4.07842398,0.0619909801,0.000164465848,4.22084951,1.41782928
rs0_150,jonswap_H8.500,5,FAIL,0.324174374,0.403106183,5.64872217,0.319684446,1.31531572,3.76099348,0.0844964832,0.000225815631,4.22343445,1.41919327
rs0_150,pmstokes_H0.270,1,FAIL,0.260898143,0.498573661,3.21725941,0.0119393542,0.0574824922,4.42198277,0.0862087756,0.000239645029,1.18999803,0.396765739
rs0_150,pmstokes_H0.270,2,FAIL,0.343915313,0.198658451,4.00192547,0.0130150812,0.0548539683,4.82040024,0.0608698167,0.000237749933,1.17476964,0.395676285
rs0_150,pmstokes_H0.270,3,FAIL,0.191119269,0.221362263,4.79561615,0.0117290318,0.054155767,4.34408569,0.0380131416,0.000226599863,1.14895809,0.385182202
rs0_150,pmstokes_H0.270,4,FAIL,0.323655307,0.253547132,2.34306884,0.0123703936,0.0542735569,4.58162737,0.0627957657,0.000226642325,1.1575098,0.397553384
rs0_150,pmstokes_H0.270,5,FAIL,0.324156225,0.376744986,5.1331768,0.011788236,0.0549771003,4.36601305,0.0817432031,0.000212467174,1.14930069,0.397042245
rs0_150,pmstokes_H1.500,1,FAIL,0.2595855,0.517430425,3.23270917,0.058530461,0.257876813,3.90203071,0.0857570693,0.000244127063,2.04409766,0.791541398
rs0_150,pmstokes_H1.500,2,FAIL,0.383191168,0.199960172,2.84680057,0.0608511083,0.241631612,4.05674028,0.0648283586,0.000251630787,2.04525042,0.790915489
rs0_150,pmstokes_H1.500,3,FAIL,0.209167123,0.23399888,3.19558024,0.0559257194,0.242628902,3.72838116,0.0383806489,0.000233894927,2.04276919,0.790095568
rs0_150,pmstokes_H1.500,4,FAIL,0.349012047,0.275588334,1.69426215,0.058428742,0.240552276,3.89524937,0.066134803,0.000204383308,2.04334545,0.791755617
rs0_150,pmstokes_H1.500,5,FAIL,0.32163614,0.392677873,6.02108002,0.054419715,0.243908256,3.62798095,0.0827367157,0.000199327158,2.04234433,0.789882421
rs0_150,pmstokes_H4.000,1,FAIL,0.369928539,0.553523362,2.31076264,0.159204885,0.702916503,3.98012209,0.0979590565,0.000246866315,3.28950691,1.12080824
rs0_150,pmstokes_H4.000,2,FAIL,0.278421551,0.205805391,3.56664586,0.162844807,0.666250288,4.07112026,0.0450991355,0.000239347733,3.29101133,1.12507129
rs0_150,pmstokes_H4.000,3,FAIL,0.185825497,0.240331069,4.390275,0.151975796,0.644964397,3.79939485,0.033233203,0.000246404583,3.29030442,1.12649322
rs0_150,pmstokes_H4.000,4,FAIL,0.243695423,0.28134349,1.88314593,0.158183724,0.669275999,3.95459318,0.0485020466,0.000206302968,3.29041028,1.12568247
rs0_150,pmstokes_H4.000,5,FAIL,0.423942655,0.339185089,2.90170693,0.14525044,0.675142467,3.63126087,0.0905963331,0.000245573203,3.29185557,1.12286091
rs0_150,pmstokes_H8.500,1,FAIL,0.246421024,0.463730276,3.36436105,0.351723194,1.27578402,4.1379199,0.0772752464,0.000236507098,4.10336018,1.49639642
rs0_150,pmstokes_H8.500,2,FAIL,0.439796895,0.269409627,2.924721,0.323775738,1.16291881,3.80912638,0.074310936,0.000239353307,4.10316706,1.49501801
rs0_150,pmstokes_H8.500,3,FAIL,0.198877648,0.298122972,2.53912091,0.321803778,1.22869742,3.78592682,0.0364140905,0.0003485083,4.10334301,1.49589336
rs0_150,pmstokes_H8.500,4,FAIL,0.580113173,0.381637871,1.79230201,0.341864973,1.21526003,4.02194071,0.10669896,0.000237782922,4.10386848,1.48797488
rs0_150,pmstokes_H8.500,5,FAIL,0.3012954,0.451682001,5.87707758,0.320966721,1.22928512,3.77607894,0.0836508572,0.000186097503,4.10165882,1.49425924
