arm,record,seed,gate,roll_rms_deg,pitch_rms_deg,yaw_rms_deg,disp_z_rms_m,disp_3d_rms_m,disp_z_pct_hs,accel_bias_3d_rms_mps2,gyro_bias_3d_rms_radps,tau_applied_s,sigma_applied_mps2
deployed,jonswap_H0.270,1,FAIL,0.264101803,0.462403804,3.55144858,0.0181717668,0.0504885241,6.73028374,0.081718713,0.000239469067,1.2976892,0.330172807
deployed,jonswap_H0.270,2,FAIL,0.32162106,0.229714453,4.10119772,0.0192875937,0.050189808,7.14355326,0.0604083799,0.000237801825,1.28320587,0.331642151
deployed,jonswap_H0.270,3,FAIL,0.177239105,0.244646356,5.02216959,0.0177775472,0.0496146753,6.58427668,0.0407555513,0.000225596596,1.25606072,0.340860814
deployed,jonswap_H0.270,4,FAIL,0.303479582,0.291304082,2.47822404,0.0183400903,0.0496710129,6.7926259,0.0646195784,0.000226499076,1.26511419,0.330715954
deployed,jonswap_H0.270,5,FAIL,0.344286501,0.414447397,5.87408543,0.0167157222,0.0492526926,6.19100809,0.0884659216,0.000198022593,1.25769985,0.331572473
deployed,jonswap_H1.500,1,FAIL,0.259753942,0.394314766,3.50062108,0.0959923118,0.260593414,6.39948702,0.0667325407,0.000243154485,2.18139935,0.684075892
deployed,jonswap_H1.500,2,FAIL,0.392717093,0.304176629,2.99896455,0.0965752155,0.2535263,6.43834734,0.0777161643,0.000246169948,2.18514132,0.685219526
deployed,jonswap_H1.500,3,FAIL,0.211742073,0.362052321,3.1699779,0.0901572704,0.246492371,6.0104847,0.059071172,0.000235106505,2.17887568,0.688429117
deployed,jonswap_H1.500,4,FAIL,0.358674824,0.39774248,1.77389181,0.0924204811,0.249257833,6.16136503,0.0832681507,0.000200531344,2.18383503,0.665489316
deployed,jonswap_H1.500,5,FAIL,0.305141568,0.522373199,6.53622723,0.0875536725,0.251017958,5.8369112,0.098877877,0.000198362162,2.17812371,0.679515004
deployed,jonswap_H4.000,1,FAIL,0.439948708,0.287746757,2.88306522,0.250457227,0.730351627,6.26143074,0.0732845441,0.000227628669,3.5906105,1.06248486
deployed,jonswap_H4.000,2,FAIL,0.206619486,0.509870112,3.95616722,0.247860804,0.721092105,6.19652033,0.0831706002,0.00022842933,3.59119201,1.0617187
deployed,jonswap_H4.000,3,FAIL,0.185393438,0.5832358,3.94849801,0.235937372,0.711919188,5.89843416,0.0887008607,0.000249342964,3.58975983,1.06095934
deployed,jonswap_H4.000,4,FAIL,0.211307541,0.620715916,2.48727584,0.253240734,0.722325802,6.33101845,0.0986432359,0.000198960959,3.59064627,1.06167448
deployed,jonswap_H4.000,5,FAIL,0.422525436,0.712752223,3.88534522,0.230122253,0.712053597,5.75305653,0.136698693,0.000284857175,3.58965158,1.05997014
deployed,jonswap_H8.500,1,FAIL,0.407648474,0.262924939,3.83816242,0.538035572,1.43588269,6.32983017,0.0670117512,0.000232360879,4.22208929,1.34271467
deployed,jonswap_H8.500,2,FAIL,0.255847096,0.514297068,3.39617348,0.488980442,1.34425986,5.75271082,0.0865503103,0.000249198405,4.22125196,1.33949733
deployed,jonswap_H8.500,3,FAIL,0.171927437,0.662891865,2.00071359,0.506962597,1.35173082,5.96426582,0.0958883241,0.000244814175,4.22270012,1.34001398
deployed,jonswap_H8.500,4,FAIL,0.25077343,0.632654786,2.33508348,0.519884169,1.3959837,6.11628437,0.100878052,0.000167716178,4.22099257,1.33864534
deployed,jonswap_H8.500,5,FAIL,0.397814184,0.731748283,6.48499966,0.497935027,1.4060154,5.85805893,0.133759156,0.000243388029,4.22358608,1.33993495
deployed,pmstokes_H0.270,1,FAIL,0.251111299,0.497129619,3.22120309,0.0178972986,0.0494137332,6.62862873,0.0859915167,0.000240114648,1.19016337,0.374455363
deployed,pmstokes_H0.270,2,FAIL,0.341191977,0.201442853,4.0023675,0.01865362,0.0487308502,6.90874815,0.060870599,0.000238054825,1.17496097,0.373425692
deployed,pmstokes_H0.270,3,FAIL,0.185589686,0.219952419,4.80703783,0.0172986351,0.0482143648,6.40690184,0.0379330479,0.000226339689,1.14918911,0.363360405
deployed,pmstokes_H0.270,4,FAIL,0.322854161,0.251271337,2.33447647,0.0181250926,0.0484972708,6.71299696,0.0627295226,0.000224823889,1.157704,0.375236511
deployed,pmstokes_H0.270,5,FAIL,0.32544744,0.368680567,5.1163516,0.0166801307,0.0480117947,6.17782593,0.0809455365,0.00021131587,1.14953399,0.374746531
deployed,pmstokes_H1.500,1,FAIL,0.255243063,0.522049606,3.23228168,0.0943567306,0.251870364,6.29044867,0.085895136,0.000242121445,2.04426289,0.747584164
deployed,pmstokes_H1.500,2,FAIL,0.380369782,0.198762909,2.83626342,0.0903796926,0.239901602,6.02531242,0.0647404492,0.000250383251,2.04543304,0.746993423
deployed,pmstokes_H1.500,3,FAIL,0.206446648,0.231898323,3.22067618,0.0872827917,0.235362366,5.81885242,0.0381719507,0.000236616674,2.04294515,0.746214867
deployed,pmstokes_H1.500,4,FAIL,0.348711133,0.263559222,1.66225672,0.0906194299,0.238513499,6.04129505,0.0654433817,0.000209915554,2.04352808,0.74779582
deployed,pmstokes_H1.500,5,FAIL,0.323364615,0.389821708,6.01084328,0.0848467201,0.240948841,5.65644789,0.0823837966,0.000196687557,2.04251885,0.746023476
deployed,pmstokes_H4.000,1,FAIL,0.361821532,0.574690282,2.29180932,0.253671199,0.70880115,6.34178019,0.0992631018,0.000242064692,3.28942418,1.05846632
deployed,pmstokes_H4.000,2,FAIL,0.277700901,0.213417619,3.54722714,0.236908406,0.668329358,5.92270994,0.0450989902,0.000238936249,3.2908864,1.06255674
deployed,pmstokes_H4.000,3,FAIL,0.18558453,0.249894485,4.43962908,0.235587493,0.66114819,5.88968754,0.0328900144,0.000245871663,3.29019737,1.06391275
deployed,pmstokes_H4.000,4,FAIL,0.246397853,0.28227821,1.84798956,0.24891676,0.677046001,6.22291899,0.0474938303,0.000220473186,3.2902925,1.06313705
deployed,pmstokes_H4.000,5,FAIL,0.42149961,0.346146226,2.88451457,0.223048419,0.668157518,5.5762105,0.089900814,0.000235242987,3.29173493,1.06039894
deployed,pmstokes_H8.500,1,FAIL,0.240606785,0.48934108,3.32520199,0.544803441,1.38054466,6.40945196,0.0788033158,0.000235485859,4.10274935,1.41329074
deployed,pmstokes_H8.500,2,FAIL,0.43765077,0.245442554,2.90536618,0.480353445,1.26343715,5.65121698,0.0741243511,0.0002393912,4.10255957,1.41199362
deployed,pmstokes_H8.500,3,FAIL,0.198228911,0.2861,2.6012969,0.501416683,1.26581633,5.89901972,0.0367317796,0.000354121643,4.10273933,1.41282773
deployed,pmstokes_H8.500,4,FAIL,0.584133863,0.356246173,1.73901439,0.506124258,1.28767073,5.95440292,0.105845772,0.00023934526,4.10327768,1.40522873
deployed,pmstokes_H8.500,5,FAIL,0.301586062,0.443194598,5.8366189,0.494735271,1.33048022,5.82041502,0.08285065,0.000186751829,4.10105085,1.41125798
sga_0.36,jonswap_H0.270,1,FAIL,0.261592329,0.471630603,3.52804375,0.0176490117,0.0502774641,6.53667068,0.0830477178,0.000239960587,1.2976892,0.330172807
sga_0.36,jonswap_H0.270,2,FAIL,0.322018445,0.227312744,4.09547377,0.0196693242,0.0502921082,7.28493452,0.0602374487,0.000237883854,1.28320587,0.331642151
sga_0.36,jonswap_H0.270,3,FAIL,0.177372679,0.235230446,5.04761076,0.0174226891,0.0494582281,6.45284748,0.039187856,0.000227982717,1.25606072,0.340860814
sga_0.36,jonswap_H0.270,4,FAIL,0.29902342,0.30785501,2.52028298,0.0180832446,0.0495138317,6.69749784,0.0661742985,0.000223258758,1.26511419,0.330715954
sga_0.36,jonswap_H0.270,5,FAIL,0.343833029,0.405387759,5.85308456,0.0163403451,0.0490693636,6.05197954,0.0872552693,0.000199231363,1.25769985,0.331572473
sga_0.36,jonswap_H1.500,1,FAIL,0.259185791,0.394532353,3.50003386,0.0947217867,0.260110736,6.31478548,0.0668167099,0.000242193448,2.18139935,0.684075892
sga_0.36,jonswap_H1.500,2,FAIL,0.392321259,0.305921644,3.00203276,0.0971159711,0.253596902,6.47439766,0.0778317079,0.000247037475,2.18514132,0.685219526
sga_0.36,jonswap_H1.500,3,FAIL,0.212296709,0.355458885,3.1911993,0.0891341567,0.245961487,5.94227695,0.0582195818,0.000224677759,2.17887568,0.688429117
sga_0.36,jonswap_H1.500,4,FAIL,0.354657978,0.414316088,1.81429267,0.0917742997,0.248990536,6.11828661,0.0847537369,0.00022233749,2.18383503,0.665489316
sga_0.36,jonswap_H1.500,5,FAIL,0.306380838,0.525538802,6.5467453,0.0863439515,0.250419766,5.75626326,0.0993447006,0.000193676446,2.17812371,0.679515004
sga_0.36,jonswap_H4.000,1,FAIL,0.44188866,0.282733649,2.90096378,0.248215705,0.729396582,6.20539284,0.0731408969,0.000227699158,3.5906105,1.06248486
sga_0.36,jonswap_H4.000,2,FAIL,0.204849929,0.520985007,3.98001719,0.246593788,0.720309436,6.16484451,0.0847313777,0.000228196688,3.59119201,1.0617187
sga_0.36,jonswap_H4.000,3,FAIL,0.185948089,0.597798049,3.91537189,0.233392283,0.71092242,5.83480692,0.0909865201,0.000250897225,3.58975983,1.06095934
sga_0.36,jonswap_H4.000,4,FAIL,0.209047794,0.630952358,2.5106802,0.251585662,0.72145021,6.28964138,0.100080207,0.000198695416,3.59064627,1.06167448
sga_0.36,jonswap_H4.000,5,FAIL,0.423752069,0.716145575,3.89396214,0.228080317,0.710935056,5.70200777,0.137207121,0.000285820075,3.58965158,1.05997014
sga_0.36,jonswap_H8.500,1,FAIL,0.409841925,0.257481575,3.86223698,0.535078764,1.43535852,6.29504395,0.0668367594,0.000231777973,4.22208929,1.34271467
sga_0.36,jonswap_H8.500,2,FAIL,0.253636658,0.52713877,3.42261815,0.486039311,1.34387124,5.71810961,0.0880467221,0.000248415134,4.22125196,1.33949733
sga_0.36,jonswap_H8.500,3,FAIL,0.171737954,0.679086268,1.96787369,0.504685998,1.35278845,5.93748236,0.0982311442,0.000245351432,4.22270012,1.34001398
sga_0.36,jonswap_H8.500,4,FAIL,0.248336554,0.645644188,2.36435747,0.517878234,1.39646173,6.09268522,0.102462046,0.000168397222,4.22099257,1.33864534
sga_0.36,jonswap_H8.500,5,FAIL,0.399338722,0.738120377,6.5012145,0.494992435,1.40522337,5.82344007,0.134593979,0.000242502298,4.22358608,1.33993495
sga_0.36,pmstokes_H0.270,1,FAIL,0.248349503,0.508205056,3.19446468,0.01747014,0.0492442697,6.47042227,0.0876270682,0.000240371766,1.19016337,0.374455363
sga_0.36,pmstokes_H0.270,2,FAIL,0.341744095,0.199878156,3.99821472,0.0189798139,0.0488269478,7.02956057,0.060836751,0.000238085209,1.17496097,0.373425692
sga_0.36,pmstokes_H0.270,3,FAIL,0.185406536,0.220193148,4.80499125,0.0169472098,0.0480527245,6.27674437,0.0379581377,0.000227518001,1.14918911,0.363360405
sga_0.36,pmstokes_H0.270,4,FAIL,0.32439667,0.245882496,2.32094455,0.0179722104,0.0484059043,6.65637398,0.0623759255,0.000224814357,1.157704,0.375236511
sga_0.36,pmstokes_H0.270,5,FAIL,0.322241455,0.352254242,5.07196379,0.0164914485,0.0479122102,6.10794353,0.0784355998,0.000212167404,1.14953399,0.374746531
sga_0.36,pmstokes_H1.500,1,FAIL,0.254603237,0.524063408,3.22819972,0.0933754146,0.251518428,6.22502756,0.0862397477,0.000241577334,2.04426289,0.747584164
sga_0.36,pmstokes_H1.500,2,FAIL,0.38100943,0.19707267,2.83089852,0.0906753838,0.239925176,6.04502535,0.0646866038,0.000250927143,2.04543304,0.746993423
sga_0.36,pmstokes_H1.500,3,FAIL,0.207169771,0.223611653,3.24546957,0.0863164812,0.234929204,5.75443172,0.0370931886,0.000230589081,2.04294515,0.746214867
sga_0.36,pmstokes_H1.500,4,FAIL,0.346656263,0.271651059,1.68392277,0.090047732,0.238238826,6.00318193,0.065939039,0.000222593415,2.04352808,0.74779582
sga_0.36,pmstokes_H1.500,5,FAIL,0.323785484,0.389755636,6.01153374,0.0837457702,0.24047409,5.5830512,0.0823701918,0.000193991887,2.04251885,0.746023476
sga_0.36,pmstokes_H4.000,1,FAIL,0.361064911,0.577254176,2.28603816,0.252415895,0.70827657,6.31039715,0.0996214598,0.000242265131,3.28942418,1.05846632
sga_0.36,pmstokes_H4.000,2,FAIL,0.277994722,0.212572604,3.54439759,0.2352788,0.667358041,5.88196993,0.0450772233,0.000238963505,3.2908864,1.06255674
sga_0.36,pmstokes_H4.000,3,FAIL,0.185389251,0.247458488,4.44672155,0.233747765,0.660202026,5.84369421,0.0324433595,0.000245551404,3.29019737,1.06391275
sga_0.36,pmstokes_H4.000,4,FAIL,0.246248499,0.283327997,1.85103905,0.247544184,0.676187873,6.18860483,0.0476512462,0.000220471367,3.2902925,1.06313705
sga_0.36,pmstokes_H4.000,5,FAIL,0.420936465,0.342868656,2.87482977,0.220952705,0.667131662,5.52381754,0.089489907,0.000235381638,3.29173493,1.06039894
sga_0.36,pmstokes_H8.500,1,FAIL,0.240338102,0.490442634,3.32253218,0.542883396,1.37951648,6.38686323,0.0790114701,0.000235582207,4.10274935,1.41329074
sga_0.36,pmstokes_H8.500,2,FAIL,0.437839061,0.245027721,2.90434623,0.477487475,1.2614156,5.61749983,0.0741117075,0.000239418456,4.10255957,1.41199362
sga_0.36,pmstokes_H8.500,3,FAIL,0.198080257,0.286602914,2.59844351,0.49896124,1.26414776,5.87013197,0.0367893986,0.000354437274,4.10273933,1.41282773
sga_0.36,pmstokes_H8.500,4,FAIL,0.584059477,0.356699705,1.73994076,0.504741609,1.28640056,5.93813658,0.105864108,0.00023944136,4.10327768,1.40522873
sga_0.36,pmstokes_H8.500,5,FAIL,0.301312864,0.441411197,5.8317976,0.491936982,1.32877553,5.78749371,0.0825780928,0.000186705016,4.10105085,1.41125798
sga_0.5,jonswap_H0.270,1,FAIL,0.262152433,0.46946907,3.53341746,0.0177012589,0.0502989665,6.55602169,0.0827360898,0.000239831235,1.2976892,0.330172807
sga_0.5,jonswap_H0.270,2,FAIL,0.321931005,0.228046864,4.09728336,0.0195499435,0.0502550788,7.2407198,0.0603011027,0.000237865504,1.28320587,0.331642151
sga_0.5,jonswap_H0.270,3,FAIL,0.17738916,0.237948522,5.04010487,0.0174446143,0.0494705364,6.46096802,0.0396617204,0.000226885328,1.25606072,0.340860814
sga_0.5,jonswap_H0.270,4,FAIL,0.300846934,0.300846934,2.50265217,0.0180980247,0.0495359525,6.70297194,0.0655003712,0.000224668082,1.26511419,0.330715954
sga_0.5,jonswap_H0.270,5,FAIL,0.343672842,0.40724349,5.85711813,0.0163611956,0.0490904227,6.05970192,0.0874605179,0.000198714057,1.25769985,0.331572473
sga_0.5,jonswap_H1.500,1,FAIL,0.259365886,0.394262731,3.50066686,0.094890736,0.260170937,6.32604885,0.0667698309,0.000242451191,2.18139935,0.684075892
sga_0.5,jonswap_H1.500,2,FAIL,0.392321914,0.30591023,3.00225067,0.0970007479,0.253583491,6.46671629,0.0778342783,0.000246785115,2.18514132,0.685219526
sga_0.5,jonswap_H1.500,3,FAIL,0.212091386,0.357677311,3.1843667,0.0892611817,0.246044159,5.95074511,0.058510378,0.000227357334,2.17887568,0.688429117
sga_0.5,jonswap_H1.500,4,FAIL,0.355637699,0.410304427,1.80447292,0.0918580294,0.249021754,6.12386847,0.0843974203,0.000215983528,2.18383503,0.665489316
sga_0.5,jonswap_H1.500,5,FAIL,0.306099415,0.524990916,6.54462242,0.086507529,0.250520706,5.76716852,0.0992662981,0.000194953667,2.17812371,0.679515004
sga_0.5,jonswap_H4.000,1,FAIL,0.441714108,0.283462346,2.89907146,0.248520985,0.729556143,6.21302462,0.0731799081,0.000227634111,3.5906105,1.06248486
sga_0.5,jonswap_H4.000,2,FAIL,0.205098614,0.519425988,3.9766643,0.24675177,0.720460951,6.16879416,0.0845232233,0.000228232922,3.59119201,1.0617187
sga_0.5,jonswap_H4.000,3,FAIL,0.185849249,0.595145941,3.92142272,0.2337569,0.711095333,5.84392262,0.0905723795,0.000250654703,3.58975983,1.06095934
sga_0.5,jonswap_H4.000,4,FAIL,0.209337056,0.62964344,2.50769091,0.251798958,0.721611798,6.29497385,0.0999066308,0.000198732145,3.59064627,1.06167448
sga_0.5,jonswap_H4.000,5,FAIL,0.423704654,0.716356993,3.89439559,0.228335455,0.711145937,5.70838642,0.137245014,0.000285626709,3.58965158,1.05997014
sga_0.5,jonswap_H8.500,1,FAIL,0.409558475,0.258332223,3.85879469,0.535479188,1.43544281,6.2997551,0.0668755025,0.000231845057,4.22208929,1.34271467
sga_0.5,jonswap_H8.500,2,FAIL,0.253990591,0.525062263,3.41837144,0.486440152,1.34393632,5.72282505,0.0878125504,0.000248535915,4.22125196,1.33949733
sga_0.5,jonswap_H8.500,3,FAIL,0.171768442,0.676293731,1.97352767,0.505005598,1.35256863,5.94124222,0.0978318751,0.000245301344,4.22270012,1.34001398
sga_0.5,jonswap_H8.500,4,FAIL,0.2486718,0.643749714,2.36013746,0.518151939,1.39637637,6.09590483,0.102242261,0.000168287646,4.22099257,1.33864534
sga_0.5,jonswap_H8.500,5,FAIL,0.399190366,0.737486601,6.49951601,0.495387733,1.40537655,5.82809067,0.13452518,0.000242656359,4.22358608,1.33993495
sga_0.5,pmstokes_H0.270,1,FAIL,0.248847216,0.506034791,3.1995573,0.0175112709,0.0492608622,6.48565578,0.0873048753,0.000240339068,1.19016337,0.374455363
sga_0.5,pmstokes_H0.270,2,FAIL,0.341770053,0.199840799,3.99795318,0.0188802853,0.0487943776,6.99269819,0.0608335957,0.00023809963,1.17496097,0.373425692
sga_0.5,pmstokes_H0.270,3,FAIL,0.185622394,0.218638763,4.81010628,0.0169759132,0.0480717272,6.28737497,0.0377509706,0.000226835662,1.14918911,0.363360405
sga_0.5,pmstokes_H0.270,4,FAIL,0.324080497,0.246991456,2.32377839,0.0179650001,0.0484107882,6.65370369,0.0624486953,0.000225137919,1.157704,0.375236511
sga_0.5,pmstokes_H0.270,5,FAIL,0.323077053,0.356200248,5.08283472,0.0164827649,0.0479166619,6.10472775,0.0790397823,0.000211765422,1.14953399,0.374746531
sga_0.5,pmstokes_H1.500,1,FAIL,0.254703492,0.523748815,3.22879028,0.0935037658,0.251564384,6.23358393,0.0861829296,0.00024171923,2.04426289,0.747584164
sga_0.5,pmstokes_H1.500,2,FAIL,0.380868614,0.19745484,2.8320899,0.0905957669,0.239914209,6.03971767,0.0646981224,0.000250817277,2.04543304,0.746993423
sga_0.5,pmstokes_H1.500,3,FAIL,0.207036093,0.225301474,3.24036884,0.0864394605,0.234990865,5.76263046,0.0373143367,0.000231851824,2.04294515,0.746214867
sga_0.5,pmstokes_H1.500,4,FAIL,0.347142547,0.269743621,1.67883253,0.0901205242,0.23827903,6.00803471,0.0658193156,0.000219651003,2.04352808,0.74779582
sga_0.5,pmstokes_H1.500,5,FAIL,0.32364893,0.389561653,6.01076365,0.0838907659,0.240547895,5.59271765,0.0823399127,0.000194596389,2.04251885,0.746023476
sga_0.5,pmstokes_H4.000,1,FAIL,0.361202091,0.576783061,2.28708839,0.252578586,0.708362103,6.31446457,0.0995567217,0.000242226146,3.28942418,1.05846632
sga_0.5,pmstokes_H4.000,2,FAIL,0.27795586,0.212741435,3.54486442,0.2355012,0.667530477,5.88752985,0.0450830311,0.000238950699,3.2908864,1.06255674
sga_0.5,pmstokes_H4.000,3,FAIL,0.185435593,0.24777177,4.44599819,0.23400566,0.660364211,5.85014153,0.0325039327,0.000245608331,3.29019737,1.06391275
sga_0.5,pmstokes_H4.000,4,FAIL,0.246267244,0.28317678,1.85056829,0.247728795,0.676337659,6.19321966,0.0476265438,0.000220479065,3.2902925,1.06313705
sga_0.5,pmstokes_H4.000,5,FAIL,0.421046287,0.34346661,2.87658072,0.221245781,0.66731286,5.53114462,0.0895632878,0.000235351923,3.29173493,1.06039894
sga_0.5,pmstokes_H8.500,1,FAIL,0.240382805,0.490257412,3.32296729,0.543137372,1.37969458,6.38985109,0.0789770037,0.000235567175,4.10274935,1.41329074
sga_0.5,pmstokes_H8.500,2,FAIL,0.437818348,0.245098859,2.90447545,0.47788468,1.26177776,5.62217283,0.0741146877,0.000239410219,4.10255957,1.41199362
sga_0.5,pmstokes_H8.500,3,FAIL,0.198110685,0.286376715,2.59943748,0.499301851,1.26442492,5.87413931,0.0367579758,0.000354403193,4.10273933,1.41282773
sga_0.5,pmstokes_H8.500,4,FAIL,0.584072769,0.356627554,1.73978615,0.504904151,1.28662848,5.94004869,0.105861783,0.000239408604,4.10327768,1.40522873
sga_0.5,pmstokes_H8.500,5,FAIL,0.301365048,0.441752493,5.83266258,0.492315084,1.3290664,5.79194212,0.0826307386,0.000186715231,4.10105085,1.41125798
sga_0.71,jonswap_H0.270,1,FAIL,0.263016492,0.46625182,3.54156137,0.0178410541,0.050355494,6.60779762,0.0822745115,0.000239662477,1.2976892,0.330172807
sga_0.71,jonswap_H0.270,2,FAIL,0.321850091,0.228692234,4.0987854,0.0193912052,0.0502082184,7.18192768,0.0603490993,0.000237839238,1.28320587,0.331642151
sga_0.71,jonswap_H0.270,3,FAIL,0.177353173,0.241135627,5.03152943,0.0175307225,0.0495101623,6.49285984,0.0401953198,0.000226044867,1.25606072,0.340860814
sga_0.71,jonswap_H0.270,4,FAIL,0.302444696,0.294934392,2.48763132,0.0181533303,0.049576547,6.72345543,0.0649509355,0.000225790704,1.26511419,0.330715954
sga_0.71,jonswap_H0.270,5,FAIL,0.343845308,0.410412133,5.86431217,0.0164500438,0.0491388887,6.09260845,0.0878817067,0.000198281152,1.25769985,0.331572473
sga_0.71,jonswap_H1.500,1,FAIL,0.259607583,0.394005656,3.50132966,0.0952563137,0.260310382,6.35042048,0.066717796,0.000242829556,2.18139935,0.684075892
sga_0.71,jonswap_H1.500,2,FAIL,0.392414838,0.305471897,3.00154924,0.0968053266,0.253555834,6.45368814,0.0778064206,0.000246445212,2.18514132,0.685219526
sga_0.71,jonswap_H1.500,3,FAIL,0.211872488,0.360231549,3.17629433,0.0895530507,0.24620454,5.97020292,0.058841195,0.000231162019,2.17887568,0.688429117
sga_0.71,jonswap_H1.500,4,FAIL,0.357045531,0.404508561,1.79032338,0.0920339748,0.249093741,6.13559818,0.0838776454,0.000207930687,2.18383503,0.665489316
sga_0.71,jonswap_H1.500,5,FAIL,0.30567953,0.524008989,6.54116821,0.0868557841,0.250703096,5.79038525,0.0991243944,0.000196666981,2.17812371,0.679515004
sga_0.71,jonswap_H4.000,1,FAIL,0.441185981,0.284965038,2.89411712,0.249175474,0.729854941,6.22938681,0.0732326731,0.000227600933,3.5906105,1.06248486
sga_0.71,jonswap_H4.000,2,FAIL,0.205633163,0.516074955,3.96944094,0.24711284,0.72071588,6.17782116,0.0840588659,0.000228308447,3.59119201,1.0617187
sga_0.71,jonswap_H4.000,3,FAIL,0.185670465,0.590503514,3.93208194,0.234510392,0.711411953,5.86275959,0.0898453519,0.000250166486,3.58975983,1.06095934
sga_0.71,jonswap_H4.000,4,FAIL,0.21000433,0.62664336,2.50085568,0.252272755,0.721889377,6.30681896,0.0994911417,0.000198808149,3.59064627,1.06167448
sga_0.71,jonswap_H4.000,5,FAIL,0.423418581,0.715788603,3.89293289,0.228916332,0.711503685,5.7229085,0.137166172,0.000285287242,3.58965158,1.05997014
sga_0.71,jonswap_H8.500,1,FAIL,0.408925533,0.260001391,3.85157967,0.536343515,1.43559957,6.30992365,0.0669350848,0.000232018676,4.22208929,1.34271467
sga_0.71,jonswap_H8.500,2,FAIL,0.254669815,0.521085203,3.41016722,0.487299651,1.34404516,5.73293686,0.0873537138,0.00024879261,4.22125196,1.33949733
sga_0.71,jonswap_H8.500,3,FAIL,0.171826467,0.671140194,1.98401153,0.505668044,1.35220969,5.94903564,0.0970874205,0.000245139556,4.22270012,1.34001398
sga_0.71,jonswap_H8.500,4,FAIL,0.249415129,0.639755845,2.35112953,0.51872915,1.39621973,6.10269594,0.101759501,0.000168074912,4.22099257,1.33864534
sga_0.71,jonswap_H8.500,5,FAIL,0.398773462,0.735735178,6.49503613,0.496245831,1.40564251,5.83818626,0.134304106,0.000242950191,4.22358608,1.33993495
sga_0.71,pmstokes_H0.270,1,FAIL,0.249798059,0.502202511,3.20885754,0.017623987,0.0493056737,6.5274024,0.0867383704,0.0002402627,1.19016337,0.374455363
sga_0.71,pmstokes_H0.270,2,FAIL,0.341640919,0.200215906,3.99892759,0.0187441539,0.048751276,6.94227886,0.0608399995,0.000238097273,1.17496097,0.373425692
sga_0.71,pmstokes_H0.270,3,FAIL,0.185721338,0.218309939,4.81159163,0.0170635488,0.0481145717,6.3198328,0.0377105996,0.000226425123,1.14918911,0.363360405
sga_0.71,pmstokes_H0.270,4,FAIL,0.323593169,0.248689145,2.3280189,0.017988719,0.0484305881,6.66248846,0.0625602156,0.000225099444,1.157704,0.375236511
sga_0.71,pmstokes_H0.270,5,FAIL,0.324200869,0.361947417,5.0983839,0.0165130813,0.0479378961,6.11595583,0.0799182355,0.00021146184,1.14953399,0.374746531
sga_0.71,pmstokes_H1.500,1,FAIL,0.254904479,0.523118556,3.23003507,0.09378694,0.251666129,6.25246239,0.0860760137,0.000241909656,2.04426289,0.747584164
sga_0.71,pmstokes_H1.500,2,FAIL,0.380651981,0.198034912,2.83392644,0.0904753879,0.239900246,6.0316925,0.064716883,0.000250625832,2.04543304,0.746993423
sga_0.71,pmstokes_H1.500,3,FAIL,0.206797853,0.228134319,3.23189235,0.086714223,0.235118166,5.78094816,0.0376836509,0.000233934057,2.04294515,0.746214867
sga_0.71,pmstokes_H1.500,4,FAIL,0.34788847,0.26682061,1.67100549,0.0902778953,0.2383589,6.01852608,0.0656382516,0.000215165885,2.04352808,0.74779582
sga_0.71,pmstokes_H1.500,5,FAIL,0.323482037,0.389501154,6.01028061,0.0842068493,0.240688533,5.61378956,0.0823310763,0.000195544941,2.04251885,0.746023476
sga_0.71,pmstokes_H4.000,1,FAIL,0.361446738,0.57595396,2.28892899,0.25293836,0.708526373,6.32345915,0.0994420871,0.000242173279,3.28942418,1.05846632
sga_0.71,pmstokes_H4.000,2,FAIL,0.277870148,0.213024065,3.54572463,0.23597075,0.66783756,5.89926863,0.0450909026,0.000238940906,3.2908864,1.06255674
sga_0.71,pmstokes_H4.000,3,FAIL,0.185506269,0.248491272,4.44403028,0.234538019,0.660661042,5.86345053,0.0326374993,0.000245721341,3.29019737,1.06391275
sga_0.71,pmstokes_H4.000,4,FAIL,0.246319726,0.282829881,1.84952915,0.248127401,0.676606297,6.20318508,0.0475747325,0.000220467395,3.2902925,1.06313705
sga_0.71,pmstokes_H4.000,5,FAIL,0.421231002,0.344526052,2.87967467,0.221859902,0.667640448,5.54649734,0.0896952599,0.000235320069,3.29173493,1.06039894
sga_0.71,pmstokes_H8.500,1,FAIL,0.240466967,0.489914924,3.32378292,0.543689251,1.38001645,6.39634418,0.0789100379,0.00023552739,4.10274935,1.41329074
sga_0.71,pmstokes_H8.500,2,FAIL,0.437767655,0.245231196,2.90474129,0.478721917,1.26241827,5.63202238,0.0741188824,0.000239410831,4.10255957,1.41199362
sga_0.71,pmstokes_H8.500,3,FAIL,0.19816266,0.286129475,2.60068536,0.500019193,1.26495254,5.88257885,0.0367257521,0.000354315824,4.10273933,1.41282773
sga_0.71,pmstokes_H8.500,4,FAIL,0.584102929,0.356476009,1.73945582,0.505288839,1.28703153,5.94457436,0.105856143,0.000239369459,4.10327768,1.40522873
sga_0.71,pmstokes_H8.500,5,FAIL,0.301456839,0.442347646,5.83424616,0.493119717,1.32960176,5.80140829,0.0827211514,0.000186733479,4.10105085,1.41125798
sga_1.41,jonswap_H0.270,1,FAIL,0.2652089,0.45879814,3.5608716,0.0188788604,0.0507774875,6.99217033,0.0811813176,0.000239295841,1.2976892,0.330172807
sga_1.41,jonswap_H0.270,2,FAIL,0.321271181,0.23118481,4.10474777,0.01943966,0.0502845906,7.19987392,0.0604879148,0.000237754313,1.28320587,0.331642151
sga_1.41,jonswap_H0.270,3,FAIL,0.177087009,0.248319089,5.01231289,0.0183686689,0.0498620607,6.80321074,0.0413195193,0.000225410447,1.25606072,0.340860814
sga_1.41,jonswap_H0.270,4,FAIL,0.304039419,0.289646089,2.47377563,0.0188430343,0.0498988666,6.97890139,0.0644669905,0.000226940901,1.26511419,0.330715954
sga_1.41,jonswap_H0.270,5,FAIL,0.344832003,0.418602109,5.8840456,0.0173543058,0.04951239,6.42752075,0.089098841,0.000197886417,1.25769985,0.331572473
sga_1.41,jonswap_H1.500,1,FAIL,0.25959757,0.396014541,3.49650526,0.0974640697,0.261160195,6.49760437,0.0669129863,0.000243495728,2.18139935,0.684075892
sga_1.41,jonswap_H1.500,2,FAIL,0.39330703,0.301608801,2.99354792,0.0965295658,0.253573954,6.43530416,0.0775324255,0.000245985197,2.18514132,0.685219526
sga_1.41,jonswap_H1.500,3,FAIL,0.211800963,0.36212036,3.16810656,0.0914130658,0.247035906,6.09420395,0.0590606853,0.000238340173,2.17887568,0.688429117
sga_1.41,jonswap_H1.500,4,FAIL,0.360509068,0.390033722,1.7553581,0.0933275968,0.249638528,6.22183943,0.0825595111,0.000194966662,2.18383503,0.665489316
sga_1.41,jonswap_H1.500,5,FAIL,0.304391682,0.519438684,6.52801514,0.0889883488,0.251598984,5.93255615,0.0984217897,0.000199687856,2.17812371,0.679515004
sga_1.41,jonswap_H4.000,1,FAIL,0.437455207,0.292660147,2.861655,0.25300625,0.731236041,6.32515621,0.0733325258,0.000227833792,3.5906105,1.06248486
sga_1.41,jonswap_H4.000,2,FAIL,0.208353087,0.499192834,3.93368316,0.249491125,0.721734881,6.23727798,0.0816179067,0.000228646197,3.59119201,1.0617187
sga_1.41,jonswap_H4.000,3,FAIL,0.184989661,0.571610212,3.97467852,0.238694265,0.712813675,5.96735668,0.0868446305,0.000248041208,3.58975983,1.06095934
sga_1.41,jonswap_H4.000,4,FAIL,0.21360901,0.610239506,2.46332216,0.255226761,0.723081529,6.38066912,0.0971257985,0.000199155227,3.59064627,1.06167448
sga_1.41,jonswap_H4.000,5,FAIL,0.42055738,0.7051965,3.86654854,0.232600555,0.71296066,5.81501389,0.135524049,0.000284428825,3.58965158,1.05997014
sga_1.41,jonswap_H8.500,1,FAIL,0.40525052,0.267952085,3.81460404,0.54139024,1.43643486,6.36929703,0.0671115369,0.00023294572,4.22208929,1.34271467
sga_1.41,jonswap_H8.500,2,FAIL,0.257787406,0.503265202,3.37343597,0.492307097,1.34475148,5.79184818,0.0852247402,0.000249823905,4.22125196,1.33949733
sga_1.41,jonswap_H8.500,3,FAIL,0.172095805,0.650222957,2.02634573,0.50953573,1.35121,5.99453783,0.0940329656,0.0002441775,4.22270012,1.34001398
sga_1.41,jonswap_H8.500,4,FAIL,0.25304842,0.620988727,2.30861759,0.522222519,1.39573514,6.14379406,0.0994053185,0.000167074861,4.22099257,1.33864534
sga_1.41,jonswap_H8.500,5,FAIL,0.395886153,0.723711193,6.46475744,0.501283288,1.40657699,5.89745045,0.13261281,0.000244036826,4.22358608,1.33993495
sga_1.41,pmstokes_H0.270,1,FAIL,0.252719313,0.491185933,3.23588943,0.0185004957,0.0496551543,6.85203505,0.0851138234,0.000239928442,1.19016337,0.374455363
sga_1.41,pmstokes_H0.270,2,FAIL,0.340298831,0.203873098,4.00926542,0.0187927969,0.0488085486,6.9602952,0.0609374233,0.000237990069,1.17496097,0.373425692
sga_1.41,pmstokes_H0.270,3,FAIL,0.185242787,0.223526031,4.79656553,0.0178534873,0.0484425351,6.61240244,0.0384160541,0.000226464908,1.14918911,0.363360405
sga_1.41,pmstokes_H0.270,4,FAIL,0.321768999,0.255120277,2.34416962,0.018544076,0.0486824885,6.86817598,0.0629857406,0.000224590054,1.157704,0.375236511
sga_1.41,pmstokes_H0.270,5,FAIL,0.32678628,0.376199335,5.13620186,0.0171706155,0.0482129641,6.35948706,0.0821041316,0.000211266422,1.14953399,0.374746531
sga_1.41,pmstokes_H1.500,1,FAIL,0.255737364,0.520422637,3.23591447,0.0955367908,0.252295554,6.36911917,0.0856193677,0.000242333335,2.04426289,0.747584164
sga_1.41,pmstokes_H1.500,2,FAIL,0.379980594,0.199648008,2.83923793,0.0905580074,0.240010902,6.03720045,0.0647671968,0.000250125013,2.04543304,0.746993423
sga_1.41,pmstokes_H1.500,3,FAIL,0.205989152,0.236244157,3.207587,0.0884686559,0.235850334,5.89791012,0.0387329012,0.000239546556,2.04294515,0.746214867
sga_1.41,pmstokes_H1.500,4,FAIL,0.349349052,0.260910064,1.65520835,0.0914188698,0.238850385,6.09459114,0.0652935207,0.00020486163,2.04352808,0.74779582
sga_1.41,pmstokes_H1.500,5,FAIL,0.323385179,0.390797108,6.01314449,0.0861641243,0.241453201,5.74427462,0.0825437978,0.000197855203,2.04251885,0.746023476
sga_1.41,pmstokes_H4.000,1,FAIL,0.362399876,0.572718382,2.29640174,0.255232722,0.709283352,6.38081789,0.0989846215,0.000241936563,3.28942418,1.05846632
sga_1.41,pmstokes_H4.000,2,FAIL,0.277365446,0.21397838,3.54996443,0.238832444,0.669161379,5.97081089,0.0451042242,0.000238903987,3.2908864,1.06255674
sga_1.41,pmstokes_H4.000,3,FAIL,0.185642779,0.252309442,4.43133116,0.23766169,0.661980629,5.94154215,0.0333174579,0.000246039359,3.29019737,1.06391275
sga_1.41,pmstokes_H4.000,4,FAIL,0.246461898,0.281639755,1.8463223,0.250550687,0.677798867,6.26376724,0.047393702,0.000220541071,3.2902925,1.06313705
sga_1.41,pmstokes_H4.000,5,FAIL,0.421869904,0.348427236,2.89138985,0.225398108,0.669026017,5.63495255,0.0902022645,0.00023512551,3.29173493,1.06039894
sga_1.41,pmstokes_H8.500,1,FAIL,0.240834445,0.488382697,3.32752037,0.547098756,1.3814292,6.43645573,0.0786257833,0.00023540121,4.10274935,1.41329074
sga_1.41,pmstokes_H8.500,2,FAIL,0.437404364,0.245797634,2.90669394,0.48355934,1.26507616,5.68893337,0.0741291195,0.000239371249,4.10255957,1.41199362
sga_1.41,pmstokes_H8.500,3,FAIL,0.198301747,0.286670476,2.5999918,0.504248619,1.26729357,5.93233681,0.0368359797,0.000353762589,4.10273933,1.41282773
sga_1.41,pmstokes_H8.500,4,FAIL,0.584133923,0.355972856,1.73863304,0.50801909,1.28872168,5.97669506,0.105830379,0.000239398229,4.10327768,1.40522873
sga_1.41,pmstokes_H8.500,5,FAIL,0.301742822,0.444315791,5.83976078,0.497937858,1.33190608,5.85809231,0.0830228627,0.000186781021,4.10105085,1.41125798
sga_2,jonswap_H0.270,1,FAIL,0.266067117,0.456570536,3.56716323,0.0202022996,0.051345475,7.48233318,0.0807983279,0.000239176064,1.2976892,0.330172807
sga_2,jonswap_H0.270,2,FAIL,0.321087569,0.232429966,4.10771608,0.0201764312,0.050641235,7.47275209,0.0605535172,0.000237716347,1.28320587,0.331642151
sga_2,jonswap_H0.270,3,FAIL,0.177002445,0.251513422,5.00376081,0.0195590798,0.0503782891,7.24410343,0.0417938158,0.00022536717,1.25606072,0.340860814
sga_2,jonswap_H0.270,4,FAIL,0.304427624,0.288964063,2.47181129,0.0199391469,0.0503956899,7.3848691,0.0643972531,0.000227240584,1.26511419,0.330715954
sga_2,jonswap_H0.270,5,FAIL,0.345276207,0.422032684,5.89233637,0.018631136,0.0500470959,6.90042067,0.0896425471,0.0001978293,1.25769985,0.331572473
sga_2,jonswap_H1.500,1,FAIL,0.258905619,0.400113434,3.4863646,0.100355387,0.262292296,6.69035864,0.0673789233,0.000243808536,2.18139935,0.684075892
sga_2,jonswap_H1.500,2,FAIL,0.394331425,0.297226369,2.98419547,0.0973776579,0.253987342,6.4918437,0.0772197172,0.000245952921,2.18514132,0.685219526
sga_2,jonswap_H1.500,3,FAIL,0.212167844,0.359368294,3.17347455,0.0939751565,0.248112261,6.26501036,0.0586522594,0.000240417445,2.17887568,0.688429117
sga_2,jonswap_H1.500,4,FAIL,0.362578958,0.381179988,1.73419344,0.0954645425,0.250528157,6.36430264,0.0817366689,0.000191373154,2.18383503,0.665489316
sga_2,jonswap_H1.500,5,FAIL,0.303297222,0.514297664,6.51461458,0.0919069946,0.252751291,6.12713289,0.0976161957,0.000200536437,2.17812371,0.679515004
sga_2,jonswap_H4.000,1,FAIL,0.433064669,0.30117926,2.82448435,0.258091003,0.732908905,6.45227528,0.0734166577,0.00022833058,3.5906105,1.06248486
sga_2,jonswap_H4.000,2,FAIL,0.211199105,0.48228848,3.89831305,0.253150046,0.723040998,6.32875109,0.0791508704,0.00022899032,3.59119201,1.0617187
sga_2,jonswap_H4.000,3,FAIL,0.184435531,0.554179609,4.01384783,0.244030014,0.714498341,6.10075045,0.0840458795,0.000246215495,3.58975983,1.06095934
sga_2,jonswap_H4.000,4,FAIL,0.217378467,0.593220949,2.42436981,0.259324253,0.72453475,6.48310614,0.0946510136,0.000199362781,3.59064627,1.06167448
sga_2,jonswap_H4.000,5,FAIL,0.41697228,0.690790117,3.83068419,0.237603769,0.71462816,5.94009399,0.133285165,0.000284071633,3.58965158,1.05997014
sga_2,jonswap_H8.500,1,FAIL,0.401181042,0.276589602,3.775702,0.548066437,1.43776381,6.44784021,0.0672976002,0.000233921659,4.22208929,1.34271467
sga_2,jonswap_H8.500,2,FAIL,0.260917425,0.485839814,3.33775187,0.498980999,1.34611261,5.87036467,0.0831122771,0.000250802957,4.22125196,1.33949733
sga_2,jonswap_H8.500,3,FAIL,0.172397837,0.631001532,2.06532145,0.514883399,1.35104895,6.05745173,0.0911946595,0.00024311844,4.22270012,1.34001398
sga_2,jonswap_H8.500,4,FAIL,0.25666678,0.602660835,2.26694155,0.527144134,1.39585948,6.20169544,0.0970868468,0.000165948062,4.22099257,1.33864534
sga_2,jonswap_H8.500,5,FAIL,0.392437637,0.70928371,6.42861128,0.507987559,1.40774596,5.97632408,0.130515844,0.00024503161,4.22358608,1.33993495
sga_2,pmstokes_H0.270,1,FAIL,0.254500896,0.48497206,3.25141764,0.0196650922,0.0501417816,7.28336716,0.0841751397,0.000239710032,1.19016337,0.374455363
sga_2,pmstokes_H0.270,2,FAIL,0.339049369,0.207424879,4.01917648,0.0194728933,0.0491202883,7.21218252,0.0610484965,0.000237900982,1.17496097,0.373425692
sga_2,pmstokes_H0.270,3,FAIL,0.184775159,0.228559196,4.78194284,0.0189702176,0.0489164926,7.02600622,0.0390997902,0.000226665332,1.14918911,0.363360405
sga_2,pmstokes_H0.270,4,FAIL,0.320396364,0.260156751,2.35682702,0.0195056349,0.0491085388,7.22430897,0.063327983,0.000224494404,1.157704,0.375236511
sga_2,pmstokes_H0.270,5,FAIL,0.328187317,0.384219289,5.15718937,0.0182506759,0.0486642271,6.75950956,0.0833550543,0.000211269682,1.14953399,0.374746531
sga_2,pmstokes_H1.500,1,FAIL,0.256420225,0.518137038,3.24135518,0.0979498997,0.253181249,6.52999306,0.0852251798,0.000242453185,2.04426289,0.747584164
sga_2,pmstokes_H1.500,2,FAIL,0.37941283,0.200774983,2.84335732,0.09171886,0.240504473,6.11459064,0.0647942275,0.000249876233,2.04543304,0.746993423
sga_2,pmstokes_H1.500,3,FAIL,0.205444485,0.240739778,3.19394588,0.0908929855,0.236843467,6.05953217,0.0393092409,0.000242175141,2.04294515,0.746214867
sga_2,pmstokes_H1.500,4,FAIL,0.349550486,0.259714395,1.65223217,0.0933111832,0.239633784,6.22074509,0.0652356446,0.000200850496,2.04352808,0.74779582
sga_2,pmstokes_H1.500,5,FAIL,0.32360667,0.392589837,6.01789713,0.0888388529,0.242471039,5.92258978,0.08284574,0.000198850452,2.04251885,0.746023476
sga_2,pmstokes_H4.000,1,FAIL,0.363232404,0.569872975,2.30306864,0.258632869,0.710267246,6.46582174,0.0985644683,0.000241755799,3.28942418,1.05846632
sga_2,pmstokes_H4.000,2,FAIL,0.276791185,0.214779764,3.55456424,0.242855638,0.670716703,6.07139111,0.0451114662,0.00023886119,3.2908864,1.06255674
sga_2,pmstokes_H4.000,3,FAIL,0.185646221,0.255857855,4.41864109,0.24184829,0.663540661,6.04620743,0.0339361317,0.000246124837,3.29019737,1.06391275
sga_2,pmstokes_H4.000,4,FAIL,0.246403635,0.28130886,1.84581769,0.253984004,0.679192841,6.34960032,0.047318574,0.00022079116,3.2902925,1.06313705
sga_2,pmstokes_H4.000,5,FAIL,0.422345012,0.351513743,2.90082765,0.230063215,0.670591593,5.75158024,0.0906227827,0.00023493862,3.29173493,1.06039894
sga_2,pmstokes_H8.500,1,FAIL,0.24116081,0.486973017,3.33106279,0.551994383,1.38303041,6.49405146,0.0783622637,0.000235334999,4.10274935,1.41329074
sga_2,pmstokes_H8.500,2,FAIL,0.436949611,0.246413782,2.90911746,0.490024805,1.26799679,5.76499748,0.0741358995,0.000239327666,4.10255957,1.41199362
sga_2,pmstokes_H8.500,3,FAIL,0.198374301,0.288247555,2.59524655,0.510121822,1.27001655,6.0014329,0.0371069647,0.000353148265,4.10273933,1.41282773
sga_2,pmstokes_H8.500,4,FAIL,0.584054112,0.355727732,1.73865306,0.512378991,1.29065597,6.02798796,0.105806634,0.000239568821,4.10327768,1.40522873
sga_2,pmstokes_H8.500,5,FAIL,0.301899314,0.445586205,5.84345198,0.504404247,1.33440804,5.93416739,0.0832253397,0.000186793317,4.10105085,1.41125798
sga_3,jonswap_H0.270,1,FAIL,0.266472578,0.456873298,3.56766224,0.0227394868,0.0525420457,8.42203236,0.0806622952,0.000239152228,1.2976892,0.330172807
sga_3,jonswap_H0.270,2,FAIL,0.321548402,0.23244065,4.10734749,0.022170892,0.0516227521,8.21144104,0.0605444983,0.000237707951,1.28320587,0.331642151
sga_3,jonswap_H0.270,3,FAIL,0.177216753,0.253285944,4.999259,0.0219636299,0.0515170582,8.13467789,0.0420246236,0.000225394091,1.25606072,0.340860814
sga_3,jonswap_H0.270,4,FAIL,0.305153579,0.287795007,2.46866941,0.0222662687,0.0515284166,8.24676609,0.0642735139,0.000227424956,1.26511419,0.330715954
sga_3,jonswap_H0.270,5,FAIL,0.34535709,0.423994362,5.8969245,0.0211717896,0.0512167923,7.84140348,0.089982681,0.000197799338,1.25769985,0.331572473
sga_3,jonswap_H1.500,1,FAIL,0.257122695,0.40944162,3.46323609,0.106729567,0.264893353,7.11530399,0.0684603676,0.000244309456,2.18139935,0.684075892
sga_3,jonswap_H1.500,2,FAIL,0.396385491,0.288664013,2.96556091,0.101294182,0.255700111,6.75294542,0.0766190067,0.000246086507,2.18514132,0.685219526
sga_3,jonswap_H1.500,3,FAIL,0.21322237,0.350816369,3.19296122,0.0998804569,0.250667751,6.65869665,0.057400275,0.000241544942,2.17887568,0.688429117
sga_3,jonswap_H1.500,4,FAIL,0.365572959,0.368210912,1.70325935,0.100959048,0.252885938,6.73060274,0.0805304945,0.000188957332,2.18383503,0.665489316
sga_3,jonswap_H1.500,5,FAIL,0.30137676,0.504290044,6.48898029,0.0984914005,0.255436897,6.56609297,0.0960481688,0.000201070492,2.17812371,0.679515004
sga_3,jonswap_H4.000,1,FAIL,0.424776077,0.318557084,2.754426,0.269889921,0.736843586,6.74724817,0.0737676024,0.000229485493,3.5906105,1.06248486
sga_3,jonswap_H4.000,2,FAIL,0.216616735,0.452039361,3.83510709,0.262888134,0.726570487,6.57220316,0.074763909,0.00022959389,3.59119201,1.0617187
sga_3,jonswap_H4.000,3,FAIL,0.18361634,0.523440659,4.08297539,0.256113172,0.71851331,6.40282917,0.0790586323,0.000243539122,3.58975983,1.06095934
sga_3,jonswap_H4.000,4,FAIL,0.224356815,0.562313139,2.35336185,0.269404203,0.728174806,6.73510504,0.0901904851,0.000199249524,3.59064627,1.06167448
sga_3,jonswap_H4.000,5,FAIL,0.41004622,0.662013173,3.75886774,0.249283627,0.718546093,6.23209047,0.128817096,0.00028401491,3.58965158,1.05997014
sga_3,jonswap_H8.500,1,FAIL,0.39346233,0.294378042,3.70328212,0.563918233,1.4416796,6.63433218,0.067831777,0.000235782529,4.22208929,1.34271467
sga_3,jonswap_H8.500,2,FAIL,0.266615301,0.454921901,3.27452421,0.514895558,1.35048985,6.05759478,0.0793942958,0.000252518686,4.22125196,1.33949733
sga_3,jonswap_H8.500,3,FAIL,0.173102111,0.596288323,2.13660431,0.528529227,1.35292339,6.21799088,0.0860101581,0.000241085683,4.22270012,1.34001398
sga_3,jonswap_H8.500,4,FAIL,0.263122678,0.570376158,2.19332099,0.539809287,1.39783776,6.35069752,0.0930284038,0.000163876903,4.22099257,1.33864534
sga_3,jonswap_H8.500,5,FAIL,0.385835707,0.681278825,6.35824013,0.523848057,1.41115916,6.16291809,0.126408398,0.00024673724,4.22358608,1.33993495
sga_3,pmstokes_H0.270,1,FAIL,0.256537944,0.478610605,3.26774549,0.0219616927,0.0511894487,8.13395977,0.0831432119,0.000239490662,1.19016337,0.374455363
sga_3,pmstokes_H0.270,2,FAIL,0.337602496,0.212009221,4.03172112,0.0213335231,0.0499986447,7.90130472,0.06120665,0.000237807253,1.17496097,0.373425692
sga_3,pmstokes_H0.270,3,FAIL,0.184305206,0.234916225,4.76379156,0.0212314315,0.0499637462,7.86349297,0.0399617553,0.000226914184,1.14918911,0.363360405
sga_3,pmstokes_H0.270,4,FAIL,0.318840235,0.26632908,2.37228608,0.0216102619,0.0501078963,8.00380039,0.0637529194,0.000224529547,1.157704,0.375236511
sga_3,pmstokes_H0.270,5,FAIL,0.329731584,0.393254638,5.18070412,0.0205217544,0.0496972464,7.60064936,0.0848037228,0.000211290811,1.14953399,0.374746531
sga_3,pmstokes_H1.500,1,FAIL,0.257351935,0.515147269,3.24862719,0.103492841,0.255313188,6.8995223,0.0846620277,0.000242516384,2.04426289,0.747584164
sga_3,pmstokes_H1.500,2,FAIL,0.378508002,0.202382252,2.84928846,0.095947288,0.242266834,6.39648581,0.0648240373,0.000249659119,2.04543304,0.746993423
sga_3,pmstokes_H1.500,3,FAIL,0.204752088,0.245633334,3.17882442,0.0964451432,0.239210144,6.42967606,0.0399276093,0.00024439182,2.04294515,0.746214867
sga_3,pmstokes_H1.500,4,FAIL,0.349191934,0.260287285,1.65430212,0.0982256457,0.241726652,6.54837608,0.0652832314,0.000197851958,2.04352808,0.74779582
sga_3,pmstokes_H1.500,5,FAIL,0.324080586,0.395359933,6.0255971,0.0948845744,0.244867295,6.32563782,0.083333835,0.000199671354,2.04251885,0.746023476
sga_3,pmstokes_H4.000,1,FAIL,0.364409328,0.565839767,2.3127203,0.267356426,0.712813973,6.68391085,0.0979191288,0.000241503672,3.28942418,1.05846632
sga_3,pmstokes_H4.000,2,FAIL,0.275856644,0.21596989,3.56173944,0.252692193,0.674484015,6.31730461,0.0451181121,0.000238798078,3.2908864,1.06255674
sga_3,pmstokes_H4.000,3,FAIL,0.185557351,0.260792524,4.40047884,0.251728386,0.667230248,6.29320955,0.0347945951,0.000246014562,3.29019737,1.06391275
sga_3,pmstokes_H4.000,4,FAIL,0.246083617,0.281817138,1.84809792,0.262643278,0.68256259,6.566082,0.0473175794,0.000221401686,3.2902925,1.06313705
sga_3,pmstokes_H4.000,5,FAIL,0.423004538,0.356013298,2.91457391,0.240826324,0.674183607,6.02065802,0.0912873074,0.000234659878,3.29173493,1.06039894
sga_3,pmstokes_H8.500,1,FAIL,0.241612941,0.48518458,3.33568716,0.564563096,1.38704908,6.64191866,0.0779815316,0.000235219646,4.10274935,1.41329074
sga_3,pmstokes_H8.500,2,FAIL,0.436157793,0.24740544,2.91316891,0.505454421,1.2747004,5.94652271,0.074140951,0.000239243847,4.10255957,1.41199362
sga_3,pmstokes_H8.500,3,FAIL,0.198460072,0.291209042,2.58578992,0.524493456,1.27643335,6.17051125,0.0376176536,0.000352057075,4.10273933,1.41282773
sga_3,pmstokes_H8.500,4,FAIL,0.583859265,0.355362684,1.73892128,0.524446845,1.29559541,6.16996288,0.105752051,0.000239802175,4.10327768,1.40522873
sga_3,pmstokes_H8.500,5,FAIL,0.302027166,0.446864039,5.84739256,0.519641161,1.33993757,6.11342525,0.0834481865,0.000186799385,4.10105085,1.41125798
sgg_0.02,jonswap_H0.270,1,FAIL,0.221231133,0.419935226,3.58720112,0.0181083009,0.0399487615,6.70677805,0.0798445791,0.000149926098,1.2976892,0.330172807
sgg_0.02,jonswap_H0.270,2,FAIL,0.292774826,0.224690467,4.10215616,0.0191013068,0.0391981192,7.07455778,0.0620793439,0.000117675227,1.28320587,0.331642151
sgg_0.02,jonswap_H0.270,3,FAIL,0.140536934,0.211870283,4.98045921,0.0176508911,0.0422553271,6.53736687,0.0419004671,9.67241649e-05,1.25606072,0.340860814
sgg_0.02,jonswap_H0.270,4,FAIL,0.282044321,0.25772348,2.51169205,0.0182775687,0.0395380706,6.76946974,0.0647579134,0.000120174918,1.26511419,0.330715954
sgg_0.02,jonswap_H0.270,5,FAIL,0.339957356,0.358947009,5.81352711,0.0168688558,0.0411853939,6.24772406,0.0839855,0.00016703365,1.25769985,0.331572473
sgg_0.02,jonswap_H1.500,1,FAIL,0.203060567,0.358189881,3.48520923,0.0955938101,0.2303624,6.37292051,0.0671910048,0.000142219695,2.18139935,0.684075892
sgg_0.02,jonswap_H1.500,2,FAIL,0.35681957,0.318603963,3.01969624,0.0946684554,0.209684506,6.31123018,0.0803871527,0.000124366736,2.18514132,0.685219526
sgg_0.02,jonswap_H1.500,3,FAIL,0.174257919,0.316302687,3.15403819,0.0893754289,0.249197245,5.95836163,0.0585734956,0.000109060638,2.17887568,0.688429117
sgg_0.02,jonswap_H1.500,4,FAIL,0.335889369,0.354241371,1.76457894,0.0923629105,0.217359871,6.15752697,0.082752794,0.000126148792,2.18383503,0.665489316
sgg_0.02,jonswap_H1.500,5,FAIL,0.307198852,0.466210991,6.4482255,0.0869517401,0.229340523,5.79678249,0.094282113,0.000116345684,2.17812371,0.679515004
sgg_0.02,jonswap_H4.000,1,FAIL,0.376320273,0.27862376,2.73170757,0.251264125,0.608723462,6.28160334,0.075038597,0.000143567289,3.5906105,1.06248486
sgg_0.02,jonswap_H4.000,2,FAIL,0.160561532,0.469982445,3.84638619,0.246323407,0.564813018,6.15808535,0.0823029429,0.000124713828,3.59119201,1.0617187
sgg_0.02,jonswap_H4.000,3,FAIL,0.142289832,0.508725166,3.99876952,0.233849168,0.669651568,5.84622908,0.0867569074,0.000112487374,3.58975983,1.06095934
sgg_0.02,jonswap_H4.000,4,FAIL,0.178982407,0.567204535,2.45192814,0.242158741,0.580073416,6.05396843,0.0991034359,0.000132524845,3.59064627,1.06167448
sgg_0.02,jonswap_H4.000,5,FAIL,0.445695311,0.695671737,3.89961147,0.223234117,0.603110254,5.58085299,0.141205564,0.000159172821,3.58965158,1.05997014
sgg_0.02,jonswap_H8.500,1,FAIL,0.348280162,0.274510682,3.69908452,0.53935498,1.30166817,6.34535265,0.0682991371,0.000144357298,4.22208929,1.34271467
sgg_0.02,jonswap_H8.500,2,FAIL,0.222383976,0.483508021,3.29478502,0.484527469,1.20100391,5.7003231,0.0878823847,0.000131334556,4.22125196,1.33949733
sgg_0.02,jonswap_H8.500,3,FAIL,0.126395255,0.583499134,2.046,0.504947245,1.35252011,5.94055557,0.095859088,0.000125737934,4.22270012,1.34001398
sgg_0.02,jonswap_H8.500,4,FAIL,0.220866278,0.581141293,2.29095078,0.512447178,1.19698524,6.02879,0.103136636,0.000133668553,4.22099257,1.33864534
sgg_0.02,jonswap_H8.500,5,FAIL,0.415425926,0.708719134,6.4956584,0.483353078,1.28250098,5.68650675,0.138773933,0.000133076086,4.22358608,1.33993495
sgg_0.02,pmstokes_H0.270,1,FAIL,0.208502382,0.446528584,3.25567698,0.0178184807,0.0403345563,6.59943724,0.0828055888,0.000141558965,1.19016337,0.374455363
sgg_0.02,pmstokes_H0.270,2,FAIL,0.312820494,0.196800038,4.00386572,0.0186468381,0.0386388488,6.90623617,0.0621823519,0.000119916323,1.17496097,0.373425692
sgg_0.02,pmstokes_H0.270,3,FAIL,0.150650784,0.1772549,4.78094006,0.0172256231,0.0422759801,6.3798604,0.0379963852,0.000105871259,1.14918911,0.363360405
sgg_0.02,pmstokes_H0.270,4,FAIL,0.300162882,0.222965479,2.37560105,0.0180178173,0.0396611281,6.67326546,0.0633146316,0.000124366139,1.157704,0.375236511
sgg_0.02,pmstokes_H0.270,5,FAIL,0.325470984,0.328911871,5.03849888,0.0166241545,0.0406445898,6.157094,0.0787096322,0.000170424886,1.14953399,0.374746531
sgg_0.02,pmstokes_H1.500,1,FAIL,0.197450623,0.485334545,3.22158551,0.0935488716,0.223424911,6.23659134,0.0862630308,0.000142869263,2.04426289,0.747584164
sgg_0.02,pmstokes_H1.500,2,FAIL,0.34231469,0.192246273,2.84272122,0.090190962,0.201180324,6.0127306,0.0657483712,0.000124180064,2.04543304,0.746993423
sgg_0.02,pmstokes_H1.500,3,FAIL,0.167292535,0.185259998,3.17981672,0.0868765339,0.235023215,5.79176855,0.0390931703,0.000110241184,2.04294515,0.746214867
sgg_0.02,pmstokes_H1.500,4,FAIL,0.3212367,0.217120752,1.67371511,0.09043926,0.214999989,6.029284,0.0655582845,0.000132192552,2.04352808,0.74779582
sgg_0.02,pmstokes_H1.500,5,FAIL,0.331519306,0.341808945,5.95266914,0.0844577923,0.219833359,5.63051939,0.0800170973,0.000124360828,2.04251885,0.746023476
sgg_0.02,pmstokes_H4.000,1,FAIL,0.304744214,0.539885998,2.24059463,0.2506679,0.594592512,6.26669741,0.100733384,0.000141302065,3.28942418,1.05846632
sgg_0.02,pmstokes_H4.000,2,FAIL,0.238457769,0.158631951,3.4992404,0.237352327,0.512202084,5.93380833,0.0453782082,0.000128665153,3.2908864,1.06255674
sgg_0.02,pmstokes_H4.000,3,FAIL,0.14722006,0.166806564,4.44539261,0.234666094,0.621718228,5.86665249,0.0326986276,0.000111422494,3.29019737,1.06391275
sgg_0.02,pmstokes_H4.000,4,FAIL,0.215065747,0.211323097,1.84554887,0.243090212,0.547451377,6.07725525,0.048273176,0.000136641989,3.2902925,1.06313705
sgg_0.02,pmstokes_H4.000,5,FAIL,0.43840003,0.299972326,2.85626245,0.218325794,0.563266575,5.45814466,0.0901828036,0.000145195983,3.29173493,1.06039894
sgg_0.02,pmstokes_H8.500,1,FAIL,0.187063262,0.498196572,3.22046876,0.540987849,1.21169853,6.36456299,0.0851292759,0.000158083436,4.10274935,1.41329074
sgg_0.02,pmstokes_H8.500,2,FAIL,0.409873784,0.198025227,2.81433868,0.470777065,1.04285407,5.53855371,0.073958829,0.000129733366,4.10255957,1.41199362
sgg_0.02,pmstokes_H8.500,3,FAIL,0.162348315,0.179582298,2.68224287,0.499507219,1.3029207,5.87655544,0.0319484472,0.000175201509,4.10273933,1.41282773
sgg_0.02,pmstokes_H8.500,4,FAIL,0.569097579,0.264279634,1.63270271,0.495975733,1.12764287,5.83500862,0.105070561,0.000138750765,4.10327768,1.40522873
sgg_0.02,pmstokes_H8.500,5,FAIL,0.304421991,0.381221652,5.77014828,0.482223064,1.13597035,5.67321253,0.0804700181,0.000128959437,4.10105085,1.41125798
sgg_0.035,jonswap_H0.270,1,FAIL,0.220470354,0.428317696,3.56563377,0.0181228276,0.0365560018,6.7121582,0.0808645114,0.000151292727,1.2976892,0.330172807
sgg_0.035,jonswap_H0.270,2,FAIL,0.294510305,0.219920665,4.09404039,0.0191082656,0.0360662229,7.07713509,0.0617626943,0.000121273712,1.28320587,0.331642151
sgg_0.035,jonswap_H0.270,3,FAIL,0.140734702,0.212881476,4.97859097,0.0176505204,0.0384858996,6.53722954,0.041877836,0.000101698788,1.25606072,0.340860814
sgg_0.035,jonswap_H0.270,4,FAIL,0.281692207,0.259154111,2.51482391,0.0182769671,0.0361760482,6.76924706,0.0648406744,0.000122733793,1.26511419,0.330715954
sgg_0.035,jonswap_H0.270,5,FAIL,0.341190457,0.363214821,5.82341766,0.0168609954,0.0366199724,6.24481297,0.0845873803,0.000166572674,1.25769985,0.331572473
sgg_0.035,jonswap_H1.500,1,FAIL,0.204255432,0.357086599,3.49128604,0.0955843553,0.213460684,6.37229013,0.0667400062,0.00014417457,2.18139935,0.684075892
sgg_0.035,jonswap_H1.500,2,FAIL,0.358544141,0.315950096,3.0147295,0.0946915448,0.197986409,6.31276941,0.0801855996,0.000126991901,2.18514132,0.685219526
sgg_0.035,jonswap_H1.500,3,FAIL,0.175412133,0.315478474,3.1591301,0.0893908069,0.226351544,5.95938683,0.0581534281,0.000113314418,2.17887568,0.688429117
sgg_0.035,jonswap_H1.500,4,FAIL,0.334210336,0.361533165,1.78016722,0.0923251286,0.200060233,6.15500832,0.0833864883,0.000127664869,2.18383503,0.665489316
sgg_0.035,jonswap_H1.500,5,FAIL,0.31158492,0.48289907,6.49167299,0.0868167356,0.20681034,5.78778219,0.097000584,0.000117839925,2.17812371,0.679515004
sgg_0.035,jonswap_H4.000,1,FAIL,0.378558397,0.27909255,2.73726559,0.251199514,0.577243149,6.27998781,0.0748881325,0.000145277882,3.5906105,1.06248486
sgg_0.035,jonswap_H4.000,2,FAIL,0.15991354,0.473902225,3.85470009,0.246271148,0.543996811,6.15677881,0.0828336999,0.000127097635,3.59119201,1.0617187
sgg_0.035,jonswap_H4.000,3,FAIL,0.142572343,0.513060331,3.99274278,0.233786702,0.627872288,5.84466743,0.0870443732,0.000116253417,3.58975983,1.06095934
sgg_0.035,jonswap_H4.000,4,FAIL,0.180259451,0.563638151,2.44223523,0.242324069,0.547855198,6.05810165,0.0984427333,0.000133943788,3.59064627,1.06167448
sgg_0.035,jonswap_H4.000,5,FAIL,0.444369793,0.696968138,3.89875031,0.223241121,0.569760978,5.58102798,0.141137779,0.000162649536,3.58965158,1.05997014
sgg_0.035,jonswap_H8.500,1,FAIL,0.35093388,0.274883866,3.70394087,0.539315224,1.24984562,6.34488487,0.0680810511,0.000145898201,4.22208929,1.34271467
sgg_0.035,jonswap_H8.500,2,FAIL,0.221778795,0.486988664,3.30265141,0.484508634,1.16034579,5.70010138,0.0883587375,0.000133154914,4.22125196,1.33949733
sgg_0.035,jonswap_H8.500,3,FAIL,0.127768159,0.585190296,2.045614,0.504885256,1.28502154,5.93982649,0.0956373736,0.000129299617,4.22270012,1.34001398
sgg_0.035,jonswap_H8.500,4,FAIL,0.221405193,0.579702258,2.28664756,0.512513518,1.14761007,6.02957058,0.102864079,0.000134413611,4.22099257,1.33864534
sgg_0.035,jonswap_H8.500,5,FAIL,0.412888169,0.708390653,6.48838139,0.483442187,1.23722136,5.68755484,0.138301924,0.000135325143,4.22358608,1.33993495
sgg_0.035,pmstokes_H0.270,1,FAIL,0.206996024,0.459567428,3.22319269,0.0178406276,0.036612004,6.60763979,0.0845341459,0.00014349437,1.19016337,0.374455363
sgg_0.035,pmstokes_H0.270,2,FAIL,0.315038532,0.190150127,3.99200201,0.0186560042,0.0354816243,6.90963125,0.0618443005,0.000123457867,1.17496097,0.373425692
sgg_0.035,pmstokes_H0.270,3,FAIL,0.150879204,0.178368315,4.77840662,0.0172248706,0.0381736644,6.37958145,0.0379853509,0.00011018099,1.14918911,0.363360405
sgg_0.035,pmstokes_H0.270,4,FAIL,0.300938278,0.220011696,2.36901784,0.0180244576,0.0358469486,6.67572498,0.0630888492,0.000126660918,1.157704,0.375236511
sgg_0.035,pmstokes_H0.270,5,FAIL,0.324674785,0.326862752,5.03322172,0.0166273024,0.0359001756,6.15825987,0.078308925,0.000170111249,1.14953399,0.374746531
sgg_0.035,pmstokes_H1.500,1,FAIL,0.197884247,0.488069892,3.2175312,0.0935698524,0.206175715,6.2379899,0.0863284767,0.000144828839,2.04426289,0.747584164
sgg_0.035,pmstokes_H1.500,2,FAIL,0.344037205,0.188936174,2.837749,0.090203248,0.187892973,6.0135498,0.0656363443,0.000126890751,2.04543304,0.746993423
sgg_0.035,pmstokes_H1.500,3,FAIL,0.168528959,0.181203902,3.19082427,0.0869186297,0.213415995,5.79457521,0.0383722931,0.00011479338,2.04294515,0.746214867
sgg_0.035,pmstokes_H1.500,4,FAIL,0.320478499,0.220872849,1.68121266,0.0904213712,0.194706708,6.02809095,0.0657512769,0.000133452835,2.04352808,0.74779582
sgg_0.035,pmstokes_H1.500,5,FAIL,0.333946943,0.352187306,5.97930765,0.0843862742,0.198137045,5.6257515,0.0815592632,0.000125575039,2.04251885,0.746023476
sgg_0.035,pmstokes_H4.000,1,FAIL,0.305649757,0.545278549,2.23171854,0.250761509,0.563929856,6.26903772,0.101017542,0.000143231184,3.28942418,1.05846632
sgg_0.035,pmstokes_H4.000,2,FAIL,0.239893734,0.155413002,3.49531722,0.237399906,0.489662975,5.93499756,0.0452187322,0.000131423163,3.2908864,1.06255674
sgg_0.035,pmstokes_H4.000,3,FAIL,0.147584528,0.164188385,4.45332146,0.234771624,0.576712966,5.86929083,0.0320817381,0.000115459145,3.29019737,1.06391275
sgg_0.035,pmstokes_H4.000,4,FAIL,0.216328517,0.206434906,1.83303618,0.243260041,0.511471987,6.08150101,0.0477326401,0.000138105766,3.2902925,1.06313705
sgg_0.035,pmstokes_H4.000,5,FAIL,0.438149959,0.303954661,2.86480999,0.218190044,0.52429831,5.45475101,0.090637885,0.000147739192,3.29173493,1.06039894
sgg_0.035,pmstokes_H8.500,1,FAIL,0.187953845,0.501122773,3.21795058,0.541077018,1.17212462,6.36561203,0.0850976557,0.000159276562,4.10274935,1.41329074
sgg_0.035,pmstokes_H8.500,2,FAIL,0.411756307,0.195166796,2.81222892,0.470822662,1.00805211,5.53909016,0.07389009,0.00013232771,4.10255957,1.41199362
sgg_0.035,pmstokes_H8.500,3,FAIL,0.163182795,0.177725628,2.6887188,0.499673724,1.23844707,5.87851429,0.031416364,0.000179112103,4.10273933,1.41282773
sgg_0.035,pmstokes_H8.500,4,FAIL,0.570126593,0.26437059,1.63158107,0.496039212,1.07080269,5.83575535,0.105039708,0.000140378717,4.10327768,1.40522873
sgg_0.035,pmstokes_H8.500,5,FAIL,0.301888466,0.382543623,5.76930094,0.482226759,1.08976328,5.67325592,0.0803859457,0.000129280917,4.10105085,1.41125798
sgg_0.056,jonswap_H0.270,1,FAIL,0.220671654,0.43423745,3.55151033,0.0181321092,0.0347807445,6.71559572,0.0814715624,0.000154120105,1.2976892,0.330172807
sgg_0.056,jonswap_H0.270,2,FAIL,0.296352535,0.215705097,4.08808327,0.019114539,0.0345137045,7.07945871,0.061486762,0.000128567946,1.28320587,0.331642151
sgg_0.056,jonswap_H0.270,3,FAIL,0.141420573,0.213118941,4.98019981,0.0176522229,0.0360742137,6.53786039,0.0416842103,0.000109666697,1.25606072,0.340860814
sgg_0.056,jonswap_H0.270,4,FAIL,0.28170681,0.259752989,2.51552892,0.018277606,0.0341407247,6.76948357,0.0648611262,0.000127036416,1.26511419,0.330715954
sgg_0.056,jonswap_H0.270,5,FAIL,0.343393832,0.371082008,5.84143639,0.0168471076,0.0339953117,6.23966932,0.0857169107,0.000166102152,1.25769985,0.331572473
sgg_0.056,jonswap_H1.500,1,FAIL,0.206288919,0.35925895,3.49056172,0.0955958441,0.204380706,6.37305593,0.0666067675,0.00014803042,2.18139935,0.684075892
sgg_0.056,jonswap_H1.500,2,FAIL,0.36100477,0.312552005,3.00869894,0.0947227925,0.193249077,6.31485271,0.0799276382,0.000132696747,2.18514132,0.685219526
sgg_0.056,jonswap_H1.500,3,FAIL,0.177315012,0.316304803,3.16191864,0.0893987566,0.210321441,5.95991707,0.0578345656,0.000120757759,2.17887568,0.688429117
sgg_0.056,jonswap_H1.500,4,FAIL,0.33328402,0.367029905,1.79046202,0.0922996849,0.189985722,6.15331221,0.0838493779,0.000130087457,2.18383503,0.665489316
sgg_0.056,jonswap_H1.500,5,FAIL,0.314450145,0.496792436,6.52538633,0.0867083818,0.194630429,5.78055859,0.0991106704,0.000121789933,2.17812371,0.679515004
sgg_0.056,jonswap_H4.000,1,FAIL,0.382533699,0.279331505,2.74475265,0.251114756,0.562545598,6.27786875,0.074627243,0.000148901949,3.5906105,1.06248486
sgg_0.056,jonswap_H4.000,2,FAIL,0.160315678,0.476880938,3.86125875,0.246246517,0.537344515,6.15616274,0.0832098871,0.000132532325,3.59119201,1.0617187
sgg_0.056,jonswap_H4.000,3,FAIL,0.143336087,0.518211603,3.98731232,0.233722657,0.596564472,5.84306622,0.0872407034,0.000122870202,3.58975983,1.06095934
sgg_0.056,jonswap_H4.000,4,FAIL,0.181284949,0.561642885,2.4353466,0.242492557,0.532266319,6.06231403,0.0979878828,0.00013630031,3.59064627,1.06167448
sgg_0.056,jonswap_H4.000,5,FAIL,0.441963911,0.697945356,3.89392018,0.223299101,0.555308461,5.58247757,0.140855029,0.000170362749,3.58965158,1.05997014
sgg_0.056,jonswap_H8.500,1,FAIL,0.355443716,0.275720507,3.70775676,0.539270043,1.22517097,6.3443532,0.0678083748,0.00014928446,4.22208929,1.34271467
sgg_0.056,jonswap_H8.500,2,FAIL,0.222514644,0.488861412,3.30686188,0.484508961,1.13776362,5.70010519,0.0886288136,0.000137594951,4.22125196,1.33949733
sgg_0.056,jonswap_H8.500,3,FAIL,0.129523605,0.58959192,2.04143214,0.504731238,1.22887659,5.93801451,0.095573701,0.000135863127,4.22270012,1.34001398
sgg_0.056,jonswap_H8.500,4,FAIL,0.222156733,0.578769326,2.28223419,0.512594223,1.12713516,6.03051996,0.102599919,0.000135474736,4.22099257,1.33864534
sgg_0.056,jonswap_H8.500,5,FAIL,0.40947184,0.709361553,6.48093367,0.483553261,1.2145313,5.68886185,0.137826785,0.000140742297,4.22358608,1.33993495
sgg_0.056,pmstokes_H0.270,1,FAIL,0.206526443,0.469773144,3.20001912,0.0178570524,0.0344772264,6.6137228,0.0857790634,0.000147272629,1.19016337,0.374455363
sgg_0.056,pmstokes_H0.270,2,FAIL,0.317395866,0.183994234,3.98261619,0.0186645314,0.0337814614,6.91278934,0.0615500733,0.000130621615,1.17496097,0.373425692
sgg_0.056,pmstokes_H0.270,3,FAIL,0.15160571,0.178927913,4.77895832,0.0172256026,0.0354593396,6.37985277,0.0378458872,0.000117181778,1.14918911,0.363360405
sgg_0.056,pmstokes_H0.270,4,FAIL,0.301943094,0.216773286,2.36163449,0.0180311967,0.0334448926,6.67822075,0.0628560036,0.000130554239,1.157704,0.375236511
sgg_0.056,pmstokes_H0.270,5,FAIL,0.324786514,0.328552067,5.03799248,0.0166249424,0.0331819095,6.15738583,0.0784503669,0.000169940075,1.14953399,0.374746531
sgg_0.056,pmstokes_H1.500,1,FAIL,0.199428216,0.492147863,3.21196461,0.093599245,0.197347417,6.23994923,0.086418651,0.000148775056,2.04426289,0.747584164
sgg_0.056,pmstokes_H1.500,2,FAIL,0.346636236,0.184594437,2.83178735,0.0902213007,0.181164935,6.01475334,0.0654930025,0.000132866,2.04543304,0.746993423
sgg_0.056,pmstokes_H1.500,3,FAIL,0.170491859,0.179166585,3.19902062,0.0869485736,0.1983964,5.79657125,0.0377986282,0.000122697209,2.04294515,0.746214867
sgg_0.056,pmstokes_H1.500,4,FAIL,0.320361316,0.223419815,1.68445373,0.0904090106,0.181949347,6.02726698,0.0658645332,0.000135456125,2.04352808,0.74779582
sgg_0.056,pmstokes_H1.500,5,FAIL,0.335035264,0.360443056,5.99860477,0.0843300596,0.186045095,5.62200356,0.0826574713,0.000128962522,2.04251885,0.746023476
sgg_0.056,pmstokes_H4.000,1,FAIL,0.308220178,0.551366925,2.22421074,0.250846565,0.55093658,6.27116394,0.101177618,0.000147204148,3.28942418,1.05846632
sgg_0.056,pmstokes_H4.000,2,FAIL,0.242295593,0.151795134,3.4921515,0.237465724,0.481678843,5.93664312,0.045069728,0.000137749681,3.2908864,1.06255674
sgg_0.056,pmstokes_H4.000,3,FAIL,0.1485475,0.162473649,4.46084881,0.234875515,0.543448329,5.87188768,0.0314417109,0.000122663667,3.29019737,1.06391275
sgg_0.056,pmstokes_H4.000,4,FAIL,0.217571765,0.203254238,1.82325113,0.243407175,0.492639303,6.08517933,0.0473207049,0.000140585689,3.2902925,1.06313705
sgg_0.056,pmstokes_H4.000,5,FAIL,0.436699361,0.30681169,2.86915612,0.218108103,0.506032109,5.45270252,0.0908859894,0.000153551722,3.29173493,1.06039894
sgg_0.056,pmstokes_H8.500,1,FAIL,0.190836191,0.505167365,3.21492195,0.541159868,1.16247511,6.36658669,0.0849741697,0.000162384793,4.10274935,1.41329074
sgg_0.056,pmstokes_H8.500,2,FAIL,0.415218204,0.19031167,2.80694437,0.470969915,0.997878909,5.54082251,0.0737780035,0.000138349002,4.10255957,1.41199362
sgg_0.056,pmstokes_H8.500,3,FAIL,0.164430633,0.178391427,2.69045901,0.499702573,1.18575191,5.8788538,0.0310280081,0.000187019483,4.10273933,1.41282773
sgg_0.056,pmstokes_H8.500,4,FAIL,0.571624815,0.266298264,1.63336992,0.496056557,1.03885901,5.83595943,0.105035737,0.000143439436,4.10327768,1.40522873
sgg_0.056,pmstokes_H8.500,5,FAIL,0.298087209,0.384545147,5.76765347,0.482231528,1.0726856,5.67331219,0.080268614,0.000130824788,4.10105085,1.41125798
sgg_0.1,jonswap_H0.270,1,FAIL,0.222735763,0.439425468,3.54202008,0.018138757,0.0352051333,6.71805811,0.0817611143,0.000162405326,1.2976892,0.330172807
sgg_0.1,jonswap_H0.270,2,FAIL,0.29894796,0.211097196,4.08477163,0.0191223305,0.0349256471,7.08234453,0.0611825474,0.000146420673,1.28320587,0.331642151
sgg_0.1,jonswap_H0.270,3,FAIL,0.142838597,0.215187147,4.98141003,0.017653292,0.0354566276,6.53825617,0.0415478908,0.000124871018,1.25606072,0.340860814
sgg_0.1,jonswap_H0.270,4,FAIL,0.281714201,0.261998206,2.5172379,0.018276833,0.0341309384,6.76919746,0.0649726763,0.000137001,1.26511419,0.330715954
sgg_0.1,jonswap_H0.270,5,FAIL,0.345982194,0.382709801,5.8634181,0.016826991,0.0338026918,6.23221874,0.0873103663,0.000166353886,1.25769985,0.331572473
sgg_0.1,jonswap_H1.500,1,FAIL,0.211349189,0.365890831,3.48325396,0.0956357569,0.206754997,6.37571669,0.0666990727,0.000158106224,2.18139935,0.684075892
sgg_0.1,jonswap_H1.500,2,FAIL,0.365710974,0.305692554,2.9979198,0.0947905108,0.197351232,6.31936693,0.0794463009,0.000147822502,2.18514132,0.685219526
sgg_0.1,jonswap_H1.500,3,FAIL,0.180264309,0.323278278,3.15553355,0.089375101,0.20293729,5.95833969,0.0579922386,0.000136550429,2.17887568,0.688429117
sgg_0.1,jonswap_H1.500,4,FAIL,0.333458036,0.371758968,1.79470325,0.0922857299,0.191217676,6.1523819,0.0841171518,0.000135496724,2.18383503,0.665489316
sgg_0.1,jonswap_H1.500,5,FAIL,0.314191967,0.507685542,6.54540491,0.0866346806,0.19514361,5.77564526,0.100389838,0.000132760761,2.17812371,0.679515004
sgg_0.1,jonswap_H4.000,1,FAIL,0.390762091,0.280442476,2.75279737,0.251014471,0.572258353,6.27536201,0.0742159784,0.000158919676,3.5906105,1.06248486
sgg_0.1,jonswap_H4.000,2,FAIL,0.163430184,0.477619708,3.8649087,0.246241003,0.548938155,6.15602493,0.0832849443,0.00014696682,3.59119201,1.0617187
sgg_0.1,jonswap_H4.000,3,FAIL,0.144749239,0.527592361,3.97852802,0.233596608,0.580221057,5.83991528,0.0875190124,0.000137238909,3.58975983,1.06095934
sgg_0.1,jonswap_H4.000,4,FAIL,0.18200849,0.564256251,2.43455553,0.242715493,0.543327868,6.06788731,0.0979146808,0.000142084187,3.59064627,1.06167448
sgg_0.1,jonswap_H4.000,5,FAIL,0.435750574,0.696802795,3.87526703,0.223518446,0.562377691,5.5879612,0.139818445,0.000190758437,3.58965158,1.05997014
sgg_0.1,jonswap_H8.500,1,FAIL,0.36449334,0.277699679,3.70843363,0.539193869,1.2336427,6.34345722,0.0674664676,0.00015884715,4.22208929,1.34271467
sgg_0.1,jonswap_H8.500,2,FAIL,0.2265421,0.485656738,3.3010776,0.484594524,1.13419461,5.70111179,0.0883222222,0.000150712556,4.22125196,1.33949733
sgg_0.1,jonswap_H8.500,3,FAIL,0.131490961,0.600204527,2.02973008,0.504386723,1.19034624,5.93396139,0.0957096145,0.000151053304,4.22270012,1.34001398
sgg_0.1,jonswap_H8.500,4,FAIL,0.223779634,0.579699814,2.27660894,0.512686431,1.14985538,6.03160477,0.102221757,0.000138062518,4.22099257,1.33864534
sgg_0.1,jonswap_H8.500,5,FAIL,0.40262109,0.710612595,6.46463203,0.483802021,1.21587968,5.6917882,0.13687478,0.000156081762,4.22358608,1.33993495
sgg_0.1,pmstokes_H0.270,1,FAIL,0.208110526,0.478441566,3.18638706,0.0178686604,0.0345313549,6.61802244,0.0865542069,0.000157379225,1.19016337,0.374455363
sgg_0.1,pmstokes_H0.270,2,FAIL,0.320394158,0.177883163,3.97721004,0.0186725445,0.0340140834,6.91575718,0.0612653419,0.000148286956,1.17496097,0.373425692
sgg_0.1,pmstokes_H0.270,3,FAIL,0.153086096,0.181807116,4.7781949,0.017224336,0.0345621929,6.37938356,0.0378153287,0.000130834218,1.14918911,0.363360405
sgg_0.1,pmstokes_H0.270,4,FAIL,0.302678406,0.216167107,2.35854864,0.0180351511,0.0331747197,6.67968559,0.062758401,0.000139893062,1.157704,0.375236511
sgg_0.1,pmstokes_H0.270,5,FAIL,0.325326234,0.334416658,5.05380011,0.0166172199,0.0329259112,6.15452576,0.0791453049,0.000171358814,1.14953399,0.374746531
sgg_0.1,pmstokes_H1.500,1,FAIL,0.204370156,0.49910748,3.20481181,0.0936471522,0.200218037,6.24314308,0.0864553303,0.000159314863,2.04426289,0.747584164
sgg_0.1,pmstokes_H1.500,2,FAIL,0.351411074,0.177783698,2.82396007,0.0902507752,0.183607548,6.01671791,0.0652836338,0.000148626918,2.04543304,0.746993423
sgg_0.1,pmstokes_H1.500,3,FAIL,0.173583552,0.182452068,3.19935799,0.0869467333,0.191838697,5.79644871,0.0375377424,0.000139262658,2.04294515,0.746214867
sgg_0.1,pmstokes_H1.500,4,FAIL,0.321319699,0.225916162,1.68255889,0.0904013515,0.181488335,6.02675676,0.0658888146,0.000139969547,2.04352808,0.74779582
sgg_0.1,pmstokes_H1.500,5,FAIL,0.333451718,0.367277622,6.00941515,0.0842881873,0.186012432,5.61921215,0.0832737163,0.000138484684,2.04251885,0.746023476
sgg_0.1,pmstokes_H4.000,1,FAIL,0.315086246,0.56003505,2.21789241,0.250930011,0.562910199,6.2732501,0.101121917,0.000157898452,3.28942418,1.05846632
sgg_0.1,pmstokes_H4.000,2,FAIL,0.246694118,0.147910327,3.49221706,0.237505406,0.493761748,5.93763494,0.0449382365,0.000154168622,3.2908864,1.06255674
sgg_0.1,pmstokes_H4.000,3,FAIL,0.15047437,0.165953323,4.46035385,0.234888718,0.527769327,5.87221813,0.0310692824,0.00013845283,3.29019737,1.06391275
sgg_0.1,pmstokes_H4.000,4,FAIL,0.218783543,0.205483168,1.82046723,0.243512124,0.502510428,6.08780289,0.0471514687,0.000147249419,3.2902925,1.06313705
sgg_0.1,pmstokes_H4.000,5,FAIL,0.432040334,0.307931602,2.86588693,0.218126297,0.512740493,5.45315742,0.0907919258,0.000168667219,3.29173493,1.06039894
sgg_0.1,pmstokes_H8.500,1,FAIL,0.198230669,0.509041846,3.21758223,0.541148841,1.18750203,6.36645699,0.0842524245,0.000171985404,4.10274935,1.41329074
sgg_0.1,pmstokes_H8.500,2,FAIL,0.420485884,0.185060099,2.80514383,0.471161872,1.01400363,5.54308081,0.0736657456,0.000153644112,4.10255957,1.41199362
sgg_0.1,pmstokes_H8.500,3,FAIL,0.166400403,0.189156801,2.6722002,0.499218136,1.14844751,5.87315464,0.0313355848,0.000207881589,4.10273933,1.41282773
sgg_0.1,pmstokes_H8.500,4,FAIL,0.573138654,0.27611202,1.64764297,0.495933235,1.04931355,5.83450842,0.105150528,0.000152850276,4.10327768,1.40522873
sgg_0.1,pmstokes_H8.500,5,FAIL,0.291911781,0.38987869,5.76965761,0.482245892,1.09306908,5.67348099,0.0803188086,0.000135979848,4.10105085,1.41125798
sgg_0.18,jonswap_H0.270,1,FAIL,0.226843551,0.444167227,3.53764725,0.0181427505,0.0380942188,6.71953726,0.0817689672,0.000180781135,1.2976892,0.330172807
sgg_0.18,jonswap_H0.270,2,FAIL,0.301724762,0.207717746,4.08656883,0.0191316307,0.0375629328,7.08578873,0.0609369986,0.000174401182,1.28320587,0.331642151
sgg_0.18,jonswap_H0.270,3,FAIL,0.14520365,0.219232127,4.98265409,0.0176550448,0.0375201665,6.53890514,0.0415188372,0.000148045787,1.25606072,0.340860814
sgg_0.18,jonswap_H0.270,4,FAIL,0.282189429,0.26586327,2.51689029,0.018276317,0.036854215,6.76900625,0.0650719479,0.000157036586,1.26511419,0.330715954
sgg_0.18,jonswap_H0.270,5,FAIL,0.346429646,0.39201203,5.87371492,0.0168106165,0.0364818908,6.22615433,0.0884051695,0.000171776075,1.25769985,0.331572473
sgg_0.18,jonswap_H1.500,1,FAIL,0.219596401,0.374630719,3.47603369,0.0956881493,0.219483808,6.37920952,0.0667769983,0.000177827344,2.18139935,0.684075892
sgg_0.18,jonswap_H1.500,2,FAIL,0.371765286,0.295950353,2.98526478,0.0949100927,0.208855644,6.32733917,0.0788130611,0.000174896355,2.18514132,0.685219526
sgg_0.18,jonswap_H1.500,3,FAIL,0.183961779,0.335608006,3.14206982,0.0893247724,0.207969874,5.95498466,0.058632154,0.00016235112,2.17887568,0.688429117
sgg_0.18,jonswap_H1.500,4,FAIL,0.335289776,0.376235664,1.79273307,0.0922859609,0.204142049,6.15239716,0.0840894803,0.000147470346,2.18383503,0.665489316
sgg_0.18,jonswap_H1.500,5,FAIL,0.309314638,0.511449695,6.54216862,0.0866362005,0.207321003,5.77574635,0.100266948,0.000151821543,2.17812371,0.679515004
sgg_0.18,jonswap_H4.000,1,FAIL,0.401589572,0.280897379,2.76158881,0.250844449,0.600284934,6.27111101,0.0737950429,0.000178538059,3.5906105,1.06248486
sgg_0.18,jonswap_H4.000,2,FAIL,0.169343829,0.476106882,3.8687973,0.246103957,0.573934138,6.15259886,0.0831028596,0.000171540247,3.59119201,1.0617187
sgg_0.18,jonswap_H4.000,3,FAIL,0.147242904,0.541154146,3.96423459,0.233387202,0.589313447,5.83468008,0.0880729556,0.000161846692,3.58975983,1.06095934
sgg_0.18,jonswap_H4.000,4,FAIL,0.183418199,0.573962033,2.44345617,0.243119553,0.576193213,6.07798862,0.0982996598,0.000155090107,3.59064627,1.06167448
sgg_0.18,jonswap_H4.000,5,FAIL,0.425980747,0.692542195,3.84689808,0.223974973,0.584489703,5.59937429,0.138253629,0.000223566851,3.58965158,1.05997014
sgg_0.18,jonswap_H8.500,1,FAIL,0.374960035,0.27849564,3.70713067,0.538945138,1.26021183,6.34053087,0.0671876743,0.000178400835,4.22208929,1.34271467
sgg_0.18,jonswap_H8.500,2,FAIL,0.232790738,0.477401763,3.289428,0.484651685,1.14619958,5.70178461,0.0874737725,0.000176893416,4.22125196,1.33949733
sgg_0.18,jonswap_H8.500,3,FAIL,0.133463904,0.615227818,2.01296043,0.503963232,1.18692195,5.92897892,0.0960064158,0.00017705209,4.22270012,1.34001398
sgg_0.18,jonswap_H8.500,4,FAIL,0.226899207,0.584132075,2.27315736,0.512871087,1.19543946,6.03377724,0.1017415,0.000144676684,4.22099257,1.33864534
sgg_0.18,jonswap_H8.500,5,FAIL,0.393423945,0.709092677,6.44039774,0.484482616,1.23459232,5.69979525,0.135514647,0.000183164506,4.22358608,1.33993495
sgg_0.18,pmstokes_H0.270,1,FAIL,0.212234661,0.484006822,3.18628454,0.0178724043,0.0372382514,6.61940861,0.0866332874,0.00017755921,1.19016337,0.374455363
sgg_0.18,pmstokes_H0.270,2,FAIL,0.323126137,0.174682379,3.98009825,0.0186757296,0.0365194418,6.91693687,0.0610903241,0.000176012341,1.17496097,0.373425692
sgg_0.18,pmstokes_H0.270,3,FAIL,0.155512631,0.187388688,4.77595949,0.0172217339,0.0364658013,6.37841988,0.0379635021,0.00015252491,1.14918911,0.363360405
sgg_0.18,pmstokes_H0.270,4,FAIL,0.303218782,0.219780162,2.35989618,0.0180362687,0.0358366556,6.68009949,0.0628137514,0.000159194009,1.157704,0.375236511
sgg_0.18,pmstokes_H0.270,5,FAIL,0.325016409,0.341960013,5.07301331,0.0166091565,0.0355000533,6.15153933,0.0800192356,0.000179216047,1.14953399,0.374746531
sgg_0.18,pmstokes_H1.500,1,FAIL,0.212954521,0.507438481,3.20069337,0.093705371,0.212904379,6.24702454,0.0863103867,0.000180362113,2.04426289,0.747584164
sgg_0.18,pmstokes_H1.500,2,FAIL,0.357465982,0.170659453,2.81748772,0.0902795717,0.195024326,6.01863766,0.0650657564,0.000176268004,2.04543304,0.746993423
sgg_0.18,pmstokes_H1.500,3,FAIL,0.177552745,0.192090333,3.1914227,0.0869069919,0.197441861,5.7937994,0.0377387665,0.000165408055,2.04294515,0.746214867
sgg_0.18,pmstokes_H1.500,4,FAIL,0.323679149,0.23043099,1.67869735,0.0903978348,0.194193229,6.02652216,0.0658484399,0.000150566848,2.04352808,0.74779582
sgg_0.18,pmstokes_H1.500,5,FAIL,0.328434914,0.370883197,6.00820017,0.0842742845,0.197866648,5.61828566,0.0832028389,0.000155257512,2.04251885,0.746023476
sgg_0.18,pmstokes_H4.000,1,FAIL,0.325293005,0.568318725,2.21856332,0.250970215,0.591013372,6.27425528,0.100730412,0.000179172857,3.28942418,1.05846632
sgg_0.18,pmstokes_H4.000,2,FAIL,0.251742125,0.148131862,3.49858832,0.237348735,0.521749198,5.9337182,0.0449142307,0.000180343719,3.2908864,1.06255674
sgg_0.18,pmstokes_H4.000,3,FAIL,0.153591096,0.178524792,4.44435787,0.234698966,0.539128602,5.86747408,0.0314267129,0.000164559708,3.29019737,1.06391275
sgg_0.18,pmstokes_H4.000,4,FAIL,0.22043395,0.21655643,1.82927382,0.243601814,0.535579264,6.09004545,0.0473397598,0.000162624856,3.2902925,1.06313705
sgg_0.18,pmstokes_H4.000,5,FAIL,0.424499393,0.306774855,2.85562372,0.218354598,0.538670421,5.45886517,0.090368323,0.000192372056,3.29173493,1.06039894
sgg_0.18,pmstokes_H8.500,1,FAIL,0.207135573,0.507415175,3.23533249,0.540905952,1.22019124,6.3635993,0.0826746225,0.000190235762,4.10274935,1.41329074
sgg_0.18,pmstokes_H8.500,2,FAIL,0.42389217,0.187198237,2.81967282,0.471139997,1.04487157,5.54282331,0.0736904293,0.000178101865,4.10255957,1.41199362
sgg_0.18,pmstokes_H8.500,3,FAIL,0.169294074,0.213980138,2.62600517,0.498104572,1.1357125,5.86005354,0.0328367166,0.000246117619,4.10273933,1.41282773
sgg_0.18,pmstokes_H8.500,4,FAIL,0.572832465,0.297357976,1.68098068,0.495827675,1.09160328,5.83326674,0.105466843,0.000175211608,4.10327768,1.40522873
sgg_0.18,pmstokes_H8.500,5,FAIL,0.286977351,0.399433732,5.7824831,0.482590318,1.13585913,5.67753315,0.0808745548,0.000146186969,4.10105085,1.41125798
sgg_0.32,jonswap_H0.270,1,FAIL,0.233275533,0.448906869,3.53797531,0.0181448031,0.0421459042,6.72029734,0.0816736147,0.000207101199,1.2976892,0.330172807
sgg_0.32,jonswap_H0.270,2,FAIL,0.305001885,0.206861421,4.09071541,0.0191472564,0.0414685495,7.0915761,0.0607347898,0.000203865304,1.28320587,0.331642151
sgg_0.32,jonswap_H0.270,3,FAIL,0.14972207,0.223523155,4.99027777,0.0176647436,0.0411946215,6.54249763,0.0413672291,0.000178983479,1.25606072,0.340860814
sgg_0.32,jonswap_H0.270,4,FAIL,0.284729928,0.270315647,2.50830412,0.0182805099,0.0409765691,6.77055883,0.0650014281,0.000185845638,1.26511419,0.330715954
sgg_0.32,jonswap_H0.270,5,FAIL,0.344408572,0.397750974,5.87494469,0.0167963821,0.04059311,6.22088194,0.0887813643,0.00018373254,1.25769985,0.331572473
sgg_0.32,jonswap_H1.500,1,FAIL,0.22998634,0.382460147,3.47534132,0.0957403481,0.233551741,6.38268948,0.0667644292,0.000205514021,2.18139935,0.684075892
sgg_0.32,jonswap_H1.500,2,FAIL,0.377748191,0.288809985,2.97963715,0.0951081663,0.222464338,6.34054422,0.0782758296,0.000207709731,2.18514132,0.685219526
sgg_0.32,jonswap_H1.500,3,FAIL,0.18919991,0.346213967,3.13808894,0.0893244669,0.218270063,5.95496416,0.0590875112,0.000196096036,2.17887568,0.688429117
sgg_0.32,jonswap_H1.500,4,FAIL,0.339664221,0.381415784,1.78728771,0.0922866762,0.219271079,6.15244484,0.0838801637,0.0001666155,2.18383503,0.665489316
sgg_0.32,jonswap_H1.500,5,FAIL,0.303432971,0.5121966,6.53452635,0.0867080092,0.222053483,5.78053379,0.0996803194,0.000174439119,2.17812371,0.679515004
sgg_0.32,jonswap_H4.000,1,FAIL,0.412646115,0.278500974,2.78171682,0.250474632,0.632994294,6.26186562,0.0734577328,0.00020361731,3.5906105,1.06248486
sgg_0.32,jonswap_H4.000,2,FAIL,0.177484795,0.47654596,3.8810606,0.24563916,0.608092368,6.14097881,0.0829762518,0.000199755799,3.59119201,1.0617187
sgg_0.32,jonswap_H4.000,3,FAIL,0.153226182,0.553875327,3.95358658,0.233260825,0.614591956,5.83152056,0.0885685608,0.000195903092,3.58975983,1.06095934
sgg_0.32,jonswap_H4.000,4,FAIL,0.188429937,0.586174846,2.45394015,0.244242147,0.614438534,6.10605383,0.0986261666,0.000174452871,3.59064627,1.06167448
sgg_0.32,jonswap_H4.000,5,FAIL,0.417486131,0.689251482,3.8319571,0.224818438,0.614042282,5.62046099,0.137110844,0.000257245614,3.58965158,1.05997014
sgg_0.32,jonswap_H8.500,1,FAIL,0.384023428,0.274149716,3.71968102,0.538134873,1.29562593,6.33099842,0.0670145527,0.000204439872,4.22208929,1.34271467
sgg_0.32,jonswap_H8.500,2,FAIL,0.238987058,0.472361922,3.29148316,0.484424949,1.17875147,5.69911671,0.0867255628,0.000210516751,4.22125196,1.33949733
sgg_0.32,jonswap_H8.500,3,FAIL,0.138154104,0.628292024,2.00345063,0.503622174,1.21095884,5.92496681,0.0961015895,0.000210174767,4.22270012,1.34001398
sgg_0.32,jonswap_H8.500,4,FAIL,0.232195571,0.591508329,2.27523708,0.513588011,1.24369705,6.04221201,0.101254001,0.000155066446,4.22099257,1.33864534
sgg_0.32,jonswap_H8.500,5,FAIL,0.386624575,0.706358135,6.42562866,0.486320019,1.26777041,5.72141171,0.13436158,0.000213989741,4.22358608,1.33993495
sgg_0.32,pmstokes_H0.270,1,FAIL,0.218944132,0.488071948,3.19385409,0.0178716779,0.041256357,6.61913967,0.0864064991,0.000205326491,1.19016337,0.374455363
sgg_0.32,pmstokes_H0.270,2,FAIL,0.326095134,0.175180063,3.98663592,0.0186732858,0.0403249972,6.91603184,0.0609845333,0.000204983313,1.17496097,0.373425692
sgg_0.32,pmstokes_H0.270,3,FAIL,0.159903482,0.193699241,4.77976561,0.0172234103,0.0400484018,6.37904072,0.0380390994,0.000182569114,1.14918911,0.363360405
sgg_0.32,pmstokes_H0.270,4,FAIL,0.305450797,0.225369751,2.35554004,0.0180430431,0.0399593227,6.6826086,0.0628229156,0.000186950478,1.157704,0.375236511
sgg_0.32,pmstokes_H0.270,5,FAIL,0.323243469,0.348351717,5.08928013,0.0166079644,0.0395146534,6.15109777,0.0805795193,0.000193622735,1.14953399,0.374746531
sgg_0.32,pmstokes_H1.500,1,FAIL,0.223849773,0.514678836,3.20352101,0.0937850624,0.226536259,6.25233746,0.0861156881,0.000209442805,2.04426289,0.747584164
sgg_0.32,pmstokes_H1.500,2,FAIL,0.363797218,0.168467924,2.81642699,0.0902834609,0.209149718,6.01889706,0.0648967251,0.000209629288,2.04543304,0.746993423
sgg_0.32,pmstokes_H1.500,3,FAIL,0.183265597,0.20306167,3.18937874,0.0868869647,0.208085597,5.79246426,0.0380030721,0.000198606358,2.04294515,0.746214867
sgg_0.32,pmstokes_H1.500,4,FAIL,0.328610331,0.237372056,1.67370617,0.090404056,0.209317043,6.02693701,0.0657633319,0.000168470942,2.04352808,0.74779582
sgg_0.32,pmstokes_H1.500,5,FAIL,0.322723091,0.373277575,6.00542927,0.0842955485,0.212641522,5.61970282,0.0828602687,0.000175512963,2.04251885,0.746023476
sgg_0.32,pmstokes_H4.000,1,FAIL,0.335991323,0.572947204,2.22908354,0.25104782,0.621184945,6.27619553,0.100184761,0.000208286874,3.28942418,1.05846632
sgg_0.32,pmstokes_H4.000,2,FAIL,0.257339478,0.155954674,3.50819159,0.236799404,0.558083296,5.91998529,0.0449599177,0.000208146521,3.2908864,1.06255674
sgg_0.32,pmstokes_H4.000,3,FAIL,0.159135222,0.195256531,4.42999935,0.234428957,0.56567198,5.86072397,0.0320216641,0.000198683018,3.29019737,1.06391275
sgg_0.32,pmstokes_H4.000,4,FAIL,0.225015879,0.231675938,1.83779573,0.244015187,0.573224008,6.10037947,0.0475574583,0.000185283847,3.2902925,1.06313705
sgg_0.32,pmstokes_H4.000,5,FAIL,0.417907834,0.307527751,2.85028315,0.218932465,0.571859062,5.47331142,0.0899656415,0.000217152206,3.29173493,1.06039894
sgg_0.32,pmstokes_H8.500,1,FAIL,0.21518378,0.499630243,3.26501846,0.540616155,1.25302958,6.36018991,0.0808688924,0.000211776816,4.10274935,1.41329074
sgg_0.32,pmstokes_H8.500,2,FAIL,0.425441176,0.198068887,2.84575009,0.471097142,1.09162378,5.5423193,0.0738308355,0.000205186516,4.10255957,1.41199362
sgg_0.32,pmstokes_H8.500,3,FAIL,0.174035892,0.240681127,2.5827558,0.496846497,1.14310014,5.84525299,0.0346710607,0.000294218626,4.10273933,1.41282773
sgg_0.32,pmstokes_H8.500,4,FAIL,0.572525382,0.320762426,1.71569383,0.496521741,1.13814342,5.84143209,0.105834872,0.000206856668,4.10327768,1.40522873
sgg_0.32,pmstokes_H8.500,5,FAIL,0.28666082,0.411241323,5.80511284,0.484043986,1.18580317,5.69463491,0.0817611217,0.000160900701,4.10105085,1.41125798
sgg_0.56,jonswap_H0.270,1,FAIL,0.244489267,0.454063207,3.54305983,0.0181472618,0.0463309512,6.7212081,0.0816227198,0.000229821962,1.2976892,0.330172807
sgg_0.56,jonswap_H0.270,2,FAIL,0.310542315,0.211982772,4.09511995,0.0191819984,0.0457247682,7.10444355,0.0605586134,0.000225609183,1.28320587,0.331642151
sgg_0.56,jonswap_H0.270,3,FAIL,0.158856302,0.22975412,5.00456572,0.0176928584,0.0453221872,6.55291033,0.0410898589,0.000207729521,1.25606072,0.340860814
sgg_0.56,jonswap_H0.270,4,FAIL,0.291125357,0.276944518,2.49271703,0.018292997,0.0452989079,6.77518415,0.0648230165,0.000211877807,1.26511419,0.330715954
sgg_0.56,jonswap_H0.270,5,FAIL,0.34226051,0.403349191,5.87454653,0.0167701356,0.0449434966,6.21116114,0.0887242928,0.00019474396,1.25769985,0.331572473
sgg_0.56,jonswap_H1.500,1,FAIL,0.242846295,0.387845367,3.48411632,0.095796749,0.246213198,6.38644981,0.0667136163,0.000230523961,2.18139935,0.684075892
sgg_0.56,jonswap_H1.500,2,FAIL,0.38389197,0.290039957,2.9843204,0.095505327,0.236501515,6.36702156,0.0779274851,0.000233637606,2.18514132,0.685219526
sgg_0.56,jonswap_H1.500,3,FAIL,0.197164908,0.352872372,3.14891267,0.0894739702,0.230446026,5.96493101,0.0591837578,0.000224172647,2.17887568,0.688429117
sgg_0.56,jonswap_H1.500,4,FAIL,0.3471874,0.387365043,1.7792803,0.0922897086,0.233231917,6.15264702,0.0836070552,0.00018570738,2.18383503,0.665489316
sgg_0.56,jonswap_H1.500,5,FAIL,0.300984055,0.514649451,6.53351259,0.0869139135,0.235796809,5.7942605,0.0992467403,0.000192030406,2.17812371,0.679515004
sgg_0.56,jonswap_H4.000,1,FAIL,0.424282134,0.277313799,2.81876349,0.250025809,0.673493862,6.25064516,0.0732873231,0.000222377013,3.5906105,1.06248486
sgg_0.56,jonswap_H4.000,2,FAIL,0.188802332,0.484263211,3.90612388,0.245344937,0.655346274,6.1336236,0.0829729438,0.000220385395,3.59119201,1.0617187
sgg_0.56,jonswap_H4.000,3,FAIL,0.16486463,0.564116001,3.95119715,0.23364,0.653776348,5.84100008,0.0887223706,0.000227317563,3.58975983,1.06095934
sgg_0.56,jonswap_H4.000,4,FAIL,0.197702184,0.598481774,2.4625783,0.247043788,0.659938574,6.17609453,0.0986933261,0.000190753068,3.59064627,1.06167448
sgg_0.56,jonswap_H4.000,5,FAIL,0.415156156,0.69310385,3.84330416,0.226501226,0.654321134,5.6625309,0.136658207,0.000279726926,3.58965158,1.05997014
sgg_0.56,jonswap_H8.500,1,FAIL,0.393473148,0.265863001,3.75920677,0.537171304,1.35095394,6.31966209,0.0669453144,0.000224744814,4.22208929,1.34271467
sgg_0.56,jonswap_H8.500,2,FAIL,0.24554804,0.480706841,3.32207823,0.484652728,1.24391234,5.70179653,0.086409077,0.000236843523,4.22125196,1.33949733
sgg_0.56,jonswap_H8.500,3,FAIL,0.14931418,0.639296472,2.00285244,0.503877997,1.26411295,5.92797613,0.0959678292,0.000236046821,4.22270012,1.34001398
sgg_0.56,jonswap_H8.500,4,FAIL,0.239702821,0.603936911,2.28902602,0.515631974,1.30610287,6.06625843,0.100946121,0.000163716628,4.22099257,1.33864534
sgg_0.56,jonswap_H8.500,5,FAIL,0.386850387,0.71032548,6.43732691,0.490442008,1.32285309,5.76990604,0.133779526,0.000236157575,4.22358608,1.33993495
sgg_0.56,pmstokes_H0.270,1,FAIL,0.230670348,0.491575778,3.20597768,0.017872097,0.045406878,6.61929512,0.0861567408,0.00022938069,1.19016337,0.374455363
sgg_0.56,pmstokes_H0.270,2,FAIL,0.331105083,0.182087839,3.99363017,0.0186631065,0.0444720238,6.91226149,0.0609158613,0.000226231175,1.17496097,0.373425692
sgg_0.56,pmstokes_H0.270,3,FAIL,0.168436527,0.202227086,4.79171038,0.0172380544,0.0440818518,6.38446426,0.0380044058,0.000210518832,1.14918911,0.363360405
sgg_0.56,pmstokes_H0.270,4,FAIL,0.311314464,0.233918592,2.34444094,0.0180632621,0.0442467928,6.69009686,0.0627774224,0.000211596795,1.157704,0.375236511
sgg_0.56,pmstokes_H0.270,5,FAIL,0.321998507,0.355537951,5.1037612,0.0166202262,0.0438004062,6.15563917,0.0808375999,0.000206539524,1.14953399,0.374746531
sgg_0.56,pmstokes_H1.500,1,FAIL,0.237333685,0.518594742,3.21456838,0.0939416066,0.23847416,6.26277351,0.0859615058,0.000233611368,2.04426289,0.747584164
sgg_0.56,pmstokes_H1.500,2,FAIL,0.370614767,0.176425219,2.82245493,0.0902543813,0.223304123,6.01695871,0.064797774,0.00023627808,2.04543304,0.746993423
sgg_0.56,pmstokes_H1.500,3,FAIL,0.191740915,0.213833183,3.20020556,0.0869415924,0.220060587,5.79610586,0.0381237566,0.000225906784,2.04294515,0.746214867
sgg_0.56,pmstokes_H1.500,4,FAIL,0.336741149,0.246779725,1.66675937,0.0904336125,0.223072022,6.0289073,0.0656354129,0.000188686216,2.04352808,0.74779582
sgg_0.56,pmstokes_H1.500,5,FAIL,0.320155621,0.378164917,6.00710344,0.0844130963,0.226225123,5.62753963,0.0825780109,0.00019132765,2.04251885,0.746023476
sgg_0.56,pmstokes_H4.000,1,FAIL,0.347110838,0.57305038,2.25155354,0.251581609,0.657274723,6.28954029,0.0996739492,0.000232637729,3.28942418,1.05846632
sgg_0.56,pmstokes_H4.000,2,FAIL,0.264927447,0.174450517,3.52183032,0.235989407,0.604819417,5.89973497,0.0450332426,0.000228405348,3.2908864,1.06255674
sgg_0.56,pmstokes_H4.000,3,FAIL,0.168650731,0.214699969,4.4294343,0.234343827,0.60449779,5.85859585,0.0324820243,0.000228591322,3.29019737,1.06391275
sgg_0.56,pmstokes_H4.000,4,FAIL,0.23349376,0.24934116,1.83961713,0.245348573,0.617193162,6.1337142,0.0476213694,0.000205741948,3.2902925,1.06313705
sgg_0.56,pmstokes_H4.000,5,FAIL,0.416062176,0.317144603,2.85880065,0.220205843,0.612541437,5.50514603,0.0897963196,0.000233924176,3.29173493,1.06039894
sgg_0.56,pmstokes_H8.500,1,FAIL,0.224949539,0.49100545,3.29449034,0.541203916,1.30252063,6.36710501,0.0795532539,0.000227581986,4.10274935,1.41329074
sgg_0.56,pmstokes_H8.500,2,FAIL,0.428568244,0.215178221,2.87287426,0.472511858,1.16250157,5.55896282,0.0739978254,0.000225933603,4.10255957,1.41199362
sgg_0.56,pmstokes_H8.500,3,FAIL,0.182282224,0.260330141,2.57320666,0.496596098,1.18318594,5.84230709,0.0359681845,0.000332964963,4.10273933,1.41282773
sgg_0.56,pmstokes_H8.500,4,FAIL,0.575622737,0.33723554,1.73141742,0.499263078,1.19791114,5.87368298,0.106001079,0.000230792721,4.10327768,1.40522873
sgg_0.56,pmstokes_H8.500,5,FAIL,0.291138321,0.423980206,5.82538795,0.487656981,1.24720001,5.73714066,0.0824978426,0.000175757668,4.10105085,1.41125798
sgg_2,jonswap_H0.270,1,FAIL,0.29833132,0.479279518,3.57194948,0.0183972623,0.0555506758,6.81380081,0.0820157379,0.000231183119,1.2976892,0.330172807
sgg_2,jonswap_H0.270,2,FAIL,0.344379723,0.275595218,4.11798859,0.0197743773,0.0559064634,7.32384348,0.0602371357,0.000247797667,1.28320587,0.331642151
sgg_2,jonswap_H0.270,3,FAIL,0.212984875,0.283936292,5.04122019,0.0181323476,0.0549523793,6.71568394,0.0403910726,0.000238402994,1.25606072,0.340860814
sgg_2,jonswap_H0.270,4,FAIL,0.326473981,0.328354776,2.47856688,0.0186488964,0.0551435463,6.90699863,0.0643123835,0.000225183991,1.26511419,0.330715954
sgg_2,jonswap_H0.270,5,FAIL,0.359215915,0.442971468,5.87827301,0.0167405829,0.0544564091,6.20021582,0.0882194489,0.000192817708,1.25769985,0.331572473
sgg_2,jonswap_H1.500,1,FAIL,0.288212568,0.415889442,3.5325315,0.0971722603,0.282400876,6.47815037,0.067049928,0.000234986714,2.18139935,0.684075892
sgg_2,jonswap_H1.500,2,FAIL,0.412300706,0.347554564,3.03373194,0.100177683,0.27902481,6.6785121,0.0774370432,0.000248296565,2.18514132,0.685219526
sgg_2,jonswap_H1.500,3,FAIL,0.244395241,0.395584941,3.20678568,0.0931092128,0.271542221,6.20728064,0.0587419719,0.00023351665,2.17887568,0.688429117
sgg_2,jonswap_H1.500,4,FAIL,0.381062895,0.428745985,1.78810978,0.0937258154,0.273302197,6.24838734,0.082540758,0.000211907944,2.18383503,0.665489316
sgg_2,jonswap_H1.500,5,FAIL,0.324386299,0.545380354,6.53700209,0.0897230729,0.273413807,5.98153782,0.0982423425,0.000192071384,2.17812371,0.679515004
sgg_2,jonswap_H4.000,1,FAIL,0.471662879,0.352555037,3.04302955,0.255622864,0.818130136,6.39057159,0.0737550482,0.000222217059,3.5906105,1.06248486
sgg_2,jonswap_H4.000,2,FAIL,0.242883116,0.598128259,4.09013557,0.260344744,0.818671286,6.50861835,0.0837714598,0.000229599609,3.59119201,1.0617187
sgg_2,jonswap_H4.000,3,FAIL,0.227161646,0.653983176,3.93485355,0.245104969,0.802602887,6.12762403,0.088974759,0.000277102867,3.58975983,1.06095934
sgg_2,jonswap_H4.000,4,FAIL,0.237895533,0.696324587,2.60047364,0.269285768,0.81807518,6.73214436,0.0985691845,0.000203737174,3.59064627,1.06167448
sgg_2,jonswap_H4.000,5,FAIL,0.451797456,0.782604218,4.00934362,0.241106361,0.802277803,6.02765894,0.137566268,0.000264870119,3.58965158,1.05997014
sgg_2,jonswap_H8.500,1,FAIL,0.438945174,0.311778903,4.02535343,0.544496417,1.57047641,6.40583992,0.0675204769,0.000226750271,4.22208929,1.34271467
sgg_2,jonswap_H8.500,2,FAIL,0.280523926,0.619168997,3.58600283,0.509496927,1.49866474,5.9940815,0.087164849,0.000250649056,4.22125196,1.33949733
sgg_2,jonswap_H8.500,3,FAIL,0.219904661,0.751268089,2.00358677,0.522347808,1.49595118,6.14526844,0.0964072719,0.000241986068,4.22270012,1.34001398
sgg_2,jonswap_H8.500,4,FAIL,0.274382144,0.723806739,2.49615812,0.528514147,1.53561628,6.21781349,0.100944549,0.00017511005,4.22099257,1.33864534
sgg_2,jonswap_H8.500,5,FAIL,0.432981521,0.803656936,6.61461115,0.512084305,1.53540266,6.02452135,0.134508967,0.000235624262,4.22358608,1.33993495
sgg_2,pmstokes_H0.270,1,FAIL,0.286794692,0.509539306,3.24976683,0.0181132592,0.0541674756,6.70861435,0.0858435705,0.00023168519,1.19016337,0.374455363
sgg_2,pmstokes_H0.270,2,FAIL,0.362046719,0.248230711,4.02166128,0.0188191757,0.054053843,6.97006512,0.0607995652,0.000246408541,1.17496097,0.373425692
sgg_2,pmstokes_H0.270,3,FAIL,0.219532982,0.263932496,4.82096434,0.0176070984,0.0532844737,6.52114725,0.0379617587,0.000233127808,1.14918911,0.363360405
sgg_2,pmstokes_H0.270,4,FAIL,0.344272256,0.29383257,2.34000587,0.0184038933,0.0537066832,6.81625652,0.0626597404,0.000223653406,1.157704,0.375236511
sgg_2,pmstokes_H0.270,5,FAIL,0.342281073,0.399821222,5.13260937,0.0170038976,0.0530435815,6.29773951,0.0811234862,0.00020604278,1.14953399,0.374746531
sgg_2,pmstokes_H1.500,1,FAIL,0.285143256,0.536226451,3.26357055,0.0956283063,0.272532016,6.3752203,0.0860213712,0.000230424004,2.04426289,0.747584164
sgg_2,pmstokes_H1.500,2,FAIL,0.400765538,0.253409266,2.86840391,0.0918484628,0.264522403,6.12323046,0.0645939931,0.00025725257,2.04543304,0.746993423
sgg_2,pmstokes_H1.500,3,FAIL,0.238244012,0.28248322,3.25737333,0.0891247913,0.259367585,5.9416523,0.0381866954,0.000233825471,2.04294515,0.746214867
sgg_2,pmstokes_H1.500,4,FAIL,0.371290535,0.308229655,1.67427564,0.0919063017,0.261758089,6.12708664,0.0649713352,0.000234287436,2.04352808,0.74779582
sgg_2,pmstokes_H1.500,5,FAIL,0.339013338,0.42065075,6.00956583,0.0864681825,0.262763739,5.76454544,0.0821290761,0.000190544335,2.04251885,0.746023476
sgg_2,pmstokes_H4.000,1,FAIL,0.39055869,0.600374997,2.398031,0.260339022,0.790552855,6.5084753,0.0990596712,0.000233555082,3.28942418,1.05846632
sgg_2,pmstokes_H4.000,2,FAIL,0.304409087,0.32081905,3.6209166,0.247124761,0.763489306,6.17811918,0.0448415093,0.000246671407,3.2908864,1.06255674
sgg_2,pmstokes_H4.000,3,FAIL,0.22115697,0.349184781,4.46221495,0.242362708,0.749858022,6.05906773,0.0336172506,0.000261344278,3.29019737,1.06391275
sgg_2,pmstokes_H4.000,4,FAIL,0.271242082,0.3814933,1.91998434,0.259732276,0.768654168,6.49330711,0.0469039343,0.000231794955,3.2902925,1.06313705
sgg_2,pmstokes_H4.000,5,FAIL,0.442764282,0.433785111,2.96075678,0.230711296,0.754762232,5.76778221,0.0906061828,0.00021573632,3.29173493,1.06039894
sgg_2,pmstokes_H8.500,1,FAIL,0.272711158,0.518769622,3.39104939,0.555540919,1.50602138,6.53577518,0.0785277262,0.000247460557,4.10274935,1.41329074
sgg_2,pmstokes_H8.500,2,FAIL,0.46122092,0.332075,2.97851276,0.506737947,1.41496193,5.96162271,0.073812075,0.000259248016,4.10255957,1.41199362
sgg_2,pmstokes_H8.500,3,FAIL,0.233786851,0.371624768,2.69930768,0.523643553,1.40969968,6.16051245,0.0373158641,0.000372433802,4.10273933,1.41282773
sgg_2,pmstokes_H8.500,4,FAIL,0.603716016,0.424276859,1.79473257,0.524706483,1.43080068,6.1730175,0.104931451,0.000239369037,4.10327768,1.40522873
sgg_2,pmstokes_H8.500,5,FAIL,0.328802139,0.49812606,5.84319162,0.510164618,1.45827079,6.00193644,0.0828981772,0.000194979351,4.10105085,1.41125798
sgm_0.25,jonswap_H0.270,1,FAIL,0.349807143,0.498059273,3.56955099,0.0181954578,0.067178838,6.73905849,0.0855930001,0.000235702246,1.2976892,0.330172807
sgm_0.25,jonswap_H0.270,2,FAIL,0.392287403,0.277751595,4.06006765,0.0194531139,0.0709575191,7.20485687,0.0604874603,0.000234966254,1.28320587,0.331642151
sgm_0.25,jonswap_H0.270,3,FAIL,0.274372816,0.309895039,5.03300571,0.0177768283,0.0672331154,6.58401012,0.0419894755,0.000232673934,1.25606072,0.340860814
sgm_0.25,jonswap_H0.270,4,FAIL,0.369431406,0.344834149,2.46255946,0.0184042063,0.0650919676,6.81637239,0.0657731444,0.000231253638,1.26511419,0.330715954
sgm_0.25,jonswap_H0.270,5,FAIL,0.385814816,0.44687885,5.83337307,0.0167378001,0.0647664666,6.19918489,0.0844174847,0.000200672876,1.25769985,0.331572473
sgm_0.25,jonswap_H1.500,1,FAIL,0.33583656,0.442569792,3.48787117,0.0970484242,0.327066332,6.46989489,0.0719079897,0.000262821151,2.18139935,0.684075892
sgm_0.25,jonswap_H1.500,2,FAIL,0.449124545,0.33126688,2.95136976,0.0990640298,0.316625327,6.60426855,0.0762047842,0.000237599583,2.18514132,0.685219526
sgm_0.25,jonswap_H1.500,3,FAIL,0.291502327,0.394652158,3.19495487,0.090456672,0.302088082,6.03044462,0.0589966141,0.000232063423,2.17887568,0.688429117
sgm_0.25,jonswap_H1.500,4,FAIL,0.415457904,0.412298173,1.71400034,0.0916874334,0.310378939,6.11249542,0.0818494856,0.000190054925,2.18383503,0.665489316
sgm_0.25,jonswap_H1.500,5,FAIL,0.365375578,0.556576371,6.54824924,0.0868928358,0.314698696,5.79285526,0.0989189744,0.000203198535,2.17812371,0.679515004
sgm_0.25,jonswap_H4.000,1,FAIL,0.480896682,0.350663692,2.84784389,0.249820173,0.875939012,6.24550438,0.0792362466,0.000235782514,3.5906105,1.06248486
sgm_0.25,jonswap_H4.000,2,FAIL,0.3110843,0.500676215,3.90391397,0.257261783,0.819550574,6.43154478,0.0789559931,0.000223390482,3.59119201,1.0617187
sgm_0.25,jonswap_H4.000,3,FAIL,0.274409235,0.594786108,3.9677794,0.236202285,0.82670033,5.90505695,0.0872187018,0.000242185066,3.58975983,1.06095934
sgm_0.25,jonswap_H4.000,4,FAIL,0.295934528,0.615331352,2.42749715,0.256000906,0.827363968,6.40002251,0.0957236961,0.000194960929,3.59064627,1.06167448
sgm_0.25,jonswap_H4.000,5,FAIL,0.456359088,0.702760756,3.82747245,0.228039876,0.844705224,5.70099688,0.13081342,0.000275082712,3.58965158,1.05997014
sgm_0.25,jonswap_H8.500,1,FAIL,0.456256121,0.339888811,3.75610089,0.552202761,1.69701362,6.49650288,0.0743361786,0.000250639307,4.22208929,1.34271467
sgm_0.25,jonswap_H8.500,2,FAIL,0.340990454,0.498246312,3.29111195,0.508286417,1.47366869,5.97984028,0.0789428577,0.00025860811,4.22125196,1.33949733
sgm_0.25,jonswap_H8.500,3,FAIL,0.26966697,0.658132195,2.05729795,0.506552279,1.50270295,5.95943832,0.0930116624,0.000224767995,4.22270012,1.34001398
sgm_0.25,jonswap_H8.500,4,FAIL,0.325896412,0.591359675,2.1974082,0.526640058,1.58841467,6.1957655,0.0933157653,0.000158879397,4.22099257,1.33864534
sgm_0.25,jonswap_H8.500,5,FAIL,0.455808878,0.743927002,6.49391747,0.499598473,1.64303637,5.8776288,0.134063691,0.000252239231,4.22358608,1.33993495
sgm_0.25,pmstokes_H0.270,1,FAIL,0.338631779,0.534966767,3.23230052,0.0180162434,0.0688895285,6.67268276,0.0900202245,0.000239849353,1.19016337,0.374455363
sgm_0.25,pmstokes_H0.270,2,FAIL,0.408142895,0.261856347,3.96949887,0.0188802369,0.0724532828,6.99268007,0.0614369921,0.000233935454,1.17496097,0.373425692
sgm_0.25,pmstokes_H0.270,3,FAIL,0.280146927,0.29074654,4.83053398,0.0174025968,0.0670744628,6.44540596,0.0390890837,0.000222759045,1.14918911,0.363360405
sgm_0.25,pmstokes_H0.270,4,FAIL,0.385495573,0.313233972,2.32233,0.018394554,0.0667894557,6.81279755,0.0641539022,0.000233581508,1.157704,0.375236511
sgm_0.25,pmstokes_H0.270,5,FAIL,0.370780051,0.407343507,5.08518839,0.0166641995,0.0648472533,6.17192554,0.0772024766,0.000211934006,1.14953399,0.374746531
sgm_0.25,pmstokes_H1.500,1,FAIL,0.332027107,0.559484601,3.22254944,0.0947924778,0.32758072,6.31949806,0.0908278823,0.000242329406,2.04426289,0.747584164
sgm_0.25,pmstokes_H1.500,2,FAIL,0.445424765,0.258324832,2.75913429,0.0931280926,0.305669248,6.20853949,0.0656407475,0.000254336977,2.04543304,0.746993423
sgm_0.25,pmstokes_H1.500,3,FAIL,0.28823179,0.286149383,3.25852108,0.088540338,0.292445898,5.90268898,0.0387152582,0.000225978132,2.04294515,0.746214867
sgm_0.25,pmstokes_H1.500,4,FAIL,0.40769884,0.303544253,1.60745633,0.0904521272,0.297325492,6.03014135,0.0655589029,0.000228974488,2.04352808,0.74779582
sgm_0.25,pmstokes_H1.500,5,FAIL,0.375985563,0.424665034,5.99308825,0.086523883,0.304300249,5.76825857,0.0802626163,0.000213627223,2.04251885,0.746023476
sgm_0.25,pmstokes_H4.000,1,FAIL,0.40947473,0.636456788,2.21699595,0.259074122,0.87333262,6.47685289,0.107934915,0.000266229385,3.28942418,1.05846632
sgm_0.25,pmstokes_H4.000,2,FAIL,0.373289287,0.267102301,3.47511315,0.244253606,0.76483202,6.10633993,0.0463844314,0.000243221046,3.2908864,1.06255674
sgm_0.25,pmstokes_H4.000,3,FAIL,0.273573846,0.295217931,4.49017954,0.242103055,0.767945707,6.05257654,0.0312707685,0.00023698018,3.29019737,1.06391275
sgm_0.25,pmstokes_H4.000,4,FAIL,0.321714044,0.318030387,1.79839754,0.248164892,0.783569634,6.20412254,0.0474552996,0.000243354923,3.2902925,1.06313705
sgm_0.25,pmstokes_H4.000,5,FAIL,0.45898217,0.372573793,2.83341384,0.226646498,0.795353651,5.66616249,0.0843310803,0.000232732578,3.29173493,1.06039894
sgm_0.25,pmstokes_H8.500,1,FAIL,0.319449782,0.545892537,3.2628336,0.552063882,1.66027009,6.49486923,0.0856126472,0.000245735893,4.10274935,1.41329074
sgm_0.25,pmstokes_H8.500,2,FAIL,0.508179426,0.31018725,2.80089331,0.502327561,1.41416335,5.90973568,0.0758035406,0.000272105681,4.10255957,1.41199362
sgm_0.25,pmstokes_H8.500,3,FAIL,0.284550339,0.326636583,2.67573905,0.517219782,1.42530072,6.08493853,0.0342103653,0.000340976752,4.10273933,1.41282773
sgm_0.25,pmstokes_H8.500,4,FAIL,0.629512429,0.36105302,1.63132656,0.511658311,1.47609127,6.01950932,0.106195547,0.000267917669,4.10327768,1.40522873
sgm_0.25,pmstokes_H8.500,5,FAIL,0.370014161,0.481893748,5.85738659,0.498122811,1.54894018,5.86026812,0.0816476718,0.000236227977,4.10105085,1.41125798
sgm_0.5,jonswap_H0.270,1,FAIL,0.305174589,0.476241857,3.55712199,0.0181491245,0.0553965122,6.7218976,0.0845651329,0.000238134278,1.2976892,0.330172807
sgm_0.5,jonswap_H0.270,2,FAIL,0.349529386,0.24262175,4.09097147,0.0193120912,0.0555491187,7.15262604,0.0605650395,0.000236572727,1.28320587,0.331642151
sgm_0.5,jonswap_H0.270,3,FAIL,0.21827808,0.265876353,5.02859974,0.0177490003,0.0542428195,6.57370377,0.0415942185,0.000227778102,1.25606072,0.340860814
sgm_0.5,jonswap_H0.270,4,FAIL,0.329371184,0.312742651,2.48012018,0.0183102153,0.0536454283,6.7815609,0.0657987148,0.000229475118,1.26511419,0.330715954
sgm_0.5,jonswap_H0.270,5,FAIL,0.352818906,0.426623404,5.86228132,0.0167101473,0.05313766,6.18894339,0.0866821557,0.000197586807,1.25769985,0.331572473
sgm_0.5,jonswap_H1.500,1,FAIL,0.291627377,0.411200374,3.49841404,0.0962687954,0.283715725,6.41791964,0.0699075684,0.000251221441,2.18139935,0.684075892
sgm_0.5,jonswap_H1.500,2,FAIL,0.4122563,0.309171915,2.98970509,0.0970616192,0.273185194,6.47077417,0.0772095248,0.000242050242,2.18514132,0.685219526
sgm_0.5,jonswap_H1.500,3,FAIL,0.242406085,0.369657606,3.18189907,0.0900311545,0.262660831,6.00207663,0.059350349,0.000233355619,2.17887568,0.688429117
sgm_0.5,jonswap_H1.500,4,FAIL,0.377460986,0.408067375,1.77123332,0.0918939263,0.26747489,6.12626171,0.08370772,0.000196859284,2.18383503,0.665489316
sgm_0.5,jonswap_H1.500,5,FAIL,0.32562384,0.532804847,6.54095793,0.0868990645,0.269356519,5.79327059,0.0987590775,0.000199122864,2.17812371,0.679515004
sgm_0.5,jonswap_H4.000,1,FAIL,0.454646736,0.309171855,2.87562013,0.249310136,0.79114455,6.23275328,0.0771788284,0.000229886922,3.5906105,1.06248486
sgm_0.5,jonswap_H4.000,2,FAIL,0.247981086,0.501654923,3.94672513,0.251454502,0.75640595,6.28636265,0.0819651484,0.000222450341,3.59119201,1.0617187
sgm_0.5,jonswap_H4.000,3,FAIL,0.21814692,0.585041642,3.95124865,0.235680237,0.753491759,5.89200592,0.0884993076,0.000247268268,3.58975983,1.06095934
sgm_0.5,jonswap_H4.000,4,FAIL,0.242191344,0.62374115,2.48591423,0.253492087,0.759191394,6.33730221,0.0989940017,0.000202812545,3.59064627,1.06167448
sgm_0.5,jonswap_H4.000,5,FAIL,0.431107968,0.708911598,3.87744141,0.227708474,0.760794044,5.69271183,0.134802058,0.000279168918,3.58965158,1.05997014
sgm_0.5,jonswap_H8.500,1,FAIL,0.428977817,0.288805008,3.8187604,0.545154452,1.54986751,6.41358185,0.071943529,0.000238274049,4.22208929,1.34271467
sgm_0.5,jonswap_H8.500,2,FAIL,0.285296798,0.504754066,3.37374902,0.495272547,1.3866117,5.82673597,0.083894141,0.000249755045,4.22125196,1.33949733
sgm_0.5,jonswap_H8.500,3,FAIL,0.211636156,0.655450404,2.0209434,0.50623709,1.40040481,5.95573044,0.094993405,0.000235332831,4.22270012,1.34001398
sgm_0.5,jonswap_H8.500,4,FAIL,0.273792148,0.623775065,2.3147881,0.5232867,1.46679306,6.1563139,0.0995855257,0.000162344411,4.22099257,1.33864534
sgm_0.5,jonswap_H8.500,5,FAIL,0.420285314,0.728970408,6.48790932,0.497445405,1.50627244,5.85229874,0.133717671,0.000244279334,4.22358608,1.33993495
sgm_0.5,pmstokes_H0.270,1,FAIL,0.292909563,0.512043655,3.22668004,0.0178985037,0.0554894023,6.62907505,0.0887412205,0.000239961897,1.19016337,0.374455363
sgm_0.5,pmstokes_H0.270,2,FAIL,0.367527783,0.22015366,3.9951694,0.0186939184,0.0552279204,6.92367315,0.0612204112,0.000236629159,1.17496097,0.373425692
sgm_0.5,pmstokes_H0.270,3,FAIL,0.225301027,0.244861662,4.81680584,0.0173097253,0.0533483587,6.41100931,0.0388506018,0.00022506481,1.14918911,0.363360405
sgm_0.5,pmstokes_H0.270,4,FAIL,0.347238451,0.276801705,2.33913636,0.0181683972,0.0536072589,6.72903585,0.0639542714,0.000227736149,1.157704,0.375236511
sgm_0.5,pmstokes_H0.270,5,FAIL,0.336017698,0.382275194,5.10783672,0.0166399237,0.0524866506,6.16293478,0.0791363344,0.000210640967,1.14953399,0.374746531
sgm_0.5,pmstokes_H1.500,1,FAIL,0.287346631,0.53555429,3.22876692,0.0942976698,0.279055834,6.28651094,0.0889263898,0.00024378128,2.04426289,0.747584164
sgm_0.5,pmstokes_H1.500,2,FAIL,0.403689504,0.215915203,2.82003236,0.0910926312,0.260296762,6.07284164,0.0651609972,0.00025125657,2.04543304,0.746993423
sgm_0.5,pmstokes_H1.500,3,FAIL,0.237811252,0.248904079,3.23449993,0.0875819996,0.252232313,5.83879995,0.0388754308,0.000233544604,2.04294515,0.746214867
sgm_0.5,pmstokes_H1.500,4,FAIL,0.369038492,0.282182753,1.66083646,0.0901867375,0.256626695,6.01244879,0.0662392005,0.000216248867,2.04352808,0.74779582
sgm_0.5,pmstokes_H1.500,5,FAIL,0.340224922,0.401905566,6.00797606,0.0851475,0.260236323,5.67649984,0.0813972279,0.000201403207,2.04251885,0.746023476
sgm_0.5,pmstokes_H4.000,1,FAIL,0.380271882,0.59357655,2.27357578,0.254924715,0.780573487,6.37311792,0.103536621,0.000250204816,3.28942418,1.05846632
sgm_0.5,pmstokes_H4.000,2,FAIL,0.314172715,0.225863978,3.5295372,0.239034832,0.70126313,5.97587061,0.0455645174,0.000239706293,3.2908864,1.06255674
sgm_0.5,pmstokes_H4.000,3,FAIL,0.218225598,0.263551801,4.45468426,0.237968579,0.698007941,5.94921446,0.0325841531,0.000239410263,3.29019737,1.06391275
sgm_0.5,pmstokes_H4.000,4,FAIL,0.272697866,0.297309548,1.84686673,0.247265935,0.716009319,6.18164825,0.0482523032,0.000230631398,3.2902925,1.06313705
sgm_0.5,pmstokes_H4.000,5,FAIL,0.432639241,0.354563296,2.87342286,0.223784357,0.715953887,5.59460878,0.087402761,0.000230445017,3.29173493,1.06039894
sgm_0.5,pmstokes_H8.500,1,FAIL,0.27149418,0.505481958,3.310359,0.548411548,1.50742602,6.45190048,0.08190424,0.000238736029,4.10274935,1.41329074
sgm_0.5,pmstokes_H8.500,2,FAIL,0.462002218,0.265039563,2.88543773,0.488739163,1.31094968,5.74987221,0.0748796985,0.000247863063,4.10255957,1.41199362
sgm_0.5,pmstokes_H8.500,3,FAIL,0.231667668,0.298039705,2.62354398,0.506295085,1.31526279,5.95641279,0.0360549092,0.000348800211,4.10273933,1.41282773
sgm_0.5,pmstokes_H8.500,4,FAIL,0.596955299,0.361621112,1.72564077,0.507045567,1.35906529,5.96524191,0.106747702,0.00025089737,4.10327768,1.40522873
sgm_0.5,pmstokes_H8.500,5,FAIL,0.327447534,0.455400407,5.84871769,0.494601667,1.42089307,5.81884289,0.0822576061,0.000201860414,4.10105085,1.41125798
sgm_2,jonswap_H0.270,1,FAIL,0.217070609,0.452218384,3.54464293,0.018214196,0.0509936623,6.74599838,0.0771584213,0.000240566224,1.2976892,0.330172807
sgm_2,jonswap_H0.270,2,FAIL,0.309228033,0.238098964,4.09917355,0.0193003956,0.0508218445,7.14829445,0.0602885485,0.000238709152,1.28320587,0.331642151
sgm_2,jonswap_H0.270,3,FAIL,0.158441946,0.24588953,5.00056124,0.0177937746,0.050533697,6.59028673,0.0398119204,0.000224038435,1.25606072,0.340860814
sgm_2,jonswap_H0.270,4,FAIL,0.292496651,0.290174365,2.49414206,0.0183841847,0.0506327339,6.8089571,0.0642706901,0.000223674477,1.26511419,0.330715954
sgm_2,jonswap_H0.270,5,FAIL,0.371906608,0.403641939,5.87064505,0.0167105906,0.0501626432,6.18910742,0.0903451592,0.000201597271,1.25769985,0.331572473
sgm_2,jonswap_H1.500,1,FAIL,0.220402494,0.388675064,3.49347782,0.0959871188,0.265613735,6.39914083,0.0619378872,0.000238806766,2.18139935,0.684075892
sgm_2,jonswap_H1.500,2,FAIL,0.386345685,0.322437793,2.99163222,0.0968864635,0.260894179,6.45909739,0.0784561038,0.000248741155,2.18514132,0.685219526
sgm_2,jonswap_H1.500,3,FAIL,0.194163188,0.373433411,3.14625549,0.0905578509,0.257489741,6.03718996,0.0583038889,0.00023739897,2.17887568,0.688429117
sgm_2,jonswap_H1.500,4,FAIL,0.352185667,0.402389169,1.77840793,0.0930413604,0.258549094,6.20275736,0.083889164,0.000202847747,2.18383503,0.665489316
sgm_2,jonswap_H1.500,5,FAIL,0.310966045,0.519861758,6.52239418,0.088625446,0.259273529,5.90836287,0.0988703817,0.00019914702,2.17812371,0.679515004
sgm_2,jonswap_H4.000,1,FAIL,0.421128184,0.290571779,2.86994147,0.252541363,0.731480896,6.31353426,0.0670368969,0.00022753104,3.5906105,1.06248486
sgm_2,jonswap_H4.000,2,FAIL,0.187792495,0.532607555,3.94431901,0.246839628,0.727570534,6.17099047,0.0837074965,0.00023277929,3.59119201,1.0617187
sgm_2,jonswap_H4.000,3,FAIL,0.18001993,0.598019779,3.93680167,0.237154588,0.722191453,5.92886448,0.088943094,0.000249986129,3.58975983,1.06095934
sgm_2,jonswap_H4.000,4,FAIL,0.193689346,0.628234208,2.48190403,0.255686015,0.734587729,6.3921504,0.0980265439,0.000194430948,3.59064627,1.06167448
sgm_2,jonswap_H4.000,5,FAIL,0.443821579,0.72077781,3.86129594,0.234373629,0.718242526,5.85934067,0.138135016,0.000288417301,3.58965158,1.05997014
sgm_2,jonswap_H8.500,1,FAIL,0.370324105,0.261042058,3.82770777,0.534206331,1.44568169,6.28478003,0.0573366359,0.000231547237,4.22208929,1.34271467
sgm_2,jonswap_H8.500,2,FAIL,0.258473188,0.547638357,3.38388252,0.489243448,1.38803685,5.75580502,0.0899160281,0.000249700824,4.22125196,1.33949733
sgm_2,jonswap_H8.500,3,FAIL,0.147148341,0.691711009,1.98306739,0.510748565,1.40626562,6.00880671,0.0964087844,0.000250142009,4.22270012,1.34001398
sgm_2,jonswap_H8.500,4,FAIL,0.254205793,0.655175447,2.33421969,0.519072175,1.42749596,6.10673141,0.103276864,0.000172949236,4.22099257,1.33864534
sgm_2,jonswap_H8.500,5,FAIL,0.379978806,0.755046606,6.47033882,0.502612412,1.42008555,5.91308689,0.133238509,0.000243247719,4.22358608,1.33993495
sgm_2,pmstokes_H0.270,1,FAIL,0.204188734,0.48511976,3.21029568,0.0179312956,0.0494185872,6.64122057,0.0818115845,0.000240272886,1.19016337,0.374455363
sgm_2,pmstokes_H0.270,2,FAIL,0.328541756,0.207173273,3.99945045,0.0186503325,0.0489912517,6.90753031,0.0606150553,0.000238793276,1.17496097,0.373425692
sgm_2,pmstokes_H0.270,3,FAIL,0.16593127,0.218094528,4.78322983,0.0172948427,0.0489260778,6.40549707,0.0366672762,0.000226691962,1.14918911,0.363360405
sgm_2,pmstokes_H0.270,4,FAIL,0.311767578,0.247162923,2.34630585,0.0181397721,0.0490657017,6.71843386,0.0623112991,0.000223469615,1.157704,0.375236511
sgm_2,pmstokes_H0.270,5,FAIL,0.350576043,0.358184755,5.10300732,0.0167037677,0.0486233458,6.18658066,0.0829063132,0.000214599815,1.14953399,0.374746531
sgm_2,pmstokes_H1.500,1,FAIL,0.216231376,0.516957462,3.22639227,0.0945198387,0.254497766,6.30132246,0.0818366259,0.000240339286,2.04426289,0.747584164
sgm_2,pmstokes_H1.500,2,FAIL,0.367154926,0.213412836,2.83210087,0.0903095901,0.246740669,6.02063894,0.0643798411,0.000250402343,2.04543304,0.746993423
sgm_2,pmstokes_H1.500,3,FAIL,0.186238289,0.239530951,3.19767189,0.0873558745,0.245460123,5.82372475,0.0367409922,0.000236692475,2.04294515,0.746214867
sgm_2,pmstokes_H1.500,4,FAIL,0.335168153,0.265895307,1.66797507,0.0912025124,0.246900916,6.08016729,0.0652421117,0.000207450328,2.04352808,0.74779582
sgm_2,pmstokes_H1.500,5,FAIL,0.334225476,0.385102034,6.00094604,0.0852146447,0.247792006,5.68097591,0.0836829618,0.000196676978,2.04251885,0.746023476
sgm_2,pmstokes_H4.000,1,FAIL,0.335881621,0.57196933,2.28684878,0.254510611,0.700027287,6.36276531,0.0934175923,0.000238943525,3.28942418,1.05846632
sgm_2,pmstokes_H4.000,2,FAIL,0.263725191,0.233276054,3.54691529,0.23721081,0.67838341,5.9302702,0.0459943675,0.000238697874,3.2908864,1.06255674
sgm_2,pmstokes_H4.000,3,FAIL,0.173294976,0.261726141,4.41875458,0.235167384,0.674436092,5.87918472,0.0330986008,0.000250754092,3.29019737,1.06391275
sgm_2,pmstokes_H4.000,4,FAIL,0.232815221,0.287012488,1.84505475,0.251999557,0.688175082,6.29998875,0.0477270782,0.000211978477,3.2902925,1.06313705
sgm_2,pmstokes_H4.000,5,FAIL,0.429905325,0.349289775,2.86726689,0.224641398,0.672756195,5.61603498,0.0921452865,0.000242808208,3.29173493,1.06039894
sgm_2,pmstokes_H8.500,1,FAIL,0.216892958,0.491989374,3.32781196,0.543613493,1.38294268,6.39545298,0.075462617,0.000234471183,4.10274935,1.41329074
sgm_2,pmstokes_H8.500,2,FAIL,0.426658541,0.261452228,2.90191174,0.480018288,1.31207728,5.64727402,0.0727722421,0.000238686407,4.10255957,1.41199362
sgm_2,pmstokes_H8.500,3,FAIL,0.178534076,0.299894452,2.57234883,0.50325799,1.32175922,5.92068195,0.0369792134,0.000356697157,4.10273933,1.41282773
sgm_2,pmstokes_H8.500,4,FAIL,0.575274944,0.363324493,1.74049962,0.508426368,1.32328808,5.9814868,0.103681087,0.000227952594,4.10327768,1.40522873
sgm_2,pmstokes_H8.500,5,FAIL,0.29284215,0.443828017,5.82367229,0.499393374,1.35121143,5.87521601,0.0838178769,0.00018490215,4.10105085,1.41125798
sgm_4,jonswap_H0.270,1,FAIL,0.170283452,0.437554717,3.53154254,0.0182523876,0.0524889752,6.76014328,0.0715311542,0.000242066002,1.2976892,0.330172807
sgm_4,jonswap_H0.270,2,FAIL,0.312741429,0.250357658,4.08597469,0.0193125289,0.0523275621,7.15278816,0.0612891354,0.000239747678,1.28320587,0.331642151
sgm_4,jonswap_H0.270,3,FAIL,0.155916706,0.247909591,4.95460367,0.0177704617,0.0520933121,6.58165216,0.0389133021,0.000222894596,1.25606072,0.340860814
sgm_4,jonswap_H0.270,4,FAIL,0.323740631,0.301252127,2.54575706,0.0184224136,0.052182816,6.82311583,0.069561854,0.000221740178,1.26511419,0.330715954
sgm_4,jonswap_H0.270,5,FAIL,0.42371273,0.387417316,5.85411406,0.0166922752,0.0516377538,6.18232393,0.0934374109,0.000206090233,1.25769985,0.331572473
sgm_4,jonswap_H1.500,1,FAIL,0.181643367,0.385882109,3.46869278,0.0958231986,0.282260388,6.38821316,0.0563773923,0.000236710388,2.18139935,0.684075892
sgm_4,jonswap_H1.500,2,FAIL,0.406940371,0.358501852,2.96340084,0.0972303003,0.279329032,6.4820199,0.0814323425,0.000249947218,2.18514132,0.685219526
sgm_4,jonswap_H1.500,3,FAIL,0.194948465,0.392932951,3.09259725,0.0910598934,0.278318018,6.07065916,0.0571492426,0.00023964791,2.17887568,0.688429117
sgm_4,jonswap_H1.500,4,FAIL,0.398914725,0.427226096,1.80775332,0.0933531225,0.277312696,6.22354126,0.0913082138,0.000205427059,2.18383503,0.665489316
sgm_4,jonswap_H1.500,5,FAIL,0.352666169,0.520716667,6.48892355,0.0896364003,0.278051883,5.97575998,0.0990468636,0.00020045854,2.17812371,0.679515004
sgm_4,jonswap_H4.000,1,FAIL,0.382362306,0.322560519,2.82432389,0.25472936,0.775389314,6.36823416,0.0586745776,0.000230051432,3.5906105,1.06248486
sgm_4,jonswap_H4.000,2,FAIL,0.209546328,0.57520324,3.91369414,0.247128978,0.769962609,6.17822456,0.085141249,0.000234536943,3.59119201,1.0617187
sgm_4,jonswap_H4.000,3,FAIL,0.231326342,0.625774682,3.89302516,0.238222227,0.769367993,5.95555544,0.0901690349,0.000249555538,3.58975983,1.06095934
sgm_4,jonswap_H4.000,4,FAIL,0.224132687,0.653788686,2.48765683,0.259618938,0.776923537,6.49047327,0.10050267,0.000189976752,3.59064627,1.06167448
sgm_4,jonswap_H4.000,5,FAIL,0.529118598,0.729678869,3.79138374,0.238083139,0.761541307,5.95207834,0.140783831,0.000291087083,3.58965158,1.05997014
sgm_4,jonswap_H8.500,1,FAIL,0.283265293,0.304636061,3.78487515,0.529884756,1.55321085,6.23393822,0.0417078137,0.000233006664,4.22208929,1.34271467
sgm_4,jonswap_H8.500,2,FAIL,0.350863993,0.634048223,3.34101152,0.490157843,1.51779568,5.76656294,0.099645555,0.000248462253,4.22125196,1.33949733
sgm_4,jonswap_H8.500,3,FAIL,0.191863,0.7568506,1.93993533,0.515022993,1.55328989,6.05909395,0.0978401154,0.000255526509,4.22270012,1.34001398
sgm_4,jonswap_H8.500,4,FAIL,0.353319883,0.7199893,2.32939005,0.521801293,1.53942764,6.13883877,0.114497386,0.000175878391,4.22099257,1.33864534
sgm_4,jonswap_H8.500,5,FAIL,0.372395068,0.813011825,6.42147207,0.508982301,1.54357684,5.9880271,0.13148351,0.000238800465,4.22358608,1.33993495
sgm_4,pmstokes_H0.270,1,FAIL,0.160784662,0.469140142,3.18825769,0.0179680977,0.0508398078,6.65485096,0.0768010914,0.000240801834,1.19016337,0.374455363
sgm_4,pmstokes_H0.270,2,FAIL,0.331333548,0.218706965,3.98654222,0.018652156,0.0505098999,6.90820599,0.0614854842,0.000239615285,1.17496097,0.373425692
sgm_4,pmstokes_H0.270,3,FAIL,0.158630461,0.218827084,4.73206806,0.0172628127,0.0504635274,6.39363432,0.0351153761,0.000227051525,1.14918911,0.363360405
sgm_4,pmstokes_H0.270,4,FAIL,0.341593087,0.257343054,2.39339399,0.0181690939,0.0505662449,6.72929382,0.0677290633,0.000222831033,1.157704,0.375236511
sgm_4,pmstokes_H0.270,5,FAIL,0.401541889,0.342909127,5.0621438,0.0166973304,0.0500566401,6.18419647,0.0861824304,0.00021929387,1.14953399,0.374746531
sgm_4,pmstokes_H1.500,1,FAIL,0.176423997,0.511720479,3.20479345,0.0944327265,0.270463467,6.29551506,0.077291064,0.000239163244,2.04426289,0.747584164
sgm_4,pmstokes_H1.500,2,FAIL,0.370771319,0.248922065,2.80685163,0.0903007686,0.265118182,6.020051,0.0650698319,0.000250619865,2.04543304,0.746993423
sgm_4,pmstokes_H1.500,3,FAIL,0.180915356,0.260846019,3.14586091,0.0876863524,0.265634,5.84575653,0.0345896296,0.000236559456,2.04294515,0.746214867
sgm_4,pmstokes_H1.500,4,FAIL,0.360248923,0.292233855,1.7017256,0.0914950445,0.265180171,6.09966946,0.0708601177,0.000207505538,2.04352808,0.74779582
sgm_4,pmstokes_H1.500,5,FAIL,0.388727397,0.383409828,5.97155619,0.0858151913,0.265405893,5.72101259,0.0862257034,0.000199020302,2.04251885,0.746023476
sgm_4,pmstokes_H4.000,1,FAIL,0.280467719,0.572736323,2.26128054,0.256318837,0.736991107,6.40797091,0.0850861296,0.000238339009,3.28942418,1.05846632
sgm_4,pmstokes_H4.000,2,FAIL,0.288712561,0.286910415,3.53640032,0.237796918,0.721841276,5.94492292,0.0506129116,0.000238797758,3.2908864,1.06255674
sgm_4,pmstokes_H4.000,3,FAIL,0.197000623,0.302187115,4.36318636,0.23525627,0.722047627,5.88140678,0.0336902998,0.00025349381,3.29019737,1.06391275
sgm_4,pmstokes_H4.000,4,FAIL,0.268158346,0.326142848,1.8620317,0.255506724,0.729798436,6.38766813,0.0561566055,0.00020454498,3.2902925,1.06313705
sgm_4,pmstokes_H4.000,5,FAIL,0.472637743,0.372277021,2.80813408,0.226671189,0.713744938,5.66677952,0.0940027609,0.000253621984,3.29173493,1.06039894
sgm_4,pmstokes_H8.500,1,FAIL,0.209890068,0.517149389,3.32898664,0.544182658,1.49583423,6.40214872,0.0721322745,0.000234972511,4.10274935,1.41329074
sgm_4,pmstokes_H8.500,2,FAIL,0.432223737,0.327848703,2.89540648,0.483109355,1.44719136,5.68363953,0.0716658235,0.000239597241,4.10255957,1.41199362
sgm_4,pmstokes_H8.500,3,FAIL,0.201059535,0.354649335,2.49278545,0.507244825,1.46359432,5.96758604,0.0374091752,0.000355286087,4.10273933,1.41282773
sgm_4,pmstokes_H8.500,4,FAIL,0.568849802,0.404093474,1.76232302,0.513325453,1.45441687,6.03912306,0.101846941,0.000214713204,4.10327768,1.40522873
sgm_4,pmstokes_H8.500,5,FAIL,0.342845201,0.468204856,5.80793428,0.50705421,1.47097135,5.96534348,0.0865951851,0.000189014871,4.10105085,1.41125798
sgm_8,jonswap_H0.270,1,FAIL,0.137548879,0.41902563,3.50508237,0.018285105,0.0531937294,6.77226114,0.0664026439,0.000244671799,1.2976892,0.330172807
sgm_8,jonswap_H0.270,2,FAIL,0.326605171,0.259135842,4.06321144,0.0193217732,0.0530222431,7.15621233,0.0637344122,0.000241456466,1.28320587,0.331642151
sgm_8,jonswap_H0.270,3,FAIL,0.168504074,0.244015351,4.85164309,0.0177195761,0.0527319014,6.56280565,0.039699547,0.000224277203,1.25606072,0.340860814
sgm_8,jonswap_H0.270,4,FAIL,0.394450843,0.320911944,2.66916418,0.0184605587,0.0529064015,6.83724403,0.0811910182,0.000220774338,1.26511419,0.330715954
sgm_8,jonswap_H0.270,5,FAIL,0.480096459,0.368134677,5.81144667,0.0166732203,0.0522935539,6.17526674,0.0979976207,0.000208731799,1.25769985,0.331572473
sgm_8,jonswap_H1.500,1,FAIL,0.198420107,0.3744317,3.41416574,0.0954152495,0.292829633,6.36101627,0.0544297807,0.000236104825,2.18139935,0.684075892
sgm_8,jonswap_H1.500,2,FAIL,0.45312041,0.387711734,2.90491843,0.0972635895,0.290998906,6.4842391,0.087843962,0.000250561978,2.18514132,0.685219526
sgm_8,jonswap_H1.500,3,FAIL,0.196463078,0.40203765,2.97259808,0.0914855823,0.290480554,6.0990386,0.0559738688,0.000241589471,2.17887568,0.688429117
sgm_8,jonswap_H1.500,4,FAIL,0.508145213,0.460561514,1.90003991,0.0931381807,0.288892686,6.20921183,0.107170619,0.000209889404,2.18383503,0.665489316
sgm_8,jonswap_H1.500,5,FAIL,0.389634699,0.519926786,6.41476202,0.0902022049,0.290128738,6.01348019,0.0992814004,0.000201915624,2.17812371,0.679515004
sgm_8,jonswap_H4.000,1,FAIL,0.333205014,0.35343954,2.71115947,0.256292105,0.815925658,6.40730286,0.0495211072,0.000234951876,3.5906105,1.06248486
sgm_8,jonswap_H4.000,2,FAIL,0.253583699,0.614756346,3.86375093,0.247695312,0.810700297,6.19238281,0.0873993114,0.00023577208,3.59119201,1.0617187
sgm_8,jonswap_H4.000,3,FAIL,0.323569745,0.641400158,3.77184725,0.23823151,0.809773564,5.95578766,0.094095163,0.000248519384,3.58975983,1.06095934
sgm_8,jonswap_H4.000,4,FAIL,0.305327058,0.686313033,2.53536081,0.262745529,0.816227734,6.56863832,0.106684476,0.000185025041,3.59064627,1.06167448
sgm_8,jonswap_H4.000,5,FAIL,0.652603686,0.723980844,3.63394713,0.240077555,0.802561045,6.00193882,0.14574495,0.000295278151,3.58965158,1.05997014
sgm_8,jonswap_H8.500,1,FAIL,0.294224203,0.38245374,3.6869092,0.52262181,1.67624176,6.14849186,0.0416001491,0.000234778709,4.22208929,1.34271467
sgm_8,jonswap_H8.500,2,FAIL,0.553432405,0.748334527,3.25252032,0.487858295,1.66338074,5.73950911,0.118981518,0.000247011805,4.22125196,1.33949733
sgm_8,jonswap_H8.500,3,FAIL,0.305213749,0.829365075,1.82051039,0.517696857,1.70186448,6.09055138,0.101653561,0.000264200789,4.22270012,1.34001398
sgm_8,jonswap_H8.500,4,FAIL,0.591935039,0.819976449,2.35152984,0.524707913,1.67310238,6.17303419,0.138838947,0.000178567352,4.22099257,1.33864534
sgm_8,jonswap_H8.500,5,FAIL,0.367956281,0.889649749,6.29441023,0.513032377,1.68696928,6.03567505,0.129306823,0.000232593215,4.22358608,1.33993495
sgm_8,pmstokes_H0.270,1,FAIL,0.136603773,0.449847549,3.15138435,0.0180019755,0.0515481345,6.66739798,0.0723751709,0.000242198294,1.19016337,0.374455363
sgm_8,pmstokes_H0.270,2,FAIL,0.344607025,0.22695604,3.96673894,0.018657824,0.0512409322,6.91030502,0.0638281181,0.000241047936,1.17496097,0.373425692
sgm_8,pmstokes_H0.270,3,FAIL,0.162696123,0.214743808,4.61539459,0.0172084142,0.0510994941,6.37348652,0.0350846164,0.000230787336,1.14918911,0.363360405
sgm_8,pmstokes_H0.270,4,FAIL,0.411578327,0.276127398,2.51176834,0.0182072055,0.0512956008,6.74340916,0.0796204358,0.000222958493,1.157704,0.375236511
sgm_8,pmstokes_H0.270,5,FAIL,0.458450198,0.324453712,4.97120333,0.0166790839,0.0507184938,6.17743826,0.0910964906,0.000222915376,1.14953399,0.374746531
sgm_8,pmstokes_H1.500,1,FAIL,0.167561218,0.499418288,3.16166639,0.0941413492,0.281088829,6.27608967,0.0738458708,0.000238885259,2.04426289,0.747584164
sgm_8,pmstokes_H1.500,2,FAIL,0.388444602,0.272902161,2.75113726,0.0902236477,0.276927173,6.01490974,0.0673080832,0.000251113466,2.04543304,0.746993423
sgm_8,pmstokes_H1.500,3,FAIL,0.182886764,0.270933777,3.03415275,0.0881571025,0.277682722,5.87714005,0.0332580395,0.000237478584,2.04294515,0.746214867
sgm_8,pmstokes_H1.500,4,FAIL,0.436705381,0.320412725,1.79824531,0.0913852528,0.276642025,6.09235001,0.0829823092,0.000209217513,2.04352808,0.74779582
sgm_8,pmstokes_H1.500,5,FAIL,0.454397649,0.376651704,5.89844847,0.0863427594,0.277139872,5.75618362,0.0901701152,0.000202371957,2.04251885,0.746023476
sgm_8,pmstokes_H4.000,1,FAIL,0.222691655,0.560224354,2.20399284,0.258204341,0.773780763,6.45510864,0.0762922168,0.000239611705,3.28942418,1.05846632
sgm_8,pmstokes_H4.000,2,FAIL,0.351030409,0.336449176,3.52298856,0.238306388,0.762355983,5.95765972,0.0585622638,0.00024038546,3.2908864,1.06255674
sgm_8,pmstokes_H4.000,3,FAIL,0.234356165,0.33628872,4.22379446,0.23518759,0.762581885,5.87968969,0.0351675004,0.000255980383,3.29019737,1.06391275
sgm_8,pmstokes_H4.000,4,FAIL,0.383274198,0.375183642,1.92862153,0.258612096,0.768078148,6.46530247,0.0732282624,0.000194252934,3.2902925,1.06313705
sgm_8,pmstokes_H4.000,5,FAIL,0.524280012,0.395879507,2.65634727,0.228032142,0.753539264,5.70080376,0.0953861326,0.000269275013,3.29173493,1.06039894
sgm_8,pmstokes_H8.500,1,FAIL,0.255833775,0.549562454,3.32448602,0.544338584,1.62071931,6.40398312,0.0700690895,0.000238723951,4.10274935,1.41329074
sgm_8,pmstokes_H8.500,2,FAIL,0.462973744,0.402598172,2.88378334,0.486232698,1.58551633,5.7203846,0.0716610849,0.000241813919,4.10255957,1.41199362
sgm_8,pmstokes_H8.500,3,FAIL,0.26402089,0.415538758,2.31248045,0.510943949,1.60142422,6.01110506,0.03849582,0.000349747745,4.10273933,1.41282773
sgm_8,pmstokes_H8.500,4,FAIL,0.580654263,0.45807001,1.82775903,0.51849848,1.59086156,6.09998178,0.101317681,0.000199472808,4.10327768,1.40522873
sgm_8,pmstokes_H8.500,5,FAIL,0.456926256,0.501078725,5.75814104,0.51524961,1.60261667,6.06175995,0.0912884846,0.000196432331,4.10105085,1.41125798
pq0_5e-05,jonswap_H0.270,1,FAIL,0.264101803,0.462403804,3.55144858,0.0181717668,0.0504885241,6.73028374,0.081718713,0.000239469067,1.2976892,0.330172807
pq0_5e-05,jonswap_H0.270,2,FAIL,0.32162106,0.229714453,4.10119772,0.0192875937,0.050189808,7.14355326,0.0604083799,0.000237801825,1.28320587,0.331642151
pq0_5e-05,jonswap_H0.270,3,FAIL,0.177239105,0.244646356,5.02216959,0.0177775472,0.0496146753,6.58427668,0.0407555513,0.000225596596,1.25606072,0.340860814
pq0_5e-05,jonswap_H0.270,4,FAIL,0.303479582,0.291304082,2.47822404,0.0183400903,0.0496710129,6.7926259,0.0646195784,0.000226499076,1.26511419,0.330715954
pq0_5e-05,jonswap_H0.270,5,FAIL,0.344286501,0.414447397,5.87408543,0.0167157222,0.0492526926,6.19100809,0.0884659216,0.000198022593,1.25769985,0.331572473
pq0_5e-05,jonswap_H1.500,1,FAIL,0.259753942,0.394314766,3.50062108,0.0959923118,0.260593414,6.39948702,0.0667325407,0.000243154485,2.18139935,0.684075892
pq0_5e-05,jonswap_H1.500,2,FAIL,0.392717093,0.304176629,2.99896455,0.0965752155,0.2535263,6.43834734,0.0777161643,0.000246169948,2.18514132,0.685219526
pq0_5e-05,jonswap_H1.500,3,FAIL,0.211742073,0.362052321,3.1699779,0.0901572704,0.246492371,6.0104847,0.059071172,0.000235106505,2.17887568,0.688429117
pq0_5e-05,jonswap_H1.500,4,FAIL,0.358674824,0.39774248,1.77389181,0.0924204811,0.249257833,6.16136503,0.0832681507,0.000200531344,2.18383503,0.665489316
pq0_5e-05,jonswap_H1.500,5,FAIL,0.305141568,0.522373199,6.53622723,0.0875536725,0.251017958,5.8369112,0.098877877,0.000198362162,2.17812371,0.679515004
pq0_5e-05,jonswap_H4.000,1,FAIL,0.439948708,0.287746757,2.88306522,0.250457227,0.730351627,6.26143074,0.0732845441,0.000227628669,3.5906105,1.06248486
pq0_5e-05,jonswap_H4.000,2,FAIL,0.206619486,0.509870112,3.95616722,0.247860804,0.721092105,6.19652033,0.0831706002,0.00022842933,3.59119201,1.0617187
pq0_5e-05,jonswap_H4.000,3,FAIL,0.185393438,0.5832358,3.94849801,0.235937372,0.711919188,5.89843416,0.0887008607,0.000249342964,3.58975983,1.06095934
pq0_5e-05,jonswap_H4.000,4,FAIL,0.211307541,0.620715916,2.48727584,0.253240734,0.722325802,6.33101845,0.0986432359,0.000198960959,3.59064627,1.06167448
pq0_5e-05,jonswap_H4.000,5,FAIL,0.422525436,0.712752223,3.88534522,0.230122253,0.712053597,5.75305653,0.136698693,0.000284857175,3.58965158,1.05997014
pq0_5e-05,jonswap_H8.500,1,FAIL,0.407648474,0.262924939,3.83816242,0.538035572,1.43588269,6.32983017,0.0670117512,0.000232360879,4.22208929,1.34271467
pq0_5e-05,jonswap_H8.500,2,FAIL,0.255847096,0.514297068,3.39617348,0.488980442,1.34425986,5.75271082,0.0865503103,0.000249198405,4.22125196,1.33949733
pq0_5e-05,jonswap_H8.500,3,FAIL,0.171927437,0.662891865,2.00071359,0.506962597,1.35173082,5.96426582,0.0958883241,0.000244814175,4.22270012,1.34001398
pq0_5e-05,jonswap_H8.500,4,FAIL,0.25077343,0.632654786,2.33508348,0.519884169,1.3959837,6.11628437,0.100878052,0.000167716178,4.22099257,1.33864534
pq0_5e-05,jonswap_H8.500,5,FAIL,0.397814184,0.731748283,6.48499966,0.497935027,1.4060154,5.85805893,0.133759156,0.000243388029,4.22358608,1.33993495
pq0_5e-05,pmstokes_H0.270,1,FAIL,0.251111299,0.497129619,3.22120309,0.0178972986,0.0494137332,6.62862873,0.0859915167,0.000240114648,1.19016337,0.374455363
pq0_5e-05,pmstokes_H0.270,2,FAIL,0.341191977,0.201442853,4.0023675,0.01865362,0.0487308502,6.90874815,0.060870599,0.000238054825,1.17496097,0.373425692
pq0_5e-05,pmstokes_H0.270,3,FAIL,0.185589686,0.219952419,4.80703783,0.0172986351,0.0482143648,6.40690184,0.0379330479,0.000226339689,1.14918911,0.363360405
pq0_5e-05,pmstokes_H0.270,4,FAIL,0.322854161,0.251271337,2.33447647,0.0181250926,0.0484972708,6.71299696,0.0627295226,0.000224823889,1.157704,0.375236511
pq0_5e-05,pmstokes_H0.270,5,FAIL,0.32544744,0.368680567,5.1163516,0.0166801307,0.0480117947,6.17782593,0.0809455365,0.00021131587,1.14953399,0.374746531
pq0_5e-05,pmstokes_H1.500,1,FAIL,0.255243063,0.522049606,3.23228168,0.0943567306,0.251870364,6.29044867,0.085895136,0.000242121445,2.04426289,0.747584164
pq0_5e-05,pmstokes_H1.500,2,FAIL,0.380369782,0.198762909,2.83626342,0.0903796926,0.239901602,6.02531242,0.0647404492,0.000250383251,2.04543304,0.746993423
pq0_5e-05,pmstokes_H1.500,3,FAIL,0.206446648,0.231898323,3.22067618,0.0872827917,0.235362366,5.81885242,0.0381719507,0.000236616674,2.04294515,0.746214867
pq0_5e-05,pmstokes_H1.500,4,FAIL,0.348711133,0.263559222,1.66225672,0.0906194299,0.238513499,6.04129505,0.0654433817,0.000209915554,2.04352808,0.74779582
pq0_5e-05,pmstokes_H1.500,5,FAIL,0.323364615,0.389821708,6.01084328,0.0848467201,0.240948841,5.65644789,0.0823837966,0.000196687557,2.04251885,0.746023476
pq0_5e-05,pmstokes_H4.000,1,FAIL,0.361821532,0.574690282,2.29180932,0.253671199,0.70880115,6.34178019,0.0992631018,0.000242064692,3.28942418,1.05846632
pq0_5e-05,pmstokes_H4.000,2,FAIL,0.277700901,0.213417619,3.54722714,0.236908406,0.668329358,5.92270994,0.0450989902,0.000238936249,3.2908864,1.06255674
pq0_5e-05,pmstokes_H4.000,3,FAIL,0.18558453,0.249894485,4.43962908,0.235587493,0.66114819,5.88968754,0.0328900144,0.000245871663,3.29019737,1.06391275
pq0_5e-05,pmstokes_H4.000,4,FAIL,0.246397853,0.28227821,1.84798956,0.24891676,0.677046001,6.22291899,0.0474938303,0.000220473186,3.2902925,1.06313705
pq0_5e-05,pmstokes_H4.000,5,FAIL,0.42149961,0.346146226,2.88451457,0.223048419,0.668157518,5.5762105,0.089900814,0.000235242987,3.29173493,1.06039894
pq0_5e-05,pmstokes_H8.500,1,FAIL,0.240606785,0.48934108,3.32520199,0.544803441,1.38054466,6.40945196,0.0788033158,0.000235485859,4.10274935,1.41329074
pq0_5e-05,pmstokes_H8.500,2,FAIL,0.43765077,0.245442554,2.90536618,0.480353445,1.26343715,5.65121698,0.0741243511,0.0002393912,4.10255957,1.41199362
pq0_5e-05,pmstokes_H8.500,3,FAIL,0.198228911,0.2861,2.6012969,0.501416683,1.26581633,5.89901972,0.0367317796,0.000354121643,4.10273933,1.41282773
pq0_5e-05,pmstokes_H8.500,4,FAIL,0.584133863,0.356246173,1.73901439,0.506124258,1.28767073,5.95440292,0.105845772,0.00023934526,4.10327768,1.40522873
pq0_5e-05,pmstokes_H8.500,5,FAIL,0.301586062,0.443194598,5.8366189,0.494735271,1.33048022,5.82041502,0.08285065,0.000186751829,4.10105085,1.41125798
pq0_0.005,jonswap_H0.270,1,FAIL,0.264101803,0.462403804,3.55144858,0.0181717668,0.0504885241,6.73028374,0.081718713,0.000239469067,1.2976892,0.330172807
pq0_0.005,jonswap_H0.270,2,FAIL,0.32162106,0.229714453,4.10119772,0.0192875937,0.050189808,7.14355326,0.0604083799,0.000237801825,1.28320587,0.331642151
pq0_0.005,jonswap_H0.270,3,FAIL,0.177239105,0.244646356,5.02216959,0.0177775472,0.0496146753,6.58427668,0.0407555513,0.000225596596,1.25606072,0.340860814
pq0_0.005,jonswap_H0.270,4,FAIL,0.303479582,0.291304082,2.47822404,0.0183400903,0.0496710129,6.7926259,0.0646195784,0.000226499076,1.26511419,0.330715954
pq0_0.005,jonswap_H0.270,5,FAIL,0.344286501,0.414447397,5.87408543,0.0167157222,0.0492526926,6.19100809,0.0884659216,0.000198022593,1.25769985,0.331572473
pq0_0.005,jonswap_H1.500,1,FAIL,0.259753942,0.394314766,3.50062108,0.0959923118,0.260593414,6.39948702,0.0667325407,0.000243154485,2.18139935,0.684075892
pq0_0.005,jonswap_H1.500,2,FAIL,0.392717093,0.304176629,2.99896455,0.0965752155,0.2535263,6.43834734,0.0777161643,0.000246169948,2.18514132,0.685219526
pq0_0.005,jonswap_H1.500,3,FAIL,0.211742073,0.362052321,3.1699779,0.0901572704,0.246492371,6.0104847,0.059071172,0.000235106505,2.17887568,0.688429117
pq0_0.005,jonswap_H1.500,4,FAIL,0.358674824,0.39774248,1.77389181,0.0924204811,0.249257833,6.16136503,0.0832681507,0.000200531344,2.18383503,0.665489316
pq0_0.005,jonswap_H1.500,5,FAIL,0.305141568,0.522373199,6.53622723,0.0875536725,0.251017958,5.8369112,0.098877877,0.000198362162,2.17812371,0.679515004
pq0_0.005,jonswap_H4.000,1,FAIL,0.439948708,0.287746757,2.88306522,0.250457227,0.730351627,6.26143074,0.0732845441,0.000227628669,3.5906105,1.06248486
pq0_0.005,jonswap_H4.000,2,FAIL,0.206619486,0.509870112,3.95616722,0.247860804,0.721092105,6.19652033,0.0831706002,0.00022842933,3.59119201,1.0617187
pq0_0.005,jonswap_H4.000,3,FAIL,0.185393438,0.5832358,3.94849801,0.235937372,0.711919188,5.89843416,0.0887008607,0.000249342964,3.58975983,1.06095934
pq0_0.005,jonswap_H4.000,4,FAIL,0.211307541,0.620715916,2.48727584,0.253240734,0.722325802,6.33101845,0.0986432359,0.000198960959,3.59064627,1.06167448
pq0_0.005,jonswap_H4.000,5,FAIL,0.422525436,0.712752223,3.88534522,0.230122253,0.712053597,5.75305653,0.136698693,0.000284857175,3.58965158,1.05997014
pq0_0.005,jonswap_H8.500,1,FAIL,0.407648474,0.262924939,3.83816242,0.538035572,1.43588269,6.32983017,0.0670117512,0.000232360879,4.22208929,1.34271467
pq0_0.005,jonswap_H8.500,2,FAIL,0.255847096,0.514297068,3.39617348,0.488980442,1.34425986,5.75271082,0.0865503103,0.000249198405,4.22125196,1.33949733
pq0_0.005,jonswap_H8.500,3,FAIL,0.171927437,0.662891865,2.00071359,0.506962597,1.35173082,5.96426582,0.0958883241,0.000244814175,4.22270012,1.34001398
pq0_0.005,jonswap_H8.500,4,FAIL,0.25077343,0.632654786,2.33508348,0.519884169,1.3959837,6.11628437,0.100878052,0.000167716178,4.22099257,1.33864534
pq0_0.005,jonswap_H8.500,5,FAIL,0.397814184,0.731748283,6.48499966,0.497935027,1.4060154,5.85805893,0.133759156,0.000243388029,4.22358608,1.33993495
pq0_0.005,pmstokes_H0.270,1,FAIL,0.251111299,0.497129619,3.22120309,0.0178972986,0.0494137332,6.62862873,0.0859915167,0.000240114648,1.19016337,0.374455363
pq0_0.005,pmstokes_H0.270,2,FAIL,0.341191977,0.201442853,4.0023675,0.01865362,0.0487308502,6.90874815,0.060870599,0.000238054825,1.17496097,0.373425692
pq0_0.005,pmstokes_H0.270,3,FAIL,0.185589686,0.219952419,4.80703783,0.0172986351,0.0482143648,6.40690184,0.0379330479,0.000226339689,1.14918911,0.363360405
pq0_0.005,pmstokes_H0.270,4,FAIL,0.322854161,0.251271337,2.33447647,0.0181250926,0.0484972708,6.71299696,0.0627295226,0.000224823889,1.157704,0.375236511
pq0_0.005,pmstokes_H0.270,5,FAIL,0.32544744,0.368680567,5.1163516,0.0166801307,0.0480117947,6.17782593,0.0809455365,0.00021131587,1.14953399,0.374746531
pq0_0.005,pmstokes_H1.500,1,FAIL,0.255243063,0.522049606,3.23228168,0.0943567306,0.251870364,6.29044867,0.085895136,0.000242121445,2.04426289,0.747584164
pq0_0.005,pmstokes_H1.500,2,FAIL,0.380369782,0.198762909,2.83626342,0.0903796926,0.239901602,6.02531242,0.0647404492,0.000250383251,2.04543304,0.746993423
pq0_0.005,pmstokes_H1.500,3,FAIL,0.206446648,0.231898323,3.22067618,0.0872827917,0.235362366,5.81885242,0.0381719507,0.000236616674,2.04294515,0.746214867
pq0_0.005,pmstokes_H1.500,4,FAIL,0.348711133,0.263559222,1.66225672,0.0906194299,0.238513499,6.04129505,0.0654433817,0.000209915554,2.04352808,0.74779582
pq0_0.005,pmstokes_H1.500,5,FAIL,0.323364615,0.389821708,6.01084328,0.0848467201,0.240948841,5.65644789,0.0823837966,0.000196687557,2.04251885,0.746023476
pq0_0.005,pmstokes_H4.000,1,FAIL,0.361821532,0.574690282,2.29180932,0.253671199,0.70880115,6.34178019,0.0992631018,0.000242064692,3.28942418,1.05846632
pq0_0.005,pmstokes_H4.000,2,FAIL,0.277700901,0.213417619,3.54722714,0.236908406,0.668329358,5.92270994,0.0450989902,0.000238936249,3.2908864,1.06255674
pq0_0.005,pmstokes_H4.000,3,FAIL,0.18558453,0.249894485,4.43962908,0.235587493,0.66114819,5.88968754,0.0328900144,0.000245871663,3.29019737,1.06391275
pq0_0.005,pmstokes_H4.000,4,FAIL,0.246397853,0.28227821,1.84798956,0.24891676,0.677046001,6.22291899,0.0474938303,0.000220473186,3.2902925,1.06313705
pq0_0.005,pmstokes_H4.000,5,FAIL,0.42149961,0.346146226,2.88451457,0.223048419,0.668157518,5.5762105,0.089900814,0.000235242987,3.29173493,1.06039894
pq0_0.005,pmstokes_H8.500,1,FAIL,0.240606785,0.48934108,3.32520199,0.544803441,1.38054466,6.40945196,0.0788033158,0.000235485859,4.10274935,1.41329074
pq0_0.005,pmstokes_H8.500,2,FAIL,0.43765077,0.245442554,2.90536618,0.480353445,1.26343715,5.65121698,0.0741243511,0.0002393912,4.10255957,1.41199362
pq0_0.005,pmstokes_H8.500,3,FAIL,0.198228911,0.2861,2.6012969,0.501416683,1.26581633,5.89901972,0.0367317796,0.000354121643,4.10273933,1.41282773
pq0_0.005,pmstokes_H8.500,4,FAIL,0.584133863,0.356246173,1.73901439,0.506124258,1.28767073,5.95440292,0.105845772,0.00023934526,4.10327768,1.40522873
pq0_0.005,pmstokes_H8.500,5,FAIL,0.301586062,0.443194598,5.8366189,0.494735271,1.33048022,5.82041502,0.08285065,0.000186751829,4.10105085,1.41125798
pq0_0.05,jonswap_H0.270,1,FAIL,0.264101803,0.462403804,3.55144858,0.0181717668,0.0504885241,6.73028374,0.081718713,0.000239469067,1.2976892,0.330172807
pq0_0.05,jonswap_H0.270,2,FAIL,0.32162106,0.229714453,4.10119772,0.0192875937,0.050189808,7.14355326,0.0604083799,0.000237801825,1.28320587,0.331642151
pq0_0.05,jonswap_H0.270,3,FAIL,0.177239105,0.244646356,5.02216959,0.0177775472,0.0496146753,6.58427668,0.0407555513,0.000225596596,1.25606072,0.340860814
pq0_0.05,jonswap_H0.270,4,FAIL,0.303479582,0.291304082,2.47822404,0.0183400903,0.0496710129,6.7926259,0.0646195784,0.000226499076,1.26511419,0.330715954
pq0_0.05,jonswap_H0.270,5,FAIL,0.344286501,0.414447397,5.87408543,0.0167157222,0.0492526926,6.19100809,0.0884659216,0.000198022593,1.25769985,0.331572473
pq0_0.05,jonswap_H1.500,1,FAIL,0.259753942,0.394314766,3.50062108,0.0959923118,0.260593414,6.39948702,0.0667325407,0.000243154485,2.18139935,0.684075892
pq0_0.05,jonswap_H1.500,2,FAIL,0.392717093,0.304176629,2.99896455,0.0965752155,0.2535263,6.43834734,0.0777161643,0.000246169948,2.18514132,0.685219526
pq0_0.05,jonswap_H1.500,3,FAIL,0.211742073,0.362052321,3.1699779,0.0901572704,0.246492371,6.0104847,0.059071172,0.000235106505,2.17887568,0.688429117
pq0_0.05,jonswap_H1.500,4,FAIL,0.358674824,0.39774248,1.77389181,0.0924204811,0.249257833,6.16136503,0.0832681507,0.000200531344,2.18383503,0.665489316
pq0_0.05,jonswap_H1.500,5,FAIL,0.305141568,0.522373199,6.53622723,0.0875536725,0.251017958,5.8369112,0.098877877,0.000198362162,2.17812371,0.679515004
pq0_0.05,jonswap_H4.000,1,FAIL,0.439948708,0.287746757,2.88306522,0.250457227,0.730351627,6.26143074,0.0732845441,0.000227628669,3.5906105,1.06248486
pq0_0.05,jonswap_H4.000,2,FAIL,0.206619486,0.509870112,3.95616722,0.247860804,0.721092105,6.19652033,0.0831706002,0.00022842933,3.59119201,1.0617187
pq0_0.05,jonswap_H4.000,3,FAIL,0.185393438,0.5832358,3.94849801,0.235937372,0.711919188,5.89843416,0.0887008607,0.000249342964,3.58975983,1.06095934
pq0_0.05,jonswap_H4.000,4,FAIL,0.211307541,0.620715916,2.48727584,0.253240734,0.722325802,6.33101845,0.0986432359,0.000198960959,3.59064627,1.06167448
pq0_0.05,jonswap_H4.000,5,FAIL,0.422525436,0.712752223,3.88534522,0.230122253,0.712053597,5.75305653,0.136698693,0.000284857175,3.58965158,1.05997014
pq0_0.05,jonswap_H8.500,1,FAIL,0.407648474,0.262924939,3.83816242,0.538035572,1.43588269,6.32983017,0.0670117512,0.000232360879,4.22208929,1.34271467
pq0_0.05,jonswap_H8.500,2,FAIL,0.255847096,0.514297068,3.39617348,0.488980442,1.34425986,5.75271082,0.0865503103,0.000249198405,4.22125196,1.33949733
pq0_0.05,jonswap_H8.500,3,FAIL,0.171927437,0.662891865,2.00071359,0.506962597,1.35173082,5.96426582,0.0958883241,0.000244814175,4.22270012,1.34001398
pq0_0.05,jonswap_H8.500,4,FAIL,0.25077343,0.632654786,2.33508348,0.519884169,1.3959837,6.11628437,0.100878052,0.000167716178,4.22099257,1.33864534
pq0_0.05,jonswap_H8.500,5,FAIL,0.397814184,0.731748283,6.48499966,0.497935027,1.4060154,5.85805893,0.133759156,0.000243388029,4.22358608,1.33993495
pq0_0.05,pmstokes_H0.270,1,FAIL,0.251111299,0.497129619,3.22120309,0.0178972986,0.0494137332,6.62862873,0.0859915167,0.000240114648,1.19016337,0.374455363
pq0_0.05,pmstokes_H0.270,2,FAIL,0.341191977,0.201442853,4.0023675,0.01865362,0.0487308502,6.90874815,0.060870599,0.000238054825,1.17496097,0.373425692
pq0_0.05,pmstokes_H0.270,3,FAIL,0.185589686,0.219952419,4.80703783,0.0172986351,0.0482143648,6.40690184,0.0379330479,0.000226339689,1.14918911,0.363360405
pq0_0.05,pmstokes_H0.270,4,FAIL,0.322854161,0.251271337,2.33447647,0.0181250926,0.0484972708,6.71299696,0.0627295226,0.000224823889,1.157704,0.375236511
pq0_0.05,pmstokes_H0.270,5,FAIL,0.32544744,0.368680567,5.1163516,0.0166801307,0.0480117947,6.17782593,0.0809455365,0.00021131587,1.14953399,0.374746531
pq0_0.05,pmstokes_H1.500,1,FAIL,0.255243063,0.522049606,3.23228168,0.0943567306,0.251870364,6.29044867,0.085895136,0.000242121445,2.04426289,0.747584164
pq0_0.05,pmstokes_H1.500,2,FAIL,0.380369782,0.198762909,2.83626342,0.0903796926,0.239901602,6.02531242,0.0647404492,0.000250383251,2.04543304,0.746993423
pq0_0.05,pmstokes_H1.500,3,FAIL,0.206446648,0.231898323,3.22067618,0.0872827917,0.235362366,5.81885242,0.0381719507,0.000236616674,2.04294515,0.746214867
pq0_0.05,pmstokes_H1.500,4,FAIL,0.348711133,0.263559222,1.66225672,0.0906194299,0.238513499,6.04129505,0.0654433817,0.000209915554,2.04352808,0.74779582
pq0_0.05,pmstokes_H1.500,5,FAIL,0.323364615,0.389821708,6.01084328,0.0848467201,0.240948841,5.65644789,0.0823837966,0.000196687557,2.04251885,0.746023476
pq0_0.05,pmstokes_H4.000,1,FAIL,0.361821532,0.574690282,2.29180932,0.253671199,0.70880115,6.34178019,0.0992631018,0.000242064692,3.28942418,1.05846632
pq0_0.05,pmstokes_H4.000,2,FAIL,0.277700901,0.213417619,3.54722714,0.236908406,0.668329358,5.92270994,0.0450989902,0.000238936249,3.2908864,1.06255674
pq0_0.05,pmstokes_H4.000,3,FAIL,0.18558453,0.249894485,4.43962908,0.235587493,0.66114819,5.88968754,0.0328900144,0.000245871663,3.29019737,1.06391275
pq0_0.05,pmstokes_H4.000,4,FAIL,0.246397853,0.28227821,1.84798956,0.24891676,0.677046001,6.22291899,0.0474938303,0.000220473186,3.2902925,1.06313705
pq0_0.05,pmstokes_H4.000,5,FAIL,0.42149961,0.346146226,2.88451457,0.223048419,0.668157518,5.5762105,0.089900814,0.000235242987,3.29173493,1.06039894
pq0_0.05,pmstokes_H8.500,1,FAIL,0.240606785,0.48934108,3.32520199,0.544803441,1.38054466,6.40945196,0.0788033158,0.000235485859,4.10274935,1.41329074
pq0_0.05,pmstokes_H8.500,2,FAIL,0.43765077,0.245442554,2.90536618,0.480353445,1.26343715,5.65121698,0.0741243511,0.0002393912,4.10255957,1.41199362
pq0_0.05,pmstokes_H8.500,3,FAIL,0.198228911,0.2861,2.6012969,0.501416683,1.26581633,5.89901972,0.0367317796,0.000354121643,4.10273933,1.41282773
pq0_0.05,pmstokes_H8.500,4,FAIL,0.584133863,0.356246173,1.73901439,0.506124258,1.28767073,5.95440292,0.105845772,0.00023934526,4.10327768,1.40522873
pq0_0.05,pmstokes_H8.500,5,FAIL,0.301586062,0.443194598,5.8366189,0.494735271,1.33048022,5.82041502,0.08285065,0.000186751829,4.10105085,1.41125798
pb0_1e-08,jonswap_H0.270,1,FAIL,0.271908939,0.414530963,3.712744,0.0181196798,0.0506332219,6.71099234,0.0794126466,0.000497942499,1.2976892,0.330172807
pb0_1e-08,jonswap_H0.270,2,FAIL,0.336810797,0.24083215,4.15090322,0.0192767717,0.050171338,7.13954496,0.0606930666,0.00048459589,1.28320587,0.331642151
pb0_1e-08,jonswap_H0.270,3,FAIL,0.174939379,0.230470642,4.99390888,0.0177761838,0.049545344,6.58377171,0.0409355685,0.000500445836,1.25606072,0.340860814
pb0_1e-08,jonswap_H0.270,4,FAIL,0.30438605,0.296642452,2.44125843,0.0183454081,0.0496501923,6.79459524,0.0644529015,0.000325728237,1.26511419,0.330715954
pb0_1e-08,jonswap_H0.270,5,FAIL,0.320089579,0.40362823,5.86256599,0.016725691,0.049400501,6.19470024,0.0880690143,0.000428124767,1.25769985,0.331572473
pb0_1e-08,jonswap_H1.500,1,FAIL,0.268183857,0.315415204,3.74095654,0.095652692,0.262962937,6.37684584,0.0640665069,0.000509747595,2.18139935,0.684075892
pb0_1e-08,jonswap_H1.500,2,FAIL,0.407388121,0.328380406,3.0807755,0.0964605436,0.253398687,6.43070269,0.0782342479,0.000490129227,2.18514132,0.685219526
pb0_1e-08,jonswap_H1.500,3,FAIL,0.204438642,0.344555706,3.14706969,0.0901434273,0.246149331,6.00956154,0.0591286644,0.000517332635,2.17887568,0.688429117
pb0_1e-08,jonswap_H1.500,4,FAIL,0.360659748,0.401431292,1.73670113,0.0924711972,0.2489997,6.16474628,0.0830547139,0.000339210761,2.18383503,0.665489316
pb0_1e-08,jonswap_H1.500,5,FAIL,0.277681231,0.506150424,6.51357222,0.087586686,0.251491576,5.83911228,0.0984540731,0.000438771618,2.17812371,0.679515004
pb0_1e-08,jonswap_H4.000,1,FAIL,0.464933872,0.211507604,3.19900346,0.248865038,0.744508445,6.2216258,0.0729721785,0.000549494929,3.5906105,1.06248486
pb0_1e-08,jonswap_H4.000,2,FAIL,0.216317117,0.539416373,4.05101776,0.247400239,0.722762704,6.18500614,0.0843821913,0.000514333369,3.59119201,1.0617187
pb0_1e-08,jonswap_H4.000,3,FAIL,0.195141047,0.562404096,3.93512416,0.235839084,0.710723221,5.89597702,0.0886232704,0.000552824466,3.58975983,1.06095934
pb0_1e-08,jonswap_H4.000,4,FAIL,0.213454872,0.622113407,2.44387102,0.253476739,0.720270693,6.33691835,0.0982248709,0.000356945326,3.59064627,1.06167448
pb0_1e-08,jonswap_H4.000,5,FAIL,0.393767267,0.701126039,3.88604355,0.230107412,0.711893618,5.75268507,0.136655152,0.000469153485,3.58965158,1.05997014
pb0_1e-08,jonswap_H8.500,1,FAIL,0.438148916,0.178169355,4.23600769,0.5352391,1.48816144,6.29693031,0.0665902495,0.000552000653,4.22208929,1.34271467
pb0_1e-08,jonswap_H8.500,2,FAIL,0.263462245,0.560669243,3.53815174,0.48807925,1.35715902,5.74210882,0.0880068392,0.000511199411,4.22125196,1.33949733
pb0_1e-08,jonswap_H8.500,3,FAIL,0.177591562,0.643495381,1.98270774,0.506685615,1.35028231,5.96100712,0.0957439765,0.000551072706,4.22270012,1.34001398
pb0_1e-08,jonswap_H8.500,4,FAIL,0.252947927,0.635614038,2.29717493,0.520269573,1.39113212,6.12081861,0.100587673,0.000362295832,4.22099257,1.33864534
pb0_1e-08,jonswap_H8.500,5,FAIL,0.36751616,0.714028776,6.46675587,0.498025984,1.4042151,5.85912895,0.133502185,0.000468402926,4.22358608,1.33993495
pb0_1e-08,pmstokes_H0.270,1,FAIL,0.258251667,0.448275626,3.38371348,0.0178467389,0.0495685451,6.60990334,0.0835592598,0.000495633692,1.19016337,0.374455363
pb0_1e-08,pmstokes_H0.270,2,FAIL,0.356700242,0.212408975,4.05276394,0.0186435431,0.0487220064,6.90501595,0.0610677339,0.000483518408,1.17496097,0.373425692
pb0_1e-08,pmstokes_H0.270,3,FAIL,0.182181671,0.205439404,4.7797761,0.0172974896,0.048145391,6.40647745,0.0380755924,0.000502080016,1.14918911,0.363360405
pb0_1e-08,pmstokes_H0.270,4,FAIL,0.323866725,0.256546319,2.29835486,0.0181301683,0.0484776981,6.71487713,0.0626041442,0.000325791858,1.157704,0.375236511
pb0_1e-08,pmstokes_H0.270,5,FAIL,0.301894307,0.358755946,5.10955858,0.0166894589,0.0482019596,6.18128109,0.0806337819,0.00042831141,1.14953399,0.374746531
pb0_1e-08,pmstokes_H1.500,1,FAIL,0.265426576,0.441251457,3.47758579,0.0940208435,0.25367412,6.26805592,0.0828262791,0.000522834191,2.04426289,0.747584164
pb0_1e-08,pmstokes_H1.500,2,FAIL,0.394767016,0.219646946,2.91957521,0.0902584568,0.239668027,6.01723003,0.0649370924,0.000501045724,2.04543304,0.746993423
pb0_1e-08,pmstokes_H1.500,3,FAIL,0.201083824,0.21485211,3.19761539,0.0872741491,0.235048607,5.81827641,0.0381902456,0.000526471995,2.04294515,0.746214867
pb0_1e-08,pmstokes_H1.500,4,FAIL,0.35035342,0.266077638,1.62015188,0.090665184,0.238327801,6.04434538,0.0653043538,0.000344819215,2.04352808,0.74779582
pb0_1e-08,pmstokes_H1.500,5,FAIL,0.294965595,0.372550577,5.98538923,0.0848784745,0.241637692,5.65856457,0.0819725171,0.000446812744,2.04251885,0.746023476
pb0_1e-08,pmstokes_H4.000,1,FAIL,0.384364933,0.470758617,2.60368538,0.252083957,0.713252902,6.30209875,0.0962244645,0.000529088778,3.28942418,1.05846632
pb0_1e-08,pmstokes_H4.000,2,FAIL,0.289630324,0.232713535,3.63364577,0.236466125,0.667670965,5.91165304,0.045315627,0.000504972064,3.2908864,1.06255674
pb0_1e-08,pmstokes_H4.000,3,FAIL,0.190875813,0.232453495,4.425035,0.235500291,0.660258055,5.88750744,0.0328472182,0.00053975411,3.29019737,1.06391275
pb0_1e-08,pmstokes_H4.000,4,FAIL,0.248709828,0.280432373,1.7947036,0.249183699,0.6761747,6.22959232,0.0472332351,0.000342823565,3.2902925,1.06313705
pb0_1e-08,pmstokes_H4.000,5,FAIL,0.391841203,0.332880467,2.87137151,0.223098353,0.668773413,5.57745886,0.0897033587,0.000449156738,3.29173493,1.06039894
pb0_1e-08,pmstokes_H8.500,1,FAIL,0.246009842,0.368143678,3.69579363,0.541920543,1.39902151,6.37553549,0.0751055479,0.000593857199,4.10274935,1.41329074
pb0_1e-08,pmstokes_H8.500,2,FAIL,0.452878982,0.271638691,3.00270748,0.479549646,1.26284611,5.64176035,0.0742968395,0.000540554407,4.10255957,1.41199362
pb0_1e-08,pmstokes_H8.500,3,FAIL,0.202966452,0.250779986,2.62954378,0.501662195,1.26047528,5.90190792,0.036218714,0.00059451937,4.10273933,1.41282773
pb0_1e-08,pmstokes_H8.500,4,FAIL,0.589644194,0.344871044,1.66163361,0.506704986,1.28516376,5.96123505,0.105674326,0.000372763345,4.10327768,1.40522873
pb0_1e-08,pmstokes_H8.500,5,FAIL,0.267931283,0.407041967,5.75780869,0.495237947,1.33101344,5.82632875,0.0819668621,0.000483057665,4.10105085,1.41125798
pb0_1e-07,jonswap_H0.270,1,FAIL,0.265504092,0.451640368,3.58840942,0.0181602091,0.0504831448,6.72600317,0.081206426,0.000229102458,1.2976892,0.330172807
pb0_1e-07,jonswap_H0.270,2,FAIL,0.325034052,0.232248887,4.11253071,0.0192852356,0.0501781106,7.14267969,0.0604712255,0.000261768175,1.28320587,0.331642151
pb0_1e-07,jonswap_H0.270,3,FAIL,0.176944479,0.241411626,5.01615906,0.0177772995,0.0495980345,6.58418465,0.0407898463,0.000242092778,1.25606072,0.340860814
pb0_1e-07,jonswap_H0.270,4,FAIL,0.303671062,0.292431325,2.46984839,0.0183412358,0.0496644527,6.79305029,0.0645882413,0.000205513672,1.26511419,0.330715954
pb0_1e-07,jonswap_H0.270,5,FAIL,0.338614732,0.412069261,5.87155437,0.0167179424,0.0492803417,6.19183016,0.0883797854,0.00020307643,1.25769985,0.331572473
pb0_1e-07,jonswap_H1.500,1,FAIL,0.260916144,0.375250906,3.55836654,0.0959118381,0.260648578,6.39412212,0.0660978183,0.000223437106,2.18139935,0.684075892
pb0_1e-07,jonswap_H1.500,2,FAIL,0.396027297,0.309900701,3.01873088,0.096548155,0.253411084,6.43654346,0.0778366476,0.000261002278,2.18514132,0.685219526
pb0_1e-07,jonswap_H1.500,3,FAIL,0.210308969,0.358036995,3.16500163,0.0901554227,0.246413291,6.01036119,0.0590681806,0.000254399114,2.17887568,0.688429117
pb0_1e-07,jonswap_H1.500,4,FAIL,0.359152585,0.398334652,1.76504469,0.092432715,0.249174401,6.1621809,0.0832249746,0.00019248332,2.18383503,0.665489316
pb0_1e-07,jonswap_H1.500,5,FAIL,0.298490673,0.518796563,6.53121042,0.0875607356,0.251108915,5.83738232,0.0987901986,0.000202724259,2.17812371,0.679515004
pb0_1e-07,jonswap_H4.000,1,FAIL,0.445433974,0.262861699,2.9628222,0.250057101,0.732369125,6.25142765,0.0731019825,0.00022781259,3.5906105,1.06248486
pb0_1e-07,jonswap_H4.000,2,FAIL,0.209012613,0.517109931,3.98061967,0.247738779,0.721336484,6.19346952,0.0834790394,0.000258773536,3.59119201,1.0617187
pb0_1e-07,jonswap_H4.000,3,FAIL,0.188085258,0.577926397,3.94695354,0.23592414,0.711536884,5.89810371,0.088650696,0.000277517538,3.58975983,1.06095934
pb0_1e-07,jonswap_H4.000,4,FAIL,0.211879998,0.620548785,2.47609138,0.253306121,0.721682072,6.33265305,0.0985480621,0.000195393863,3.59064627,1.06167448
pb0_1e-07,jonswap_H4.000,5,FAIL,0.415523648,0.710598886,3.88738179,0.230106696,0.711962104,5.75266743,0.136733562,0.000267143478,3.58965158,1.05997014
pb0_1e-07,jonswap_H8.500,1,FAIL,0.414284587,0.231333464,3.94332695,0.537330389,1.44597912,6.32153368,0.0667925104,0.000230404345,4.22208929,1.34271467
pb0_1e-07,jonswap_H8.500,2,FAIL,0.25730437,0.52645427,3.43524909,0.488715976,1.34720778,5.74959946,0.0869374871,0.000261017703,4.22125196,1.33949733
pb0_1e-07,jonswap_H8.500,3,FAIL,0.173656121,0.65860039,1.99547172,0.506894112,1.35154569,5.96345997,0.0958095789,0.000277746673,4.22270012,1.34001398
pb0_1e-07,jonswap_H8.500,4,FAIL,0.25119105,0.633523762,2.32705617,0.519968033,1.3947705,6.11727095,0.100814112,0.000186635414,4.22099257,1.33864534
pb0_1e-07,jonswap_H8.500,5,FAIL,0.390661061,0.728728354,6.48466253,0.49792859,1.40570104,5.85798311,0.133739159,0.00023738989,4.22358608,1.33993495
pb0_1e-07,pmstokes_H0.270,1,FAIL,0.252349287,0.486211807,3.25844741,0.0178859849,0.0494028442,6.62443876,0.0854593143,0.000225945711,1.19016337,0.374455363
pb0_1e-07,pmstokes_H0.270,2,FAIL,0.344664425,0.203978479,4.01388025,0.0186513662,0.0487197302,6.90791321,0.0609157607,0.000260536792,1.17496097,0.373425692
pb0_1e-07,pmstokes_H0.270,3,FAIL,0.185046151,0.216592103,4.80131721,0.0172985345,0.0481974036,6.40686464,0.0379608162,0.000244776485,1.14918911,0.363360405
pb0_1e-07,pmstokes_H0.270,4,FAIL,0.323069006,0.25239116,2.32636571,0.0181261934,0.0484911762,6.71340466,0.0627059191,0.000204800759,1.157704,0.375236511
pb0_1e-07,pmstokes_H0.270,5,FAIL,0.319891453,0.366512299,5.11499596,0.0166822113,0.048049178,6.1785965,0.0808776915,0.000211363091,1.14953399,0.374746531
pb0_1e-07,pmstokes_H1.500,1,FAIL,0.256863117,0.502715409,3.2928369,0.0942772105,0.251765162,6.28514719,0.0851759315,0.000228502424,2.04426289,0.747584164
pb0_1e-07,pmstokes_H1.500,2,FAIL,0.383655876,0.204004019,2.85692501,0.0903502405,0.239762247,6.02334929,0.0647906512,0.000269309559,2.04543304,0.746993423
pb0_1e-07,pmstokes_H1.500,3,FAIL,0.205506146,0.227660283,3.21577191,0.0872822255,0.235287338,5.81881475,0.0381569192,0.000257355685,2.04294515,0.746214867
pb0_1e-07,pmstokes_H1.500,4,FAIL,0.349111289,0.263870537,1.65186012,0.0906305984,0.238443613,6.04203987,0.065415591,0.00019809592,2.04352808,0.74779582
pb0_1e-07,pmstokes_H1.500,5,FAIL,0.31625551,0.38579616,6.00477219,0.0848537982,0.241087839,5.65691948,0.0823018849,0.000203080548,2.04251885,0.746023476
pb0_1e-07,pmstokes_H4.000,1,FAIL,0.366678298,0.549003541,2.37087131,0.253288001,0.708319902,6.33220005,0.0985139534,0.000228964374,3.28942418,1.05846632
pb0_1e-07,pmstokes_H4.000,2,FAIL,0.280416995,0.21823138,3.56872559,0.236803144,0.668023884,5.92007875,0.0451554433,0.000267165829,3.2908864,1.06255674
pb0_1e-07,pmstokes_H4.000,3,FAIL,0.187156111,0.245182738,4.43777466,0.235574499,0.660889089,5.88936234,0.0328675546,0.000273607118,3.29019737,1.06391275
pb0_1e-07,pmstokes_H4.000,4,FAIL,0.24695459,0.281382948,1.83445203,0.248985812,0.676749945,6.22464514,0.0474304147,0.000202183073,3.2902925,1.06313705
pb0_1e-07,pmstokes_H4.000,5,FAIL,0.41416952,0.343042374,2.88148522,0.223060548,0.668278277,5.57651377,0.0898690522,0.000228526027,3.29173493,1.06039894
pb0_1e-07,pmstokes_H8.500,1,FAIL,0.239741206,0.457172334,3.42745829,0.544080377,1.38243675,6.40094566,0.0778293386,0.000282185822,4.10274935,1.41329074
pb0_1e-07,pmstokes_H8.500,2,FAIL,0.441494495,0.252565861,2.93150973,0.480152637,1.26303661,5.64885426,0.0741716847,0.000285156188,4.10255957,1.41199362
pb0_1e-07,pmstokes_H8.500,3,FAIL,0.199598387,0.274754047,2.6128962,0.501529813,1.26359355,5.90035057,0.0365275554,0.000366987544,4.10273933,1.41282773
pb0_1e-07,pmstokes_H8.500,4,FAIL,0.586055994,0.350854903,1.71335709,0.506322563,1.28642082,5.95673609,0.10579285,0.000213696301,4.10327768,1.40522873
pb0_1e-07,pmstokes_H8.500,5,FAIL,0.291665614,0.43279472,5.81273699,0.49489373,1.33025146,5.82227898,0.0826041624,0.000208675774,4.10105085,1.41125798
pb0_1e-05,jonswap_H0.270,1,FAIL,0.263948113,0.463693708,3.54697108,0.0181732029,0.0504908785,6.73081589,0.0817773491,0.000245432078,1.2976892,0.330172807
pb0_1e-05,jonswap_H0.270,2,FAIL,0.321208179,0.229409561,4.09983778,0.0192878731,0.0501915365,7.14365673,0.0604010336,0.000237410801,1.28320587,0.331642151
pb0_1e-05,jonswap_H0.270,3,FAIL,0.177266315,0.24504213,5.0228653,0.017777551,0.0496167541,6.58427811,0.0407517292,0.000227217432,1.25606072,0.340860814
pb0_1e-05,jonswap_H0.270,4,FAIL,0.303458005,0.291162908,2.47923899,0.0183399618,0.0496718884,6.79257822,0.0646225661,0.000231157246,1.26511419,0.330715954
pb0_1e-05,jonswap_H0.270,5,FAIL,0.344977528,0.414730012,5.87437868,0.0167154744,0.0492494926,6.19091654,0.088476114,0.000200812909,1.25769985,0.331572473
pb0_1e-05,jonswap_H1.500,1,FAIL,0.259646714,0.396723956,3.49334335,0.0960026756,0.260614365,6.40017796,0.0668087602,0.000251787133,2.18139935,0.684075892
pb0_1e-05,jonswap_H1.500,2,FAIL,0.392318189,0.30345121,2.99646354,0.0965784565,0.253544122,6.43856335,0.077701591,0.000247821532,2.18514132,0.685219526
pb0_1e-05,jonswap_H1.500,3,FAIL,0.211908475,0.362496883,3.17071867,0.0901578218,0.24650009,6.01052141,0.0590730086,0.000236393549,2.17887568,0.688429117
pb0_1e-05,jonswap_H1.500,4,FAIL,0.358606309,0.397725731,1.77514017,0.0924186856,0.249270275,6.16124535,0.0832734033,0.000204529162,2.18383503,0.665489316
pb0_1e-05,jonswap_H1.500,5,FAIL,0.305976093,0.522841156,6.53694534,0.0875523686,0.251006275,5.83682442,0.0988890007,0.000201716422,2.17812371,0.679515004
pb0_1e-05,jonswap_H4.000,1,FAIL,0.439268261,0.291294068,2.87247252,0.250510871,0.730190396,6.26277161,0.0733147487,0.000236318738,3.5906105,1.06248486
pb0_1e-05,jonswap_H4.000,2,FAIL,0.206330091,0.508890033,3.95277429,0.24787502,0.721067905,6.19687557,0.0831293836,0.00022914767,3.59119201,1.0617187
pb0_1e-05,jonswap_H4.000,3,FAIL,0.185060084,0.584057689,3.94811201,0.235935807,0.711997688,5.89839506,0.0887110755,0.000251270016,3.58975983,1.06095934
pb0_1e-05,jonswap_H4.000,4,FAIL,0.211187676,0.62097162,2.48932886,0.253229529,0.722459793,6.33073807,0.0986517966,0.000204653639,3.59064627,1.06167448
pb0_1e-05,jonswap_H4.000,5,FAIL,0.423408091,0.713003874,3.88508987,0.230124384,0.712070048,5.75310946,0.136686221,0.000290925935,3.58965158,1.05997014
pb0_1e-05,jonswap_H8.500,1,FAIL,0.406607807,0.269020826,3.81913209,0.538147986,1.43438923,6.33115244,0.067035526,0.00024699379,4.22208929,1.34271467
pb0_1e-05,jonswap_H8.500,2,FAIL,0.255941004,0.511897862,3.38816524,0.489043027,1.343683,5.75344706,0.0865015835,0.000256523286,4.22125196,1.33949733
pb0_1e-05,jonswap_H8.500,3,FAIL,0.171624675,0.662910223,2.00337696,0.506981432,1.35131645,5.96448755,0.0959280431,0.000242581198,4.22270012,1.34001398
pb0_1e-05,jonswap_H8.500,4,FAIL,0.250944346,0.631623924,2.33359098,0.519893527,1.39574945,6.11639452,0.100871563,0.000164859812,4.22099257,1.33864534
pb0_1e-05,jonswap_H8.500,5,FAIL,0.398310632,0.731117189,6.4814086,0.497957438,1.40584254,5.85832262,0.133751824,0.000254597224,4.22358608,1.33993495
pb0_1e-05,pmstokes_H0.270,1,FAIL,0.250977665,0.498441219,3.21666384,0.0178986564,0.0494173653,6.62913179,0.0860542059,0.000246671378,1.19016337,0.374455363
pb0_1e-05,pmstokes_H0.270,2,FAIL,0.340773374,0.20113337,4.00096512,0.018653864,0.0487326905,6.90883827,0.0608654246,0.000237926099,1.17496097,0.373425692
pb0_1e-05,pmstokes_H0.270,3,FAIL,0.185647532,0.220359191,4.80772829,0.017298691,0.0482164919,6.40692234,0.0379300565,0.000227575729,1.14918911,0.363360405
pb0_1e-05,pmstokes_H0.270,4,FAIL,0.322829545,0.251134962,2.33545899,0.0181249622,0.0484981053,6.7129488,0.0627318546,0.000229384095,1.157704,0.375236511
pb0_1e-05,pmstokes_H0.270,5,FAIL,0.326128453,0.368944705,5.11652374,0.0166798942,0.048007492,6.17773867,0.0809539482,0.000214583371,1.14953399,0.374746531
pb0_1e-05,pmstokes_H1.500,1,FAIL,0.255080909,0.524506032,3.2244792,0.0943666697,0.251914531,6.29111099,0.0859736353,0.000250878744,2.04426289,0.747584164
pb0_1e-05,pmstokes_H1.500,2,FAIL,0.379973084,0.198080108,2.83359551,0.0903830007,0.239923924,6.0255332,0.0647346303,0.000251687656,2.04543304,0.746993423
pb0_1e-05,pmstokes_H1.500,3,FAIL,0.206546798,0.23240687,3.22134924,0.0872824341,0.23536934,5.81882858,0.0381784514,0.00023798336,2.04294515,0.746214867
pb0_1e-05,pmstokes_H1.500,4,FAIL,0.348656446,0.263581693,1.66373312,0.0906180888,0.238525629,6.04120588,0.0654447526,0.000215043488,2.04352808,0.74779582
pb0_1e-05,pmstokes_H1.500,5,FAIL,0.324263215,0.390353292,6.01177406,0.0848458409,0.240931407,5.65638924,0.0823891535,0.000199926159,2.04251885,0.746023476
pb0_1e-05,pmstokes_H4.000,1,FAIL,0.36121437,0.578098297,2.28120542,0.25372082,0.708968222,6.34302044,0.0993506759,0.000251602003,3.28942418,1.05846632
pb0_1e-05,pmstokes_H4.000,2,FAIL,0.277374297,0.212788209,3.54444981,0.236921534,0.668376625,5.92303848,0.0450922102,0.000238746288,3.2908864,1.06255674
pb0_1e-05,pmstokes_H4.000,3,FAIL,0.185371369,0.25045988,4.43992615,0.235589653,0.661181688,5.88974142,0.0328894295,0.000246266427,3.29019737,1.06391275
pb0_1e-05,pmstokes_H4.000,4,FAIL,0.246296093,0.282601357,1.85028183,0.248903513,0.677100062,6.22258759,0.0475026406,0.00022697309,3.2902925,1.06313705
pb0_1e-05,pmstokes_H4.000,5,FAIL,0.422478914,0.346704513,2.88551259,0.223044783,0.668130398,5.57611942,0.0899025202,0.000239013345,3.29173493,1.06039894
pb0_1e-05,pmstokes_H8.500,1,FAIL,0.240908995,0.494163603,3.30943394,0.544906139,1.3805058,6.41066027,0.0789277926,0.000236869149,4.10274935,1.41329074
pb0_1e-05,pmstokes_H8.500,2,FAIL,0.437164783,0.244428113,2.90175462,0.480376601,1.26350069,5.65148926,0.0741180405,0.000237610366,4.10255957,1.41199362
pb0_1e-05,pmstokes_H8.500,3,FAIL,0.198104799,0.288135469,2.59843516,0.501385927,1.26629329,5.8986578,0.0367756709,0.000359256606,4.10273933,1.41282773
pb0_1e-05,pmstokes_H8.500,4,FAIL,0.583442628,0.358714402,1.74701881,0.506061673,1.28813767,5.95366669,0.105853871,0.000258001324,4.10327768,1.40522873
pb0_1e-05,pmstokes_H8.500,5,FAIL,0.303380817,0.445815265,5.84411097,0.494689226,1.33061647,5.81987333,0.0828898773,0.000190965744,4.10105085,1.41125798
pb0_0.0001,jonswap_H0.270,1,FAIL,0.263931125,0.463830322,3.5464766,0.0181733556,0.050491143,6.73087215,0.0817838088,0.000246104639,1.2976892,0.330172807
pb0_0.0001,jonswap_H0.270,2,FAIL,0.321164429,0.229382351,4.09970856,0.0192879159,0.050191734,7.14367247,0.0604003705,0.000237392844,1.28320587,0.331642151
pb0_0.0001,jonswap_H0.270,3,FAIL,0.177269131,0.245088711,5.02291489,0.017777551,0.0496169701,6.58427811,0.0407515988,0.00022747922,1.25606072,0.340860814
pb0_0.0001,jonswap_H0.270,4,FAIL,0.303459167,0.291137636,2.47932148,0.0183399487,0.0496719517,6.79257345,0.0646225363,0.000231617203,1.26511419,0.330715954
pb0_0.0001,jonswap_H0.270,5,FAIL,0.345044017,0.414750725,5.87438917,0.0167154539,0.0492491908,6.19090891,0.0884765834,0.000201148971,1.25769985,0.331572473
pb0_0.0001,jonswap_H1.500,1,FAIL,0.259636819,0.396961361,3.49262834,0.0960034728,0.260616392,6.40023136,0.0668159276,0.000252701022,2.18139935,0.684075892
pb0_0.0001,jonswap_H1.500,2,FAIL,0.392279208,0.303368539,2.99619603,0.0965789482,0.253546327,6.43859625,0.0776999518,0.000248028809,2.18514132,0.685219526
pb0_0.0001,jonswap_H1.500,3,FAIL,0.211924851,0.36253801,3.17075467,0.090157941,0.246501014,6.01052904,0.0590734221,0.000236605047,2.17887568,0.688429117
pb0_0.0001,jonswap_H1.500,4,FAIL,0.358602017,0.397711188,1.77523077,0.092418462,0.249271452,6.16123056,0.0832735747,0.000204888973,2.18383503,0.665489316
pb0_0.0001,jonswap_H1.500,5,FAIL,0.306065947,0.522895098,6.53703976,0.0875521004,0.251005024,5.8368063,0.0988903344,0.000202058145,2.17812371,0.679515004
pb0_0.0001,jonswap_H4.000,1,FAIL,0.439201832,0.291647971,2.8714323,0.250515521,0.730176628,6.26288795,0.0733176544,0.000237278815,3.5906105,1.06248486
pb0_0.0001,jonswap_H4.000,2,FAIL,0.20629923,0.508786261,3.95241666,0.247876972,0.721064925,6.19692421,0.0831255987,0.000229307931,3.59119201,1.0617187
pb0_0.0001,jonswap_H4.000,3,FAIL,0.185030073,0.584182501,3.94793153,0.235934496,0.712011874,5.89836216,0.0887139365,0.000251719699,3.58975983,1.06095934
pb0_0.0001,jonswap_H4.000,4,FAIL,0.211174324,0.620988607,2.48953223,0.25322932,0.722475231,6.33073282,0.0986501724,0.000205350836,3.59064627,1.06167448
pb0_0.0001,jonswap_H4.000,5,FAIL,0.423516035,0.713062763,3.88518262,0.230124056,0.712072492,5.75310135,0.136685878,0.000291327975,3.58965158,1.05997014
pb0_0.0001,jonswap_H8.500,1,FAIL,0.406451732,0.270002037,3.81600547,0.538162947,1.4341507,6.33132887,0.0670360625,0.000249906123,4.22208929,1.34271467
pb0_0.0001,jonswap_H8.500,2,FAIL,0.255974978,0.511548221,3.38700151,0.489054233,1.34359527,5.75357914,0.0864976794,0.000257812586,4.22125196,1.33949733
pb0_0.0001,jonswap_H8.500,3,FAIL,0.171619818,0.6632002,2.0027833,0.506974995,1.35139847,5.96441174,0.0959435776,0.000243225775,4.22270012,1.34001398
pb0_0.0001,jonswap_H8.500,4,FAIL,0.251056075,0.631110191,2.33239675,0.519901693,1.39555359,6.11649036,0.100865573,0.000163249148,4.22099257,1.33864534
pb0_0.0001,jonswap_H8.500,5,FAIL,0.398147464,0.730539799,6.47924852,0.497972101,1.40573144,5.85849524,0.133739561,0.000258375803,4.22358608,1.33993495
pb0_0.0001,pmstokes_H0.270,1,FAIL,0.250962704,0.498585522,3.21616125,0.0178988464,0.0494178459,6.62920237,0.086061053,0.000247446937,1.19016337,0.374455363
pb0_0.0001,pmstokes_H0.270,2,FAIL,0.340731919,0.20110479,4.00082922,0.0186538752,0.048732847,6.90884256,0.0608649552,0.000237940782,1.17496097,0.373425692
pb0_0.0001,pmstokes_H0.270,3,FAIL,0.185654536,0.220396042,4.80779839,0.0172986947,0.0482167341,6.40692377,0.0379296206,0.000227761222,1.14918911,0.363360405
pb0_0.0001,pmstokes_H0.270,4,FAIL,0.32282719,0.251121402,2.33556056,0.0181249231,0.048498176,6.71293449,0.0627320856,0.000229864614,1.157704,0.375236511
pb0_0.0001,pmstokes_H0.270,5,FAIL,0.32619679,0.368976325,5.11655903,0.0166798737,0.0480071083,6.17773104,0.0809550658,0.000214926782,1.14953399,0.374746531
pb0_0.0001,pmstokes_H1.500,1,FAIL,0.255061865,0.524780333,3.22360373,0.0943674669,0.251919955,6.2911644,0.0859813169,0.000251983467,2.04426289,0.747584164
pb0_0.0001,pmstokes_H1.500,2,FAIL,0.37993902,0.197998226,2.83329129,0.0903832614,0.239925861,6.02555037,0.0647340864,0.000251895806,2.04543304,0.746993423
pb0_0.0001,pmstokes_H1.500,3,FAIL,0.206557095,0.232403815,3.22157884,0.0872826874,0.235368937,5.81884575,0.0381783247,0.000237886299,2.04294515,0.746214867
pb0_0.0001,pmstokes_H1.500,4,FAIL,0.348640114,0.263654143,1.66406846,0.0906176493,0.238528714,6.04117632,0.0654455721,0.000216134911,2.04352808,0.74779582
pb0_0.0001,pmstokes_H1.500,5,FAIL,0.324357569,0.390439242,6.01201677,0.0848454535,0.240929186,5.65636349,0.0823908225,0.000200061681,2.04251885,0.746023476
pb0_0.0001,pmstokes_H4.000,1,FAIL,0.361147881,0.578458965,2.28005266,0.253724635,0.708987176,6.34311581,0.0993586108,0.000252741826,3.28942418,1.05846632
pb0_0.0001,pmstokes_H4.000,2,FAIL,0.277342528,0.212726176,3.54417443,0.236923441,0.668379962,5.92308617,0.0450919531,0.000238776018,3.2908864,1.06255674
pb0_0.0001,pmstokes_H4.000,3,FAIL,0.185340777,0.25047487,4.4401083,0.235590205,0.661181867,5.88975525,0.0328891538,0.000246126408,3.29019737,1.06391275
pb0_0.0001,pmstokes_H4.000,4,FAIL,0.246282339,0.282649696,1.85055435,0.248902887,0.677106917,6.22257233,0.047504086,0.00022773887,3.2902925,1.06313705
pb0_0.0001,pmstokes_H4.000,5,FAIL,0.422597647,0.346811503,2.88577056,0.223044023,0.668124735,5.57610035,0.0899044722,0.000239266301,3.29173493,1.06039894
pb0_0.0001,pmstokes_H8.500,1,FAIL,0.240964189,0.494950593,3.30683494,0.544925272,1.38050425,6.41088533,0.0789428279,0.000237331682,4.10274935,1.41329074
pb0_0.0001,pmstokes_H8.500,2,FAIL,0.437129915,0.244290516,2.90127373,0.480373412,1.26350522,5.65145159,0.0741179362,0.000237482163,4.10255957,1.41199362
pb0_0.0001,pmstokes_H8.500,3,FAIL,0.19810082,0.288432926,2.59783959,0.501377463,1.26636195,5.89855814,0.0367857106,0.000360365841,4.10273933,1.41282773
pb0_0.0001,pmstokes_H8.500,4,FAIL,0.583500743,0.358481556,1.74668622,0.506068826,1.28814077,5.95375061,0.10585048,0.000257985463,4.10327768,1.40522873
pb0_0.0001,pmstokes_H8.500,5,FAIL,0.303581983,0.446097672,5.84498835,0.494683206,1.33063591,5.81980228,0.0828900039,0.000191473126,4.10105085,1.41125798
brw_1e-13,jonswap_H0.270,1,FAIL,0.263973176,0.463154763,3.55012536,0.0181721598,0.0504897311,6.73042917,0.0817240775,0.000247992866,1.2976892,0.330172807
brw_1e-13,jonswap_H0.270,2,FAIL,0.321867019,0.229646698,4.10074234,0.0192876719,0.0501881763,7.14358187,0.0604086295,0.000245038158,1.28320587,0.331642151
brw_1e-13,jonswap_H0.270,3,FAIL,0.177497163,0.245250493,5.02023315,0.0177772045,0.0496141203,6.58414984,0.0407653041,0.000236127642,1.25606072,0.340860814
brw_1e-13,jonswap_H0.270,4,FAIL,0.303295672,0.291988224,2.48084354,0.0183396097,0.0496700034,6.79244804,0.0646286011,0.000236055799,1.26511419,0.330715954
brw_1e-13,jonswap_H0.270,5,FAIL,0.344308496,0.414500684,5.87334442,0.0167158525,0.0492487215,6.19105625,0.0884604976,0.00020341613,1.25769985,0.331572473
brw_1e-13,jonswap_H1.500,1,FAIL,0.259543478,0.395511895,3.49787641,0.0959955081,0.260601252,6.39970016,0.0667408928,0.000252292899,2.18139935,0.684075892
brw_1e-13,jonswap_H1.500,2,FAIL,0.393066883,0.303797692,2.99747682,0.0965763107,0.253510594,6.4384203,0.0777137429,0.000255310675,2.18514132,0.685219526
brw_1e-13,jonswap_H1.500,3,FAIL,0.211945981,0.36332038,3.16704655,0.0901533663,0.246499941,6.01022434,0.0590858087,0.000245806441,2.17887568,0.688429117
brw_1e-13,jonswap_H1.500,4,FAIL,0.358366638,0.398820072,1.77692664,0.0924170837,0.249258444,6.16113853,0.0832782388,0.000207709658,2.18383503,0.665489316
brw_1e-13,jonswap_H1.500,5,FAIL,0.305111796,0.522301257,6.53484583,0.0875545964,0.250989825,5.83697271,0.0988675207,0.000204752447,2.17812371,0.679515004
brw_1e-13,jonswap_H4.000,1,FAIL,0.439621031,0.288157076,2.879287,0.250469834,0.730222106,6.26174593,0.0732797906,0.000235210377,3.5906105,1.06248486
brw_1e-13,jonswap_H4.000,2,FAIL,0.206779003,0.50967747,3.95510983,0.247865304,0.720949948,6.19663239,0.0831657052,0.000235521715,3.59119201,1.0617187
brw_1e-13,jonswap_H4.000,3,FAIL,0.185392752,0.585135818,3.94469619,0.235917464,0.711953938,5.89793682,0.0887319297,0.000259532942,3.58975983,1.06095934
brw_1e-13,jonswap_H4.000,4,FAIL,0.210999712,0.622022569,2.49055243,0.253224045,0.722308695,6.33060122,0.0986642316,0.000204682743,3.59064627,1.06167448
brw_1e-13,jonswap_H4.000,5,FAIL,0.422365755,0.712035,3.88170838,0.23013705,0.711878002,5.75342607,0.13666819,0.000292794313,3.58965158,1.05997014
brw_1e-13,jonswap_H8.500,1,FAIL,0.407155812,0.263440967,3.83359885,0.538062811,1.43545282,6.3301506,0.0670065209,0.000240235357,4.22208929,1.34271467
brw_1e-13,jonswap_H8.500,2,FAIL,0.256224364,0.513375938,3.39326882,0.488997787,1.34381139,5.75291491,0.0865367949,0.000258123386,4.22125196,1.33949733
brw_1e-13,jonswap_H8.500,3,FAIL,0.171914041,0.665060341,1.99672389,0.506929636,1.35211003,5.96387815,0.0959147066,0.000254381855,4.22270012,1.34001398
brw_1e-13,jonswap_H8.500,4,FAIL,0.250490963,0.633876383,2.33797598,0.519860864,1.39605141,6.11601019,0.100891992,0.000171520995,4.22099257,1.33864534
brw_1e-13,jonswap_H8.500,5,FAIL,0.397608072,0.731065452,6.48169184,0.497951329,1.40559649,5.85825062,0.133733824,0.000250128884,4.22358608,1.33993495
brw_1e-13,pmstokes_H0.270,1,FAIL,0.250983268,0.497983903,3.21959782,0.0178977661,0.0494164638,6.6288023,0.0859992653,0.000249280158,1.19016337,0.374455363
brw_1e-13,pmstokes_H0.270,2,FAIL,0.341427505,0.201355889,4.00188112,0.0186537057,0.0487298667,6.90877962,0.0608712211,0.000245213712,1.17496097,0.373425692
brw_1e-13,pmstokes_H0.270,3,FAIL,0.18584922,0.22052826,4.80489445,0.0172982607,0.0482144132,6.40676308,0.0379420482,0.00023687756,1.14918911,0.363360405
brw_1e-13,pmstokes_H0.270,4,FAIL,0.322658479,0.251913697,2.33703208,0.0181245953,0.0484962948,6.7128129,0.0627356842,0.000234041756,1.157704,0.375236511
brw_1e-13,pmstokes_H0.270,5,FAIL,0.325441033,0.368599743,5.11499405,0.0166802723,0.0480078198,6.17787838,0.0809362978,0.000217400477,1.14953399,0.374746531
brw_1e-13,pmstokes_H1.500,1,FAIL,0.255024552,0.523374915,3.22977161,0.0943601429,0.251891643,6.29067612,0.0859053507,0.000250853336,2.04426289,0.747584164
brw_1e-13,pmstokes_H1.500,2,FAIL,0.38073501,0.198515967,2.83504725,0.0903810263,0.239894733,6.02540159,0.0647413954,0.000259216176,2.04543304,0.746993423
brw_1e-13,pmstokes_H1.500,3,FAIL,0.20667538,0.232726127,3.21780849,0.0872791559,0.235362664,5.81861019,0.038178727,0.00024703762,2.04294515,0.746214867
brw_1e-13,pmstokes_H1.500,4,FAIL,0.348449498,0.264438897,1.66515505,0.0906159207,0.238503873,6.04106092,0.0654481128,0.00021686955,2.04352808,0.74779582
brw_1e-13,pmstokes_H1.500,5,FAIL,0.323338836,0.389792114,6.00963974,0.084848173,0.240924299,5.65654469,0.0823764503,0.000202978248,2.04251885,0.746023476
brw_1e-13,pmstokes_H4.000,1,FAIL,0.361453563,0.57644093,2.2883153,0.253686994,0.708796084,6.34217501,0.0992768779,0.000251068617,3.28942418,1.05846632
brw_1e-13,pmstokes_H4.000,2,FAIL,0.277938068,0.213277638,3.5469861,0.236910567,0.668204725,5.9227643,0.0450999998,0.00024492736,3.2908864,1.06255674
brw_1e-13,pmstokes_H4.000,3,FAIL,0.185640961,0.250923961,4.43489313,0.235568121,0.66109091,5.88920307,0.0329010077,0.00025652576,3.29019737,1.06391275
brw_1e-13,pmstokes_H4.000,4,FAIL,0.245946527,0.283353388,1.85189354,0.248897791,0.676965475,6.22244453,0.0475023463,0.000227821234,3.2902925,1.06313705
brw_1e-13,pmstokes_H4.000,5,FAIL,0.421422482,0.345607251,2.88180923,0.223060414,0.668052137,5.57651043,0.0898891762,0.000242666822,3.29173493,1.06039894
brw_1e-13,pmstokes_H8.500,1,FAIL,0.240374967,0.490563929,3.32306004,0.544818819,1.38045478,6.40963316,0.0788110271,0.000240610359,4.10274935,1.41329074
brw_1e-13,pmstokes_H8.500,2,FAIL,0.437835127,0.245538309,2.90547705,0.480355084,1.2632072,5.65123606,0.0741250589,0.000245536357,4.10255957,1.41199362
brw_1e-13,pmstokes_H8.500,3,FAIL,0.198244467,0.288021892,2.59437752,0.501369357,1.26590979,5.89846277,0.0367504209,0.000364618172,4.10273933,1.41282773
brw_1e-13,pmstokes_H8.500,4,FAIL,0.583686829,0.357765526,1.74344301,0.506092966,1.2875483,5.95403481,0.105850518,0.000245696225,4.10327768,1.40522873
brw_1e-13,pmstokes_H8.500,5,FAIL,0.301596522,0.443603426,5.83694124,0.494732469,1.33025885,5.82038212,0.0828493014,0.000192577587,4.10105085,1.41125798
brw_1e-12,jonswap_H0.270,1,FAIL,0.263987035,0.463075042,3.55028105,0.018172089,0.0504896976,6.73040295,0.0817234293,0.000247072137,1.2976892,0.330172807
brw_1e-12,jonswap_H0.270,2,FAIL,0.321840852,0.229653046,4.10079527,0.0192876458,0.0501883626,7.14357233,0.0604086183,0.000244274386,1.28320587,0.331642151
brw_1e-12,jonswap_H0.270,3,FAIL,0.177469447,0.245186046,5.02044249,0.0177772343,0.0496140756,6.5841608,0.0407642461,0.000234997293,1.25606072,0.340860814
brw_1e-12,jonswap_H0.270,4,FAIL,0.303314954,0.291915953,2.4805665,0.0183396637,0.0496700741,6.79246807,0.0646275729,0.00023504319,1.26511419,0.330715954
brw_1e-12,jonswap_H0.270,5,FAIL,0.344305605,0.414494544,5.87343025,0.0167158283,0.0492490716,6.19104719,0.0884609818,0.000202816664,1.25769985,0.331572473
brw_1e-12,jonswap_H1.500,1,FAIL,0.259566307,0.395386934,3.4981699,0.0959950686,0.26060003,6.39967108,0.0667400286,0.000251303514,2.18139935,0.684075892
brw_1e-12,jonswap_H1.500,2,FAIL,0.393030047,0.303835779,2.99763465,0.0965762585,0.253512591,6.43841696,0.0777139813,0.000254337647,2.18514132,0.685219526
brw_1e-12,jonswap_H1.500,3,FAIL,0.211923569,0.36318782,3.1673429,0.0901538804,0.246498883,6.01025867,0.0590842217,0.000244657422,2.17887568,0.688429117
brw_1e-12,jonswap_H1.500,4,FAIL,0.358399361,0.398708701,1.77662456,0.0924175531,0.249257371,6.16117001,0.0832772925,0.000206956058,2.18383503,0.665489316
brw_1e-12,jonswap_H1.500,5,FAIL,0.305114269,0.522311509,6.53499079,0.0875545368,0.250992775,5.8369689,0.0988688096,0.00020406142,2.17812371,0.679515004
brw_1e-12,jonswap_H4.000,1,FAIL,0.439656436,0.288111359,2.87970424,0.25046882,0.730235159,6.26172066,0.0732802674,0.000234382445,3.5906105,1.06248486
brw_1e-12,jonswap_H4.000,2,FAIL,0.206763029,0.509696066,3.95521808,0.247864261,0.720963657,6.19660664,0.0831661448,0.000234764273,3.59119201,1.0617187
brw_1e-12,jonswap_H4.000,3,FAIL,0.185393304,0.584937334,3.94509077,0.235919282,0.711949289,5.89798212,0.0887285993,0.000258447195,3.58975983,1.06095934
brw_1e-12,jonswap_H4.000,4,FAIL,0.211032376,0.621885777,2.49021292,0.253225893,0.722309113,6.33064747,0.0986620337,0.000204094671,3.59064627,1.06167448
brw_1e-12,jonswap_H4.000,5,FAIL,0.422380149,0.712105811,3.88208842,0.230135873,0.711894989,5.75339699,0.136671185,0.000291951583,3.58965158,1.05997014
brw_1e-12,jonswap_H8.500,1,FAIL,0.407208502,0.263382852,3.83410263,0.538059652,1.43549514,6.33011341,0.0670070127,0.000239373287,4.22208929,1.34271467
brw_1e-12,jonswap_H8.500,2,FAIL,0.256186306,0.513472199,3.39356875,0.488996118,1.34385943,5.75289536,0.0865382627,0.000257178937,4.22125196,1.33949733
brw_1e-12,jonswap_H8.500,3,FAIL,0.171915203,0.664832473,1.99713588,0.506931484,1.35206699,5.96389961,0.0959120467,0.000253359554,4.22270012,1.34001398
brw_1e-12,jonswap_H8.500,4,FAIL,0.250520021,0.633748949,2.33766723,0.519865632,1.39604318,6.11606598,0.100890331,0.000171119274,4.22099257,1.33864534
brw_1e-12,jonswap_H8.500,5,FAIL,0.397626847,0.731132329,6.4820056,0.4979496,1.40563869,5.85823059,0.133736223,0.000249426055,4.22358608,1.33993495
brw_1e-12,pmstokes_H0.270,1,FAIL,0.250997692,0.497891247,3.21978354,0.0178977102,0.0494160242,6.62878132,0.0859984681,0.000248290133,1.19016337,0.374455363
brw_1e-12,pmstokes_H0.270,2,FAIL,0.341404349,0.201363638,4.00193262,0.0186536722,0.0487299599,6.90876722,0.0608711429,0.000244464201,1.17496097,0.373425692
brw_1e-12,pmstokes_H0.270,3,FAIL,0.185820773,0.220467553,4.80511904,0.017298298,0.0482144132,6.40677691,0.0379411243,0.000235742162,1.14918911,0.363360405
brw_1e-12,pmstokes_H0.270,4,FAIL,0.322679579,0.251845479,2.33675861,0.0181246735,0.0484963655,6.71284199,0.0627350807,0.00023306589,1.157704,0.375236511
brw_1e-12,pmstokes_H0.270,5,FAIL,0.325440586,0.368609101,5.11513138,0.0166802853,0.0480081476,6.17788315,0.0809374675,0.000216736167,1.14953399,0.374746531
brw_1e-12,pmstokes_H1.500,1,FAIL,0.255048066,0.523233771,3.23004556,0.0943597853,0.25188905,6.29065228,0.0859041959,0.000249908975,2.04426289,0.747584164
brw_1e-12,pmstokes_H1.500,2,FAIL,0.380696803,0.198538691,2.83517027,0.0903809145,0.239894658,6.02539396,0.0647412688,0.000258277112,2.04543304,0.746993423
brw_1e-12,pmstokes_H1.500,3,FAIL,0.206650212,0.232638329,3.21811008,0.0872796699,0.235363111,5.81864452,0.0381780937,0.000245917123,2.04294515,0.746214867
brw_1e-12,pmstokes_H1.500,4,FAIL,0.348476887,0.264348805,1.66485989,0.0906162485,0.23850432,6.04108286,0.0654475838,0.00021614632,2.04352808,0.74779582
brw_1e-12,pmstokes_H1.500,5,FAIL,0.323340684,0.389796585,6.00976419,0.0848480836,0.240926832,5.65653849,0.0823771879,0.00020229198,2.04251885,0.746023476
brw_1e-12,pmstokes_H4.000,1,FAIL,0.361492753,0.576250494,2.28869247,0.253684193,0.708795249,6.34210491,0.0992753059,0.000250091631,3.28942418,1.05846632
brw_1e-12,pmstokes_H4.000,2,FAIL,0.277912945,0.213290453,3.54701471,0.236910388,0.668216944,5.92275953,0.0450998843,0.000244287105,3.2908864,1.06255674
brw_1e-12,pmstokes_H4.000,3,FAIL,0.185635149,0.25081864,4.43538427,0.235569701,0.661093056,5.88924265,0.0328999199,0.000255397899,3.29019737,1.06391275
brw_1e-12,pmstokes_H4.000,4,FAIL,0.245994166,0.283242255,1.85148835,0.248899862,0.676973522,6.22249651,0.0475014858,0.000227049706,3.2902925,1.06313705
brw_1e-12,pmstokes_H4.000,5,FAIL,0.421428412,0.345663965,2.8820951,0.223059446,0.668062568,5.57648611,0.0898903832,0.000241859423,3.29173493,1.06039894
brw_1e-12,pmstokes_H8.500,1,FAIL,0.240399629,0.490427017,3.3233068,0.544816494,1.38046014,6.4096055,0.0788100511,0.000240045003,4.10274935,1.41329074
brw_1e-12,pmstokes_H8.500,2,FAIL,0.437813878,0.245533496,2.9054811,0.480354279,1.26322865,5.65122652,0.0741250068,0.00024488318,4.10255957,1.41199362
brw_1e-12,pmstokes_H8.500,3,FAIL,0.19824408,0.287824988,2.59508896,0.501372039,1.26589823,5.89849424,0.0367485732,0.000363538158,4.10273933,1.41282773
brw_1e-12,pmstokes_H8.500,4,FAIL,0.583731413,0.357616186,1.74300528,0.506094515,1.28755903,5.95405293,0.105850026,0.000245076051,4.10327768,1.40522873
brw_1e-12,pmstokes_H8.500,5,FAIL,0.301595241,0.443559766,5.8369112,0.494732499,1.33028185,5.82038212,0.0828494728,0.000191950632,4.10105085,1.41125798
brw_1e-10,jonswap_H0.270,1,FAIL,0.264590651,0.458879203,3.55737352,0.0181702059,0.0504901372,6.72970581,0.0816954598,0.000201180665,1.2976892,0.330172807
brw_1e-10,jonswap_H0.270,2,FAIL,0.320442826,0.230128735,4.10340977,0.0192873403,0.0502041839,7.14345932,0.0604063645,0.00020251266,1.28320587,0.331642151
brw_1e-10,jonswap_H0.270,3,FAIL,0.176078871,0.241754726,5.03178644,0.017779408,0.0496272445,6.58496571,0.0407016017,0.000179473165,1.25606072,0.340860814
brw_1e-10,jonswap_H0.270,4,FAIL,0.304372579,0.288100183,2.46574831,0.0183427203,0.049685955,6.79360008,0.0645738542,0.000183133758,1.26511419,0.330715954
brw_1e-10,jonswap_H0.270,5,FAIL,0.344245464,0.414194047,5.87744761,0.0167152714,0.0492795408,6.1908412,0.0884954482,0.000176136178,1.25769985,0.331572473
brw_1e-10,jonswap_H1.500,1,FAIL,0.260678828,0.388526171,3.51406026,0.0959784538,0.260632694,6.39856339,0.0666892081,0.00020203962,2.18139935,0.684075892
brw_1e-10,jonswap_H1.500,2,FAIL,0.390963674,0.306234241,3.00699472,0.096569851,0.253650934,6.43798971,0.0777294263,0.000202993673,2.18514132,0.685219526
brw_1e-10,jonswap_H1.500,3,FAIL,0.210798725,0.355877012,3.1847086,0.0901792571,0.246532962,6.01195002,0.0589946881,0.000187096099,2.17887568,0.688429117
brw_1e-10,jonswap_H1.500,4,FAIL,0.360206187,0.39252314,1.75929451,0.092436254,0.24932079,6.16241693,0.0832165331,0.000167859253,2.18383503,0.665489316
brw_1e-10,jonswap_H1.500,5,FAIL,0.305455148,0.522809148,6.5431881,0.0875478238,0.251199245,5.83652115,0.0989382863,0.000168821163,2.17812371,0.679515004
brw_1e-10,jonswap_H4.000,1,FAIL,0.441607416,0.28572467,2.90250206,0.250394046,0.731312215,6.25985098,0.07331191,0.000192576466,3.5906105,1.06248486
brw_1e-10,jonswap_H4.000,2,FAIL,0.20582439,0.511060715,3.96202517,0.247836739,0.722072542,6.19591856,0.0831978098,0.000194009699,3.59119201,1.0617187
brw_1e-10,jonswap_H4.000,3,FAIL,0.185379311,0.573613465,3.96928215,0.236042634,0.712025285,5.90106583,0.0885215476,0.000201121627,3.58975983,1.06095934
brw_1e-10,jonswap_H4.000,4,FAIL,0.212934315,0.614233553,2.47069263,0.253333271,0.722694099,6.33333158,0.0985344797,0.000172460015,3.59064627,1.06167448
brw_1e-10,jonswap_H4.000,5,FAIL,0.423595697,0.716552913,3.90453362,0.2300473,0.713191748,5.75118256,0.136871591,0.000245075789,3.58965158,1.05997014
brw_1e-10,jonswap_H8.500,1,FAIL,0.410114676,0.260220617,3.86226678,0.537909269,1.43863976,6.32834435,0.0670412481,0.000195139597,4.22208929,1.34271467
brw_1e-10,jonswap_H8.500,2,FAIL,0.25388217,0.519316196,3.41246986,0.488900423,1.34714556,5.75176954,0.0866287351,0.000205724791,4.22125196,1.33949733
brw_1e-10,jonswap_H8.500,3,FAIL,0.171995088,0.652010798,2.02250314,0.50713557,1.3503803,5.96630049,0.0957331285,0.000200153547,4.22270012,1.34001398
brw_1e-10,jonswap_H8.500,4,FAIL,0.252269924,0.62666589,2.32063913,0.519991934,1.39612889,6.11755228,0.100803427,0.000150975742,4.22099257,1.33864534
brw_1e-10,jonswap_H8.500,5,FAIL,0.399189413,0.735438108,6.50319099,0.497838467,1.40862024,5.8569231,0.133905262,0.000209372607,4.22358608,1.33993495
brw_1e-10,pmstokes_H0.270,1,FAIL,0.251600087,0.49310407,3.22857475,0.0178953353,0.0494105816,6.62790203,0.0859584287,0.000199435322,1.19016337,0.374455363
brw_1e-10,pmstokes_H0.270,2,FAIL,0.340057284,0.201981053,4.00470114,0.0186531823,0.0487426445,6.90858603,0.0608672798,0.000203087315,1.17496097,0.373425692
brw_1e-10,pmstokes_H0.270,3,FAIL,0.184409022,0.217206553,4.81775284,0.0173006374,0.0482244976,6.40764332,0.0378860533,0.000180630421,1.14918911,0.363360405
brw_1e-10,pmstokes_H0.270,4,FAIL,0.323796928,0.248255342,2.32228684,0.0181275904,0.0485111997,6.71392202,0.0626994893,0.000183086813,1.157704,0.375236511
brw_1e-10,pmstokes_H0.270,5,FAIL,0.32557109,0.36907506,5.12282801,0.0166792385,0.0480381362,6.17749548,0.0809924975,0.000185687386,1.14953399,0.374746531
brw_1e-10,pmstokes_H1.500,1,FAIL,0.256232798,0.515545368,3.24473977,0.0943413526,0.251843721,6.28942347,0.0858378559,0.00020213364,2.04426289,0.747584164
brw_1e-10,pmstokes_H1.500,2,FAIL,0.378520519,0.20031026,2.84286833,0.0903703943,0.239991978,6.02469254,0.0647363961,0.000208065147,2.04543304,0.746993423
brw_1e-10,pmstokes_H1.500,3,FAIL,0.205397636,0.227777421,3.23520541,0.087301746,0.235435486,5.82011604,0.0381327271,0.000188874285,2.04294515,0.746214867
brw_1e-10,pmstokes_H1.500,4,FAIL,0.350036263,0.259210169,1.64775884,0.0906348452,0.238629594,6.04232264,0.065418072,0.00017739278,2.04352808,0.74779582
brw_1e-10,pmstokes_H1.500,5,FAIL,0.323626965,0.390051454,6.01689768,0.0848408267,0.24111332,5.65605497,0.082424745,0.000167981692,2.04251885,0.746023476
brw_1e-10,pmstokes_H4.000,1,FAIL,0.363636851,0.566058636,2.30972672,0.253597647,0.709152102,6.33994102,0.0991902575,0.000201311908,3.28942418,1.05846632
brw_1e-10,pmstokes_H4.000,2,FAIL,0.276534736,0.214374885,3.54846478,0.236897841,0.669206619,5.92244625,0.0450927243,0.000209182297,3.2908864,1.06255674
brw_1e-10,pmstokes_H4.000,3,FAIL,0.185270622,0.24480252,4.46414042,0.235683084,0.661796808,5.89207697,0.0328260697,0.000196354318,3.29019737,1.06391275
brw_1e-10,pmstokes_H4.000,4,FAIL,0.248645782,0.277050912,1.82820261,0.249012619,0.677803516,6.22531557,0.0474458039,0.000186565565,3.2902925,1.06313705
brw_1e-10,pmstokes_H4.000,5,FAIL,0.422110826,0.349160045,2.89862609,0.222994551,0.668915153,5.57486391,0.089968428,0.00020024128,3.29173493,1.06039894
brw_1e-10,pmstokes_H8.500,1,FAIL,0.2418084,0.483075947,3.33581829,0.544728398,1.38148725,6.40856934,0.0787614062,0.000210166225,4.10274935,1.41329074
brw_1e-10,pmstokes_H8.500,2,FAIL,0.436702639,0.244985729,2.90464878,0.480352432,1.26505339,5.65120506,0.074119553,0.000208977712,4.10255957,1.41199362
brw_1e-10,pmstokes_H8.500,3,FAIL,0.197996616,0.275853723,2.63967252,0.501679003,1.26598871,5.90210581,0.0366162769,0.000300687301,4.10273933,1.41282773
brw_1e-10,pmstokes_H8.500,4,FAIL,0.586571276,0.348040491,1.71512055,0.506317079,1.28883576,5.95667124,0.105816133,0.000206917844,4.10327768,1.40522873
brw_1e-10,pmstokes_H8.500,5,FAIL,0.301624358,0.441082925,5.83486176,0.494754195,1.3320297,5.8206377,0.0828571469,0.000158831695,4.10105085,1.41125798
brw_1e-09,jonswap_H0.270,1,FAIL,0.26492697,0.454663038,3.5639286,0.0181685612,0.0505610369,6.72909641,0.0816818327,0.000153702,1.2976892,0.330172807
brw_1e-09,jonswap_H0.270,2,FAIL,0.318724096,0.231185734,4.10694933,0.0192876495,0.0502892472,7.14357376,0.060395807,0.000144694539,1.28320587,0.331642151
brw_1e-09,jonswap_H0.270,3,FAIL,0.174777105,0.238038644,5.04529142,0.0177825745,0.0497145206,6.58613873,0.040618185,0.000129316104,1.25606072,0.340860814
brw_1e-09,jonswap_H0.270,4,FAIL,0.305678159,0.284582078,2.44945502,0.0183468983,0.0497854427,6.79514742,0.0645073578,0.00013387065,1.26511419,0.330715954
brw_1e-09,jonswap_H0.270,5,FAIL,0.34425813,0.413496345,5.87939167,0.0167149678,0.0493868552,6.19072866,0.0885230899,0.00016800662,1.25769985,0.331572473
brw_1e-09,jonswap_H1.500,1,FAIL,0.261699349,0.381231755,3.53246117,0.095961377,0.261261076,6.3974247,0.0666268915,0.000154127483,2.18139935,0.684075892
brw_1e-09,jonswap_H1.500,2,FAIL,0.388260782,0.310001463,3.02087569,0.0965689123,0.254357994,6.43792725,0.0777429491,0.000148145205,2.18514132,0.685219526
brw_1e-09,jonswap_H1.500,3,FAIL,0.209711447,0.347805619,3.2068646,0.0902138501,0.247173622,6.01425648,0.0588754192,0.000134687725,2.17887568,0.688429117
brw_1e-09,jonswap_H1.500,4,FAIL,0.362410605,0.386375189,1.74094558,0.0924648941,0.250011712,6.16432619,0.0831252187,0.000134208836,2.18383503,0.665489316
brw_1e-09,jonswap_H1.500,5,FAIL,0.306405008,0.523193359,6.55216169,0.0875444412,0.25197646,5.83629608,0.0990261286,0.000130479821,2.17812371,0.679515004
brw_1e-09,jonswap_H4.000,1,FAIL,0.444114804,0.284070164,2.93232059,0.250306129,0.735565424,6.25765324,0.0733636618,0.000157506482,3.5906105,1.06248486
brw_1e-09,jonswap_H4.000,2,FAIL,0.20475246,0.514824748,3.97462392,0.24780263,0.726338506,6.19506598,0.0832399875,0.0001537442,3.59119201,1.0617187
brw_1e-09,jonswap_H4.000,3,FAIL,0.185184553,0.561033547,4.00413227,0.236231923,0.714972675,5.90579796,0.0881931633,0.00014708814,3.58975983,1.06095934
brw_1e-09,jonswap_H4.000,4,FAIL,0.215563521,0.606826305,2.44914293,0.253534973,0.7260831,6.33837414,0.0983364806,0.000151736371,3.59064627,1.06167448
brw_1e-09,jonswap_H4.000,5,FAIL,0.426454425,0.722629428,3.93448925,0.229958862,0.71759963,5.74897146,0.137178898,0.000175946538,3.58965158,1.05997014
brw_1e-09,jonswap_H8.500,1,FAIL,0.413607538,0.256269008,3.90158558,0.537715971,1.44797528,6.32607031,0.0670941547,0.000154007837,4.22208929,1.34271467
brw_1e-09,jonswap_H8.500,2,FAIL,0.250329852,0.529299378,3.44650364,0.488764703,1.35751355,5.75017309,0.0867769495,0.000158530675,4.22125196,1.33949733
brw_1e-09,jonswap_H8.500,3,FAIL,0.172090799,0.63899982,2.05814862,0.507444441,1.3542707,5.96993446,0.0954782963,0.000155183356,4.22270012,1.34001398
brw_1e-09,jonswap_H8.500,4,FAIL,0.254520476,0.620823562,2.30478477,0.520166874,1.40187109,6.11961031,0.100692742,0.00014596172,4.22099257,1.33864534
brw_1e-09,jonswap_H8.500,5,FAIL,0.403008163,0.741993964,6.53534365,0.497704327,1.41786325,5.85534477,0.134193137,0.00015256468,4.22358608,1.33993495
brw_1e-09,pmstokes_H0.270,1,FAIL,0.251956463,0.488098115,3.23741984,0.0178930052,0.0494745374,6.62703896,0.0859304368,0.000149098123,1.19016337,0.374455363
brw_1e-09,pmstokes_H0.270,2,FAIL,0.33838132,0.203355163,4.00844097,0.0186525397,0.0488202833,6.90834808,0.0608588122,0.000146007093,1.17496097,0.373425692
brw_1e-09,pmstokes_H0.270,3,FAIL,0.183004513,0.213745236,4.832335,0.0173039027,0.0483094454,6.40885258,0.0378154553,0.00013193638,1.14918911,0.363360405
brw_1e-09,pmstokes_H0.270,4,FAIL,0.325153381,0.244951293,2.30661297,0.0181314945,0.0486071855,6.71536827,0.0626557842,0.000135847644,1.157704,0.375236511
brw_1e-09,pmstokes_H0.270,5,FAIL,0.32593447,0.369375348,5.12976408,0.0166785214,0.0481424071,6.17722988,0.0810462236,0.000162448792,1.14953399,0.374746531
brw_1e-09,pmstokes_H1.500,1,FAIL,0.257430315,0.506991804,3.26225996,0.0943186805,0.252363473,6.28791189,0.0857460201,0.000152917972,2.04426289,0.747584164
brw_1e-09,pmstokes_H1.500,2,FAIL,0.375636309,0.204406992,2.85499191,0.0903557017,0.240644902,6.02371311,0.0647297576,0.00015179273,2.04543304,0.746993423
brw_1e-09,pmstokes_H1.500,3,FAIL,0.204283386,0.222527787,3.25740838,0.0873319358,0.236132026,5.82212877,0.0380654745,0.000134490125,2.04294515,0.746214867
brw_1e-09,pmstokes_H1.500,4,FAIL,0.35204497,0.253896743,1.62806571,0.0906628594,0.239384934,6.04419041,0.0653731674,0.000140339936,2.04352808,0.74779582
brw_1e-09,pmstokes_H1.500,5,FAIL,0.324486136,0.390514791,6.02462053,0.0848319679,0.241860032,5.65546417,0.0824834704,0.000133451642,2.04251885,0.746023476
brw_1e-09,pmstokes_H4.000,1,FAIL,0.366301984,0.554803371,2.33770084,0.253488153,0.712439358,6.33720398,0.0990633368,0.000159514588,3.28942418,1.05846632
brw_1e-09,pmstokes_H4.000,2,FAIL,0.274906904,0.218473911,3.55129337,0.236879736,0.673232615,5.92199326,0.0450751893,0.000165079167,3.2908864,1.06255674
brw_1e-09,pmstokes_H4.000,3,FAIL,0.184528306,0.239417747,4.50228119,0.235841542,0.665769398,5.89603853,0.0326919407,0.00014018426,3.29019737,1.06391275
brw_1e-09,pmstokes_H4.000,4,FAIL,0.251846731,0.272231966,1.80127788,0.24920395,0.681858122,6.23009872,0.0473605171,0.000153754125,3.2902925,1.06313705
brw_1e-09,pmstokes_H4.000,5,FAIL,0.423803926,0.355303079,2.91961575,0.22293134,0.672760129,5.57328367,0.0900900662,0.000154096924,3.29173493,1.06039894
brw_1e-09,pmstokes_H8.500,1,FAIL,0.243928134,0.475741625,3.34671068,0.544636011,1.38750422,6.40748215,0.0786888525,0.000172350003,4.10274935,1.41329074
brw_1e-09,pmstokes_H8.500,2,FAIL,0.435252935,0.245530456,2.90331936,0.480366856,1.2726711,5.65137482,0.0741027817,0.000168300714,4.10255957,1.41199362
brw_1e-09,pmstokes_H8.500,3,FAIL,0.196188644,0.260191143,2.70808887,0.502209544,1.27180421,5.90834761,0.0363627672,0.000207353485,4.10273933,1.41282773
brw_1e-09,pmstokes_H8.500,4,FAIL,0.590797424,0.33525756,1.67683041,0.506716132,1.29607809,5.96136618,0.105750203,0.000158782481,4.10327768,1.40522873
brw_1e-09,pmstokes_H8.500,5,FAIL,0.302321643,0.438089877,5.82848978,0.494818509,1.33927894,5.82139397,0.0828570127,0.00013378069,4.10105085,1.41125798
brw_1e-08,jonswap_H0.270,1,FAIL,0.266477764,0.453901619,3.56754947,0.0181689486,0.0508663282,6.72923994,0.0816932172,0.000187614482,1.2976892,0.330172807
brw_1e-08,jonswap_H0.270,2,FAIL,0.318738282,0.233564943,4.11054564,0.0192904063,0.0505994484,7.14459467,0.060374286,0.000176839603,1.28320587,0.331642151
brw_1e-08,jonswap_H0.270,3,FAIL,0.175338209,0.238024592,5.05251741,0.0177858956,0.050016284,6.58736849,0.0405584946,0.000169000006,1.25606072,0.340860814
brw_1e-08,jonswap_H0.270,4,FAIL,0.307071269,0.284997374,2.44382262,0.0183496736,0.0501065031,6.796175,0.0644780025,0.000178598566,1.26511419,0.330715954
brw_1e-08,jonswap_H0.270,5,FAIL,0.344193965,0.413880736,5.87772942,0.0167152397,0.0497070514,6.19082928,0.0885051116,0.000230898688,1.25769985,0.331572473
brw_1e-08,jonswap_H1.500,1,FAIL,0.263837427,0.380829245,3.54148912,0.095966354,0.263639629,6.39775658,0.0666211694,0.000193473636,2.18139935,0.684075892
brw_1e-08,jonswap_H1.500,2,FAIL,0.387883335,0.314521104,3.0298171,0.0966003016,0.256784409,6.44002008,0.0777096525,0.000197178349,2.18514132,0.685219526
brw_1e-08,jonswap_H1.500,3,FAIL,0.210524946,0.347427756,3.21887112,0.0902449787,0.249594852,6.01633167,0.0588282943,0.000187615951,2.17887568,0.688429117
brw_1e-08,jonswap_H1.500,4,FAIL,0.364381462,0.386568934,1.7360239,0.0924990326,0.252506971,6.16660213,0.0830602422,0.000191176048,2.18383503,0.665489316
brw_1e-08,jonswap_H1.500,5,FAIL,0.306953609,0.524516702,6.55413532,0.0875619054,0.25442484,5.83746004,0.099000819,0.000184639372,2.17812371,0.679515004
brw_1e-08,jonswap_H4.000,1,FAIL,0.447353452,0.290980458,2.95684528,0.250316501,0.748566806,6.25791264,0.0734110847,0.000249292905,3.5906105,1.06248486
brw_1e-08,jonswap_H4.000,2,FAIL,0.206236824,0.52541095,3.9942975,0.247816578,0.739565253,6.19541454,0.0832577348,0.000257238455,3.59119201,1.0617187
brw_1e-08,jonswap_H4.000,3,FAIL,0.186763123,0.563998461,4.01791382,0.236382276,0.727550209,5.90955687,0.0880539864,0.00023674393,3.58975983,1.06095934
brw_1e-08,jonswap_H4.000,4,FAIL,0.218345761,0.6116063,2.45218062,0.25389418,0.739023685,6.34735441,0.0982481837,0.000256399362,3.59064627,1.06167448
brw_1e-08,jonswap_H4.000,5,FAIL,0.428835541,0.731130719,3.95577788,0.230110347,0.730903924,5.7527585,0.137307853,0.000246723532,3.58965158,1.05997014
brw_1e-08,jonswap_H8.500,1,FAIL,0.417696446,0.260669976,3.93869042,0.53755945,1.47304404,6.32422876,0.0671356246,0.000239963338,4.22208929,1.34271467
brw_1e-08,jonswap_H8.500,2,FAIL,0.248839751,0.545474887,3.48703671,0.488740712,1.38492823,5.7498908,0.0868931264,0.000265663373,4.22125196,1.33949733
brw_1e-08,jonswap_H8.500,3,FAIL,0.174378023,0.647144496,2.06904554,0.507714629,1.37920761,5.97311306,0.095464021,0.000259458728,4.22270012,1.34001398
brw_1e-08,jonswap_H8.500,4,FAIL,0.256182581,0.630143166,2.32105613,0.520336866,1.42632055,6.12161016,0.100712173,0.000255224208,4.22099257,1.33864534
brw_1e-08,jonswap_H8.500,5,FAIL,0.407414794,0.752973437,6.56376934,0.497814685,1.44295108,5.8566432,0.134388447,0.000234695239,4.22358608,1.33993495
brw_1e-08,pmstokes_H0.270,1,FAIL,0.253568172,0.48662132,3.24339819,0.0178919379,0.0497720502,6.62664366,0.0859148055,0.000175782508,1.19016337,0.374455363
brw_1e-08,pmstokes_H0.270,2,FAIL,0.338301718,0.205992475,4.01244545,0.0186522845,0.0491190776,6.90825319,0.0608487502,0.00017567008,1.17496097,0.373425692
brw_1e-08,pmstokes_H0.270,3,FAIL,0.183472648,0.213928223,4.8397913,0.0173062664,0.0486042723,6.40972805,0.0377787054,0.000168538274,1.14918911,0.363360405
brw_1e-08,pmstokes_H0.270,4,FAIL,0.326482058,0.245675132,2.30196476,0.018133726,0.0489218011,6.71619463,0.0626436621,0.000176342655,1.157704,0.375236511
brw_1e-08,pmstokes_H0.270,5,FAIL,0.326319635,0.370724618,5.133708,0.0166788269,0.0484555401,6.17734337,0.0810708925,0.000194268316,1.14953399,0.374746531
brw_1e-08,pmstokes_H1.500,1,FAIL,0.259764373,0.505560398,3.2711246,0.0943090469,0.254640341,6.28726959,0.0857096091,0.000188850361,2.04426289,0.747584164
brw_1e-08,pmstokes_H1.500,2,FAIL,0.375277281,0.210500091,2.86301303,0.0903436989,0.243030176,6.02291298,0.0647156909,0.000195922417,2.04543304,0.746993423
brw_1e-08,pmstokes_H1.500,3,FAIL,0.20515053,0.224738464,3.26980329,0.0873413086,0.238564953,5.82275391,0.038043879,0.000184463745,2.04294515,0.746214867
brw_1e-08,pmstokes_H1.500,4,FAIL,0.354017824,0.255541921,1.6223706,0.0906915143,0.241869926,6.04610062,0.0653398633,0.000193170694,2.04352808,0.74779582
brw_1e-08,pmstokes_H1.500,5,FAIL,0.324931026,0.392711461,6.02655792,0.0848297179,0.244247422,5.65531445,0.0824702829,0.000182270087,2.04251885,0.746023476
brw_1e-08,pmstokes_H4.000,1,FAIL,0.36952275,0.554005742,2.35994172,0.253450185,0.724425137,6.3362546,0.0989875868,0.000238389126,3.28942418,1.05846632
brw_1e-08,pmstokes_H4.000,2,FAIL,0.275705874,0.232482225,3.56033158,0.236863241,0.686146975,5.92158079,0.045042783,0.000250409183,3.2908864,1.06255674
brw_1e-08,pmstokes_H4.000,3,FAIL,0.185612753,0.249828622,4.52065849,0.235911921,0.67874527,5.89779806,0.0326263309,0.000225277967,3.29019737,1.06391275
brw_1e-08,pmstokes_H4.000,4,FAIL,0.254807651,0.28225264,1.79901707,0.249492168,0.694850445,6.23730421,0.0473266207,0.000242241105,3.2902925,1.06313705
brw_1e-08,pmstokes_H4.000,5,FAIL,0.42488578,0.366457552,2.93260646,0.222999677,0.68567121,5.5749917,0.0901467875,0.000236936787,3.29173493,1.06039894
brw_1e-08,pmstokes_H8.500,1,FAIL,0.247123495,0.479824275,3.35200715,0.544569433,1.40960145,6.40669918,0.0786423385,0.000240356414,4.10274935,1.41329074
brw_1e-08,pmstokes_H8.500,2,FAIL,0.435554981,0.256239861,2.91335654,0.480463266,1.29754829,5.65250874,0.0740661398,0.000260104338,4.10255957,1.41199362
brw_1e-08,pmstokes_H8.500,3,FAIL,0.195740923,0.266412675,2.74858332,0.502589345,1.29590547,5.91281557,0.0362632275,0.000251415186,4.10273933,1.41282773
brw_1e-08,pmstokes_H8.500,4,FAIL,0.593977213,0.338918597,1.67017353,0.507173896,1.32083893,5.96675158,0.105686471,0.000242891721,4.10327768,1.40522873
brw_1e-08,pmstokes_H8.500,5,FAIL,0.304347575,0.443198293,5.82468462,0.494980842,1.36264408,5.8233037,0.0828506127,0.000227851764,4.10105085,1.41125798
rp0_0.015,jonswap_H0.270,1,FAIL,0.264101803,0.462403804,3.55144858,0.0181717668,0.0504885241,6.73028374,0.081718713,0.000239469067,1.2976892,0.330172807
rp0_0.015,jonswap_H0.270,2,FAIL,0.32162106,0.229714453,4.10119772,0.0192875937,0.050189808,7.14355326,0.0604083799,0.000237801825,1.28320587,0.331642151
rp0_0.015,jonswap_H0.270,3,FAIL,0.177239105,0.244646356,5.02216959,0.0177775472,0.0496146753,6.58427668,0.0407555513,0.000225596596,1.25606072,0.340860814
rp0_0.015,jonswap_H0.270,4,FAIL,0.303479582,0.291304082,2.47822404,0.0183400903,0.0496710129,6.7926259,0.0646195784,0.000226499076,1.26511419,0.330715954
rp0_0.015,jonswap_H0.270,5,FAIL,0.344286501,0.414447397,5.87408543,0.0167157222,0.0492526926,6.19100809,0.0884659216,0.000198022593,1.25769985,0.331572473
rp0_0.015,jonswap_H1.500,1,FAIL,0.259753942,0.394314766,3.50062108,0.0959923118,0.260593414,6.39948702,0.0667325407,0.000243154485,2.18139935,0.684075892
rp0_0.015,jonswap_H1.500,2,FAIL,0.392717093,0.304176629,2.99896455,0.0965752155,0.2535263,6.43834734,0.0777161643,0.000246169948,2.18514132,0.685219526
rp0_0.015,jonswap_H1.500,3,FAIL,0.211742073,0.362052321,3.1699779,0.0901572704,0.246492371,6.0104847,0.059071172,0.000235106505,2.17887568,0.688429117
rp0_0.015,jonswap_H1.500,4,FAIL,0.358674824,0.39774248,1.77389181,0.0924204811,0.249257833,6.16136503,0.0832681507,0.000200531344,2.18383503,0.665489316
rp0_0.015,jonswap_H1.500,5,FAIL,0.305141568,0.522373199,6.53622723,0.0875536725,0.251017958,5.8369112,0.098877877,0.000198362162,2.17812371,0.679515004
rp0_0.015,jonswap_H4.000,1,FAIL,0.439948708,0.287746757,2.88306522,0.250457227,0.730351627,6.26143074,0.0732845441,0.000227628669,3.5906105,1.06248486
rp0_0.015,jonswap_H4.000,2,FAIL,0.206619486,0.509870112,3.95616722,0.247860804,0.721092105,6.19652033,0.0831706002,0.00022842933,3.59119201,1.0617187
rp0_0.015,jonswap_H4.000,3,FAIL,0.185393438,0.5832358,3.94849801,0.235937372,0.711919188,5.89843416,0.0887008607,0.000249342964,3.58975983,1.06095934
rp0_0.015,jonswap_H4.000,4,FAIL,0.211307541,0.620715916,2.48727584,0.253240734,0.722325802,6.33101845,0.0986432359,0.000198960959,3.59064627,1.06167448
rp0_0.015,jonswap_H4.000,5,FAIL,0.422525436,0.712752223,3.88534522,0.230122253,0.712053597,5.75305653,0.136698693,0.000284857175,3.58965158,1.05997014
rp0_0.015,jonswap_H8.500,1,FAIL,0.407648474,0.262924939,3.83816242,0.538035572,1.43588269,6.32983017,0.0670117512,0.000232360879,4.22208929,1.34271467
rp0_0.015,jonswap_H8.500,2,FAIL,0.255847096,0.514297068,3.39617348,0.488980442,1.34425986,5.75271082,0.0865503103,0.000249198405,4.22125196,1.33949733
rp0_0.015,jonswap_H8.500,3,FAIL,0.171927437,0.662891865,2.00071359,0.506962597,1.35173082,5.96426582,0.0958883241,0.000244814175,4.22270012,1.34001398
rp0_0.015,jonswap_H8.500,4,FAIL,0.25077343,0.632654786,2.33508348,0.519884169,1.3959837,6.11628437,0.100878052,0.000167716178,4.22099257,1.33864534
rp0_0.015,jonswap_H8.500,5,FAIL,0.397814184,0.731748283,6.48499966,0.497935027,1.4060154,5.85805893,0.133759156,0.000243388029,4.22358608,1.33993495
rp0_0.015,pmstokes_H0.270,1,FAIL,0.251111299,0.497129619,3.22120309,0.0178972986,0.0494137332,6.62862873,0.0859915167,0.000240114648,1.19016337,0.374455363
rp0_0.015,pmstokes_H0.270,2,FAIL,0.341191977,0.201442853,4.0023675,0.01865362,0.0487308502,6.90874815,0.060870599,0.000238054825,1.17496097,0.373425692
rp0_0.015,pmstokes_H0.270,3,FAIL,0.185589686,0.219952419,4.80703783,0.0172986351,0.0482143648,6.40690184,0.0379330479,0.000226339689,1.14918911,0.363360405
rp0_0.015,pmstokes_H0.270,4,FAIL,0.322854161,0.251271337,2.33447647,0.0181250926,0.0484972708,6.71299696,0.0627295226,0.000224823889,1.157704,0.375236511
rp0_0.015,pmstokes_H0.270,5,FAIL,0.32544744,0.368680567,5.1163516,0.0166801307,0.0480117947,6.17782593,0.0809455365,0.00021131587,1.14953399,0.374746531
rp0_0.015,pmstokes_H1.500,1,FAIL,0.255243063,0.522049606,3.23228168,0.0943567306,0.251870364,6.29044867,0.085895136,0.000242121445,2.04426289,0.747584164
rp0_0.015,pmstokes_H1.500,2,FAIL,0.380369782,0.198762909,2.83626342,0.0903796926,0.239901602,6.02531242,0.0647404492,0.000250383251,2.04543304,0.746993423
rp0_0.015,pmstokes_H1.500,3,FAIL,0.206446648,0.231898323,3.22067618,0.0872827917,0.235362366,5.81885242,0.0381719507,0.000236616674,2.04294515,0.746214867
rp0_0.015,pmstokes_H1.500,4,FAIL,0.348711133,0.263559222,1.66225672,0.0906194299,0.238513499,6.04129505,0.0654433817,0.000209915554,2.04352808,0.74779582
rp0_0.015,pmstokes_H1.500,5,FAIL,0.323364615,0.389821708,6.01084328,0.0848467201,0.240948841,5.65644789,0.0823837966,0.000196687557,2.04251885,0.746023476
rp0_0.015,pmstokes_H4.000,1,FAIL,0.361821532,0.574690282,2.29180932,0.253671199,0.70880115,6.34178019,0.0992631018,0.000242064692,3.28942418,1.05846632
rp0_0.015,pmstokes_H4.000,2,FAIL,0.277700901,0.213417619,3.54722714,0.236908406,0.668329358,5.92270994,0.0450989902,0.000238936249,3.2908864,1.06255674
rp0_0.015,pmstokes_H4.000,3,FAIL,0.18558453,0.249894485,4.43962908,0.235587493,0.66114819,5.88968754,0.0328900144,0.000245871663,3.29019737,1.06391275
rp0_0.015,pmstokes_H4.000,4,FAIL,0.246397853,0.28227821,1.84798956,0.24891676,0.677046001,6.22291899,0.0474938303,0.000220473186,3.2902925,1.06313705
rp0_0.015,pmstokes_H4.000,5,FAIL,0.42149961,0.346146226,2.88451457,0.223048419,0.668157518,5.5762105,0.089900814,0.000235242987,3.29173493,1.06039894
rp0_0.015,pmstokes_H8.500,1,FAIL,0.240606785,0.48934108,3.32520199,0.544803441,1.38054466,6.40945196,0.0788033158,0.000235485859,4.10274935,1.41329074
rp0_0.015,pmstokes_H8.500,2,FAIL,0.43765077,0.245442554,2.90536618,0.480353445,1.26343715,5.65121698,0.0741243511,0.0002393912,4.10255957,1.41199362
rp0_0.015,pmstokes_H8.500,3,FAIL,0.198228911,0.2861,2.6012969,0.501416683,1.26581633,5.89901972,0.0367317796,0.000354121643,4.10273933,1.41282773
rp0_0.015,pmstokes_H8.500,4,FAIL,0.584133863,0.356246173,1.73901439,0.506124258,1.28767073,5.95440292,0.105845772,0.00023934526,4.10327768,1.40522873
rp0_0.015,pmstokes_H8.500,5,FAIL,0.301586062,0.443194598,5.8366189,0.494735271,1.33048022,5.82041502,0.08285065,0.000186751829,4.10105085,1.41125798
rp0_0.15,jonswap_H0.270,1,FAIL,0.264101803,0.462403804,3.55144858,0.0181717668,0.0504885241,6.73028374,0.081718713,0.000239469067,1.2976892,0.330172807
rp0_0.15,jonswap_H0.270,2,FAIL,0.32162106,0.229714453,4.10119772,0.0192875937,0.050189808,7.14355326,0.0604083799,0.000237801825,1.28320587,0.331642151
rp0_0.15,jonswap_H0.270,3,FAIL,0.177239105,0.244646356,5.02216959,0.0177775472,0.0496146753,6.58427668,0.0407555513,0.000225596596,1.25606072,0.340860814
rp0_0.15,jonswap_H0.270,4,FAIL,0.303479582,0.291304082,2.47822404,0.0183400903,0.0496710129,6.7926259,0.0646195784,0.000226499076,1.26511419,0.330715954
rp0_0.15,jonswap_H0.270,5,FAIL,0.344286501,0.414447397,5.87408543,0.0167157222,0.0492526926,6.19100809,0.0884659216,0.000198022593,1.25769985,0.331572473
rp0_0.15,jonswap_H1.500,1,FAIL,0.259753942,0.394314766,3.50062108,0.0959923118,0.260593414,6.39948702,0.0667325407,0.000243154485,2.18139935,0.684075892
rp0_0.15,jonswap_H1.500,2,FAIL,0.392717093,0.304176629,2.99896455,0.0965752155,0.2535263,6.43834734,0.0777161643,0.000246169948,2.18514132,0.685219526
rp0_0.15,jonswap_H1.500,3,FAIL,0.211742073,0.362052321,3.1699779,0.0901572704,0.246492371,6.0104847,0.059071172,0.000235106505,2.17887568,0.688429117
rp0_0.15,jonswap_H1.500,4,FAIL,0.358674824,0.39774248,1.77389181,0.0924204811,0.249257833,6.16136503,0.0832681507,0.000200531344,2.18383503,0.665489316
rp0_0.15,jonswap_H1.500,5,FAIL,0.305141568,0.522373199,6.53622723,0.0875536725,0.251017958,5.8369112,0.098877877,0.000198362162,2.17812371,0.679515004
rp0_0.15,jonswap_H4.000,1,FAIL,0.439948708,0.287746757,2.88306522,0.250457227,0.730351627,6.26143074,0.0732845441,0.000227628669,3.5906105,1.06248486
rp0_0.15,jonswap_H4.000,2,FAIL,0.206619486,0.509870112,3.95616722,0.247860804,0.721092105,6.19652033,0.0831706002,0.00022842933,3.59119201,1.0617187
rp0_0.15,jonswap_H4.000,3,FAIL,0.185393438,0.5832358,3.94849801,0.235937372,0.711919188,5.89843416,0.0887008607,0.000249342964,3.58975983,1.06095934
rp0_0.15,jonswap_H4.000,4,FAIL,0.211307541,0.620715916,2.48727584,0.253240734,0.722325802,6.33101845,0.0986432359,0.000198960959,3.59064627,1.06167448
rp0_0.15,jonswap_H4.000,5,FAIL,0.422525436,0.712752223,3.88534522,0.230122253,0.712053597,5.75305653,0.136698693,0.000284857175,3.58965158,1.05997014
rp0_0.15,jonswap_H8.500,1,FAIL,0.407648474,0.262924939,3.83816242,0.538035572,1.43588269,6.32983017,0.0670117512,0.000232360879,4.22208929,1.34271467
rp0_0.15,jonswap_H8.500,2,FAIL,0.255847096,0.514297068,3.39617348,0.488980442,1.34425986,5.75271082,0.0865503103,0.000249198405,4.22125196,1.33949733
rp0_0.15,jonswap_H8.500,3,FAIL,0.171927437,0.662891865,2.00071359,0.506962597,1.35173082,5.96426582,0.0958883241,0.000244814175,4.22270012,1.34001398
rp0_0.15,jonswap_H8.500,4,FAIL,0.25077343,0.632654786,2.33508348,0.519884169,1.3959837,6.11628437,0.100878052,0.000167716178,4.22099257,1.33864534
rp0_0.15,jonswap_H8.500,5,FAIL,0.397814184,0.731748283,6.48499966,0.497935027,1.4060154,5.85805893,0.133759156,0.000243388029,4.22358608,1.33993495
rp0_0.15,pmstokes_H0.270,1,FAIL,0.251111299,0.497129619,3.22120309,0.0178972986,0.0494137332,6.62862873,0.0859915167,0.000240114648,1.19016337,0.374455363
rp0_0.15,pmstokes_H0.270,2,FAIL,0.341191977,0.201442853,4.0023675,0.01865362,0.0487308502,6.90874815,0.060870599,0.000238054825,1.17496097,0.373425692
rp0_0.15,pmstokes_H0.270,3,FAIL,0.185589686,0.219952419,4.80703783,0.0172986351,0.0482143648,6.40690184,0.0379330479,0.000226339689,1.14918911,0.363360405
rp0_0.15,pmstokes_H0.270,4,FAIL,0.322854161,0.251271337,2.33447647,0.0181250926,0.0484972708,6.71299696,0.0627295226,0.000224823889,1.157704,0.375236511
rp0_0.15,pmstokes_H0.270,5,FAIL,0.32544744,0.368680567,5.1163516,0.0166801307,0.0480117947,6.17782593,0.0809455365,0.00021131587,1.14953399,0.374746531
rp0_0.15,pmstokes_H1.500,1,FAIL,0.255243063,0.522049606,3.23228168,0.0943567306,0.251870364,6.29044867,0.085895136,0.000242121445,2.04426289,0.747584164
rp0_0.15,pmstokes_H1.500,2,FAIL,0.380369782,0.198762909,2.83626342,0.0903796926,0.239901602,6.02531242,0.0647404492,0.000250383251,2.04543304,0.746993423
rp0_0.15,pmstokes_H1.500,3,FAIL,0.206446648,0.231898323,3.22067618,0.0872827917,0.235362366,5.81885242,0.0381719507,0.000236616674,2.04294515,0.746214867
rp0_0.15,pmstokes_H1.500,4,FAIL,0.348711133,0.263559222,1.66225672,0.0906194299,0.238513499,6.04129505,0.0654433817,0.000209915554,2.04352808,0.74779582
rp0_0.15,pmstokes_H1.500,5,FAIL,0.323364615,0.389821708,6.01084328,0.0848467201,0.240948841,5.65644789,0.0823837966,0.000196687557,2.04251885,0.746023476
rp0_0.15,pmstokes_H4.000,1,FAIL,0.361821532,0.574690282,2.29180932,0.253671199,0.70880115,6.34178019,0.0992631018,0.000242064692,3.28942418,1.05846632
rp0_0.15,pmstokes_H4.000,2,FAIL,0.277700901,0.213417619,3.54722714,0.236908406,0.668329358,5.92270994,0.0450989902,0.000238936249,3.2908864,1.06255674
rp0_0.15,pmstokes_H4.000,3,FAIL,0.18558453,0.249894485,4.43962908,0.235587493,0.66114819,5.88968754,0.0328900144,0.000245871663,3.29019737,1.06391275
rp0_0.15,pmstokes_H4.000,4,FAIL,0.246397853,0.28227821,1.84798956,0.24891676,0.677046001,6.22291899,0.0474938303,0.000220473186,3.2902925,1.06313705
rp0_0.15,pmstokes_H4.000,5,FAIL,0.42149961,0.346146226,2.88451457,0.223048419,0.668157518,5.5762105,0.089900814,0.000235242987,3.29173493,1.06039894
rp0_0.15,pmstokes_H8.500,1,FAIL,0.240606785,0.48934108,3.32520199,0.544803441,1.38054466,6.40945196,0.0788033158,0.000235485859,4.10274935,1.41329074
rp0_0.15,pmstokes_H8.500,2,FAIL,0.43765077,0.245442554,2.90536618,0.480353445,1.26343715,5.65121698,0.0741243511,0.0002393912,4.10255957,1.41199362
rp0_0.15,pmstokes_H8.500,3,FAIL,0.198228911,0.2861,2.6012969,0.501416683,1.26581633,5.89901972,0.0367317796,0.000354121643,4.10273933,1.41282773
rp0_0.15,pmstokes_H8.500,4,FAIL,0.584133863,0.356246173,1.73901439,0.506124258,1.28767073,5.95440292,0.105845772,0.00023934526,4.10327768,1.40522873
rp0_0.15,pmstokes_H8.500,5,FAIL,0.301586062,0.443194598,5.8366189,0.494735271,1.33048022,5.82041502,0.08285065,0.000186751829,4.10105085,1.41125798
rp0_15,jonswap_H0.270,1,FAIL,0.264101803,0.462403804,3.55144858,0.0181717668,0.0504885241,6.73028374,0.081718713,0.000239469067,1.2976892,0.330172807
rp0_15,jonswap_H0.270,2,FAIL,0.32162106,0.229714453,4.10119772,0.0192875937,0.050189808,7.14355326,0.0604083799,0.000237801825,1.28320587,0.331642151
rp0_15,jonswap_H0.270,3,FAIL,0.177239105,0.244646356,5.02216959,0.0177775472,0.0496146753,6.58427668,0.0407555513,0.000225596596,1.25606072,0.340860814
rp0_15,jonswap_H0.270,4,FAIL,0.303479582,0.291304082,2.47822404,0.0183400903,0.0496710129,6.7926259,0.0646195784,0.000226499076,1.26511419,0.330715954
rp0_15,jonswap_H0.270,5,FAIL,0.344286501,0.414447397,5.87408543,0.0167157222,0.0492526926,6.19100809,0.0884659216,0.000198022593,1.25769985,0.331572473
rp0_15,jonswap_H1.500,1,FAIL,0.259753942,0.394314766,3.50062108,0.0959923118,0.260593414,6.39948702,0.0667325407,0.000243154485,2.18139935,0.684075892
rp0_15,jonswap_H1.500,2,FAIL,0.392717093,0.304176629,2.99896455,0.0965752155,0.2535263,6.43834734,0.0777161643,0.000246169948,2.18514132,0.685219526
rp0_15,jonswap_H1.500,3,FAIL,0.211742073,0.362052321,3.1699779,0.0901572704,0.246492371,6.0104847,0.059071172,0.000235106505,2.17887568,0.688429117
rp0_15,jonswap_H1.500,4,FAIL,0.358674824,0.39774248,1.77389181,0.0924204811,0.249257833,6.16136503,0.0832681507,0.000200531344,2.18383503,0.665489316
rp0_15,jonswap_H1.500,5,FAIL,0.305141568,0.522373199,6.53622723,0.0875536725,0.251017958,5.8369112,0.098877877,0.000198362162,2.17812371,0.679515004
rp0_15,jonswap_H4.000,1,FAIL,0.439948708,0.287746757,2.88306522,0.250457227,0.730351627,6.26143074,0.0732845441,0.000227628669,3.5906105,1.06248486
rp0_15,jonswap_H4.000,2,FAIL,0.206619486,0.509870112,3.95616722,0.247860804,0.721092105,6.19652033,0.0831706002,0.00022842933,3.59119201,1.0617187
rp0_15,jonswap_H4.000,3,FAIL,0.185393438,0.5832358,3.94849801,0.235937372,0.711919188,5.89843416,0.0887008607,0.000249342964,3.58975983,1.06095934
rp0_15,jonswap_H4.000,4,FAIL,0.211307541,0.620715916,2.48727584,0.253240734,0.722325802,6.33101845,0.0986432359,0.000198960959,3.59064627,1.06167448
rp0_15,jonswap_H4.000,5,FAIL,0.422525436,0.712752223,3.88534522,0.230122253,0.712053597,5.75305653,0.136698693,0.000284857175,3.58965158,1.05997014
rp0_15,jonswap_H8.500,1,FAIL,0.407648474,0.262924939,3.83816242,0.538035572,1.43588269,6.32983017,0.0670117512,0.000232360879,4.22208929,1.34271467
rp0_15,jonswap_H8.500,2,FAIL,0.255847096,0.514297068,3.39617348,0.488980442,1.34425986,5.75271082,0.0865503103,0.000249198405,4.22125196,1.33949733
rp0_15,jonswap_H8.500,3,FAIL,0.171927437,0.662891865,2.00071359,0.506962597,1.35173082,5.96426582,0.0958883241,0.000244814175,4.22270012,1.34001398
rp0_15,jonswap_H8.500,4,FAIL,0.25077343,0.632654786,2.33508348,0.519884169,1.3959837,6.11628437,0.100878052,0.000167716178,4.22099257,1.33864534
rp0_15,jonswap_H8.500,5,FAIL,0.397814184,0.731748283,6.48499966,0.497935027,1.4060154,5.85805893,0.133759156,0.000243388029,4.22358608,1.33993495
rp0_15,pmstokes_H0.270,1,FAIL,0.251111299,0.497129619,3.22120309,0.0178972986,0.0494137332,6.62862873,0.0859915167,0.000240114648,1.19016337,0.374455363
rp0_15,pmstokes_H0.270,2,FAIL,0.341191977,0.201442853,4.0023675,0.01865362,0.0487308502,6.90874815,0.060870599,0.000238054825,1.17496097,0.373425692
rp0_15,pmstokes_H0.270,3,FAIL,0.185589686,0.219952419,4.80703783,0.0172986351,0.0482143648,6.40690184,0.0379330479,0.000226339689,1.14918911,0.363360405
rp0_15,pmstokes_H0.270,4,FAIL,0.322854161,0.251271337,2.33447647,0.0181250926,0.0484972708,6.71299696,0.0627295226,0.000224823889,1.157704,0.375236511
rp0_15,pmstokes_H0.270,5,FAIL,0.32544744,0.368680567,5.1163516,0.0166801307,0.0480117947,6.17782593,0.0809455365,0.00021131587,1.14953399,0.374746531
rp0_15,pmstokes_H1.500,1,FAIL,0.255243063,0.522049606,3.23228168,0.0943567306,0.251870364,6.29044867,0.085895136,0.000242121445,2.04426289,0.747584164
rp0_15,pmstokes_H1.500,2,FAIL,0.380369782,0.198762909,2.83626342,0.0903796926,0.239901602,6.02531242,0.0647404492,0.000250383251,2.04543304,0.746993423
rp0_15,pmstokes_H1.500,3,FAIL,0.206446648,0.231898323,3.22067618,0.0872827917,0.235362366,5.81885242,0.0381719507,0.000236616674,2.04294515,0.746214867
rp0_15,pmstokes_H1.500,4,FAIL,0.348711133,0.263559222,1.66225672,0.0906194299,0.238513499,6.04129505,0.0654433817,0.000209915554,2.04352808,0.74779582
rp0_15,pmstokes_H1.500,5,FAIL,0.323364615,0.389821708,6.01084328,0.0848467201,0.240948841,5.65644789,0.0823837966,0.000196687557,2.04251885,0.746023476
rp0_15,pmstokes_H4.000,1,FAIL,0.361821532,0.574690282,2.29180932,0.253671199,0.70880115,6.34178019,0.0992631018,0.000242064692,3.28942418,1.05846632
rp0_15,pmstokes_H4.000,2,FAIL,0.277700901,0.213417619,3.54722714,0.236908406,0.668329358,5.92270994,0.0450989902,0.000238936249,3.2908864,1.06255674
rp0_15,pmstokes_H4.000,3,FAIL,0.18558453,0.249894485,4.43962908,0.235587493,0.66114819,5.88968754,0.0328900144,0.000245871663,3.29019737,1.06391275
rp0_15,pmstokes_H4.000,4,FAIL,0.246397853,0.28227821,1.84798956,0.24891676,0.677046001,6.22291899,0.0474938303,0.000220473186,3.2902925,1.06313705
rp0_15,pmstokes_H4.000,5,FAIL,0.42149961,0.346146226,2.88451457,0.223048419,0.668157518,5.5762105,0.089900814,0.000235242987,3.29173493,1.06039894
rp0_15,pmstokes_H8.500,1,FAIL,0.240606785,0.48934108,3.32520199,0.544803441,1.38054466,6.40945196,0.0788033158,0.000235485859,4.10274935,1.41329074
rp0_15,pmstokes_H8.500,2,FAIL,0.43765077,0.245442554,2.90536618,0.480353445,1.26343715,5.65121698,0.0741243511,0.0002393912,4.10255957,1.41199362
rp0_15,pmstokes_H8.500,3,FAIL,0.198228911,0.2861,2.6012969,0.501416683,1.26581633,5.89901972,0.0367317796,0.000354121643,4.10273933,1.41282773
rp0_15,pmstokes_H8.500,4,FAIL,0.584133863,0.356246173,1.73901439,0.506124258,1.28767073,5.95440292,0.105845772,0.00023934526,4.10327768,1.40522873
rp0_15,pmstokes_H8.500,5,FAIL,0.301586062,0.443194598,5.8366189,0.494735271,1.33048022,5.82041502,0.08285065,0.000186751829,4.10105085,1.41125798
rp0_150,jonswap_H0.270,1,FAIL,0.264101803,0.462403804,3.55144858,0.0181717668,0.0504885241,6.73028374,0.081718713,0.000239469067,1.2976892,0.330172807
rp0_150,jonswap_H0.270,2,FAIL,0.32162106,0.229714453,4.10119772,0.0192875937,0.050189808,7.14355326,0.0604083799,0.000237801825,1.28320587,0.331642151
rp0_150,jonswap_H0.270,3,FAIL,0.177239105,0.244646356,5.02216959,0.0177775472,0.0496146753,6.58427668,0.0407555513,0.000225596596,1.25606072,0.340860814
rp0_150,jonswap_H0.270,4,FAIL,0.303479582,0.291304082,2.47822404,0.0183400903,0.0496710129,6.7926259,0.0646195784,0.000226499076,1.26511419,0.330715954
rp0_150,jonswap_H0.270,5,FAIL,0.344286501,0.414447397,5.87408543,0.0167157222,0.0492526926,6.19100809,0.0884659216,0.000198022593,1.25769985,0.331572473
rp0_150,jonswap_H1.500,1,FAIL,0.259753942,0.394314766,3.50062108,0.0959923118,0.260593414,6.39948702,0.0667325407,0.000243154485,2.18139935,0.684075892
rp0_150,jonswap_H1.500,2,FAIL,0.392717093,0.304176629,2.99896455,0.0965752155,0.2535263,6.43834734,0.0777161643,0.000246169948,2.18514132,0.685219526
rp0_150,jonswap_H1.500,3,FAIL,0.211742073,0.362052321,3.1699779,0.0901572704,0.246492371,6.0104847,0.059071172,0.000235106505,2.17887568,0.688429117
rp0_150,jonswap_H1.500,4,FAIL,0.358674824,0.39774248,1.77389181,0.0924204811,0.249257833,6.16136503,0.0832681507,0.000200531344,2.18383503,0.665489316
rp0_150,jonswap_H1.500,5,FAIL,0.305141568,0.522373199,6.53622723,0.0875536725,0.251017958,5.8369112,0.098877877,0.000198362162,2.17812371,0.679515004
rp0_150,jonswap_H4.000,1,FAIL,0.439948708,0.287746757,2.88306522,0.250457227,0.730351627,6.26143074,0.0732845441,0.000227628669,3.5906105,1.06248486
rp0_150,jonswap_H4.000,2,FAIL,0.206619486,0.509870112,3.95616722,0.247860804,0.721092105,6.19652033,0.0831706002,0.00022842933,3.59119201,1.0617187
rp0_150,jonswap_H4.000,3,FAIL,0.185393438,0.5832358,3.94849801,0.235937372,0.711919188,5.89843416,0.0887008607,0.000249342964,3.58975983,1.06095934
rp0_150,jonswap_H4.000,4,FAIL,0.211307541,0.620715916,2.48727584,0.253240734,0.722325802,6.33101845,0.0986432359,0.000198960959,3.59064627,1.06167448
rp0_150,jonswap_H4.000,5,FAIL,0.422525436,0.712752223,3.88534522,0.230122253,0.712053597,5.75305653,0.136698693,0.000284857175,3.58965158,1.05997014
rp0_150,jonswap_H8.500,1,FAIL,0.407648474,0.262924939,3.83816242,0.538035572,1.43588269,6.32983017,0.0670117512,0.000232360879,4.22208929,1.34271467
rp0_150,jonswap_H8.500,2,FAIL,0.255847096,0.514297068,3.39617348,0.488980442,1.34425986,5.75271082,0.0865503103,0.000249198405,4.22125196,1.33949733
rp0_150,jonswap_H8.500,3,FAIL,0.171927437,0.662891865,2.00071359,0.506962597,1.35173082,5.96426582,0.0958883241,0.000244814175,4.22270012,1.34001398
rp0_150,jonswap_H8.500,4,FAIL,0.25077343,0.632654786,2.33508348,0.519884169,1.3959837,6.11628437,0.100878052,0.000167716178,4.22099257,1.33864534
rp0_150,jonswap_H8.500,5,FAIL,0.397814184,0.731748283,6.48499966,0.497935027,1.4060154,5.85805893,0.133759156,0.000243388029,4.22358608,1.33993495
rp0_150,pmstokes_H0.270,1,FAIL,0.251111299,0.497129619,3.22120309,0.0178972986,0.0494137332,6.62862873,0.0859915167,0.000240114648,1.19016337,0.374455363
rp0_150,pmstokes_H0.270,2,FAIL,0.341191977,0.201442853,4.0023675,0.01865362,0.0487308502,6.90874815,0.060870599,0.000238054825,1.17496097,0.373425692
rp0_150,pmstokes_H0.270,3,FAIL,0.185589686,0.219952419,4.80703783,0.0172986351,0.0482143648,6.40690184,0.0379330479,0.000226339689,1.14918911,0.363360405
rp0_150,pmstokes_H0.270,4,FAIL,0.322854161,0.251271337,2.33447647,0.0181250926,0.0484972708,6.71299696,0.0627295226,0.000224823889,1.157704,0.375236511
rp0_150,pmstokes_H0.270,5,FAIL,0.32544744,0.368680567,5.1163516,0.0166801307,0.0480117947,6.17782593,0.0809455365,0.00021131587,1.14953399,0.374746531
rp0_150,pmstokes_H1.500,1,FAIL,0.255243063,0.522049606,3.23228168,0.0943567306,0.251870364,6.29044867,0.085895136,0.000242121445,2.04426289,0.747584164
rp0_150,pmstokes_H1.500,2,FAIL,0.380369782,0.198762909,2.83626342,0.0903796926,0.239901602,6.02531242,0.0647404492,0.000250383251,2.04543304,0.746993423
rp0_150,pmstokes_H1.500,3,FAIL,0.206446648,0.231898323,3.22067618,0.0872827917,0.235362366,5.81885242,0.0381719507,0.000236616674,2.04294515,0.746214867
rp0_150,pmstokes_H1.500,4,FAIL,0.348711133,0.263559222,1.66225672,0.0906194299,0.238513499,6.04129505,0.0654433817,0.000209915554,2.04352808,0.74779582
rp0_150,pmstokes_H1.500,5,FAIL,0.323364615,0.389821708,6.01084328,0.0848467201,0.240948841,5.65644789,0.0823837966,0.000196687557,2.04251885,0.746023476
rp0_150,pmstokes_H4.000,1,FAIL,0.361821532,0.574690282,2.29180932,0.253671199,0.70880115,6.34178019,0.0992631018,0.000242064692,3.28942418,1.05846632
rp0_150,pmstokes_H4.000,2,FAIL,0.277700901,0.213417619,3.54722714,0.236908406,0.668329358,5.92270994,0.0450989902,0.000238936249,3.2908864,1.06255674
rp0_150,pmstokes_H4.000,3,FAIL,0.18558453,0.249894485,4.43962908,0.235587493,0.66114819,5.88968754,0.0328900144,0.000245871663,3.29019737,1.06391275
rp0_150,pmstokes_H4.000,4,FAIL,0.246397853,0.28227821,1.84798956,0.24891676,0.677046001,6.22291899,0.0474938303,0.000220473186,3.2902925,1.06313705
rp0_150,pmstokes_H4.000,5,FAIL,0.42149961,0.346146226,2.88451457,0.223048419,0.668157518,5.5762105,0.089900814,0.000235242987,3.29173493,1.06039894
rp0_150,pmstokes_H8.500,1,FAIL,0.240606785,0.48934108,3.32520199,0.544803441,1.38054466,6.40945196,0.0788033158,0.000235485859,4.10274935,1.41329074
rp0_150,pmstokes_H8.500,2,FAIL,0.43765077,0.245442554,2.90536618,0.480353445,1.26343715,5.65121698,0.0741243511,0.0002393912,4.10255957,1.41199362
rp0_150,pmstokes_H8.500,3,FAIL,0.198228911,0.2861,2.6012969,0.501416683,1.26581633,5.89901972,0.0367317796,0.000354121643,4.10273933,1.41282773
rp0_150,pmstokes_H8.500,4,FAIL,0.584133863,0.356246173,1.73901439,0.506124258,1.28767073,5.95440292,0.105845772,0.00023934526,4.10327768,1.40522873
rp0_150,pmstokes_H8.500,5,FAIL,0.301586062,0.443194598,5.8366189,0.494735271,1.33048022,5.82041502,0.08285065,0.000186751829,4.10105085,1.41125798
rv0_0.003,jonswap_H0.270,1,FAIL,0.264101803,0.462403804,3.55144858,0.0181717668,0.0504885241,6.73028374,0.081718713,0.000239469067,1.2976892,0.330172807
rv0_0.003,jonswap_H0.270,2,FAIL,0.32162106,0.229714453,4.10119772,0.0192875937,0.050189808,7.14355326,0.0604083799,0.000237801825,1.28320587,0.331642151
rv0_0.003,jonswap_H0.270,3,FAIL,0.177239105,0.244646356,5.02216959,0.0177775472,0.0496146753,6.58427668,0.0407555513,0.000225596596,1.25606072,0.340860814
rv0_0.003,jonswap_H0.270,4,FAIL,0.303479582,0.291304082,2.47822404,0.0183400903,0.0496710129,6.7926259,0.0646195784,0.000226499076,1.26511419,0.330715954
rv0_0.003,jonswap_H0.270,5,FAIL,0.344286501,0.414447397,5.87408543,0.0167157222,0.0492526926,6.19100809,0.0884659216,0.000198022593,1.25769985,0.331572473
rv0_0.003,jonswap_H1.500,1,FAIL,0.259753942,0.394314766,3.50062108,0.0959923118,0.260593414,6.39948702,0.0667325407,0.000243154485,2.18139935,0.684075892
rv0_0.003,jonswap_H1.500,2,FAIL,0.392717093,0.304176629,2.99896455,0.0965752155,0.2535263,6.43834734,0.0777161643,0.000246169948,2.18514132,0.685219526
rv0_0.003,jonswap_H1.500,3,FAIL,0.211742073,0.362052321,3.1699779,0.0901572704,0.246492371,6.0104847,0.059071172,0.000235106505,2.17887568,0.688429117
rv0_0.003,jonswap_H1.500,4,FAIL,0.358674824,0.39774248,1.77389181,0.0924204811,0.249257833,6.16136503,0.0832681507,0.000200531344,2.18383503,0.665489316
rv0_0.003,jonswap_H1.500,5,FAIL,0.305141568,0.522373199,6.53622723,0.0875536725,0.251017958,5.8369112,0.098877877,0.000198362162,2.17812371,0.679515004
rv0_0.003,jonswap_H4.000,1,FAIL,0.439948708,0.287746757,2.88306522,0.250457227,0.730351627,6.26143074,0.0732845441,0.000227628669,3.5906105,1.06248486
rv0_0.003,jonswap_H4.000,2,FAIL,0.206619486,0.509870112,3.95616722,0.247860804,0.721092105,6.19652033,0.0831706002,0.00022842933,3.59119201,1.0617187
rv0_0.003,jonswap_H4.000,3,FAIL,0.185393438,0.5832358,3.94849801,0.235937372,0.711919188,5.89843416,0.0887008607,0.000249342964,3.58975983,1.06095934
rv0_0.003,jonswap_H4.000,4,FAIL,0.211307541,0.620715916,2.48727584,0.253240734,0.722325802,6.33101845,0.0986432359,0.000198960959,3.59064627,1.06167448
rv0_0.003,jonswap_H4.000,5,FAIL,0.422525436,0.712752223,3.88534522,0.230122253,0.712053597,5.75305653,0.136698693,0.000284857175,3.58965158,1.05997014
rv0_0.003,jonswap_H8.500,1,FAIL,0.407648474,0.262924939,3.83816242,0.538035572,1.43588269,6.32983017,0.0670117512,0.000232360879,4.22208929,1.34271467
rv0_0.003,jonswap_H8.500,2,FAIL,0.255847096,0.514297068,3.39617348,0.488980442,1.34425986,5.75271082,0.0865503103,0.000249198405,4.22125196,1.33949733
rv0_0.003,jonswap_H8.500,3,FAIL,0.171927437,0.662891865,2.00071359,0.506962597,1.35173082,5.96426582,0.0958883241,0.000244814175,4.22270012,1.34001398
rv0_0.003,jonswap_H8.500,4,FAIL,0.25077343,0.632654786,2.33508348,0.519884169,1.3959837,6.11628437,0.100878052,0.000167716178,4.22099257,1.33864534
rv0_0.003,jonswap_H8.500,5,FAIL,0.397814184,0.731748283,6.48499966,0.497935027,1.4060154,5.85805893,0.133759156,0.000243388029,4.22358608,1.33993495
rv0_0.003,pmstokes_H0.270,1,FAIL,0.251111299,0.497129619,3.22120309,0.0178972986,0.0494137332,6.62862873,0.0859915167,0.000240114648,1.19016337,0.374455363
rv0_0.003,pmstokes_H0.270,2,FAIL,0.341191977,0.201442853,4.0023675,0.01865362,0.0487308502,6.90874815,0.060870599,0.000238054825,1.17496097,0.373425692
rv0_0.003,pmstokes_H0.270,3,FAIL,0.185589686,0.219952419,4.80703783,0.0172986351,0.0482143648,6.40690184,0.0379330479,0.000226339689,1.14918911,0.363360405
rv0_0.003,pmstokes_H0.270,4,FAIL,0.322854161,0.251271337,2.33447647,0.0181250926,0.0484972708,6.71299696,0.0627295226,0.000224823889,1.157704,0.375236511
rv0_0.003,pmstokes_H0.270,5,FAIL,0.32544744,0.368680567,5.1163516,0.0166801307,0.0480117947,6.17782593,0.0809455365,0.00021131587,1.14953399,0.374746531
rv0_0.003,pmstokes_H1.500,1,FAIL,0.255243063,0.522049606,3.23228168,0.0943567306,0.251870364,6.29044867,0.085895136,0.000242121445,2.04426289,0.747584164
rv0_0.003,pmstokes_H1.500,2,FAIL,0.380369782,0.198762909,2.83626342,0.0903796926,0.239901602,6.02531242,0.0647404492,0.000250383251,2.04543304,0.746993423
rv0_0.003,pmstokes_H1.500,3,FAIL,0.206446648,0.231898323,3.22067618,0.0872827917,0.235362366,5.81885242,0.0381719507,0.000236616674,2.04294515,0.746214867
rv0_0.003,pmstokes_H1.500,4,FAIL,0.348711133,0.263559222,1.66225672,0.0906194299,0.238513499,6.04129505,0.0654433817,0.000209915554,2.04352808,0.74779582
rv0_0.003,pmstokes_H1.500,5,FAIL,0.323364615,0.389821708,6.01084328,0.0848467201,0.240948841,5.65644789,0.0823837966,0.000196687557,2.04251885,0.746023476
rv0_0.003,pmstokes_H4.000,1,FAIL,0.361821532,0.574690282,2.29180932,0.253671199,0.70880115,6.34178019,0.0992631018,0.000242064692,3.28942418,1.05846632
rv0_0.003,pmstokes_H4.000,2,FAIL,0.277700901,0.213417619,3.54722714,0.236908406,0.668329358,5.92270994,0.0450989902,0.000238936249,3.2908864,1.06255674
rv0_0.003,pmstokes_H4.000,3,FAIL,0.18558453,0.249894485,4.43962908,0.235587493,0.66114819,5.88968754,0.0328900144,0.000245871663,3.29019737,1.06391275
rv0_0.003,pmstokes_H4.000,4,FAIL,0.246397853,0.28227821,1.84798956,0.24891676,0.677046001,6.22291899,0.0474938303,0.000220473186,3.2902925,1.06313705
rv0_0.003,pmstokes_H4.000,5,FAIL,0.42149961,0.346146226,2.88451457,0.223048419,0.668157518,5.5762105,0.089900814,0.000235242987,3.29173493,1.06039894
rv0_0.003,pmstokes_H8.500,1,FAIL,0.240606785,0.48934108,3.32520199,0.544803441,1.38054466,6.40945196,0.0788033158,0.000235485859,4.10274935,1.41329074
rv0_0.003,pmstokes_H8.500,2,FAIL,0.43765077,0.245442554,2.90536618,0.480353445,1.26343715,5.65121698,0.0741243511,0.0002393912,4.10255957,1.41199362
rv0_0.003,pmstokes_H8.500,3,FAIL,0.198228911,0.2861,2.6012969,0.501416683,1.26581633,5.89901972,0.0367317796,0.000354121643,4.10273933,1.41282773
rv0_0.003,pmstokes_H8.500,4,FAIL,0.584133863,0.356246173,1.73901439,0.506124258,1.28767073,5.95440292,0.105845772,0.00023934526,4.10327768,1.40522873
rv0_0.003,pmstokes_H8.500,5,FAIL,0.301586062,0.443194598,5.8366189,0.494735271,1.33048022,5.82041502,0.08285065,0.000186751829,4.10105085,1.41125798
rv0_0.03,jonswap_H0.270,1,FAIL,0.264101803,0.462403804,3.55144858,0.0181717668,0.0504885241,6.73028374,0.081718713,0.000239469067,1.2976892,0.330172807
rv0_0.03,jonswap_H0.270,2,FAIL,0.32162106,0.229714453,4.10119772,0.0192875937,0.050189808,7.14355326,0.0604083799,0.000237801825,1.28320587,0.331642151
rv0_0.03,jonswap_H0.270,3,FAIL,0.177239105,0.244646356,5.02216959,0.0177775472,0.0496146753,6.58427668,0.0407555513,0.000225596596,1.25606072,0.340860814
rv0_0.03,jonswap_H0.270,4,FAIL,0.303479582,0.291304082,2.47822404,0.0183400903,0.0496710129,6.7926259,0.0646195784,0.000226499076,1.26511419,0.330715954
rv0_0.03,jonswap_H0.270,5,FAIL,0.344286501,0.414447397,5.87408543,0.0167157222,0.0492526926,6.19100809,0.0884659216,0.000198022593,1.25769985,0.331572473
rv0_0.03,jonswap_H1.500,1,FAIL,0.259753942,0.394314766,3.50062108,0.0959923118,0.260593414,6.39948702,0.0667325407,0.000243154485,2.18139935,0.684075892
rv0_0.03,jonswap_H1.500,2,FAIL,0.392717093,0.304176629,2.99896455,0.0965752155,0.2535263,6.43834734,0.0777161643,0.000246169948,2.18514132,0.685219526
rv0_0.03,jonswap_H1.500,3,FAIL,0.211742073,0.362052321,3.1699779,0.0901572704,0.246492371,6.0104847,0.059071172,0.000235106505,2.17887568,0.688429117
rv0_0.03,jonswap_H1.500,4,FAIL,0.358674824,0.39774248,1.77389181,0.0924204811,0.249257833,6.16136503,0.0832681507,0.000200531344,2.18383503,0.665489316
rv0_0.03,jonswap_H1.500,5,FAIL,0.305141568,0.522373199,6.53622723,0.0875536725,0.251017958,5.8369112,0.098877877,0.000198362162,2.17812371,0.679515004
rv0_0.03,jonswap_H4.000,1,FAIL,0.439948708,0.287746757,2.88306522,0.250457227,0.730351627,6.26143074,0.0732845441,0.000227628669,3.5906105,1.06248486
rv0_0.03,jonswap_H4.000,2,FAIL,0.206619486,0.509870112,3.95616722,0.247860804,0.721092105,6.19652033,0.0831706002,0.00022842933,3.59119201,1.0617187
rv0_0.03,jonswap_H4.000,3,FAIL,0.185393438,0.5832358,3.94849801,0.235937372,0.711919188,5.89843416,0.0887008607,0.000249342964,3.58975983,1.06095934
rv0_0.03,jonswap_H4.000,4,FAIL,0.211307541,0.620715916,2.48727584,0.253240734,0.722325802,6.33101845,0.0986432359,0.000198960959,3.59064627,1.06167448
rv0_0.03,jonswap_H4.000,5,FAIL,0.422525436,0.712752223,3.88534522,0.230122253,0.712053597,5.75305653,0.136698693,0.000284857175,3.58965158,1.05997014
rv0_0.03,jonswap_H8.500,1,FAIL,0.407648474,0.262924939,3.83816242,0.538035572,1.43588269,6.32983017,0.0670117512,0.000232360879,4.22208929,1.34271467
rv0_0.03,jonswap_H8.500,2,FAIL,0.255847096,0.514297068,3.39617348,0.488980442,1.34425986,5.75271082,0.0865503103,0.000249198405,4.22125196,1.33949733
rv0_0.03,jonswap_H8.500,3,FAIL,0.171927437,0.662891865,2.00071359,0.506962597,1.35173082,5.96426582,0.0958883241,0.000244814175,4.22270012,1.34001398
rv0_0.03,jonswap_H8.500,4,FAIL,0.25077343,0.632654786,2.33508348,0.519884169,1.3959837,6.11628437,0.100878052,0.000167716178,4.22099257,1.33864534
rv0_0.03,jonswap_H8.500,5,FAIL,0.397814184,0.731748283,6.48499966,0.497935027,1.4060154,5.85805893,0.133759156,0.000243388029,4.22358608,1.33993495
rv0_0.03,pmstokes_H0.270,1,FAIL,0.251111299,0.497129619,3.22120309,0.0178972986,0.0494137332,6.62862873,0.0859915167,0.000240114648,1.19016337,0.374455363
rv0_0.03,pmstokes_H0.270,2,FAIL,0.341191977,0.201442853,4.0023675,0.01865362,0.0487308502,6.90874815,0.060870599,0.000238054825,1.17496097,0.373425692
rv0_0.03,pmstokes_H0.270,3,FAIL,0.185589686,0.219952419,4.80703783,0.0172986351,0.0482143648,6.40690184,0.0379330479,0.000226339689,1.14918911,0.363360405
rv0_0.03,pmstokes_H0.270,4,FAIL,0.322854161,0.251271337,2.33447647,0.0181250926,0.0484972708,6.71299696,0.0627295226,0.000224823889,1.157704,0.375236511
rv0_0.03,pmstokes_H0.270,5,FAIL,0.32544744,0.368680567,5.1163516,0.0166801307,0.0480117947,6.17782593,0.0809455365,0.00021131587,1.14953399,0.374746531
rv0_0.03,pmstokes_H1.500,1,FAIL,0.255243063,0.522049606,3.23228168,0.0943567306,0.251870364,6.29044867,0.085895136,0.000242121445,2.04426289,0.747584164
rv0_0.03,pmstokes_H1.500,2,FAIL,0.380369782,0.198762909,2.83626342,0.0903796926,0.239901602,6.02531242,0.0647404492,0.000250383251,2.04543304,0.746993423
rv0_0.03,pmstokes_H1.500,3,FAIL,0.206446648,0.231898323,3.22067618,0.0872827917,0.235362366,5.81885242,0.0381719507,0.000236616674,2.04294515,0.746214867
rv0_0.03,pmstokes_H1.500,4,FAIL,0.348711133,0.263559222,1.66225672,0.0906194299,0.238513499,6.04129505,0.0654433817,0.000209915554,2.04352808,0.74779582
rv0_0.03,pmstokes_H1.500,5,FAIL,0.323364615,0.389821708,6.01084328,0.0848467201,0.240948841,5.65644789,0.0823837966,0.000196687557,2.04251885,0.746023476
rv0_0.03,pmstokes_H4.000,1,FAIL,0.361821532,0.574690282,2.29180932,0.253671199,0.70880115,6.34178019,0.0992631018,0.000242064692,3.28942418,1.05846632
rv0_0.03,pmstokes_H4.000,2,FAIL,0.277700901,0.213417619,3.54722714,0.236908406,0.668329358,5.92270994,0.0450989902,0.000238936249,3.2908864,1.06255674
rv0_0.03,pmstokes_H4.000,3,FAIL,0.18558453,0.249894485,4.43962908,0.235587493,0.66114819,5.88968754,0.0328900144,0.000245871663,3.29019737,1.06391275
rv0_0.03,pmstokes_H4.000,4,FAIL,0.246397853,0.28227821,1.84798956,0.24891676,0.677046001,6.22291899,0.0474938303,0.000220473186,3.2902925,1.06313705
rv0_0.03,pmstokes_H4.000,5,FAIL,0.42149961,0.346146226,2.88451457,0.223048419,0.668157518,5.5762105,0.089900814,0.000235242987,3.29173493,1.06039894
rv0_0.03,pmstokes_H8.500,1,FAIL,0.240606785,0.48934108,3.32520199,0.544803441,1.38054466,6.40945196,0.0788033158,0.000235485859,4.10274935,1.41329074
rv0_0.03,pmstokes_H8.500,2,FAIL,0.43765077,0.245442554,2.90536618,0.480353445,1.26343715,5.65121698,0.0741243511,0.0002393912,4.10255957,1.41199362
rv0_0.03,pmstokes_H8.500,3,FAIL,0.198228911,0.2861,2.6012969,0.501416683,1.26581633,5.89901972,0.0367317796,0.000354121643,4.10273933,1.41282773
rv0_0.03,pmstokes_H8.500,4,FAIL,0.584133863,0.356246173,1.73901439,0.506124258,1.28767073,5.95440292,0.105845772,0.00023934526,4.10327768,1.40522873
rv0_0.03,pmstokes_H8.500,5,FAIL,0.301586062,0.443194598,5.8366189,0.494735271,1.33048022,5.82041502,0.08285065,0.000186751829,4.10105085,1.41125798
rv0_3,jonswap_H0.270,1,FAIL,0.264101803,0.462403804,3.55144858,0.0181717668,0.0504885241,6.73028374,0.081718713,0.000239469067,1.2976892,0.330172807
rv0_3,jonswap_H0.270,2,FAIL,0.32162106,0.229714453,4.10119772,0.0192875937,0.050189808,7.14355326,0.0604083799,0.000237801825,1.28320587,0.331642151
rv0_3,jonswap_H0.270,3,FAIL,0.177239105,0.244646356,5.02216959,0.0177775472,0.0496146753,6.58427668,0.0407555513,0.000225596596,1.25606072,0.340860814
rv0_3,jonswap_H0.270,4,FAIL,0.303479582,0.291304082,2.47822404,0.0183400903,0.0496710129,6.7926259,0.0646195784,0.000226499076,1.26511419,0.330715954
rv0_3,jonswap_H0.270,5,FAIL,0.344286501,0.414447397,5.87408543,0.0167157222,0.0492526926,6.19100809,0.0884659216,0.000198022593,1.25769985,0.331572473
rv0_3,jonswap_H1.500,1,FAIL,0.259753942,0.394314766,3.50062108,0.0959923118,0.260593414,6.39948702,0.0667325407,0.000243154485,2.18139935,0.684075892
rv0_3,jonswap_H1.500,2,FAIL,0.392717093,0.304176629,2.99896455,0.0965752155,0.2535263,6.43834734,0.0777161643,0.000246169948,2.18514132,0.685219526
rv0_3,jonswap_H1.500,3,FAIL,0.211742073,0.362052321,3.1699779,0.0901572704,0.246492371,6.0104847,0.059071172,0.000235106505,2.17887568,0.688429117
rv0_3,jonswap_H1.500,4,FAIL,0.358674824,0.39774248,1.77389181,0.0924204811,0.249257833,6.16136503,0.0832681507,0.000200531344,2.18383503,0.665489316
rv0_3,jonswap_H1.500,5,FAIL,0.305141568,0.522373199,6.53622723,0.0875536725,0.251017958,5.8369112,0.098877877,0.000198362162,2.17812371,0.679515004
rv0_3,jonswap_H4.000,1,FAIL,0.439948708,0.287746757,2.88306522,0.250457227,0.730351627,6.26143074,0.0732845441,0.000227628669,3.5906105,1.06248486
rv0_3,jonswap_H4.000,2,FAIL,0.206619486,0.509870112,3.95616722,0.247860804,0.721092105,6.19652033,0.0831706002,0.00022842933,3.59119201,1.0617187
rv0_3,jonswap_H4.000,3,FAIL,0.185393438,0.5832358,3.94849801,0.235937372,0.711919188,5.89843416,0.0887008607,0.000249342964,3.58975983,1.06095934
rv0_3,jonswap_H4.000,4,FAIL,0.211307541,0.620715916,2.48727584,0.253240734,0.722325802,6.33101845,0.0986432359,0.000198960959,3.59064627,1.06167448
rv0_3,jonswap_H4.000,5,FAIL,0.422525436,0.712752223,3.88534522,0.230122253,0.712053597,5.75305653,0.136698693,0.000284857175,3.58965158,1.05997014
rv0_3,jonswap_H8.500,1,FAIL,0.407648474,0.262924939,3.83816242,0.538035572,1.43588269,6.32983017,0.0670117512,0.000232360879,4.22208929,1.34271467
rv0_3,jonswap_H8.500,2,FAIL,0.255847096,0.514297068,3.39617348,0.488980442,1.34425986,5.75271082,0.0865503103,0.000249198405,4.22125196,1.33949733
rv0_3,jonswap_H8.500,3,FAIL,0.171927437,0.662891865,2.00071359,0.506962597,1.35173082,5.96426582,0.0958883241,0.000244814175,4.22270012,1.34001398
rv0_3,jonswap_H8.500,4,FAIL,0.25077343,0.632654786,2.33508348,0.519884169,1.3959837,6.11628437,0.100878052,0.000167716178,4.22099257,1.33864534
rv0_3,jonswap_H8.500,5,FAIL,0.397814184,0.731748283,6.48499966,0.497935027,1.4060154,5.85805893,0.133759156,0.000243388029,4.22358608,1.33993495
rv0_3,pmstokes_H0.270,1,FAIL,0.251111299,0.497129619,3.22120309,0.0178972986,0.0494137332,6.62862873,0.0859915167,0.000240114648,1.19016337,0.374455363
rv0_3,pmstokes_H0.270,2,FAIL,0.341191977,0.201442853,4.0023675,0.01865362,0.0487308502,6.90874815,0.060870599,0.000238054825,1.17496097,0.373425692
rv0_3,pmstokes_H0.270,3,FAIL,0.185589686,0.219952419,4.80703783,0.0172986351,0.0482143648,6.40690184,0.0379330479,0.000226339689,1.14918911,0.363360405
rv0_3,pmstokes_H0.270,4,FAIL,0.322854161,0.251271337,2.33447647,0.0181250926,0.0484972708,6.71299696,0.0627295226,0.000224823889,1.157704,0.375236511
rv0_3,pmstokes_H0.270,5,FAIL,0.32544744,0.368680567,5.1163516,0.0166801307,0.0480117947,6.17782593,0.0809455365,0.00021131587,1.14953399,0.374746531
rv0_3,pmstokes_H1.500,1,FAIL,0.255243063,0.522049606,3.23228168,0.0943567306,0.251870364,6.29044867,0.085895136,0.000242121445,2.04426289,0.747584164
rv0_3,pmstokes_H1.500,2,FAIL,0.380369782,0.198762909,2.83626342,0.0903796926,0.239901602,6.02531242,0.0647404492,0.000250383251,2.04543304,0.746993423
rv0_3,pmstokes_H1.500,3,FAIL,0.206446648,0.231898323,3.22067618,0.0872827917,0.235362366,5.81885242,0.0381719507,0.000236616674,2.04294515,0.746214867
rv0_3,pmstokes_H1.500,4,FAIL,0.348711133,0.263559222,1.66225672,0.0906194299,0.238513499,6.04129505,0.0654433817,0.000209915554,2.04352808,0.74779582
rv0_3,pmstokes_H1.500,5,FAIL,0.323364615,0.389821708,6.01084328,0.0848467201,0.240948841,5.65644789,0.0823837966,0.000196687557,2.04251885,0.746023476
rv0_3,pmstokes_H4.000,1,FAIL,0.361821532,0.574690282,2.29180932,0.253671199,0.70880115,6.34178019,0.0992631018,0.000242064692,3.28942418,1.05846632
rv0_3,pmstokes_H4.000,2,FAIL,0.277700901,0.213417619,3.54722714,0.236908406,0.668329358,5.92270994,0.0450989902,0.000238936249,3.2908864,1.06255674
rv0_3,pmstokes_H4.000,3,FAIL,0.18558453,0.249894485,4.43962908,0.235587493,0.66114819,5.88968754,0.0328900144,0.000245871663,3.29019737,1.06391275
rv0_3,pmstokes_H4.000,4,FAIL,0.246397853,0.28227821,1.84798956,0.24891676,0.677046001,6.22291899,0.0474938303,0.000220473186,3.2902925,1.06313705
rv0_3,pmstokes_H4.000,5,FAIL,0.42149961,0.346146226,2.88451457,0.223048419,0.668157518,5.5762105,0.089900814,0.000235242987,3.29173493,1.06039894
rv0_3,pmstokes_H8.500,1,FAIL,0.240606785,0.48934108,3.32520199,0.544803441,1.38054466,6.40945196,0.0788033158,0.000235485859,4.10274935,1.41329074
rv0_3,pmstokes_H8.500,2,FAIL,0.43765077,0.245442554,2.90536618,0.480353445,1.26343715,5.65121698,0.0741243511,0.0002393912,4.10255957,1.41199362
rv0_3,pmstokes_H8.500,3,FAIL,0.198228911,0.2861,2.6012969,0.501416683,1.26581633,5.89901972,0.0367317796,0.000354121643,4.10273933,1.41282773
rv0_3,pmstokes_H8.500,4,FAIL,0.584133863,0.356246173,1.73901439,0.506124258,1.28767073,5.95440292,0.105845772,0.00023934526,4.10327768,1.40522873
rv0_3,pmstokes_H8.500,5,FAIL,0.301586062,0.443194598,5.8366189,0.494735271,1.33048022,5.82041502,0.08285065,0.000186751829,4.10105085,1.41125798
rv0_30,jonswap_H0.270,1,FAIL,0.264101803,0.462403804,3.55144858,0.0181717668,0.0504885241,6.73028374,0.081718713,0.000239469067,1.2976892,0.330172807
rv0_30,jonswap_H0.270,2,FAIL,0.32162106,0.229714453,4.10119772,0.0192875937,0.050189808,7.14355326,0.0604083799,0.000237801825,1.28320587,0.331642151
rv0_30,jonswap_H0.270,3,FAIL,0.177239105,0.244646356,5.02216959,0.0177775472,0.0496146753,6.58427668,0.0407555513,0.000225596596,1.25606072,0.340860814
rv0_30,jonswap_H0.270,4,FAIL,0.303479582,0.291304082,2.47822404,0.0183400903,0.0496710129,6.7926259,0.0646195784,0.000226499076,1.26511419,0.330715954
rv0_30,jonswap_H0.270,5,FAIL,0.344286501,0.414447397,5.87408543,0.0167157222,0.0492526926,6.19100809,0.0884659216,0.000198022593,1.25769985,0.331572473
rv0_30,jonswap_H1.500,1,FAIL,0.259753942,0.394314766,3.50062108,0.0959923118,0.260593414,6.39948702,0.0667325407,0.000243154485,2.18139935,0.684075892
rv0_30,jonswap_H1.500,2,FAIL,0.392717093,0.304176629,2.99896455,0.0965752155,0.2535263,6.43834734,0.0777161643,0.000246169948,2.18514132,0.685219526
rv0_30,jonswap_H1.500,3,FAIL,0.211742073,0.362052321,3.1699779,0.0901572704,0.246492371,6.0104847,0.059071172,0.000235106505,2.17887568,0.688429117
rv0_30,jonswap_H1.500,4,FAIL,0.358674824,0.39774248,1.77389181,0.0924204811,0.249257833,6.16136503,0.0832681507,0.000200531344,2.18383503,0.665489316
rv0_30,jonswap_H1.500,5,FAIL,0.305141568,0.522373199,6.53622723,0.0875536725,0.251017958,5.8369112,0.098877877,0.000198362162,2.17812371,0.679515004
rv0_30,jonswap_H4.000,1,FAIL,0.439948708,0.287746757,2.88306522,0.250457227,0.730351627,6.26143074,0.0732845441,0.000227628669,3.5906105,1.06248486
rv0_30,jonswap_H4.000,2,FAIL,0.206619486,0.509870112,3.95616722,0.247860804,0.721092105,6.19652033,0.0831706002,0.00022842933,3.59119201,1.0617187
rv0_30,jonswap_H4.000,3,FAIL,0.185393438,0.5832358,3.94849801,0.235937372,0.711919188,5.89843416,0.0887008607,0.000249342964,3.58975983,1.06095934
rv0_30,jonswap_H4.000,4,FAIL,0.211307541,0.620715916,2.48727584,0.253240734,0.722325802,6.33101845,0.0986432359,0.000198960959,3.59064627,1.06167448
rv0_30,jonswap_H4.000,5,FAIL,0.422525436,0.712752223,3.88534522,0.230122253,0.712053597,5.75305653,0.136698693,0.000284857175,3.58965158,1.05997014
rv0_30,jonswap_H8.500,1,FAIL,0.407648474,0.262924939,3.83816242,0.538035572,1.43588269,6.32983017,0.0670117512,0.000232360879,4.22208929,1.34271467
rv0_30,jonswap_H8.500,2,FAIL,0.255847096,0.514297068,3.39617348,0.488980442,1.34425986,5.75271082,0.0865503103,0.000249198405,4.22125196,1.33949733
rv0_30,jonswap_H8.500,3,FAIL,0.171927437,0.662891865,2.00071359,0.506962597,1.35173082,5.96426582,0.0958883241,0.000244814175,4.22270012,1.34001398
rv0_30,jonswap_H8.500,4,FAIL,0.25077343,0.632654786,2.33508348,0.519884169,1.3959837,6.11628437,0.100878052,0.000167716178,4.22099257,1.33864534
rv0_30,jonswap_H8.500,5,FAIL,0.397814184,0.731748283,6.48499966,0.497935027,1.4060154,5.85805893,0.133759156,0.000243388029,4.22358608,1.33993495
rv0_30,pmstokes_H0.270,1,FAIL,0.251111299,0.497129619,3.22120309,0.0178972986,0.0494137332,6.62862873,0.0859915167,0.000240114648,1.19016337,0.374455363
rv0_30,pmstokes_H0.270,2,FAIL,0.341191977,0.201442853,4.0023675,0.01865362,0.0487308502,6.90874815,0.060870599,0.000238054825,1.17496097,0.373425692
rv0_30,pmstokes_H0.270,3,FAIL,0.185589686,0.219952419,4.80703783,0.0172986351,0.0482143648,6.40690184,0.0379330479,0.000226339689,1.14918911,0.363360405
rv0_30,pmstokes_H0.270,4,FAIL,0.322854161,0.251271337,2.33447647,0.0181250926,0.0484972708,6.71299696,0.0627295226,0.000224823889,1.157704,0.375236511
rv0_30,pmstokes_H0.270,5,FAIL,0.32544744,0.368680567,5.1163516,0.0166801307,0.0480117947,6.17782593,0.0809455365,0.00021131587,1.14953399,0.374746531
rv0_30,pmstokes_H1.500,1,FAIL,0.255243063,0.522049606,3.23228168,0.0943567306,0.251870364,6.29044867,0.085895136,0.000242121445,2.04426289,0.747584164
rv0_30,pmstokes_H1.500,2,FAIL,0.380369782,0.198762909,2.83626342,0.0903796926,0.239901602,6.02531242,0.0647404492,0.000250383251,2.04543304,0.746993423
rv0_30,pmstokes_H1.500,3,FAIL,0.206446648,0.231898323,3.22067618,0.0872827917,0.235362366,5.81885242,0.0381719507,0.000236616674,2.04294515,0.746214867
rv0_30,pmstokes_H1.500,4,FAIL,0.348711133,0.263559222,1.66225672,0.0906194299,0.238513499,6.04129505,0.0654433817,0.000209915554,2.04352808,0.74779582
rv0_30,pmstokes_H1.500,5,FAIL,0.323364615,0.389821708,6.01084328,0.0848467201,0.240948841,5.65644789,0.0823837966,0.000196687557,2.04251885,0.746023476
rv0_30,pmstokes_H4.000,1,FAIL,0.361821532,0.574690282,2.29180932,0.253671199,0.70880115,6.34178019,0.0992631018,0.000242064692,3.28942418,1.05846632
rv0_30,pmstokes_H4.000,2,FAIL,0.277700901,0.213417619,3.54722714,0.236908406,0.668329358,5.92270994,0.0450989902,0.000238936249,3.2908864,1.06255674
rv0_30,pmstokes_H4.000,3,FAIL,0.18558453,0.249894485,4.43962908,0.235587493,0.66114819,5.88968754,0.0328900144,0.000245871663,3.29019737,1.06391275
rv0_30,pmstokes_H4.000,4,FAIL,0.246397853,0.28227821,1.84798956,0.24891676,0.677046001,6.22291899,0.0474938303,0.000220473186,3.2902925,1.06313705
rv0_30,pmstokes_H4.000,5,FAIL,0.42149961,0.346146226,2.88451457,0.223048419,0.668157518,5.5762105,0.089900814,0.000235242987,3.29173493,1.06039894
rv0_30,pmstokes_H8.500,1,FAIL,0.240606785,0.48934108,3.32520199,0.544803441,1.38054466,6.40945196,0.0788033158,0.000235485859,4.10274935,1.41329074
rv0_30,pmstokes_H8.500,2,FAIL,0.43765077,0.245442554,2.90536618,0.480353445,1.26343715,5.65121698,0.0741243511,0.0002393912,4.10255957,1.41199362
rv0_30,pmstokes_H8.500,3,FAIL,0.198228911,0.2861,2.6012969,0.501416683,1.26581633,5.89901972,0.0367317796,0.000354121643,4.10273933,1.41282773
rv0_30,pmstokes_H8.500,4,FAIL,0.584133863,0.356246173,1.73901439,0.506124258,1.28767073,5.95440292,0.105845772,0.00023934526,4.10327768,1.40522873
rv0_30,pmstokes_H8.500,5,FAIL,0.301586062,0.443194598,5.8366189,0.494735271,1.33048022,5.82041502,0.08285065,0.000186751829,4.10105085,1.41125798
