arm,record,seed,gate,roll_rms_deg,pitch_rms_deg,yaw_rms_deg,disp_z_rms_m,disp_3d_rms_m,disp_z_pct_hs,accel_bias_3d_rms_mps2,gyro_bias_3d_rms_radps,tau_applied_s,sigma_applied_mps2
deployed,jonswap_H0.270,1,FAIL,0.292264313,0.36848706,3.80107546,0.0119562577,0.060696546,4.42824364,0.06672097,0.000381716003,1.29800832,0.41444388
deployed,jonswap_H0.270,2,FAIL,0.336509854,0.207840309,4.05923843,0.0136857163,0.0579640344,5.06878376,0.0614561848,0.000317166676,1.28341174,0.41662091
deployed,jonswap_H0.270,3,FAIL,0.192688778,0.132745564,5.36810732,0.0120530538,0.0568032339,4.46409369,0.0272066779,0.000181022435,1.25631773,0.417670429
deployed,jonswap_H0.270,4,FAIL,0.268416792,0.464760125,2.88144565,0.0124807302,0.0563147217,4.62249231,0.0863536373,0.000130111104,1.26536524,0.418171555
deployed,jonswap_H0.270,5,FAIL,0.356298625,0.429501444,5.93389606,0.0118243573,0.0579530001,4.37939167,0.093078658,0.000226162185,1.25794101,0.417452663
deployed,jonswap_H1.500,1,FAIL,0.251249462,0.578468084,3.0131793,0.0604116656,0.269803882,4.02744436,0.0991352201,0.000200884257,2.18094516,0.811524987
deployed,jonswap_H1.500,2,FAIL,0.407455504,0.181385368,2.69178677,0.0658885166,0.259928316,4.39256763,0.0675710887,0.000210145241,2.18473244,0.810378373
deployed,jonswap_H1.500,3,FAIL,0.206130981,0.304564804,3.28928351,0.0582141578,0.25716275,3.88094378,0.0474904999,0.000296114042,2.17844152,0.810786724
deployed,jonswap_H1.500,4,PASS,0.436761111,0.150611579,1.10128248,0.060559839,0.255049586,4.03732252,0.0713938549,0.000245513453,2.18342996,0.810346067
deployed,jonswap_H1.500,5,FAIL,0.236227944,0.328000069,5.97056007,0.0567817464,0.258713543,3.7854495,0.0600960925,0.000172391548,2.17769837,0.810503185
deployed,jonswap_H4.000,1,FAIL,0.427351117,0.272642136,2.7984786,0.156859502,0.725886405,3.92148757,0.0701266229,0.000222772956,3.58984709,1.25036561
deployed,jonswap_H4.000,2,FAIL,0.232462972,0.392266899,3.75316477,0.168754727,0.71416527,4.21886826,0.0671757609,0.000241364993,3.59044552,1.24946749
deployed,jonswap_H4.000,3,FAIL,0.180748671,0.286740273,4.64030552,0.156331018,0.690051496,3.90827537,0.0416369289,0.00024879523,3.58899403,1.24857092
deployed,jonswap_H4.000,4,FAIL,0.214179382,0.659414113,2.57144761,0.164493307,0.706999838,4.11233282,0.106846131,0.000269514218,3.58989811,1.2494247
deployed,jonswap_H4.000,5,FAIL,0.41203928,0.579700291,3.59648943,0.154701576,0.720634282,3.86753941,0.117359437,0.000249294506,3.58888578,1.24740982
deployed,jonswap_H8.500,1,FAIL,0.252757609,0.48162505,2.97667885,0.339983046,1.35106945,3.99980044,0.0870428905,0.000287091854,4.22191954,1.58010566
deployed,jonswap_H8.500,2,FAIL,0.522309601,0.216573879,2.45880079,0.341005236,1.24412358,4.01182604,0.084448263,0.000258902,4.22109175,1.57632208
deployed,jonswap_H8.500,3,FAIL,0.186981097,0.184855923,3.54542994,0.342350364,1.34168088,4.02765131,0.0395557731,0.000457535643,4.22252655,1.57692933
deployed,jonswap_H8.500,4,FAIL,0.592858195,0.572281957,1.94841361,0.369496942,1.32755709,4.34702253,0.125938445,0.00037524238,4.22082567,1.57532203
deployed,jonswap_H8.500,5,FAIL,0.272551298,0.489901483,5.82671881,0.324188083,1.33387172,3.81397748,0.0838702694,0.000231734186,4.22340918,1.57683241
deployed,pmstokes_H0.270,1,FAIL,0.259269297,0.513829529,3.1753552,0.012039192,0.0593191944,4.45896006,0.0885033235,0.000210522994,1.18997025,0.464323074
deployed,pmstokes_H0.270,2,FAIL,0.369006515,0.144956023,3.81270576,0.0131489737,0.0563458055,4.86999035,0.0611967966,0.000208431113,1.17473733,0.463478357
deployed,pmstokes_H0.270,3,FAIL,0.199799061,0.135621563,5.08996582,0.011795504,0.0554602444,4.36870527,0.0278845895,0.000223080235,1.14891922,0.462060064
deployed,pmstokes_H0.270,4,FAIL,0.351214021,0.161248296,2.09343719,0.0124058332,0.0551188253,4.59475279,0.0590193383,0.000165941499,1.15747702,0.462887049
deployed,pmstokes_H0.270,5,FAIL,0.298268527,0.248859555,4.78675413,0.0118438862,0.0563513674,4.38662434,0.062681146,0.000197591711,1.14926147,0.46205315
deployed,pmstokes_H1.500,1,FAIL,0.271982163,0.361164749,3.61700177,0.0582329743,0.261577934,3.8821981,0.0575809367,0.000422109908,2.04407048,0.894539535
deployed,pmstokes_H1.500,2,FAIL,0.34043029,0.26873979,3.05872393,0.0604353063,0.245394647,4.02902031,0.0693467334,0.000384103361,2.04522014,0.893982172
deployed,pmstokes_H1.500,3,FAIL,0.215938419,0.30291912,2.93718672,0.0562467985,0.241458192,3.74978638,0.0592517965,0.000289226125,2.04274011,0.89324075
deployed,pmstokes_H1.500,4,FAIL,0.500241101,0.325288594,1.72243249,0.0585008189,0.239808932,3.90005445,0.0964637548,0.000239135319,2.04331517,0.894225061
deployed,pmstokes_H1.500,5,FAIL,0.321352363,0.322468966,5.85475063,0.0550514199,0.25023675,3.67009449,0.0795768201,0.000448246137,2.04231548,0.892285645
deployed,pmstokes_H4.000,1,FAIL,0.294034988,0.550950885,2.24659896,0.162944064,0.704537511,4.07360172,0.0960368961,0.000234344567,3.28952026,1.26662004
deployed,pmstokes_H4.000,2,FAIL,0.346919954,0.191693306,3.34672141,0.166643605,0.665574551,4.16609001,0.0548598953,0.00025849152,3.2910316,1.26662004
deployed,pmstokes_H4.000,3,FAIL,0.216997132,0.43833375,5.77826929,0.162380531,0.651044726,4.05951309,0.0874559358,0.000317281752,3.29032183,1.26747477
deployed,pmstokes_H4.000,4,FAIL,0.37336868,0.671761394,2.63536286,0.158088401,0.671551466,3.95220995,0.115938455,0.000406395964,3.29042935,1.26725042
deployed,pmstokes_H4.000,5,FAIL,0.416982502,0.475336075,3.22878432,0.148097187,0.679268003,3.70242977,0.102851018,0.000212764266,3.29187512,1.26917553
deployed,pmstokes_H8.500,1,FAIL,0.24807401,0.633213222,2.90564847,0.368387789,1.31731379,4.33397388,0.115365513,0.000359863247,4.10346127,1.66505456
deployed,pmstokes_H8.500,2,FAIL,0.488351673,0.211107269,2.45790577,0.33241576,1.18915689,3.91077352,0.0821058825,0.000361229526,4.10326815,1.66308022
deployed,pmstokes_H8.500,3,FAIL,0.189449012,0.322005749,3.74473834,0.356583953,1.27935696,4.19510508,0.0716905445,0.000469296239,4.10344315,1.66360283
deployed,pmstokes_H8.500,4,FAIL,0.551954925,0.481228977,2.00645137,0.343779802,1.2513001,4.0444684,0.110698611,0.000460644398,4.10396671,1.66326284
deployed,pmstokes_H8.500,5,FAIL,0.310968786,0.433850497,5.84017611,0.326773465,1.26394773,3.84439373,0.0733756796,0.000374437397,4.10175991,1.66373026
sga_0.36,jonswap_H0.270,1,FAIL,0.288489491,0.384774685,3.75828695,0.011872706,0.0607522354,4.39729834,0.0687980801,0.000373515562,1.29800832,0.41444388
sga_0.36,jonswap_H0.270,2,FAIL,0.337277055,0.202599674,4.0504508,0.0143549833,0.0581811294,5.3166604,0.0609037578,0.000327847491,1.28341174,0.41662091
sga_0.36,jonswap_H0.270,3,FAIL,0.216543689,0.367768586,6.35917759,0.0122296829,0.0571313091,4.52951193,0.068089053,0.000185010373,1.25631773,0.417670429
sga_0.36,jonswap_H0.270,4,FAIL,0.196848318,0.834549844,3.71709466,0.0126210358,0.0563008152,4.67445755,0.14263396,0.000129318112,1.26536524,0.418171555
sga_0.36,jonswap_H0.270,5,FAIL,0.419426262,0.633163571,6.47580099,0.0122522935,0.0581446774,4.53788614,0.127775967,0.000224248884,1.25794101,0.417452663
sga_0.36,jonswap_H1.500,1,FAIL,0.248859122,0.589679062,2.98588204,0.059152633,0.269707114,3.94350863,0.100905783,0.000201317031,2.18094516,0.811524987
sga_0.36,jonswap_H1.500,2,FAIL,0.402849793,0.191404626,2.72672868,0.0666845888,0.260122806,4.44563913,0.0675428361,0.000211904728,2.18473244,0.810378373
sga_0.36,jonswap_H1.500,3,FAIL,0.190373912,0.564706683,2.65982246,0.0572858639,0.256548077,3.81905746,0.0886872038,0.00033039588,2.17844152,0.810786724
sga_0.36,jonswap_H1.500,4,PASS,0.462940753,0.149779007,0.875669658,0.0598312058,0.255372971,3.98874688,0.0772422627,0.000229041412,2.18342996,0.810346067
sga_0.36,jonswap_H1.500,5,FAIL,0.223381132,0.267369479,5.78382444,0.0559456758,0.258568496,3.72971153,0.0496934094,0.000170908868,2.17769837,0.810503185
sga_0.36,jonswap_H4.000,1,FAIL,0.427485287,0.266839504,2.81086874,0.15383555,0.725298345,3.84588885,0.0694387704,0.000227172117,3.58984709,1.25036561
sga_0.36,jonswap_H4.000,2,FAIL,0.232976854,0.387175262,3.74025226,0.168653473,0.713820994,4.21633673,0.0662020296,0.000245710689,3.59044552,1.24946749
sga_0.36,jonswap_H4.000,3,FAIL,0.177435726,0.212524086,4.89945316,0.155432388,0.690857649,3.88580966,0.0301306881,0.000255808554,3.58899403,1.24857092
sga_0.36,jonswap_H4.000,4,FAIL,0.195037916,0.809869349,2.90663981,0.164517209,0.706430256,4.1129303,0.131121963,0.000278967986,3.58989811,1.2494247
sga_0.36,jonswap_H4.000,5,FAIL,0.423577815,0.617170751,3.69364762,0.153477758,0.720321894,3.83694386,0.123827361,0.000264846196,3.58888578,1.24740982
sga_0.36,jonswap_H8.500,1,FAIL,0.251495063,0.468189329,3.01307988,0.335900664,1.34973466,3.95177245,0.0846139044,0.000287465664,4.22191954,1.58010566
sga_0.36,jonswap_H8.500,2,FAIL,0.520626664,0.218466014,2.47313523,0.339997172,1.24280751,3.99996662,0.0842066333,0.000260883768,4.22109175,1.57632208
sga_0.36,jonswap_H8.500,3,FAIL,0.187234387,0.203861997,3.63245988,0.340800852,1.33969951,4.00942183,0.045249097,0.000448934326,4.22252655,1.57692933
sga_0.36,jonswap_H8.500,4,FAIL,0.564408004,0.688876033,2.21406841,0.377878904,1.33157301,4.44563389,0.13640292,0.000387466309,4.22082567,1.57532203
sga_0.36,jonswap_H8.500,5,FAIL,0.281503022,0.522515535,5.91584539,0.321507722,1.33135283,3.78244376,0.0897468403,0.000235289059,4.22340918,1.57683241
sga_0.36,pmstokes_H0.270,1,FAIL,0.255840421,0.532462776,3.12737799,0.0120028621,0.059379749,4.44550419,0.0913675129,0.000210087819,1.18997025,0.464323074
sga_0.36,pmstokes_H0.270,2,FAIL,0.359485924,0.161277488,3.88364863,0.0136421574,0.0565198436,5.05265093,0.0607564375,0.000207932186,1.17473733,0.463478357
sga_0.36,pmstokes_H0.270,3,FAIL,0.185547784,0.375222474,4.41915226,0.0116143469,0.0553788804,4.30160999,0.0617894791,0.000236963198,1.14891922,0.462060064
sga_0.36,pmstokes_H0.270,4,FAIL,0.364394963,0.126564637,1.96722376,0.0124663077,0.0551942997,4.61715078,0.0591851845,0.000161273318,1.15747702,0.462887049
sga_0.36,pmstokes_H0.270,5,FAIL,0.295647591,0.237080887,4.75075436,0.012158935,0.0564212352,4.50330925,0.0609372817,0.000199497634,1.14926147,0.46205315
sga_0.36,pmstokes_H1.500,1,FAIL,0.268934429,0.377406359,3.57067204,0.0568391755,0.261626422,3.78927827,0.059728384,0.000429768756,2.04407048,0.894539535
sga_0.36,pmstokes_H1.500,2,FAIL,0.341807961,0.259241849,3.03223372,0.0605143569,0.24558109,4.03429031,0.0683728382,0.000391300709,2.04522014,0.893982172
sga_0.36,pmstokes_H1.500,3,FAIL,0.207084596,0.224227458,3.14469886,0.0550782159,0.241856486,3.67188096,0.0457129441,0.000296222104,2.04274011,0.89324075
sga_0.36,pmstokes_H1.500,4,PASS,0.517250657,0.259368837,1.55864191,0.0575521067,0.240306541,3.83680701,0.0926877186,0.000254660845,2.04331517,0.894225061
sga_0.36,pmstokes_H1.500,5,FAIL,0.31842345,0.308639377,5.81221437,0.0538264178,0.250314325,3.58842778,0.077483654,0.000466099969,2.04231548,0.892285645
sga_0.36,pmstokes_H4.000,1,FAIL,0.293073416,0.558633685,2.2244904,0.160354689,0.703830302,4.00886726,0.097193867,0.000237782922,3.28952026,1.26662004
sga_0.36,pmstokes_H4.000,2,FAIL,0.350183457,0.184745178,3.31373262,0.166285694,0.664934039,4.15714216,0.0549326539,0.000259575667,3.2910316,1.26662004
sga_0.36,pmstokes_H4.000,3,FAIL,0.200425148,0.635815382,6.26519823,0.164879084,0.651338875,4.12197685,0.119738653,0.000295853271,3.29032183,1.26747477
sga_0.36,pmstokes_H4.000,4,FAIL,0.302785367,1.00201678,3.38250303,0.158412293,0.674405158,3.96030736,0.16321142,0.000448100793,3.29042935,1.26725042
sga_0.36,pmstokes_H4.000,5,FAIL,0.451963484,0.606505334,3.57430911,0.14745833,0.67943418,3.68645835,0.124281265,0.000221241207,3.29187512,1.26917553
sga_0.36,pmstokes_H8.500,1,FAIL,0.248143405,0.630977511,2.91311908,0.365853727,1.31688118,4.30416155,0.114950649,0.000361561455,4.10346127,1.66505456
sga_0.36,pmstokes_H8.500,2,FAIL,0.487367392,0.208769783,2.46522093,0.329741716,1.18726361,3.87931418,0.0816728324,0.000359191268,4.10326815,1.66308022
sga_0.36,pmstokes_H8.500,3,FAIL,0.18953231,0.393637538,3.92449951,0.360071301,1.27967525,4.2361331,0.0846233591,0.000454862893,4.10344315,1.66360283
sga_0.36,pmstokes_H8.500,4,FAIL,0.531147242,0.566432714,2.20543361,0.343624622,1.25415337,4.04264259,0.117016993,0.000475093868,4.10396671,1.66326284
sga_0.36,pmstokes_H8.500,5,FAIL,0.320321739,0.465493292,5.93013668,0.322901249,1.26126015,3.79883814,0.0787724108,0.000375642237,4.10175991,1.66373026
sga_0.5,jonswap_H0.270,1,FAIL,0.288731933,0.384064615,3.75977612,0.0118296333,0.0607289933,4.38134575,0.0686768889,0.000377325836,1.29800832,0.41444388
sga_0.5,jonswap_H0.270,2,FAIL,0.336521089,0.205981404,4.05783224,0.0141651584,0.0581301302,5.24635506,0.0611847825,0.000326040084,1.28341174,0.41662091
sga_0.5,jonswap_H0.270,3,FAIL,0.204751223,0.192612872,5.90371561,0.0120769879,0.0569731742,4.47295856,0.0393336676,0.000182571617,1.25631773,0.417670429
sga_0.5,jonswap_H0.270,4,FAIL,0.217766777,0.711575091,3.43988562,0.0125253676,0.05630197,4.63902473,0.122874089,0.000129429813,1.26536524,0.418171555
sga_0.5,jonswap_H0.270,5,FAIL,0.392344981,0.546385348,6.24543858,0.0120882373,0.0580689907,4.47712469,0.112824038,0.000224915348,1.25794101,0.417452663
sga_0.5,jonswap_H1.500,1,FAIL,0.249417588,0.586821377,2.99271631,0.0592947081,0.269692808,3.95298028,0.100461379,0.000201299423,2.18094516,0.811524987
sga_0.5,jonswap_H1.500,2,FAIL,0.404398113,0.187881082,2.71478415,0.0664987564,0.26008901,4.43325043,0.0675319731,0.000211385734,2.18473244,0.810378373
sga_0.5,jonswap_H1.500,3,FAIL,0.194435611,0.479947418,2.85997367,0.0572971851,0.256682158,3.8198123,0.0747935399,0.000320117862,2.17844152,0.810786724
sga_0.5,jonswap_H1.500,4,PASS,0.454912484,0.139397472,0.942297459,0.0598849542,0.255236894,3.99233007,0.0748821795,0.000233744184,2.18342996,0.810346067
sga_0.5,jonswap_H1.500,5,FAIL,0.227209181,0.285264611,5.84062958,0.0560089722,0.258566439,3.7339313,0.0527570844,0.000171444903,2.17769837,0.810503185
sga_0.5,jonswap_H4.000,1,FAIL,0.427292645,0.268793553,2.80619097,0.154276043,0.725427866,3.85690117,0.0696524009,0.000226550095,3.58984709,1.25036561
sga_0.5,jonswap_H4.000,2,FAIL,0.232894957,0.388080448,3.74275851,0.168614388,0.713930607,4.21535969,0.0663718209,0.000245291274,3.59044552,1.24946749
sga_0.5,jonswap_H4.000,3,FAIL,0.178157821,0.228032872,4.83627081,0.155316636,0.690624177,3.88291597,0.0322614424,0.00025495686,3.58899403,1.24857092
sga_0.5,jonswap_H4.000,4,FAIL,0.198586419,0.776920378,2.83343863,0.16425474,0.706539333,4.10636854,0.125720069,0.000277178216,3.58989811,1.2494247
sga_0.5,jonswap_H4.000,5,FAIL,0.420795977,0.607870519,3.66981816,0.153530106,0.720353007,3.83825254,0.122180969,0.000260057655,3.58888578,1.24740982
sga_0.5,jonswap_H8.500,1,FAIL,0.251851946,0.473220795,2.9997313,0.336611778,1.35050941,3.96013856,0.0855969936,0.000289682095,4.22191954,1.58010566
sga_0.5,jonswap_H8.500,2,FAIL,0.52164048,0.217341214,2.46487188,0.340009183,1.24328005,4.00010777,0.0843305886,0.000261602225,4.22109175,1.57632208
sga_0.5,jonswap_H8.500,3,FAIL,0.187152907,0.198518932,3.61039305,0.340875894,1.34090173,4.01030445,0.043873433,0.000454163674,4.22252655,1.57692933
sga_0.5,jonswap_H8.500,4,FAIL,0.570537984,0.664199769,2.15769434,0.375849009,1.33145988,4.42175293,0.133940458,0.000387977896,4.22082567,1.57532203
sga_0.5,jonswap_H8.500,5,FAIL,0.278882742,0.512841463,5.88944674,0.321713924,1.3322289,3.78486967,0.0878981128,0.000236238804,4.22340918,1.57683241
sga_0.5,pmstokes_H0.270,1,FAIL,0.256552458,0.528460681,3.13759518,0.0119454982,0.0593523495,4.42425871,0.0907466635,0.000210225611,1.18997025,0.464323074
sga_0.5,pmstokes_H0.270,2,FAIL,0.36269483,0.155019268,3.85935664,0.0134895202,0.0564704575,4.99611855,0.060834337,0.000208101628,1.17473733,0.463478357
sga_0.5,pmstokes_H0.270,3,FAIL,0.192659631,0.228248373,4.79461861,0.0116091464,0.0554107614,4.29968357,0.0390020572,0.000228579898,1.14891922,0.462060064
sga_0.5,pmstokes_H0.270,4,FAIL,0.361520678,0.132698298,1.99464858,0.0123942448,0.0551693849,4.59046078,0.0590004325,0.000163928198,1.15747702,0.462887049
sga_0.5,pmstokes_H0.270,5,FAIL,0.296420157,0.239843354,4.75927782,0.0120254504,0.0563958958,4.4538703,0.0613625422,0.00019875291,1.14926147,0.46205315
sga_0.5,pmstokes_H1.500,1,FAIL,0.269527227,0.374265403,3.57991982,0.0570105389,0.261574626,3.80070233,0.0593061857,0.000427779189,2.04407048,0.894539535
sga_0.5,pmstokes_H1.500,2,FAIL,0.341781139,0.26049456,3.03614497,0.0604449324,0.245518878,4.02966213,0.0685103014,0.000389157911,2.04522014,0.893982172
sga_0.5,pmstokes_H1.500,3,FAIL,0.210006729,0.250557095,3.07205462,0.0551597513,0.241652459,3.67731667,0.050264556,0.000294346944,2.04274011,0.89324075
sga_0.5,pmstokes_H1.500,4,FAIL,0.513475358,0.273658216,1.59523141,0.0576510057,0.240159273,3.84340024,0.0933901593,0.000250630284,2.04331517,0.894225061
sga_0.5,pmstokes_H1.500,5,FAIL,0.318415612,0.309656978,5.8158474,0.0539716035,0.250265718,3.59810686,0.0776011273,0.000461343734,2.04231548,0.892285645
sga_0.5,pmstokes_H4.000,1,FAIL,0.292892873,0.559253216,2.22342443,0.160759762,0.704004169,4.01899385,0.0973458216,0.00023750501,3.28952026,1.26662004
sga_0.5,pmstokes_H4.000,2,FAIL,0.349901229,0.185883865,3.31668591,0.166295737,0.665104985,4.15739346,0.0549889915,0.00025989319,3.2910316,1.26662004
sga_0.5,pmstokes_H4.000,3,FAIL,0.20365338,0.594168186,6.16385508,0.164069638,0.651321411,4.10174084,0.112931855,0.00030178309,3.29032183,1.26747477
sga_0.5,pmstokes_H4.000,4,FAIL,0.316937208,0.932055295,3.22430372,0.157766312,0.673757911,3.94415784,0.152530909,0.000441687735,3.29042935,1.26725042
sga_0.5,pmstokes_H4.000,5,FAIL,0.44433105,0.57798028,3.49968815,0.147258088,0.679380596,3.68145227,0.119483292,0.00021894036,3.29187512,1.26917553
sga_0.5,pmstokes_H8.500,1,FAIL,0.248096749,0.632351995,2.908957,0.366265178,1.3171618,4.30900192,0.11524602,0.000362364459,4.10346127,1.66505456
sga_0.5,pmstokes_H8.500,2,FAIL,0.487810552,0.209490821,2.46077442,0.330122799,1.18788135,3.88379765,0.0818740502,0.000361320126,4.10326815,1.66308022
sga_0.5,pmstokes_H8.500,3,FAIL,0.189549997,0.382253289,3.89688849,0.359456867,1.28036749,4.22890425,0.0827127025,0.00046026762,4.10344315,1.66360283
sga_0.5,pmstokes_H8.500,4,FAIL,0.533440232,0.556870461,2.18266749,0.343592107,1.2534548,4.04226017,0.116232909,0.000472918531,4.10396671,1.66326284
sga_0.5,pmstokes_H8.500,5,FAIL,0.318766057,0.459798217,5.91382694,0.323404402,1.26222062,3.8047576,0.0777242929,0.000378153665,4.10175991,1.66373026
sga_0.71,jonswap_H0.270,1,FAIL,0.290150583,0.377757698,3.77638912,0.0118212253,0.0607033037,4.37823153,0.067865707,0.000380274898,1.29800832,0.41444388
sga_0.71,jonswap_H0.270,2,FAIL,0.336467922,0.20725058,4.05921364,0.013908226,0.0580519214,5.15119457,0.0613559373,0.000322497974,1.28341174,0.41662091
sga_0.71,jonswap_H0.270,3,FAIL,0.197182536,0.113592438,5.58062315,0.011984732,0.0568621233,4.43878937,0.0263152998,0.000181513606,1.25631773,0.417670429
sga_0.71,jonswap_H0.270,4,FAIL,0.245748609,0.569976628,3.119977,0.0124452114,0.0563045666,4.60933733,0.101223551,0.000129301945,1.26536524,0.418171555
sga_0.71,jonswap_H0.270,5,FAIL,0.370384693,0.474963605,6.05517244,0.0119011635,0.0579990074,4.40783834,0.100689799,0.000225485957,1.25794101,0.417452663
sga_0.71,jonswap_H1.500,1,FAIL,0.250283271,0.582643807,3.00291657,0.0596398786,0.26970914,3.97599173,0.0998049974,0.000201142801,2.18094516,0.811524987
sga_0.71,jonswap_H1.500,2,FAIL,0.406187028,0.183966503,2.70105743,0.0662002414,0.260020256,4.41334915,0.0675410703,0.000210784827,2.18473244,0.810378373
sga_0.71,jonswap_H1.500,3,FAIL,0.200401694,0.382450551,3.0949266,0.0575247891,0.256890625,3.83498573,0.0592470765,0.000307534705,2.17844152,0.810786724
sga_0.71,jonswap_H1.500,4,PASS,0.445293307,0.139421597,1.02528751,0.0600661859,0.255099475,4.00441217,0.0726981908,0.000239929897,2.18342996,0.810346067
sga_0.71,jonswap_H1.500,5,FAIL,0.231965944,0.307678282,5.90970755,0.0562163368,0.258609861,3.74775553,0.0565983057,0.000172049418,2.17769837,0.810503185
sga_0.71,jonswap_H4.000,1,FAIL,0.427338153,0.270547569,2.80269647,0.155162215,0.725601375,3.8790555,0.0698815659,0.000225194657,3.58984709,1.25036561
sga_0.71,jonswap_H4.000,2,FAIL,0.232704863,0.38989684,3.74740815,0.168592885,0.714051723,4.21482229,0.0667120963,0.000243959439,3.59044552,1.24946749
sga_0.71,jonswap_H4.000,3,FAIL,0.179265425,0.252976656,4.74748421,0.155467167,0.690323114,3.88667917,0.0360817127,0.000252816884,3.58899403,1.24857092
sga_0.71,jonswap_H4.000,4,FAIL,0.204864293,0.725487053,2.71896672,0.164088428,0.706700027,4.10221052,0.117374234,0.000274166901,3.58989811,1.2494247
sga_0.71,jonswap_H4.000,5,FAIL,0.416872323,0.595070958,3.63672733,0.153824553,0.720435262,3.84561372,0.119970329,0.000254790095,3.58888578,1.24740982
sga_0.71,jonswap_H8.500,1,FAIL,0.252319366,0.477962285,2.98678565,0.337841123,1.35092866,3.97460127,0.0864633769,0.000289639109,4.22191954,1.58010566
sga_0.71,jonswap_H8.500,2,FAIL,0.522433817,0.216478914,2.45818853,0.340245396,1.24372566,4.00288677,0.0844385922,0.000260998029,4.22109175,1.57632208
sga_0.71,jonswap_H8.500,3,FAIL,0.18711102,0.1930352,3.58622241,0.341316998,1.34153259,4.01549387,0.0422672033,0.000456872716,4.22252655,1.57692933
sga_0.71,jonswap_H8.500,4,FAIL,0.579709411,0.626745224,2.07222605,0.373016506,1.3301394,4.38842964,0.13048172,0.000384261541,4.22082567,1.57532203
sga_0.71,jonswap_H8.500,5,FAIL,0.275975049,0.502252102,5.86071014,0.322461039,1.3330462,3.79365921,0.0859876201,0.000235177155,4.22340918,1.57683241
sga_0.71,pmstokes_H0.270,1,FAIL,0.257767081,0.521892071,3.15447378,0.0119197508,0.0593246184,4.41472244,0.0897378847,0.000210403552,1.18997025,0.464323074
sga_0.71,pmstokes_H0.270,2,FAIL,0.366259992,0.14898783,3.83277059,0.0132921394,0.0564053431,4.92301464,0.0610101074,0.000208309066,1.17473733,0.463478357
sga_0.71,pmstokes_H0.270,3,FAIL,0.197405934,0.16027528,4.99632215,0.0116328243,0.0554310642,4.30845356,0.0302206501,0.000224801232,1.14891922,0.462060064
sga_0.71,pmstokes_H0.270,4,FAIL,0.355586141,0.14804405,2.05128455,0.0123360371,0.0551339649,4.56890249,0.0588772409,0.000165448655,1.15747702,0.462887049
sga_0.71,pmstokes_H0.270,5,FAIL,0.297378629,0.244028986,4.77218294,0.0118782846,0.0563654043,4.39936447,0.0619837157,0.000198110167,1.14926147,0.46205315
sga_0.71,pmstokes_H1.500,1,FAIL,0.270593375,0.36861515,3.59603763,0.0574009866,0.261539489,3.8267324,0.0585552789,0.000425199367,2.04407048,0.894539535
sga_0.71,pmstokes_H1.500,2,FAIL,0.341362357,0.263604224,3.04492617,0.0603727326,0.245446458,4.02484846,0.0688301027,0.00038674302,2.04522014,0.893982172
sga_0.71,pmstokes_H1.500,3,FAIL,0.21341446,0.280769199,2.99292755,0.0554650538,0.241472587,3.69767022,0.0554560237,0.000291765638,2.04274011,0.89324075
sga_0.71,pmstokes_H1.500,4,FAIL,0.506860495,0.2991198,1.65860736,0.0579010211,0.239949226,3.86006784,0.0948076621,0.000244997587,2.04331517,0.894225061
sga_0.71,pmstokes_H1.500,5,FAIL,0.319425374,0.314395487,5.83051729,0.0543098822,0.250218153,3.62065864,0.0783202648,0.000455108762,2.04231548,0.892285645
sga_0.71,pmstokes_H4.000,1,FAIL,0.293170899,0.556867361,2.230335,0.161512628,0.704229116,4.03781557,0.0969928354,0.000236484339,3.28952026,1.26662004
sga_0.71,pmstokes_H4.000,2,FAIL,0.348845094,0.188152745,3.32739186,0.166342765,0.665316463,4.15856934,0.0549656712,0.000259635941,3.2910316,1.26662004
sga_0.71,pmstokes_H4.000,3,FAIL,0.209121853,0.526997805,5.99922657,0.163037464,0.651168764,4.07593679,0.101920769,0.00030928562,3.29032183,1.26747477
sga_0.71,pmstokes_H4.000,4,FAIL,0.340852261,0.818916678,2.96850562,0.157331958,0.672719538,3.93329906,0.135934994,0.000427572493,3.29042935,1.26725042
sga_0.71,pmstokes_H4.000,5,FAIL,0.432279319,0.532804608,3.38080668,0.147273391,0.679286957,3.6818347,0.11207673,0.000216055923,3.29187512,1.26917553
sga_0.71,pmstokes_H8.500,1,FAIL,0.248099551,0.633292317,2.90584922,0.367001802,1.31725478,4.31766796,0.115417697,0.000361751358,4.10346127,1.66505456
sga_0.71,pmstokes_H8.500,2,FAIL,0.488219649,0.210310847,2.45747519,0.330884755,1.18846226,3.89276171,0.0820459351,0.000362050894,4.10326815,1.66308022
sga_0.71,pmstokes_H8.500,3,FAIL,0.18949911,0.35960266,3.8407464,0.358216703,1.28015482,4.21431398,0.0786483064,0.000464699435,4.10344315,1.66360283
sga_0.71,pmstokes_H8.500,4,FAIL,0.539974809,0.530064344,2.12007642,0.343494654,1.25252438,4.04111338,0.114122905,0.000468574086,4.10396671,1.66326284
sga_0.71,pmstokes_H8.500,5,FAIL,0.31586048,0.449907005,5.88572979,0.324518651,1.26303697,3.81786633,0.0760316327,0.000377892662,4.10175991,1.66373026
sga_1.41,jonswap_H0.270,1,FAIL,0.294454157,0.359108388,3.82600641,0.0123992013,0.0607330054,4.5922966,0.0655964911,0.000380816957,1.29800832,0.41444388
sga_1.41,jonswap_H0.270,2,FAIL,0.336351126,0.208514437,4.06014299,0.0136541892,0.0578932241,5.05710697,0.0615165681,0.000309308263,1.28341174,0.41662091
sga_1.41,jonswap_H0.270,3,FAIL,0.189932793,0.172423452,5.22672415,0.0124334032,0.056812454,4.60496426,0.0322224349,0.000180611067,1.25631773,0.417670429
sga_1.41,jonswap_H0.270,4,FAIL,0.283136696,0.399446398,2.73275852,0.0127834724,0.0563576184,4.73461914,0.0779391155,0.000131792607,1.26536524,0.418171555
sga_1.41,jonswap_H0.270,5,FAIL,0.347696364,0.402521849,5.8618784,0.0120511958,0.0579642653,4.46340561,0.0886347443,0.000227450553,1.25794101,0.417452663
sga_1.41,jonswap_H1.500,1,FAIL,0.25213787,0.575438917,3.02071142,0.062089473,0.270094216,4.13929796,0.0986120477,0.000200401526,2.18094516,0.811524987
sga_1.41,jonswap_H1.500,2,FAIL,0.407803148,0.180887565,2.69011664,0.0658917204,0.259868562,4.39278126,0.0676029623,0.000209367863,2.18473244,0.810378373
sga_1.41,jonswap_H1.500,3,FAIL,0.21012947,0.256016105,3.41632581,0.059786249,0.257534891,3.98574972,0.040769618,0.000287094677,2.17844152,0.810786724
sga_1.41,jonswap_H1.500,4,PASS,0.430547982,0.164065838,1.15780723,0.0618001223,0.255180389,4.12000799,0.0708306357,0.000248764292,2.18342996,0.810346067
sga_1.41,jonswap_H1.500,5,FAIL,0.239192143,0.34261325,6.01358128,0.0581791401,0.25900811,3.87860918,0.0626335591,0.00017206464,2.17769837,0.810503185
sga_1.41,jonswap_H4.000,1,FAIL,0.427104414,0.27561304,2.79186559,0.160169855,0.726444364,4.00424623,0.0703907236,0.000219019727,3.58984709,1.25036561
sga_1.41,jonswap_H4.000,2,FAIL,0.232373387,0.394165725,3.75769019,0.169651285,0.714360714,4.24128199,0.0676230192,0.000237054977,3.59044552,1.24946749
sga_1.41,jonswap_H4.000,3,FAIL,0.182501331,0.326082081,4.52508402,0.158768535,0.690039992,3.96921349,0.048389934,0.000242537673,3.58899403,1.24857092
sga_1.41,jonswap_H4.000,4,FAIL,0.22515735,0.590391994,2.41697931,0.166381449,0.707520306,4.15953636,0.0961696953,0.000262794754,3.58989811,1.2494247
sga_1.41,jonswap_H4.000,5,FAIL,0.406897753,0.56388557,3.55482435,0.156966507,0.721133769,3.92416263,0.114737809,0.000243252958,3.58888578,1.24740982
sga_1.41,jonswap_H8.500,1,FAIL,0.25300166,0.483800858,2.97074366,0.344056576,1.35118103,4.04772425,0.0872457847,0.000281763001,4.22191954,1.58010566
sga_1.41,jonswap_H8.500,2,FAIL,0.520545125,0.218285814,2.47246408,0.343001306,1.24457812,4.03530931,0.084276244,0.000254814338,4.22109175,1.57632208
sga_1.41,jonswap_H8.500,3,FAIL,0.186795533,0.174930558,3.48014569,0.344885051,1.34148669,4.05747128,0.0353866816,0.000455775153,4.22252655,1.57692933
sga_1.41,jonswap_H8.500,4,FAIL,0.610181451,0.499815673,1.78420353,0.366324842,1.32404912,4.30970383,0.120784573,0.000360565231,4.22082567,1.57532203
sga_1.41,jonswap_H8.500,5,FAIL,0.26843521,0.47504577,5.78591204,0.327886373,1.33495128,3.85748672,0.081429325,0.00022529882,4.22340918,1.57683241
sga_1.41,pmstokes_H0.270,1,FAIL,0.26087606,0.505262852,3.19750881,0.0124745984,0.0593682267,4.62022161,0.087188527,0.00021062915,1.18997025,0.464323074
sga_1.41,pmstokes_H0.270,2,FAIL,0.370573491,0.142731264,3.8020227,0.0132165672,0.0563195422,4.89502478,0.0612970926,0.000208425627,1.17473733,0.463478357
sga_1.41,pmstokes_H0.270,3,FAIL,0.200822234,0.127195105,5.12971544,0.0122605395,0.0555325858,4.54094028,0.0273120906,0.0002215641,1.14891922,0.462060064
sga_1.41,pmstokes_H0.270,4,FAIL,0.348212481,0.170983449,2.12269616,0.0127640525,0.0551587418,4.72742653,0.0592226572,0.000165928912,1.15747702,0.462887049
sga_1.41,pmstokes_H0.270,5,FAIL,0.299097925,0.254046738,4.80236578,0.0121075073,0.0563889854,4.48426199,0.0634325892,0.000197199159,1.14926147,0.46205315
sga_1.41,pmstokes_H1.500,1,FAIL,0.27346465,0.353252798,3.63909602,0.0599699281,0.261777282,3.99799514,0.0565773025,0.000417443458,2.04407048,0.894539535
sga_1.41,pmstokes_H1.500,2,FAIL,0.339055955,0.27544561,3.07647443,0.0610188246,0.245419711,4.06792164,0.069999814,0.000380321348,2.04522014,0.893982172
sga_1.41,pmstokes_H1.500,3,FAIL,0.217000246,0.312213242,2.91480279,0.0579614751,0.241734415,3.86409831,0.0608183071,0.000285862392,2.04274011,0.89324075
sga_1.41,pmstokes_H1.500,4,FAIL,0.495090306,0.346238852,1.77302969,0.0598811805,0.23988004,3.99207854,0.097903803,0.000232650156,2.04331517,0.894225061
sga_1.41,pmstokes_H1.500,5,FAIL,0.323936373,0.332931787,5.88563538,0.0566580035,0.250412136,3.77719998,0.0812044814,0.000439735595,2.04231548,0.892285645
sga_1.41,pmstokes_H4.000,1,FAIL,0.29543972,0.542141199,2.27052188,0.165872231,0.705089867,4.14680576,0.0945643112,0.000230503443,3.28952026,1.26662004
sga_1.41,pmstokes_H4.000,2,FAIL,0.34425655,0.196431443,3.37280869,0.167851701,0.665989697,4.1962924,0.0547247268,0.000255854189,3.2910316,1.26662004
sga_1.41,pmstokes_H4.000,3,FAIL,0.22689575,0.339413494,5.52217388,0.163300365,0.651138127,4.08250904,0.0715044439,0.000323283661,3.29032183,1.26747477
sga_1.41,pmstokes_H4.000,4,FAIL,0.409194142,0.51526624,2.27939343,0.161297038,0.670861661,4.03242588,0.0977286547,0.00038052845,3.29042935,1.26725042
sga_1.41,pmstokes_H4.000,5,FAIL,0.400830001,0.414371312,3.06618118,0.150824577,0.679634571,3.77061439,0.0933442786,0.000209132631,3.29187512,1.26917553
sga_1.41,pmstokes_H8.500,1,FAIL,0.247966751,0.631833017,2.90923643,0.371339947,1.31744421,4.36870527,0.114991054,0.000355703669,4.10346127,1.66505456
sga_1.41,pmstokes_H8.500,2,FAIL,0.48789683,0.211599395,2.46487546,0.335678428,1.19015813,3.94915795,0.0819495246,0.000358269288,4.10326815,1.66308022
sga_1.41,pmstokes_H8.500,3,FAIL,0.189708263,0.269046903,3.60157919,0.355771333,1.27824986,4.18554497,0.0614316687,0.000473869935,4.10344315,1.66360283
sga_1.41,pmstokes_H8.500,4,FAIL,0.56976974,0.409690529,1.8390131,0.345848233,1.25010812,4.06880283,0.106761187,0.000448019477,4.10396671,1.66326284
sga_1.41,pmstokes_H8.500,5,FAIL,0.303932905,0.411319971,5.77590895,0.331354171,1.26523709,3.8982842,0.0697327033,0.00036708382,4.10175991,1.66373026
sga_2,jonswap_H0.270,1,FAIL,0.296194166,0.351755619,3.84575009,0.0133529473,0.0608475693,4.94553614,0.0647304282,0.000375842414,1.29800832,0.41444388
sga_2,jonswap_H0.270,2,FAIL,0.336459398,0.207997337,4.05836487,0.01404736,0.0578802228,5.20272589,0.0614733621,0.000297994935,1.28341174,0.41662091
sga_2,jonswap_H0.270,3,FAIL,0.188440979,0.200206116,5.14374065,0.0133190332,0.0569254421,4.93297529,0.0362011306,0.000179989089,1.25631773,0.417670429
sga_2,jonswap_H0.270,4,FAIL,0.29175508,0.362436384,2.64824057,0.0135608912,0.0564794913,5.02255201,0.073564209,0.000133768466,1.26536524,0.418171555
sga_2,jonswap_H0.270,5,FAIL,0.342210114,0.385822952,5.81725931,0.0128203919,0.0580789186,4.7482934,0.0859575793,0.000229540368,1.25794101,0.417452663
sga_2,jonswap_H1.500,1,FAIL,0.252796501,0.574435353,3.02343059,0.0654622093,0.270766795,4.36414719,0.0983420685,0.000199432034,2.18094516,0.811524987
sga_2,jonswap_H1.500,2,FAIL,0.407462388,0.181744128,2.69383287,0.0670356899,0.260030538,4.46904564,0.0676311478,0.000208178884,2.18473244,0.810378373
sga_2,jonswap_H1.500,3,FAIL,0.212300003,0.230742976,3.48551607,0.0629373416,0.258165896,4.19582272,0.0376148932,0.000279829721,2.17844152,0.810786724
sga_2,jonswap_H1.500,4,PASS,0.426464349,0.174589872,1.19519663,0.0645703226,0.255655557,4.30468798,0.0706369281,0.000248587516,2.18342996,0.810346067
sga_2,jonswap_H1.500,5,FAIL,0.240904793,0.351312757,6.0392437,0.0612353422,0.259682924,4.08235598,0.0642052665,0.000170694286,2.17769837,0.810503185
sga_2,jonswap_H4.000,1,FAIL,0.426291019,0.280088067,2.78064227,0.166555911,0.727581322,4.16389799,0.0706651211,0.000213788138,3.58984709,1.25036561
sga_2,jonswap_H4.000,2,FAIL,0.232713312,0.394326061,3.75798821,0.172740012,0.714961648,4.31850052,0.0678794309,0.000230693229,3.59044552,1.24946749
sga_2,jonswap_H4.000,3,FAIL,0.184153318,0.363567024,4.42038727,0.164297238,0.690709054,4.10743093,0.0550078787,0.000233982151,3.58899403,1.24857092
sga_2,jonswap_H4.000,4,FAIL,0.235492691,0.532219827,2.28612876,0.171308428,0.708605886,4.28271055,0.0875590593,0.000253232283,3.58989811,1.2494247
sga_2,jonswap_H4.000,5,FAIL,0.402504086,0.551453948,3.52198029,0.162162855,0.722328603,4.05407143,0.11280074,0.000236888241,3.58888578,1.24740982
sga_2,jonswap_H8.500,1,FAIL,0.252988189,0.48432377,2.96944118,0.352161855,1.35161042,4.14308071,0.0869673938,0.000272434234,4.22191954,1.58010566
sga_2,jonswap_H8.500,2,FAIL,0.5166592,0.222447455,2.50259352,0.347986817,1.24546385,4.09396267,0.0839184672,0.00024790733,4.22109175,1.57632208
sga_2,jonswap_H8.500,3,FAIL,0.186662704,0.168595895,3.39566994,0.351062447,1.3406812,4.1301465,0.030381659,0.000448743376,4.22252655,1.57692933
sga_2,jonswap_H8.500,4,FAIL,0.629077554,0.420257002,1.60431039,0.36651358,1.32077205,4.31192446,0.116434403,0.000340294529,4.22082567,1.57532203
sga_2,jonswap_H8.500,5,FAIL,0.264035016,0.458971679,5.74147129,0.33564201,1.33667898,3.94872952,0.0789222866,0.000215336971,4.22340918,1.57683241
sga_2,pmstokes_H0.270,1,FAIL,0.262336612,0.497694105,3.21723509,0.0134332068,0.0595138669,4.97526169,0.0860000178,0.000210698883,1.18997025,0.464323074
sga_2,pmstokes_H0.270,2,FAIL,0.371219724,0.141747206,3.79881573,0.013723949,0.056371484,5.08294392,0.0613126941,0.000208336802,1.17473733,0.463478357
sga_2,pmstokes_H0.270,3,FAIL,0.20104526,0.125119239,5.13858891,0.0132227978,0.0556947254,4.89733219,0.0271747783,0.000219283378,1.14891922,0.462060064
sga_2,pmstokes_H0.270,4,FAIL,0.346033663,0.178380623,2.14453793,0.0136161949,0.0552975163,5.04303503,0.059415061,0.000165823483,1.15747702,0.462887049
sga_2,pmstokes_H0.270,5,FAIL,0.299804002,0.258944988,4.81698751,0.0129041048,0.0565320067,4.77929783,0.064162448,0.000196868918,1.14926147,0.46205315
sga_2,pmstokes_H1.500,1,FAIL,0.27463609,0.347144365,3.65581512,0.0633773506,0.262285829,4.22515631,0.0558638684,0.000408810156,2.04407048,0.894539535
sga_2,pmstokes_H1.500,2,FAIL,0.337541252,0.282420725,3.09473968,0.062944673,0.24567458,4.19631147,0.0706402436,0.000373471907,2.04522014,0.893982172
sga_2,pmstokes_H1.500,3,FAIL,0.216889501,0.311402202,2.91754842,0.061323911,0.242419332,4.08826065,0.0605513044,0.00027886263,2.04274011,0.89324075
sga_2,pmstokes_H1.500,4,FAIL,0.491753459,0.360253066,1.80683076,0.0628007725,0.240352809,4.18671799,0.0988647193,0.000223576732,2.04331517,0.894225061
sga_2,pmstokes_H1.500,5,FAIL,0.326747507,0.344125658,5.91812897,0.0599275678,0.250879318,3.99517107,0.082889542,0.000427166786,2.04231548,0.892285645
sga_2,pmstokes_H4.000,1,FAIL,0.297307491,0.531593978,2.29876995,0.171788678,0.706222951,4.29471684,0.0927172229,0.000224178526,3.28952026,1.26662004
sga_2,pmstokes_H4.000,2,FAIL,0.34114334,0.201746598,3.40222955,0.17154406,0.666915596,4.2886014,0.0546088666,0.000250602403,3.2910316,1.26662004
sga_2,pmstokes_H4.000,3,FAIL,0.237353221,0.251179576,5.27250528,0.167719305,0.651775837,4.19298267,0.0575132668,0.000323161483,3.29032183,1.26747477
sga_2,pmstokes_H4.000,4,FAIL,0.440340638,0.384061873,1.97575164,0.168259263,0.671177387,4.20648146,0.0863753855,0.00035285551,3.29042935,1.26725042
sga_2,pmstokes_H4.000,5,FAIL,0.387100518,0.362376839,2.92604494,0.157157049,0.680846512,3.92892623,0.0855583251,0.000205430828,3.29187512,1.26917553
sga_2,pmstokes_H8.500,1,FAIL,0.247856528,0.630307555,2.91352558,0.378012151,1.31795824,4.44720173,0.114422001,0.000347182679,4.10346127,1.66505456
sga_2,pmstokes_H8.500,2,FAIL,0.486848533,0.211542711,2.47841406,0.342844814,1.19184458,4.03346825,0.0815407261,0.000351258903,4.10326815,1.66308022
sga_2,pmstokes_H8.500,3,FAIL,0.190531343,0.215772107,3.43758464,0.359296113,1.27750742,4.22701311,0.0499207191,0.000474959175,4.10344315,1.66360283
sga_2,pmstokes_H8.500,4,FAIL,0.590781271,0.328222275,1.64422739,0.352484524,1.2496469,4.14687681,0.104055725,0.0004299297,4.10396671,1.66326284
sga_2,pmstokes_H8.500,5,FAIL,0.295517802,0.3852081,5.70037889,0.340611398,1.26715052,4.00719261,0.0656784847,0.000353869138,4.10175991,1.66373026
sga_3,jonswap_H0.270,1,FAIL,0.296694189,0.34981513,3.85135221,0.0153118894,0.061139144,5.6710701,0.0644631311,0.000362416438,1.29800832,0.41444388
sga_3,jonswap_H0.270,2,FAIL,0.338068485,0.202993676,4.04422188,0.0153685007,0.0580119714,5.69203711,0.0611786991,0.000279999193,1.28341174,0.41662091
sga_3,jonswap_H0.270,3,FAIL,0.188104048,0.211324587,5.11193848,0.0151913231,0.0572520234,5.62641573,0.0378810205,0.000178742805,1.25631773,0.417670429
sga_3,jonswap_H0.270,4,FAIL,0.297985524,0.337184995,2.59035921,0.0153150847,0.0567999668,5.67225361,0.070784539,0.000135747265,1.26536524,0.418171555
sga_3,jonswap_H0.270,5,FAIL,0.337209165,0.370212346,5.77561045,0.0146404365,0.0584175251,5.42238379,0.0835459381,0.000232271312,1.25794101,0.417452663
sga_3,jonswap_H1.500,1,FAIL,0.25308606,0.576607764,3.01852965,0.0726337507,0.272387832,4.84224987,0.0984006897,0.00019776031,2.18094516,0.811524987
sga_3,jonswap_H1.500,2,FAIL,0.407313973,0.18169798,2.69533682,0.0714640617,0.260924041,4.76427078,0.0676630661,0.000206018478,2.18473244,0.810378373
sga_3,jonswap_H1.500,3,FAIL,0.213592321,0.215684235,3.52743769,0.0696423501,0.259579509,4.64282322,0.0359212719,0.000271397788,2.17844152,0.810786724
sga_3,jonswap_H1.500,4,PASS,0.423577011,0.182223499,1.22112215,0.0709480569,0.257009387,4.72987032,0.0705463439,0.000243531409,2.18342996,0.810346067
sga_3,jonswap_H1.500,5,FAIL,0.241807252,0.355084509,6.05117416,0.0680927858,0.261366844,4.53951883,0.0650588274,0.000167498554,2.17769837,0.810503185
sga_3,jonswap_H4.000,1,FAIL,0.42413193,0.288298875,2.75790954,0.18049638,0.73036468,4.51240969,0.0709838942,0.000206561177,3.58984709,1.25036561
sga_3,jonswap_H4.000,2,FAIL,0.234290645,0.389087081,3.74567842,0.18244727,0.717095017,4.56118155,0.0674819052,0.000220907445,3.59044552,1.24946749
sga_3,jonswap_H4.000,3,FAIL,0.185352951,0.393078357,4.33901405,0.177260578,0.693199873,4.43151426,0.0604260117,0.000221631213,3.58899403,1.24857092
sga_3,jonswap_H4.000,4,FAIL,0.244057283,0.48857227,2.18741608,0.183626398,0.711206913,4.5906601,0.0814833269,0.000237922999,3.58989811,1.2494247
sga_3,jonswap_H4.000,5,FAIL,0.398367614,0.540588856,3.49375701,0.174723938,0.725441515,4.36809826,0.111365557,0.000230411548,3.58888578,1.24740982
sga_3,jonswap_H8.500,1,FAIL,0.252725124,0.482665002,2.9739182,0.371204853,1.35350263,4.36711597,0.0859064981,0.000255295978,4.22191954,1.58010566
sga_3,jonswap_H8.500,2,FAIL,0.509942174,0.230837166,2.55382538,0.362102389,1.2484529,4.26002789,0.0834845975,0.000235359053,4.22109175,1.57632208
sga_3,jonswap_H8.500,3,FAIL,0.186729372,0.170757219,3.29939461,0.367641717,1.33896029,4.32519674,0.0254904684,0.000428156956,4.22252655,1.57692933
sga_3,jonswap_H8.500,4,PASS,0.6461882,0.347072214,1.43938935,0.377326071,1.31916606,4.43913031,0.11379385,0.000311555603,4.22082567,1.57532203
sga_3,jonswap_H8.500,5,FAIL,0.259905934,0.443516612,5.69872427,0.354369432,1.3405292,4.16905212,0.0768287778,0.00019927854,4.22340918,1.57683241
sga_3,pmstokes_H0.270,1,FAIL,0.263281584,0.49319461,3.22924924,0.0154119041,0.0598718002,5.70811272,0.0851962939,0.000210692509,1.18997025,0.464323074
sga_3,pmstokes_H0.270,2,FAIL,0.371762991,0.141273528,3.7977531,0.0151802981,0.0566040315,5.62233257,0.0613262579,0.000207932069,1.17473733,0.463478357
sga_3,pmstokes_H0.270,3,FAIL,0.200977534,0.125927091,5.13128614,0.0151681034,0.0560683459,5.61781597,0.027202934,0.00021471674,1.14891922,0.462060064
sga_3,pmstokes_H0.270,4,FAIL,0.344724685,0.183481961,2.15963125,0.0154575584,0.0556607582,5.72502136,0.0595529564,0.000165831952,1.15747702,0.462887049
sga_3,pmstokes_H0.270,5,FAIL,0.300155818,0.262494504,4.82790279,0.0147423157,0.056915205,5.46011686,0.0647527203,0.000196365407,1.14926147,0.46205315
sga_3,pmstokes_H1.500,1,FAIL,0.275080264,0.345232517,3.66037846,0.0705215782,0.263577819,4.70143843,0.0557831563,0.000390292844,2.04407048,0.894539535
sga_3,pmstokes_H1.500,2,FAIL,0.336529315,0.2873604,3.10735154,0.068368122,0.246630013,4.55787468,0.0709825158,0.000358535879,2.04522014,0.893982172
sga_3,pmstokes_H1.500,3,FAIL,0.215866029,0.301445812,2.94302416,0.0683376789,0.244043574,4.55584526,0.058487393,0.000262040063,2.04274011,0.89324075
sga_3,pmstokes_H1.500,4,FAIL,0.490134478,0.367649704,1.82475865,0.0693156496,0.241787881,4.62104321,0.0992355868,0.000207239777,2.04331517,0.894225061
sga_3,pmstokes_H1.500,5,FAIL,0.329637498,0.35529393,5.94999123,0.0669983551,0.252152801,4.46655703,0.0843924433,0.000403613987,2.04231548,0.892285645
sga_3,pmstokes_H4.000,1,FAIL,0.299992293,0.518341541,2.33357787,0.185131982,0.708994985,4.62829971,0.0902114585,0.000213568303,3.28952026,1.26662004
sga_3,pmstokes_H4.000,2,FAIL,0.337396771,0.207506344,3.43574762,0.182335809,0.669597805,4.55839539,0.0545340106,0.000240290159,3.2910316,1.26662004
sga_3,pmstokes_H4.000,3,FAIL,0.247777149,0.186648488,5.04238415,0.180154324,0.653995812,4.50385809,0.0472600386,0.000311319367,3.29032183,1.26747477
sga_3,pmstokes_H4.000,4,FAIL,0.463395149,0.291375667,1.75256789,0.182987586,0.673536003,4.57468987,0.0815602764,0.00032041251,3.29042935,1.26725042
sga_3,pmstokes_H4.000,5,FAIL,0.376821697,0.323059082,2.81976485,0.171679541,0.684282422,4.29198837,0.0801078752,0.000202246301,3.29187512,1.26917553
sga_3,pmstokes_H8.500,1,FAIL,0.248127103,0.629859805,2.91482711,0.395412207,1.3196609,4.6519084,0.113617055,0.000327612855,4.10346127,1.66505456
sga_3,pmstokes_H8.500,2,FAIL,0.485564351,0.210700721,2.49630189,0.3611871,1.19587052,4.24925995,0.0808842629,0.00033476713,4.10326815,1.66308022
sga_3,pmstokes_H8.500,3,FAIL,0.19158563,0.178726614,3.28254485,0.375419766,1.27821374,4.41670322,0.0393879451,0.000464862096,4.10344315,1.66360283
sga_3,pmstokes_H8.500,4,PASS,0.61203897,0.252256811,1.4520731,0.371072143,1.2514559,4.36555433,0.103528447,0.000402355014,4.10396671,1.66326284
sga_3,pmstokes_H8.500,5,FAIL,0.286404014,0.358722717,5.62248135,0.361990839,1.27101564,4.25871563,0.061943613,0.000328284368,4.10175991,1.66373026
sgg_0.02,jonswap_H0.270,1,FAIL,0.200800553,0.495377839,3.4038136,0.0120776976,0.0320006236,4.4732213,0.0906625763,0.000135215712,1.29800832,0.41444388
sgg_0.02,jonswap_H0.270,2,FAIL,0.310697764,0.161940321,3.98729324,0.0136754597,0.0314865708,5.0649848,0.0593931153,0.000115837516,1.28341174,0.41662091
sgg_0.02,jonswap_H0.270,3,FAIL,0.142332524,0.142697141,5.17676735,0.0119972965,0.0312551484,4.44344282,0.0336776748,9.3610819e-05,1.25631773,0.417670429
sgg_0.02,jonswap_H0.270,4,FAIL,0.298129112,0.200855255,2.33360887,0.0125825889,0.0311667509,4.66021824,0.0611544997,0.000107994783,1.26536524,0.418171555
sgg_0.02,jonswap_H0.270,5,FAIL,0.33572039,0.33322832,5.75782728,0.0118940929,0.032332968,4.40521955,0.0807488784,0.000186680889,1.25794101,0.417452663
sgg_0.02,jonswap_H1.500,1,FAIL,0.19157283,0.429452509,3.34190559,0.0590522438,0.165088773,3.93681622,0.078467831,0.000124961138,2.18094516,0.811524987
sgg_0.02,jonswap_H1.500,2,FAIL,0.344112754,0.237294972,2.91567254,0.0651171207,0.155157492,4.34114122,0.0709801465,0.000125004226,2.18473244,0.810378373
sgg_0.02,jonswap_H1.500,3,FAIL,0.160865188,0.222977117,3.39443302,0.0574110709,0.162488282,3.8274045,0.0455389954,9.78082317e-05,2.17844152,0.810786724
sgg_0.02,jonswap_H1.500,4,PASS,0.369515419,0.230577141,1.43705845,0.0605274402,0.15600504,4.03516245,0.0742126256,0.000113393733,2.18342996,0.810346067
sgg_0.02,jonswap_H1.500,5,FAIL,0.265788347,0.396221638,6.28026628,0.0560204349,0.170470312,3.73469543,0.0809318498,0.00010890812,2.17769837,0.810503185
sgg_0.02,jonswap_H4.000,1,FAIL,0.287664831,0.552645028,1.94370651,0.15853022,0.446248323,3.96325541,0.103271805,0.00012744515,3.58984709,1.25036561
sgg_0.02,jonswap_H4.000,2,FAIL,0.220654786,0.181816876,3.30825114,0.165468052,0.424071789,4.13670111,0.0464455001,0.000126798201,3.59044552,1.24946749
sgg_0.02,jonswap_H4.000,3,FAIL,0.139984354,0.219811678,4.66659498,0.149567991,0.446930647,3.73919988,0.0425401665,0.000103835759,3.58899403,1.24857092
sgg_0.02,jonswap_H4.000,4,FAIL,0.261241943,0.230989665,1.65249729,0.157094479,0.425303578,3.92736197,0.0574745461,0.000118122211,3.58989811,1.2494247
sgg_0.02,jonswap_H4.000,5,FAIL,0.355894864,0.329046786,3.02689457,0.150105774,0.448605716,3.7526443,0.0831849277,0.000123699632,3.58888578,1.24740982
sgg_0.02,jonswap_H8.500,1,FAIL,0.205946684,0.517545104,2.81554985,0.333940089,0.979280591,3.92870688,0.0921392664,0.000138527001,4.22191954,1.58010566
sgg_0.02,jonswap_H8.500,2,FAIL,0.453968704,0.215703428,2.69720984,0.334174931,0.908753157,3.93146968,0.0835777,0.000137327588,4.22109175,1.57632208
sgg_0.02,jonswap_H8.500,3,FAIL,0.147454619,0.175626457,2.97977614,0.322258294,0.992852449,3.79127407,0.0334314406,0.000126843384,4.22252655,1.57692933
sgg_0.02,jonswap_H8.500,4,PASS,0.664736569,0.122691579,1.00582016,0.333169132,0.918947101,3.91963673,0.113658957,0.000119470002,4.22082567,1.57532203
sgg_0.02,jonswap_H8.500,5,FAIL,0.231483892,0.318432331,5.45789433,0.302757263,0.977016807,3.56185007,0.0653925687,0.000128393338,4.22340918,1.57683241
sgg_0.02,pmstokes_H0.270,1,FAIL,0.197194025,0.490046948,3.16011786,0.01200426,0.0310054645,4.44602203,0.0894831195,0.000117750962,1.18997025,0.464323074
sgg_0.02,pmstokes_H0.270,2,FAIL,0.321251273,0.163598076,3.95436811,0.013184146,0.0301423352,4.88301706,0.0610698014,0.000120579673,1.17473733,0.463478357
sgg_0.02,pmstokes_H0.270,3,FAIL,0.14920257,0.14234142,4.89783478,0.0117085455,0.0301437601,4.33649826,0.0343506709,0.000100652891,1.14891922,0.462060064
sgg_0.02,pmstokes_H0.270,4,FAIL,0.308683783,0.192016199,2.25940347,0.0123084504,0.0303396899,4.5586853,0.0617924258,0.000112898189,1.15747702,0.462887049
sgg_0.02,pmstokes_H0.270,5,FAIL,0.321537256,0.312987715,5.03150082,0.0118011022,0.0313193128,4.37077856,0.0766952932,0.000156149094,1.14926147,0.46205315
sgg_0.02,pmstokes_H1.500,1,FAIL,0.178960174,0.503056109,3.15557909,0.0579102859,0.149173602,3.86068559,0.0892923996,0.000122305224,2.04407048,0.894539535
sgg_0.02,pmstokes_H1.500,2,FAIL,0.340678722,0.111993656,2.68813086,0.0607069992,0.14009738,4.04713297,0.0605035871,0.00012657659,2.04522014,0.893982172
sgg_0.02,pmstokes_H1.500,3,FAIL,0.161968619,0.086345017,3.39001107,0.0562915988,0.143656,3.75277305,0.0295238737,0.000107991902,2.04274011,0.89324075
sgg_0.02,pmstokes_H1.500,4,PASS,0.513458252,0.138687819,1.35740662,0.0586243831,0.142540991,3.90829206,0.0906803906,0.000118757984,2.04331517,0.894225061
sgg_0.02,pmstokes_H1.500,5,FAIL,0.319148391,0.270934045,5.80319786,0.0544197075,0.151762024,3.62798047,0.070773378,0.000117287644,2.04231548,0.892285645
sgg_0.02,pmstokes_H4.000,1,FAIL,0.252578497,0.391021013,2.58628559,0.155741602,0.405148476,3.89354014,0.0754913762,0.000127808089,3.28952026,1.26662004
sgg_0.02,pmstokes_H4.000,2,FAIL,0.250822604,0.252088159,3.73882914,0.15925701,0.368775845,3.98142529,0.0587355606,0.000128821746,3.2910316,1.26662004
sgg_0.02,pmstokes_H4.000,3,FAIL,0.263056785,0.245811686,4.20517778,0.148280054,0.392809629,3.70700145,0.0606229529,0.000109726767,3.29032183,1.26747477
sgg_0.02,pmstokes_H4.000,4,FAIL,0.41847676,0.313200712,1.90879846,0.154488757,0.374300629,3.86221886,0.0876327381,0.000120522236,3.29042935,1.26725042
sgg_0.02,pmstokes_H4.000,5,FAIL,0.415171981,0.417741328,3.18195915,0.145114541,0.390830219,3.62786341,0.101359516,0.000149288579,3.29187512,1.26917553
sgg_0.02,pmstokes_H8.500,1,FAIL,0.198808625,0.717963099,2.63049698,0.356806517,0.926156759,4.19772387,0.124912493,0.000147909843,4.10346127,1.66505456
sgg_0.02,pmstokes_H8.500,2,FAIL,0.436334819,0.101339675,2.52677226,0.317627132,0.803805828,3.7367897,0.0724903867,0.000134121801,4.10326815,1.66308022
sgg_0.02,pmstokes_H8.500,3,FAIL,0.156673595,0.0911142528,3.12973404,0.3217282,0.874895692,3.78503752,0.0273953769,0.000126985586,4.10344315,1.66360283
sgg_0.02,pmstokes_H8.500,4,PASS,0.650321603,0.14442426,0.870486557,0.326928467,0.804234505,3.84621716,0.111006312,0.000123178615,4.10396671,1.66326284
sgg_0.02,pmstokes_H8.500,5,FAIL,0.234008014,0.145801574,5.11319637,0.308818936,0.956139743,3.63316393,0.045369599,0.000142759643,4.10175991,1.66373026
sgg_0.035,jonswap_H0.270,1,FAIL,0.198256046,0.515940666,3.35081601,0.0120923445,0.029797934,4.4786458,0.0937125161,0.000134889007,1.29800832,0.41444388
sgg_0.035,jonswap_H0.270,2,FAIL,0.315583318,0.147376224,3.95281386,0.0136817917,0.0295342728,5.06733036,0.0590194054,0.000115255767,1.28341174,0.41662091
sgg_0.035,jonswap_H0.270,3,FAIL,0.142857075,0.13239871,5.20251179,0.0120020043,0.0295983162,4.44518661,0.0324464068,9.33480405e-05,1.25631773,0.417670429
sgg_0.035,jonswap_H0.270,4,FAIL,0.298878044,0.197489068,2.32591224,0.012584229,0.0291760229,4.66082525,0.0609228648,0.00010742397,1.26536524,0.418171555
sgg_0.035,jonswap_H0.270,5,FAIL,0.333680689,0.327383488,5.74187231,0.011896071,0.030111976,4.40595198,0.0797925591,0.000185393495,1.25794101,0.417452663
sgg_0.035,jonswap_H1.500,1,FAIL,0.190858185,0.44461441,3.3035202,0.0590989441,0.159358963,3.93992949,0.0806562975,0.000124985934,2.18094516,0.811524987
sgg_0.035,jonswap_H1.500,2,FAIL,0.347171605,0.228545025,2.89553261,0.065120548,0.150443286,4.34136963,0.0705058128,0.000124625934,2.18473244,0.810378373
sgg_0.035,jonswap_H1.500,3,FAIL,0.161942735,0.214867726,3.41461396,0.0574176908,0.158448488,3.82784581,0.0443606712,9.76611627e-05,2.17844152,0.810786724
sgg_0.035,jonswap_H1.500,4,PASS,0.372297555,0.219755486,1.41248441,0.0605286248,0.150652424,4.0352416,0.0735848844,0.00011286798,2.18342996,0.810346067
sgg_0.035,jonswap_H1.500,5,FAIL,0.26237762,0.387543112,6.25563002,0.0560300723,0.162685812,3.73533797,0.0793756843,0.00010793165,2.17769837,0.810503185
sgg_0.035,jonswap_H4.000,1,FAIL,0.284846961,0.578980446,1.87920177,0.159023851,0.442996532,3.97559619,0.106878437,0.000127581749,3.58984709,1.25036561
sgg_0.035,jonswap_H4.000,2,FAIL,0.226847172,0.162774429,3.2636354,0.165586755,0.42278105,4.13966894,0.0451732799,0.000126187268,3.59044552,1.24946749
sgg_0.035,jonswap_H4.000,3,FAIL,0.137977302,0.205276668,4.70457077,0.149784118,0.442204356,3.74460292,0.0400803722,0.000103728795,3.58899403,1.24857092
sgg_0.035,jonswap_H4.000,4,FAIL,0.268270761,0.204767823,1.59036362,0.15728128,0.42151323,3.93203211,0.0553659461,0.000117876654,3.58989811,1.2494247
sgg_0.035,jonswap_H4.000,5,FAIL,0.349313378,0.311053604,2.97816133,0.149994388,0.440849364,3.74985981,0.0803845525,0.000123140475,3.58888578,1.24740982
sgg_0.035,jonswap_H8.500,1,FAIL,0.217192501,0.599144697,2.60695791,0.338447899,0.983762383,3.98174,0.106143549,0.000138335541,4.22191954,1.58010566
sgg_0.035,jonswap_H8.500,2,FAIL,0.474724889,0.150491044,2.52987409,0.330960751,0.912155986,3.89365578,0.082527034,0.000135486785,4.22109175,1.57632208
sgg_0.035,jonswap_H8.500,3,FAIL,0.143720329,0.0932276025,3.23146725,0.322386861,0.994044721,3.7927866,0.0231111646,0.000129347507,4.22252655,1.57692933
sgg_0.035,jonswap_H8.500,4,PASS,0.686147034,0.0890261605,0.835567951,0.330517828,0.918014109,3.8884449,0.116251662,0.00011918052,4.22082567,1.57532203
sgg_0.035,jonswap_H8.500,5,FAIL,0.211792439,0.24425596,5.25018406,0.301584631,0.972018659,3.54805446,0.0530682541,0.000126197061,4.22340918,1.57683241
sgg_0.035,pmstokes_H0.270,1,FAIL,0.196462303,0.497320771,3.14234304,0.0120091205,0.028898323,4.44782209,0.0905170813,0.000117828247,1.18997025,0.464323074
sgg_0.035,pmstokes_H0.270,2,FAIL,0.322164059,0.161034569,3.94887424,0.0131852059,0.0282617174,4.8834095,0.0609876998,0.000120004996,1.17473733,0.463478357
sgg_0.035,pmstokes_H0.270,3,FAIL,0.14835383,0.157419086,4.86185503,0.0117023885,0.0285190977,4.33421803,0.0360526443,0.000100265606,1.14891922,0.462060064
sgg_0.035,pmstokes_H0.270,4,FAIL,0.309001088,0.190281272,2.25557852,0.0123092923,0.0283821877,4.55899715,0.0616645142,0.000112330476,1.15747702,0.462887049
sgg_0.035,pmstokes_H0.270,5,FAIL,0.319600552,0.307267964,5.01651812,0.0118025355,0.0291354898,4.37130928,0.0757867545,0.000155613248,1.14926147,0.46205315
sgg_0.035,pmstokes_H1.500,1,FAIL,0.179486215,0.50013262,3.1647625,0.0579002313,0.144574687,3.86001539,0.0886697322,0.000122341371,2.04407048,0.894539535
sgg_0.035,pmstokes_H1.500,2,FAIL,0.340010524,0.114717878,2.69729328,0.0607007407,0.135033369,4.04671574,0.0605058633,0.00012631061,2.04522014,0.893982172
sgg_0.035,pmstokes_H1.500,3,FAIL,0.161796257,0.0832594931,3.40081406,0.0563101657,0.139975011,3.75401092,0.0292575192,0.000107422304,2.04274011,0.89324075
sgg_0.035,pmstokes_H1.500,4,PASS,0.512256205,0.143016383,1.36732209,0.058617305,0.13704513,3.90782022,0.0906283185,0.00011813012,2.04331517,0.894225061
sgg_0.035,pmstokes_H1.500,5,FAIL,0.322836041,0.283920497,5.83811188,0.0543988608,0.145791322,3.62659049,0.0728071928,0.000117258169,2.04231548,0.892285645
sgg_0.035,pmstokes_H4.000,1,FAIL,0.245940432,0.437173426,2.46585393,0.15675351,0.404444993,3.91883779,0.0815793946,0.000127657928,3.28952026,1.26662004
sgg_0.035,pmstokes_H4.000,2,FAIL,0.260602564,0.219561815,3.66126823,0.159575492,0.366004854,3.98938727,0.0560063384,0.000128002459,3.2910316,1.26662004
sgg_0.035,pmstokes_H4.000,3,FAIL,0.253943056,0.187108189,4.35444498,0.148475453,0.388043195,3.71188641,0.0527962297,0.000110103108,3.29032183,1.26747477
sgg_0.035,pmstokes_H4.000,4,FAIL,0.431588471,0.261413127,1.79227984,0.155085757,0.370159328,3.87714386,0.0842853636,0.000120276141,3.29042935,1.26725042
sgg_0.035,pmstokes_H4.000,5,FAIL,0.403183728,0.37682718,3.07641363,0.14451462,0.38507241,3.61286545,0.0950424895,0.000148541498,3.29187512,1.26917553
sgg_0.035,pmstokes_H8.500,1,FAIL,0.213309839,0.831957161,2.3416965,0.365649194,0.934631705,4.30175495,0.144814208,0.000147414277,4.10346127,1.66505456
sgg_0.035,pmstokes_H8.500,2,FAIL,0.465067029,0.125542551,2.30167842,0.319636881,0.806542456,3.76043391,0.0783451796,0.000131569439,4.10326815,1.66308022
sgg_0.035,pmstokes_H8.500,3,FAIL,0.150228545,0.165341765,3.39283323,0.328288943,0.879116952,3.86222267,0.0371349975,0.000130043336,4.10344315,1.66360283
sgg_0.035,pmstokes_H8.500,4,PASS,0.678792655,0.245591342,0.672110856,0.330754668,0.805285156,3.8912313,0.120721646,0.000123053309,4.10396671,1.66326284
sgg_0.035,pmstokes_H8.500,5,FAIL,0.20229426,0.10781654,4.77481127,0.311683029,0.948762,3.66685915,0.0378696285,0.00013847099,4.10175991,1.66373026
sgg_0.056,jonswap_H0.270,1,FAIL,0.196099892,0.537016511,3.29729033,0.0121073294,0.02809624,4.48419619,0.0968241096,0.000135252267,1.29800832,0.41444388
sgg_0.056,jonswap_H0.270,2,FAIL,0.320691794,0.132672057,3.91746783,0.0136882821,0.0280129425,5.0697341,0.0587673336,0.000115251823,1.28341174,0.41662091
sgg_0.056,jonswap_H0.270,3,FAIL,0.143588021,0.122535065,5.22807693,0.0120066106,0.0282773804,4.44689274,0.0312952586,9.41756662e-05,1.25631773,0.417670429
sgg_0.056,jonswap_H0.270,4,FAIL,0.298866749,0.197405204,2.32550025,0.0125842979,0.0275611095,4.660851,0.0608663037,0.000107665132,1.26536524,0.418171555
sgg_0.056,jonswap_H0.270,5,FAIL,0.331778198,0.32250464,5.72783709,0.0118978601,0.0282470826,4.40661478,0.0789708272,0.00018362861,1.25794101,0.417452663
sgg_0.056,jonswap_H1.500,1,FAIL,0.18971847,0.474363834,3.22812247,0.0591947325,0.157232717,3.94631529,0.0850382522,0.000125968945,2.18094516,0.811524987
sgg_0.056,jonswap_H1.500,2,FAIL,0.352895737,0.211669251,2.8568778,0.0651247054,0.149508163,4.34164667,0.069659844,0.000124449318,2.18473244,0.810378373
sgg_0.056,jonswap_H1.500,3,FAIL,0.164382905,0.197797254,3.4569819,0.057430882,0.157054991,3.82872534,0.0419944786,9.8685523e-05,2.17844152,0.810786724
sgg_0.056,jonswap_H1.500,4,PASS,0.378368318,0.197071776,1.36068094,0.060532093,0.148593992,4.03547287,0.0724482089,0.000113008216,2.18342996,0.810346067
sgg_0.056,jonswap_H1.500,5,FAIL,0.255938947,0.370573133,6.20761538,0.0560489483,0.157856092,3.73659635,0.0763325766,0.000107374981,2.17769837,0.810503185
sgg_0.056,jonswap_H4.000,1,FAIL,0.279500186,0.63010031,1.75452185,0.160046771,0.449116826,4.0011692,0.114097185,0.000128426938,3.58984709,1.25036561
sgg_0.056,jonswap_H4.000,2,FAIL,0.239359438,0.125089392,3.17128873,0.165888801,0.43084991,4.14722013,0.0433381721,0.000125554972,3.59044552,1.24946749
sgg_0.056,jonswap_H4.000,3,FAIL,0.135355607,0.177560344,4.77817726,0.15022786,0.445819557,3.75569654,0.035534244,0.000104704799,3.58899403,1.24857092
sgg_0.056,jonswap_H4.000,4,PASS,0.281941682,0.159013972,1.47378361,0.157748103,0.426988304,3.9437027,0.0527057797,0.000118298412,3.58989811,1.2494247
sgg_0.056,jonswap_H4.000,5,FAIL,0.336138755,0.273115605,2.8735888,0.14980045,0.441918671,3.74501133,0.0745887458,0.00012324602,3.58888578,1.24740982
sgg_0.056,jonswap_H8.500,1,FAIL,0.240993381,0.748519123,2.2287848,0.348375052,1.00322711,4.09852982,0.132040113,0.000138554446,4.22191954,1.58010566
sgg_0.056,jonswap_H8.500,2,FAIL,0.511593938,0.0942946002,2.22975588,0.32667762,0.92782253,3.84326601,0.0860295147,0.00013263119,4.22109175,1.57632208
sgg_0.056,jonswap_H8.500,3,FAIL,0.144476473,0.169219196,3.67644382,0.326339245,1.01377344,3.83928514,0.0369491167,0.000136017494,4.22252655,1.57692933
sgg_0.056,jonswap_H8.500,4,PASS,0.722957015,0.183974504,0.589504778,0.328087866,0.93234688,3.85985708,0.125485301,0.00011968155,4.22082567,1.57532203
sgg_0.056,jonswap_H8.500,5,FAIL,0.182677433,0.129617199,4.88325262,0.301406413,0.981645823,3.5459578,0.0355066881,0.000122865531,4.22340918,1.57683241
sgg_0.056,pmstokes_H0.270,1,FAIL,0.19564569,0.50789845,3.11691999,0.0120160365,0.0272469185,4.45038366,0.0920093134,0.000119196135,1.18997025,0.464323074
sgg_0.056,pmstokes_H0.270,2,FAIL,0.323787987,0.156861767,3.93963957,0.013186926,0.0268011726,4.88404655,0.0608757287,0.000119842916,1.17473733,0.463478357
sgg_0.056,pmstokes_H0.270,3,FAIL,0.147844657,0.170579985,4.83146143,0.0116973352,0.0272143818,4.33234644,0.0375751182,0.000100905665,1.14891922,0.462060064
sgg_0.056,pmstokes_H0.270,4,FAIL,0.309794486,0.187010229,2.24808908,0.012310857,0.0267599486,4.55957651,0.0614420176,0.000112478236,1.15747702,0.462887049
sgg_0.056,pmstokes_H0.270,5,FAIL,0.316332012,0.297512233,4.99087667,0.0118051255,0.0272829179,4.37226868,0.074239336,0.000155545844,1.14926147,0.46205315
sgg_0.056,pmstokes_H1.500,1,FAIL,0.18151772,0.482718825,3.21292734,0.0578370504,0.143721595,3.85580325,0.0856106281,0.000123406062,2.04407048,0.894539535
sgg_0.056,pmstokes_H1.500,2,FAIL,0.335910231,0.128289416,2.73798919,0.0606757514,0.1334842,4.04505014,0.0605590157,0.000126594663,2.04522014,0.893982172
sgg_0.056,pmstokes_H1.500,3,FAIL,0.163268104,0.089714177,3.38345861,0.0562824123,0.139164731,3.75216079,0.0300021749,0.000107186759,2.04274011,0.89324075
sgg_0.056,pmstokes_H1.500,4,PASS,0.507964075,0.160332605,1.40682507,0.0585951693,0.134825245,3.90634441,0.0906640142,0.000117988304,2.04331517,0.894225061
sgg_0.056,pmstokes_H1.500,5,FAIL,0.332861573,0.318484455,5.93028879,0.0543479323,0.143166244,3.62319541,0.0782511905,0.000118954398,2.04231548,0.892285645
sgg_0.056,pmstokes_H4.000,1,FAIL,0.234782904,0.524242103,2.24200487,0.158846393,0.414402395,3.97115993,0.0939462408,0.000127929161,3.28952026,1.26662004
sgg_0.056,pmstokes_H4.000,2,FAIL,0.280069858,0.158794254,3.50767398,0.160345867,0.372524261,4.00864649,0.0524199381,0.00012712508,3.2910316,1.26662004
sgg_0.056,pmstokes_H4.000,3,FAIL,0.238599971,0.0954733938,4.62459373,0.149201915,0.392632782,3.73004794,0.0426443219,0.000112302208,3.29032183,1.26747477
sgg_0.056,pmstokes_H4.000,4,PASS,0.454751432,0.173924357,1.58997095,0.156413212,0.375503093,3.9103303,0.0808890909,0.000120709483,3.29042935,1.26725042
sgg_0.056,pmstokes_H4.000,5,FAIL,0.382076561,0.30397594,2.88707733,0.143637136,0.388991416,3.59092832,0.0841902494,0.000148208608,3.29187512,1.26917553
sgg_0.056,pmstokes_H8.500,1,FAIL,0.245833978,1.03791845,1.82589805,0.383997053,0.959831893,4.51761246,0.181007385,0.00014756879,4.10346127,1.66505456
sgg_0.056,pmstokes_H8.500,2,FAIL,0.51642561,0.284463644,1.89074075,0.326060325,0.821674764,3.83600378,0.0974023268,0.000127973457,4.10326815,1.66308022
sgg_0.056,pmstokes_H8.500,3,FAIL,0.147348329,0.353955925,3.85920668,0.343144268,0.90335387,4.03699112,0.0673485994,0.000137843599,4.10344315,1.66360283
sgg_0.056,pmstokes_H8.500,4,PASS,0.725913048,0.437582493,0.509737194,0.340444714,0.825012863,4.00523186,0.142814174,0.000124402315,4.10396671,1.66326284
sgg_0.056,pmstokes_H8.500,5,FAIL,0.163993359,0.275886476,4.18776941,0.320726216,0.952674985,3.77324963,0.0554220006,0.000131953289,4.10175991,1.66373026
sgg_0.1,jonswap_H0.270,1,FAIL,0.198248908,0.535343885,3.30430055,0.0121044144,0.0282705147,4.48311615,0.0962979272,0.000137506882,1.29800832,0.41444388
sgg_0.1,jonswap_H0.270,2,FAIL,0.321845174,0.13187398,3.91662335,0.0136884013,0.028150266,5.06977797,0.0587813295,0.000117288451,1.28341174,0.41662091
sgg_0.1,jonswap_H0.270,3,FAIL,0.1447137,0.121731535,5.23362637,0.0120075997,0.0284252223,4.44725895,0.0310537107,9.82842685e-05,1.25631773,0.417670429
sgg_0.1,jonswap_H0.270,4,FAIL,0.294840813,0.214993328,2.36441088,0.0125763193,0.0275062285,4.65789604,0.0618687607,0.000110079658,1.26536524,0.418171555
sgg_0.1,jonswap_H0.270,5,FAIL,0.332499892,0.328304321,5.73973513,0.0118960282,0.0279910583,4.40593624,0.0797430947,0.000179823619,1.25794101,0.417452663
sgg_0.1,jonswap_H1.500,1,FAIL,0.188848928,0.542830825,3.0559113,0.0594266951,0.166513234,3.96177959,0.0953980461,0.000129699838,2.18094516,0.811524987
sgg_0.1,jonswap_H1.500,2,FAIL,0.366268933,0.17230168,2.76576209,0.0651391298,0.160385922,4.34260845,0.0681356862,0.000125319188,2.18473244,0.810378373
sgg_0.1,jonswap_H1.500,3,FAIL,0.171479687,0.154022694,3.56719112,0.0574754737,0.164584979,3.83169818,0.0365373716,0.00010382555,2.17844152,0.810786724
sgg_0.1,jonswap_H1.500,4,PASS,0.393212378,0.145793095,1.24006617,0.0605517179,0.157246277,4.03678083,0.0707922056,0.000115386429,2.18342996,0.810346067
sgg_0.1,jonswap_H1.500,5,FAIL,0.240485817,0.327918738,6.08501816,0.0561019704,0.164069995,3.74013114,0.068702735,0.000108355081,2.17769837,0.810503185
sgg_0.1,jonswap_H4.000,1,FAIL,0.273819685,0.716389239,1.54821098,0.161978617,0.481659949,4.04946566,0.126658648,0.000131593581,3.58984709,1.25036561
sgg_0.1,jonswap_H4.000,2,FAIL,0.262458831,0.0733922571,3.0043118,0.166626289,0.464427978,4.16565704,0.0431876183,0.000125608611,3.59044552,1.24946749
sgg_0.1,jonswap_H4.000,3,FAIL,0.133611187,0.130655035,4.91570711,0.151180178,0.472437471,3.77950454,0.0282043833,0.000109397442,3.58899403,1.24857092
sgg_0.1,jonswap_H4.000,4,PASS,0.306350112,0.112255745,1.28109837,0.158925086,0.459031522,3.97312713,0.0528660081,0.000120922989,3.58989811,1.2494247
sgg_0.1,jonswap_H4.000,5,FAIL,0.312250525,0.207863778,2.67873287,0.149638057,0.470804542,3.74095154,0.0648486242,0.000126133484,3.58888578,1.24740982
sgg_0.1,jonswap_H8.500,1,FAIL,0.291469544,1.0207063,1.55171382,0.371577352,1.06459773,4.37149811,0.179619789,0.000141543671,4.22191954,1.58010566
sgg_0.1,jonswap_H8.500,2,FAIL,0.577282965,0.282077909,1.69461191,0.3240183,0.974907279,3.81198001,0.106833868,0.000129940046,4.22109175,1.57632208
sgg_0.1,jonswap_H8.500,3,FAIL,0.164101362,0.508235455,4.48983288,0.34541437,1.08039391,4.06369829,0.0948589593,0.000157903632,4.22252655,1.57692933
sgg_0.1,jonswap_H8.500,4,PASS,0.786316514,0.442638338,0.571665227,0.330845416,0.98917371,3.89229894,0.152617112,0.000124440863,4.22082567,1.57532203
sgg_0.1,jonswap_H8.500,5,FAIL,0.157057956,0.20297426,4.22202778,0.307398945,1.03605604,3.61645818,0.0426085219,0.000117604621,4.22340918,1.57683241
sgg_0.1,pmstokes_H0.270,1,FAIL,0.195106,0.526033163,3.07505655,0.0120277517,0.0273972414,4.45472288,0.0945057049,0.000124046768,1.18997025,0.464323074
sgg_0.1,pmstokes_H0.270,2,FAIL,0.327115089,0.149370119,3.92315769,0.0131899882,0.0269840658,4.88518047,0.0607242063,0.000121057703,1.17473733,0.463478357
sgg_0.1,pmstokes_H0.270,3,FAIL,0.149362952,0.163656816,4.85201025,0.0117008444,0.0273507349,4.33364582,0.03653308,0.000104873718,1.14891922,0.462060064
sgg_0.1,pmstokes_H0.270,4,FAIL,0.312390417,0.178504303,2.22823858,0.0123151233,0.0266075954,4.56115675,0.0609381348,0.000114749768,1.15747702,0.462887049
sgg_0.1,pmstokes_H0.270,5,FAIL,0.309634894,0.27823171,4.93970156,0.0118104136,0.0269715935,4.37422705,0.0711923614,0.000156524125,1.14926147,0.46205315
sgg_0.1,pmstokes_H1.500,1,FAIL,0.191408694,0.410539627,3.40914512,0.0575895682,0.15472202,3.83930445,0.0736839548,0.000128553016,2.04407048,0.894539535
sgg_0.1,pmstokes_H1.500,2,FAIL,0.319687784,0.187167883,2.89138794,0.0605937056,0.143543839,4.03958035,0.0623310655,0.000129661305,2.04522014,0.893982172
sgg_0.1,pmstokes_H1.500,3,FAIL,0.171387166,0.143207833,3.24637938,0.0560628772,0.14732489,3.73752499,0.036332652,0.000107451327,2.04274011,0.89324075
sgg_0.1,pmstokes_H1.500,4,PASS,0.491847187,0.229714617,1.56172311,0.0585262477,0.14314124,3.90174961,0.0921329558,0.000119210963,2.04331517,0.894225061
sgg_0.1,pmstokes_H1.500,5,FAIL,0.363316804,0.423000783,6.20662212,0.0542252623,0.152044833,3.61501741,0.0952348039,0.000128481406,2.04231548,0.892285645
sgg_0.1,pmstokes_H4.000,1,FAIL,0.22160767,0.676812291,1.85809922,0.163069203,0.453450501,4.07673025,0.117243655,0.000130161832,3.28952026,1.26662004
sgg_0.1,pmstokes_H4.000,2,FAIL,0.316612154,0.0943443924,3.22792625,0.162250355,0.404869616,4.05625868,0.0533108935,0.000127278807,3.2910316,1.26662004
sgg_0.1,pmstokes_H4.000,3,FAIL,0.212916344,0.175829247,5.1370759,0.151897952,0.422946483,3.79744887,0.0471898392,0.000120953337,3.29032183,1.26747477
sgg_0.1,pmstokes_H4.000,4,PASS,0.489293456,0.0831113458,1.30243731,0.158955768,0.407163054,3.97389412,0.0820680857,0.000123789083,3.29042935,1.26725042
sgg_0.1,pmstokes_H4.000,5,FAIL,0.348817766,0.193402112,2.58909822,0.142776236,0.422470033,3.56940579,0.0690301731,0.000150349777,3.29187512,1.26917553
sgg_0.1,pmstokes_H8.500,1,FAIL,0.31139788,1.39276803,0.968618929,0.421836019,1.03397715,4.96277666,0.243803471,0.00015408342,4.10346127,1.66505456
sgg_0.1,pmstokes_H8.500,2,FAIL,0.604244947,0.612817526,1.17867851,0.345775425,0.875048339,4.06794596,0.145131156,0.000127718464,4.10326815,1.66308022
sgg_0.1,pmstokes_H8.500,3,FAIL,0.163709402,0.711967826,4.69832087,0.379032075,0.978300452,4.45920086,0.129554331,0.00016230093,4.10344315,1.66360283
sgg_0.1,pmstokes_H8.500,4,PASS,0.801199079,0.766905844,0.920538664,0.364859551,0.898863792,4.29246521,0.188993946,0.000134010072,4.10396671,1.66326284
sgg_0.1,pmstokes_H8.500,5,FAIL,0.169290334,0.64893806,3.20956111,0.34689486,0.996849239,4.08111572,0.11708793,0.000122940706,4.10175991,1.66373026
sgg_0.18,jonswap_H0.270,1,FAIL,0.212961763,0.471659034,3.47461057,0.0120549649,0.0328252949,4.46480179,0.0861492082,0.000145701983,1.29800832,0.41444388
sgg_0.18,jonswap_H0.270,2,FAIL,0.311372936,0.173138276,4.01638508,0.0136696463,0.0322891586,5.06283188,0.0599305667,0.000126716957,1.28341174,0.41662091
sgg_0.18,jonswap_H0.270,3,FAIL,0.147194073,0.131913483,5.21626854,0.0120041138,0.032152079,4.44596815,0.0318636186,0.000107370266,1.25631773,0.417670429
sgg_0.18,jonswap_H0.270,4,FAIL,0.284187555,0.264811575,2.4741714,0.0125540793,0.0313290879,4.64965868,0.0655387118,0.000114777278,1.26536524,0.418171555
sgg_0.18,jonswap_H0.270,5,FAIL,0.339636594,0.35909608,5.81397581,0.0118856924,0.0319310464,4.40210819,0.0843476355,0.000174490226,1.25794101,0.417452663
sgg_0.18,jonswap_H1.500,1,FAIL,0.19301112,0.64292568,2.80658865,0.0598050766,0.192288622,3.987005,0.111042656,0.000138064293,2.18094516,0.811524987
sgg_0.18,jonswap_H1.500,2,FAIL,0.387453377,0.117361858,2.62696362,0.0651715174,0.186005101,4.34476757,0.0672727153,0.000130302637,2.18473244,0.810378373
sgg_0.18,jonswap_H1.500,3,FAIL,0.184345022,0.0979443938,3.72637129,0.0575586557,0.185110167,3.83724356,0.0311969426,0.000118127908,2.17844152,0.810786724
sgg_0.18,jonswap_H1.500,4,PASS,0.418765098,0.0826349035,1.04628193,0.0606022812,0.180973276,4.04015207,0.0713656619,0.000122506332,2.18342996,0.810346067
sgg_0.18,jonswap_H1.500,5,FAIL,0.215701431,0.254345447,5.86669302,0.0562197492,0.187714368,3.74798322,0.0556057207,0.000111519905,2.17769837,0.810503185
sgg_0.18,jonswap_H4.000,1,FAIL,0.285444468,0.729184628,1.53082108,0.162330106,0.539289117,4.05825281,0.127952442,0.000138523697,3.58984709,1.25036561
sgg_0.18,jonswap_H4.000,2,FAIL,0.273053795,0.0770041943,2.95482159,0.166941687,0.518312275,4.17354202,0.0441719741,0.000130902525,3.59044552,1.24946749
sgg_0.18,jonswap_H4.000,3,FAIL,0.138921797,0.118319936,4.98049879,0.15187481,0.519098461,3.79687023,0.0256139059,0.000121793637,3.58899403,1.24857092
sgg_0.18,jonswap_H4.000,4,PASS,0.313767195,0.120265417,1.25501406,0.159539655,0.515338421,3.9884913,0.0540087037,0.00012789914,3.58989811,1.2494247
sgg_0.18,jonswap_H4.000,5,FAIL,0.304309398,0.203096613,2.63675547,0.149725124,0.527862251,3.74312806,0.0631277636,0.000135629743,3.58888578,1.24740982
sgg_0.18,jonswap_H8.500,1,FAIL,0.327507496,1.18337631,1.16233122,0.387998164,1.15296757,4.56468439,0.208401471,0.000157443152,4.22191954,1.58010566
sgg_0.18,jonswap_H8.500,2,FAIL,0.62221241,0.437089622,1.35836303,0.325698823,1.03664112,3.83175087,0.126743704,0.000139873431,4.22109175,1.57632208
sgg_0.18,jonswap_H8.500,3,FAIL,0.187257901,0.732797682,5.01340437,0.365692824,1.17328584,4.30226851,0.135674,0.000207458608,4.22252655,1.57692933
sgg_0.18,jonswap_H8.500,4,PASS,0.819199145,0.564495981,0.748795152,0.336037904,1.07668686,3.95338702,0.168871313,0.000144643825,4.22082567,1.57532203
sgg_0.18,jonswap_H8.500,5,FAIL,0.165580839,0.336601198,3.85476542,0.315141469,1.12354243,3.70754671,0.0639645979,0.000115865616,4.22340918,1.57683241
sgg_0.18,pmstokes_H0.270,1,FAIL,0.197865814,0.541545093,3.04446769,0.012036589,0.0319025479,4.45799589,0.0963752493,0.000134058864,1.18997025,0.464323074
sgg_0.18,pmstokes_H0.270,2,FAIL,0.331778079,0.141687497,3.90650129,0.0131917028,0.0310551785,4.88581562,0.0606328845,0.000127969761,1.17473733,0.463478357
sgg_0.18,pmstokes_H0.270,3,FAIL,0.154934585,0.124825366,4.95582151,0.0117196739,0.0310708713,4.34062004,0.0318382084,0.000115140865,1.14891922,0.462060064
sgg_0.18,pmstokes_H0.270,4,FAIL,0.317812413,0.16412735,2.19328237,0.0123231448,0.030304363,4.56412745,0.060212668,0.000119998418,1.15747702,0.462887049
sgg_0.18,pmstokes_H0.270,5,FAIL,0.301920295,0.259191126,4.88803625,0.0118161235,0.0307518579,4.37634182,0.0680917203,0.000158857772,1.14926147,0.46205315
sgg_0.18,pmstokes_H1.500,1,FAIL,0.220350951,0.277718723,3.78171754,0.0571945012,0.182693601,3.81296659,0.0539396405,0.000148321385,2.04407048,0.894539535
sgg_0.18,pmstokes_H1.500,2,FAIL,0.290717363,0.30791074,3.18060279,0.0604818463,0.170366913,4.03212309,0.071808137,0.000146958118,2.04522014,0.893982172
sgg_0.18,pmstokes_H1.500,3,FAIL,0.188573971,0.272108495,2.94325423,0.0556373298,0.167862982,3.70915508,0.0550628416,0.000112961847,2.04274011,0.89324075
sgg_0.18,pmstokes_H1.500,4,FAIL,0.458216459,0.380746782,1.89607465,0.0584523194,0.166442871,3.89682126,0.100927018,0.000123605962,2.04331517,0.894225061
sgg_0.18,pmstokes_H1.500,5,FAIL,0.411940396,0.590485811,6.64729071,0.0541271493,0.178202227,3.6084764,0.123896591,0.000160994736,2.04231548,0.892285645
sgg_0.18,pmstokes_H4.000,1,FAIL,0.225514665,0.757728338,1.66284144,0.165549368,0.516556025,4.13873434,0.12985079,0.000138637668,3.28952026,1.26662004
sgg_0.18,pmstokes_H4.000,2,FAIL,0.340827048,0.12300238,3.07940173,0.163580611,0.459892213,4.08951521,0.0578610003,0.000134318383,3.2910316,1.26662004
sgg_0.18,pmstokes_H4.000,3,FAIL,0.194968462,0.349985272,5.57709455,0.155601263,0.475941479,3.89003158,0.0704234093,0.000142311867,3.29032183,1.26747477
sgg_0.18,pmstokes_H4.000,4,PASS,0.490124404,0.0959118009,1.33787537,0.158778504,0.462526262,3.96946263,0.0815122128,0.000136391929,3.29042935,1.26725042
sgg_0.18,pmstokes_H4.000,5,FAIL,0.337338656,0.175740048,2.52145076,0.14271687,0.483428657,3.56792164,0.0662008375,0.000157491624,3.29187512,1.26917553
sgg_0.18,pmstokes_H8.500,1,FAIL,0.345683932,1.57335103,0.593721092,0.444272339,1.1382916,5.22673321,0.276509523,0.000180085306,4.10346127,1.66505456
sgg_0.18,pmstokes_H8.500,2,FAIL,0.652976155,0.804809153,0.805599332,0.36146459,0.956969321,4.25252438,0.176603436,0.000151376531,4.10326815,1.66308022
sgg_0.18,pmstokes_H8.500,3,FAIL,0.187518045,0.953472853,5.2623558,0.409506649,1.07890546,4.81772518,0.173664272,0.00021267483,4.10344315,1.66360283
sgg_0.18,pmstokes_H8.500,4,PASS,0.826135457,0.867648363,1.11462021,0.375955254,1.01152515,4.42300272,0.205973908,0.000168140657,4.10396671,1.66326284
sgg_0.18,pmstokes_H8.500,5,FAIL,0.202604041,0.825676501,2.76345325,0.364129394,1.07791412,4.28387499,0.149499029,0.00012644376,4.10175991,1.66373026
sgg_0.32,jonswap_H0.270,1,FAIL,0.23651813,0.406824946,3.65357876,0.012002782,0.0416851938,4.44547462,0.0758012831,0.000180312956,1.29800832,0.41444388
sgg_0.32,jonswap_H0.270,2,FAIL,0.306059688,0.211333677,4.10628891,0.0136528118,0.0403430276,5.05659676,0.061993286,0.000159551797,1.28341174,0.41662091
sgg_0.32,jonswap_H0.270,3,FAIL,0.153946683,0.131679103,5.23313713,0.0120074116,0.0395140536,4.44718933,0.0312927701,0.000123037622,1.25631773,0.417670429
sgg_0.32,jonswap_H0.270,4,FAIL,0.273788303,0.326272517,2.60627532,0.0125269592,0.0389848091,4.63961458,0.0712236241,0.000120699144,1.26536524,0.418171555
sgg_0.32,jonswap_H0.270,5,FAIL,0.347234249,0.396323651,5.89922714,0.0118708638,0.0399019867,4.39661598,0.0898742825,0.000174622663,1.25794101,0.417452663
sgg_0.32,jonswap_H1.500,1,FAIL,0.20617269,0.697741091,2.67619133,0.0600810051,0.223761663,4.00540018,0.119567811,0.000152834429,2.18094516,0.811524987
sgg_0.32,jonswap_H1.500,2,FAIL,0.403943837,0.0991842896,2.5474112,0.0652228296,0.215049297,4.3481884,0.0677091554,0.000145068479,2.18473244,0.810378373
sgg_0.32,jonswap_H1.500,3,FAIL,0.194735184,0.105863526,3.73701763,0.057599321,0.2114636,3.83995461,0.0307897255,0.000150933571,2.17844152,0.810786724
sgg_0.32,jonswap_H1.500,4,PASS,0.443128496,0.0977655873,0.890695989,0.0606448986,0.210076317,4.04299307,0.0751579702,0.000143139099,2.18342996,0.810346067
sgg_0.32,jonswap_H1.500,5,FAIL,0.201449111,0.212751538,5.71501827,0.0563317537,0.216960013,3.75545001,0.0470511913,0.000117432071,2.17769837,0.810503185
sgg_0.32,jonswap_H4.000,1,FAIL,0.323110491,0.602485597,1.86272275,0.159671694,0.599243999,3.99179244,0.108525887,0.000152589855,3.58984709,1.25036561
sgg_0.32,jonswap_H4.000,2,FAIL,0.258272558,0.127799824,3.14085388,0.166125104,0.573718667,4.15312767,0.0436117984,0.000151243366,3.59044552,1.24946749
sgg_0.32,jonswap_H4.000,3,FAIL,0.150719434,0.155555665,4.89999199,0.151956439,0.568417132,3.79891109,0.028692292,0.000148121602,3.58899403,1.24857092
sgg_0.32,jonswap_H4.000,4,PASS,0.284910411,0.206405655,1.56169844,0.158879593,0.573427856,3.97198987,0.0546368845,0.000149343628,3.58989811,1.2494247
sgg_0.32,jonswap_H4.000,5,FAIL,0.329341501,0.300840616,2.89484644,0.150187552,0.588311195,3.75468874,0.0759146512,0.000155949427,3.58888578,1.24740982
sgg_0.32,jonswap_H8.500,1,FAIL,0.307179868,1.03230095,1.5425514,0.372081667,1.22418725,4.37743139,0.182718202,0.000198795402,4.22191954,1.58010566
sgg_0.32,jonswap_H8.500,2,FAIL,0.602996647,0.339016229,1.5944159,0.32396546,1.09175575,3.81135821,0.113904804,0.000174299887,4.22109175,1.57632208
sgg_0.32,jonswap_H8.500,3,FAIL,0.185022295,0.603081405,4.71557283,0.356122434,1.23862135,4.18967581,0.116521373,0.000288738753,4.22252655,1.57692933
sgg_0.32,jonswap_H8.500,4,PASS,0.77663511,0.337288886,0.46758458,0.332705081,1.16292417,3.91417742,0.142736599,0.000202045849,4.22082567,1.57532203
sgg_0.32,jonswap_H8.500,5,FAIL,0.166693255,0.205013126,4.24083281,0.311440051,1.19543898,3.66400051,0.0433734283,0.000132242116,4.22340918,1.57683241
sgg_0.32,pmstokes_H0.270,1,FAIL,0.208578646,0.542032242,3.05719376,0.0120340325,0.0406133048,4.45704889,0.0955831036,0.00015068549,1.18997025,0.464323074
sgg_0.32,pmstokes_H0.270,2,FAIL,0.339532942,0.133298397,3.88292718,0.0131898792,0.0388752781,4.88514042,0.0606060624,0.000146594684,1.17473733,0.463478357
sgg_0.32,pmstokes_H0.270,3,FAIL,0.164234012,0.0957130939,5.05580473,0.0117400149,0.0384251922,4.34815359,0.0285587106,0.000134920498,1.14891922,0.462060064
sgg_0.32,pmstokes_H0.270,4,FAIL,0.32582733,0.150865272,2.15369916,0.0123347836,0.0378928594,4.56843805,0.0595899895,0.000129204331,1.15747702,0.462887049
sgg_0.32,pmstokes_H0.270,5,FAIL,0.297066212,0.252921879,4.86396027,0.0118188206,0.0385421626,4.37734079,0.0666075274,0.000163820179,1.14926147,0.46205315
sgg_0.32,pmstokes_H1.500,1,FAIL,0.25018093,0.219697103,3.96960473,0.0570956133,0.216314986,3.80637407,0.0461940691,0.000206390279,2.04407048,0.894539535
sgg_0.32,pmstokes_H1.500,2,FAIL,0.282325268,0.372580349,3.33723545,0.060404174,0.201702774,4.02694464,0.0800137743,0.000201706978,2.04522014,0.893982172
sgg_0.32,pmstokes_H1.500,3,FAIL,0.197999686,0.334116131,2.80521798,0.055492755,0.194533318,3.69951677,0.065293245,0.000150640291,2.04274011,0.89324075
sgg_0.32,pmstokes_H1.500,4,FAIL,0.43640697,0.495198578,2.14955592,0.0584393777,0.194704145,3.89595842,0.111809283,0.000142149001,2.04331517,0.894225061
sgg_0.32,pmstokes_H1.500,5,FAIL,0.423535675,0.648138523,6.79320908,0.0541483015,0.209306449,3.60988665,0.134666502,0.000232766164,2.04231548,0.892285645
sgg_0.32,pmstokes_H4.000,1,FAIL,0.244339049,0.715549409,1.78050816,0.164324954,0.578618348,4.10812378,0.122703411,0.000161990436,3.28952026,1.26662004
sgg_0.32,pmstokes_H4.000,2,FAIL,0.344481498,0.129193798,3.1281848,0.163362682,0.519446194,4.08406687,0.0570304804,0.00015974346,3.2910316,1.26662004
sgg_0.32,pmstokes_H4.000,3,FAIL,0.191394612,0.426867783,5.76928139,0.157956526,0.53091526,3.9489131,0.0835902616,0.000184810735,3.29032183,1.26747477
sgg_0.32,pmstokes_H4.000,4,FAIL,0.445286155,0.284906387,1.80227101,0.155749828,0.526006162,3.89374566,0.0835461766,0.000186068719,3.29042935,1.26725042
sgg_0.32,pmstokes_H4.000,5,FAIL,0.35591495,0.267969787,2.74632239,0.143312514,0.54497683,3.58281279,0.0768309161,0.000166532918,3.29187512,1.26917553
sgg_0.32,pmstokes_H8.500,1,FAIL,0.305515707,1.35249639,1.09099317,0.420376509,1.2150991,4.94560575,0.239330828,0.000234549443,4.10346127,1.66505456
sgg_0.32,pmstokes_H8.500,2,FAIL,0.615653694,0.642933428,1.13892436,0.348421723,1.02871716,4.09907913,0.152610332,0.000211412713,4.10326815,1.66308022
sgg_0.32,pmstokes_H8.500,3,FAIL,0.189946786,0.866155326,5.06734848,0.401703775,1.14653993,4.72592688,0.16201663,0.000287029077,4.10344315,1.66360283
sgg_0.32,pmstokes_H8.500,4,PASS,0.755818367,0.518397391,0.515866578,0.352164388,1.10793531,4.14311028,0.158575028,0.000248757307,4.10396671,1.66326284
sgg_0.32,pmstokes_H8.500,5,FAIL,0.175143301,0.54037118,3.48243523,0.342667758,1.14927042,4.03138542,0.102611646,0.000174036933,4.10175991,1.66373026
sgg_0.56,jonswap_H0.270,1,FAIL,0.262669474,0.376841038,3.74986959,0.01197014,0.0519291982,4.4333849,0.0700169355,0.000262682268,1.29800832,0.41444388
sgg_0.56,jonswap_H0.270,2,FAIL,0.316300452,0.214269787,4.10789824,0.0136534581,0.0496645086,5.05683613,0.0623210147,0.000227786426,1.28341174,0.41662091
sgg_0.56,jonswap_H0.270,3,FAIL,0.168493241,0.124528721,5.29008961,0.0120204585,0.0484787486,4.4520216,0.0292730406,0.00014834592,1.25631773,0.417670429
sgg_0.56,jonswap_H0.270,4,FAIL,0.268267632,0.389887601,2.73666,0.0124992682,0.0480736047,4.62935829,0.077922903,0.000127609761,1.26536524,0.418171555
sgg_0.56,jonswap_H0.270,5,FAIL,0.351965219,0.422026277,5.94684458,0.0118512651,0.0493701734,4.38935757,0.0932785049,0.000189983068,1.25794101,0.417452663
sgg_0.56,jonswap_H1.500,1,FAIL,0.225586504,0.66123718,2.78141832,0.0601351336,0.248997331,4.00900888,0.113110751,0.000174798872,2.18094516,0.811524987
sgg_0.56,jonswap_H1.500,2,FAIL,0.408153594,0.126119614,2.58611155,0.0653451383,0.23883529,4.35634232,0.0676155761,0.00017299765,2.18473244,0.810378373
sgg_0.56,jonswap_H1.500,3,FAIL,0.199305892,0.189131573,3.5436995,0.057653293,0.234983653,3.84355283,0.035839539,0.000210323153,2.17844152,0.810786724
sgg_0.56,jonswap_H1.500,4,PASS,0.448373139,0.11050301,0.911020756,0.0605682656,0.234196663,4.03788424,0.0750373602,0.000186161618,2.18342996,0.810346067
sgg_0.56,jonswap_H1.500,5,FAIL,0.21027419,0.245483547,5.77193832,0.0564016774,0.240072057,3.76011157,0.0495797358,0.000134673988,2.17769837,0.810503185
sgg_0.56,jonswap_H4.000,1,FAIL,0.374700725,0.419897288,2.34746861,0.157024279,0.655233145,3.92560697,0.0843218192,0.000180882445,3.58984709,1.25036561
sgg_0.56,jonswap_H4.000,2,FAIL,0.238396794,0.247889757,3.4354651,0.165731475,0.632869601,4.14328671,0.0514231324,0.000191424784,3.59044552,1.24946749
sgg_0.56,jonswap_H4.000,3,FAIL,0.163261026,0.210806221,4.7868886,0.152882844,0.619600475,3.82207108,0.0339356065,0.000190907798,3.58899403,1.24857092
sgg_0.56,jonswap_H4.000,4,FAIL,0.239306808,0.439728767,2.09354949,0.15994665,0.630568862,3.99866629,0.0773824453,0.000198996233,3.58989811,1.2494247
sgg_0.56,jonswap_H4.000,5,FAIL,0.371116698,0.448475122,3.27318239,0.151816294,0.646663725,3.7954073,0.0976748094,0.000193212341,3.58888578,1.24740982
sgg_0.56,jonswap_H8.500,1,FAIL,0.266826123,0.732565165,2.30406141,0.348033011,1.27706301,4.09450579,0.131076321,0.000250448706,4.22191954,1.58010566
sgg_0.56,jonswap_H8.500,2,FAIL,0.557096481,0.186570302,2.06552482,0.326721847,1.14980781,3.84378648,0.0932700261,0.00021906769,4.22109175,1.57632208
sgg_0.56,jonswap_H8.500,3,FAIL,0.177235022,0.32375443,4.04467058,0.340326667,1.27314413,4.00384283,0.0707445368,0.000379032223,4.22252655,1.57692933
sgg_0.56,jonswap_H8.500,4,PASS,0.68768096,0.17564863,1.01966619,0.341836393,1.2386657,4.02160454,0.114197567,0.000289637799,4.22082567,1.57532203
sgg_0.56,jonswap_H8.500,5,FAIL,0.199205711,0.208725423,5.03777933,0.311338544,1.25576985,3.66280627,0.0399701595,0.000175681635,4.22340918,1.57683241
sgg_0.56,pmstokes_H0.270,1,FAIL,0.229694843,0.528472543,3.11101937,0.0120242722,0.0506571196,4.45343399,0.0922586247,0.000175910915,1.18997025,0.464323074
sgg_0.56,pmstokes_H0.270,2,FAIL,0.352440774,0.128543183,3.84444475,0.0131787993,0.0480706543,4.88103676,0.0607640967,0.000175804409,1.17473733,0.463478357
sgg_0.56,pmstokes_H0.270,3,FAIL,0.178378671,0.102468036,5.09408522,0.0117560523,0.0473056883,4.35409355,0.0277621076,0.000170275816,1.14891922,0.462060064
sgg_0.56,pmstokes_H0.270,4,FAIL,0.336894006,0.146676585,2.11738682,0.0123547502,0.0469211452,4.57583332,0.0591967218,0.000144698817,1.15747702,0.462887049
sgg_0.56,pmstokes_H0.270,5,FAIL,0.295580208,0.252894819,4.84357977,0.0118216863,0.0478753485,4.37840223,0.0655015707,0.000175904701,1.14926147,0.46205315
sgg_0.56,pmstokes_H1.500,1,FAIL,0.261897922,0.274550617,3.83409452,0.0574346222,0.241938472,3.82897472,0.049414482,0.000302676868,2.04407048,0.894539535
sgg_0.56,pmstokes_H1.500,2,FAIL,0.305845708,0.329063833,3.23544121,0.0603151061,0.225418806,4.02100706,0.075992465,0.000287276169,2.04522014,0.893982172
sgg_0.56,pmstokes_H1.500,3,FAIL,0.20178178,0.309105903,2.88140202,0.0556839257,0.218591824,3.71226168,0.0613255911,0.00022020466,2.04274011,0.89324075
sgg_0.56,pmstokes_H1.500,4,FAIL,0.456025839,0.451618612,2.04189491,0.0583862327,0.21812059,3.89241529,0.107544862,0.000181944692,2.04331517,0.894225061
sgg_0.56,pmstokes_H1.500,5,FAIL,0.377878577,0.520091712,6.43461132,0.0543081127,0.232344538,3.62054062,0.113275155,0.000332853786,2.04231548,0.892285645
sgg_0.56,pmstokes_H4.000,1,FAIL,0.26781404,0.62765497,2.01908398,0.162446335,0.63474828,4.06115818,0.108416833,0.000198391106,3.28952026,1.26662004
sgg_0.56,pmstokes_H4.000,2,FAIL,0.343803018,0.147172943,3.22752309,0.16339156,0.582096756,4.0847888,0.0555348955,0.000204788317,3.2910316,1.26662004
sgg_0.56,pmstokes_H4.000,3,FAIL,0.198263183,0.451580703,5.82821894,0.159731686,0.582933009,3.99329209,0.0889568999,0.000244742667,3.29032183,1.26747477
sgg_0.56,pmstokes_H4.000,4,FAIL,0.39156571,0.546694756,2.37064481,0.155029297,0.591342628,3.87573242,0.104205035,0.00028325303,3.29042935,1.26725042
sgg_0.56,pmstokes_H4.000,5,FAIL,0.387137413,0.387896746,3.03326559,0.144868523,0.603935421,3.62171316,0.0922490209,0.000183411408,3.29187512,1.26917553
sgg_0.56,pmstokes_H8.500,1,FAIL,0.253815621,0.964874089,2.04554582,0.385384142,1.25633693,4.53393078,0.172791302,0.000301215012,4.10346127,1.66505456
sgg_0.56,pmstokes_H8.500,2,FAIL,0.545055211,0.352372766,1.81775022,0.331259876,1.09114814,3.89717484,0.109823719,0.000286690163,4.10326815,1.66308022
sgg_0.56,pmstokes_H8.500,3,FAIL,0.1837226,0.604813576,4.45950222,0.376116723,1.19237161,4.42490244,0.120295785,0.000372238341,4.10344315,1.66360283
sgg_0.56,pmstokes_H8.500,4,PASS,0.644332111,0.135119319,1.07582605,0.335731387,1.17259383,3.94978094,0.108849354,0.000357972574,4.10396671,1.66326284
sgg_0.56,pmstokes_H8.500,5,FAIL,0.208587319,0.145723686,4.72093105,0.322203189,1.19836593,3.79062557,0.03810478,0.000266935589,4.10175991,1.66373026
sgg_2,jonswap_H0.270,1,FAIL,0.330472678,0.380248815,3.83049083,0.0120595424,0.0682155713,4.46649694,0.0652421117,0.000536275213,1.29800832,0.41444388
sgg_2,jonswap_H0.270,2,FAIL,0.364097655,0.23850137,4.02201223,0.0139445765,0.0659303144,5.16465807,0.0608141273,0.000401443744,1.28341174,0.41662091
sgg_2,jonswap_H0.270,3,FAIL,0.231301039,0.18305254,5.46889353,0.0122209983,0.0647183806,4.52629566,0.0259468276,0.000212683721,1.25631773,0.417670429
sgg_2,jonswap_H0.270,4,FAIL,0.274284571,0.595290303,3.13153911,0.0126102651,0.0644502342,4.67046833,0.102339827,0.000133059832,1.26536524,0.418171555
sgg_2,jonswap_H0.270,5,FAIL,0.367132515,0.418972194,5.83405018,0.0118761668,0.0661345646,4.39858007,0.0876608044,0.000305521244,1.25794101,0.417452663
sgg_2,jonswap_H1.500,1,FAIL,0.290063262,0.495732516,3.28178239,0.0620565526,0.298257649,4.13710356,0.0843497142,0.000232027887,2.18094516,0.811524987
sgg_2,jonswap_H1.500,2,FAIL,0.411351621,0.27810356,2.85180068,0.0682934001,0.290426046,4.55289316,0.0686128214,0.000250158162,2.18473244,0.810378373
sgg_2,jonswap_H1.500,3,FAIL,0.229029983,0.437452883,3.03117394,0.0610046908,0.290597171,4.06697941,0.0620848462,0.000409593136,2.17844152,0.810786724
sgg_2,jonswap_H1.500,4,FAIL,0.427555174,0.272512794,1.36812425,0.0618441477,0.285596937,4.12294292,0.0711248815,0.000316912745,2.18342996,0.810346067
sgg_2,jonswap_H1.500,5,FAIL,0.283913195,0.457503617,6.27700663,0.0586481653,0.28407675,3.90987754,0.0775909349,0.000229069527,2.17769837,0.810503185
sgg_2,jonswap_H4.000,1,FAIL,0.483282685,0.244560018,3.1689353,0.161824644,0.856704593,4.04561615,0.0680519789,0.000272815261,3.58984709,1.25036561
sgg_2,jonswap_H4.000,2,FAIL,0.260711938,0.562255085,4.08750534,0.180070624,0.861248732,4.50176573,0.0862918571,0.00028961082,3.59044552,1.24946749
sgg_2,jonswap_H4.000,3,FAIL,0.220722541,0.432778567,4.36185312,0.166102618,0.821920753,4.15256548,0.0580675341,0.000308258575,3.58899403,1.24857092
sgg_2,jonswap_H4.000,4,FAIL,0.239492327,0.735146642,2.70489597,0.173155054,0.848952591,4.3288765,0.112395413,0.000346352666,3.58989811,1.2494247
sgg_2,jonswap_H4.000,5,FAIL,0.449442238,0.671287656,3.78774047,0.160710007,0.85576129,4.01775026,0.127210855,0.000318062928,3.58888578,1.24740982
sgg_2,jonswap_H8.500,1,FAIL,0.278129846,0.358681262,3.42876053,0.35184446,1.52222168,4.1393466,0.0614822917,0.000314129051,4.22191954,1.58010566
sgg_2,jonswap_H8.500,2,FAIL,0.508490264,0.358461589,2.76745868,0.376883715,1.45363176,4.43392611,0.0835443959,0.000289285817,4.22109175,1.57632208
sgg_2,jonswap_H8.500,3,FAIL,0.221686691,0.266538918,3.24211574,0.368628353,1.54624844,4.33680391,0.0267156828,0.000537676329,4.22252655,1.57692933
sgg_2,jonswap_H8.500,4,FAIL,0.544333577,0.842614174,2.53708649,0.393968016,1.5111928,4.63491774,0.148298681,0.000447650993,4.22082567,1.57532203
sgg_2,jonswap_H8.500,5,FAIL,0.355368495,0.738442421,6.45394421,0.346849442,1.49790967,4.08058167,0.122258574,0.000287742645,4.22340918,1.57683241
sgg_2,pmstokes_H0.270,1,FAIL,0.297774076,0.518872857,3.20937395,0.0122437337,0.0668347478,4.53471613,0.0871899053,0.000247350894,1.18997025,0.464323074
sgg_2,pmstokes_H0.270,2,FAIL,0.389546216,0.202145323,3.82703257,0.0132222362,0.0641749203,4.89712429,0.0614761151,0.000234657171,1.17473733,0.463478357
sgg_2,pmstokes_H0.270,3,FAIL,0.234640062,0.198056176,5.06390762,0.0120328972,0.0631482527,4.45662832,0.0284687802,0.000280247885,1.14891922,0.462060064
sgg_2,pmstokes_H0.270,4,FAIL,0.367611408,0.221390739,2.13387442,0.0126261478,0.0632117987,4.67635107,0.0592671819,0.000188439677,1.15747702,0.462887049
sgg_2,pmstokes_H0.270,5,FAIL,0.313231647,0.254484385,4.68140602,0.012027612,0.0642806888,4.45467091,0.0575812384,0.000225215903,1.14926147,0.46205315
sgg_2,pmstokes_H1.500,1,FAIL,0.298650295,0.42942059,3.47835636,0.0600122809,0.287928641,4.00081873,0.0646727234,0.000570288743,2.04407048,0.894539535
sgg_2,pmstokes_H1.500,2,FAIL,0.379568845,0.271773785,2.94736385,0.0622025989,0.275033623,4.14683962,0.0657962188,0.000495474786,2.04522014,0.893982172
sgg_2,pmstokes_H1.500,3,FAIL,0.247138351,0.338392466,2.95406389,0.0585975088,0.276079118,3.90650034,0.0605101995,0.000374805386,2.04274011,0.89324075
sgg_2,pmstokes_H1.500,4,FAIL,0.5275231,0.319267839,1.62710154,0.0595774092,0.271663964,3.97182703,0.0940697417,0.000336295809,2.04331517,0.894225061
sgg_2,pmstokes_H1.500,5,FAIL,0.294570714,0.203666896,5.28619814,0.0576231256,0.275927365,3.84154153,0.0522075705,0.000598409388,2.04231548,0.892285645
sgg_2,pmstokes_H4.000,1,FAIL,0.332005709,0.514324129,2.43708539,0.169588342,0.832710862,4.23970842,0.0888740271,0.000276447419,3.28952026,1.26662004
sgg_2,pmstokes_H4.000,2,FAIL,0.364866436,0.288506627,3.51826262,0.179589868,0.814907491,4.48974657,0.0550107993,0.000309815776,3.2910316,1.26662004
sgg_2,pmstokes_H4.000,3,FAIL,0.262587488,0.351906568,5.46240568,0.16926308,0.779761791,4.23157692,0.0699740797,0.000412054214,3.29032183,1.26747477
sgg_2,pmstokes_H4.000,4,FAIL,0.42796573,0.528832078,2.26057434,0.167171299,0.814116657,4.17928267,0.0931348726,0.000534661696,3.29042935,1.26725042
sgg_2,pmstokes_H4.000,5,FAIL,0.438877732,0.50210762,3.23079562,0.155849725,0.815933228,3.8962431,0.0995187387,0.000250855373,3.29187512,1.26917553
sgg_2,pmstokes_H8.500,1,FAIL,0.2861166,0.439364731,3.50996447,0.374717295,1.48265064,4.40843868,0.0798210353,0.000434903253,4.10346127,1.66505456
sgg_2,pmstokes_H8.500,2,FAIL,0.467756003,0.356346101,2.95527506,0.362860888,1.40566039,4.26895142,0.0757842883,0.000455283356,4.10326815,1.66308022
sgg_2,pmstokes_H8.500,3,FAIL,0.226012468,0.2590532,3.01891875,0.363393188,1.49356711,4.27521372,0.029338574,0.000600492524,4.10344315,1.66360283
sgg_2,pmstokes_H8.500,4,FAIL,0.52638942,0.688317299,2.44758534,0.365851134,1.44486237,4.30413103,0.123145096,0.000583302579,4.10396671,1.66326284
sgg_2,pmstokes_H8.500,5,FAIL,0.40874964,0.746049643,6.64529514,0.351262987,1.42512512,4.13250542,0.120595135,0.000505915668,4.10175991,1.66373026
sgm_0.25,jonswap_H0.270,1,FAIL,0.415257305,0.250402123,4.52102327,0.0120395301,0.0928579569,4.45908499,0.0592099056,0.000480617426,1.29800832,0.41444388
sgm_0.25,jonswap_H0.270,2,FAIL,0.418115705,0.245457128,3.85743904,0.0141089093,0.0964781195,5.22552204,0.0601761118,0.000368881592,1.28341174,0.41662091
sgm_0.25,jonswap_H0.270,3,FAIL,0.282820046,0.236029893,5.46937323,0.0123008564,0.0925440863,4.55587244,0.0284491014,0.000183613083,1.25631773,0.417670429
sgm_0.25,jonswap_H0.270,4,FAIL,0.333193302,0.537926018,2.95949364,0.0127589116,0.0890062973,4.72552252,0.0931649208,0.000128443542,1.26536524,0.418171555
sgm_0.25,jonswap_H0.270,5,FAIL,0.39144066,0.424749166,5.78794003,0.0118978145,0.0898639336,4.40659761,0.0832391828,0.000265399576,1.25794101,0.417452663
sgm_0.25,jonswap_H1.500,1,FAIL,0.323073626,0.772337973,2.57679677,0.0646312162,0.332261682,4.30874777,0.130996272,0.00022731346,2.18094516,0.811524987
sgm_0.25,jonswap_H1.500,2,FAIL,0.509051442,0.289467365,2.20183349,0.0705669597,0.352557033,4.70446396,0.0802782476,0.000225007709,2.18473244,0.810378373
sgm_0.25,jonswap_H1.500,3,FAIL,0.282460093,0.406426102,3.1632514,0.060254816,0.327479839,4.0169878,0.0568085872,0.000328274909,2.17844152,0.810786724
sgm_0.25,jonswap_H1.500,4,FAIL,0.539672017,0.324020565,0.562132657,0.0621163473,0.327185035,4.14108944,0.0943060964,0.000283730682,2.18342996,0.810346067
sgm_0.25,jonswap_H1.500,5,FAIL,0.299208015,0.335641742,5.81062937,0.0588990822,0.325458854,3.92660522,0.0503221713,0.000215540713,2.17769837,0.810503185
sgm_0.25,jonswap_H4.000,1,FAIL,0.472466767,0.330744624,2.80663252,0.159936532,0.833632648,3.99841332,0.0766450167,0.00023504658,3.58984709,1.25036561
sgm_0.25,jonswap_H4.000,2,FAIL,0.376374096,0.276523888,3.1828301,0.191343933,0.81755501,4.78359842,0.0467390455,0.000249713426,3.59044552,1.24946749
sgm_0.25,jonswap_H4.000,3,FAIL,0.269898295,0.284413874,4.91022682,0.167075545,0.788205445,4.17688847,0.0306455996,0.000244525931,3.58899403,1.24857092
sgm_0.25,jonswap_H4.000,4,FAIL,0.3040317,0.648963571,2.48190522,0.173849583,0.809915662,4.34623957,0.10167788,0.000307205133,3.58989811,1.2494247
sgm_0.25,jonswap_H4.000,5,FAIL,0.426101685,0.484388411,3.26837516,0.156314433,0.828239441,3.90786076,0.0937836394,0.00022406489,3.58888578,1.24740982
sgm_0.25,jonswap_H8.500,1,FAIL,0.333077908,0.647842348,2.64043212,0.364893317,1.54616511,4.29286242,0.114155896,0.0003534852,4.22191954,1.58010566
sgm_0.25,jonswap_H8.500,2,FAIL,0.647987068,0.456609666,1.66556716,0.381331235,1.39367318,4.48624992,0.115735836,0.000223404539,4.22109175,1.57632208
sgm_0.25,jonswap_H8.500,3,FAIL,0.279865623,0.309853435,3.68370819,0.35789153,1.52812648,4.21048832,0.0510536022,0.00056404731,4.22252655,1.57692933
sgm_0.25,jonswap_H8.500,4,PASS,0.67238158,0.452147573,1.50571454,0.370552719,1.54343212,4.35944366,0.11876417,0.000407082727,4.22082567,1.57532203
sgm_0.25,jonswap_H8.500,5,FAIL,0.342503875,0.510548711,5.79646158,0.320364207,1.52409542,3.76899052,0.0792074353,0.000296873419,4.22340918,1.57683241
sgm_0.25,pmstokes_H0.270,1,FAIL,0.342545241,0.517840564,3.28618717,0.0123575041,0.0916891843,4.57685328,0.0873326436,0.000210423779,1.18997025,0.464323074
sgm_0.25,pmstokes_H0.270,2,FAIL,0.4561584,0.242981359,3.55312347,0.0135366907,0.0946061537,5.01358891,0.0669974014,0.000206279918,1.17473733,0.463478357
sgm_0.25,pmstokes_H0.270,3,FAIL,0.286880225,0.241681769,5.13577223,0.0122112008,0.0907975659,4.52266693,0.0300640762,0.00024349372,1.14891922,0.462060064
sgm_0.25,pmstokes_H0.270,4,FAIL,0.413647234,0.244455189,2.03842735,0.012943876,0.0881079957,4.79402781,0.0611638464,0.000168549683,1.15747702,0.462887049
sgm_0.25,pmstokes_H0.270,5,FAIL,0.348067433,0.295108289,4.6965847,0.0119228084,0.0873979703,4.41585493,0.0562305227,0.000207543635,1.14926147,0.46205315
sgm_0.25,pmstokes_H1.500,1,FAIL,0.34379065,0.445898414,3.4964478,0.0602249242,0.326418757,4.01499462,0.068002969,0.000528126198,2.04407048,0.894539535
sgm_0.25,pmstokes_H1.500,2,FAIL,0.445154518,0.275362909,2.65875483,0.0646787062,0.332869232,4.31191349,0.065435335,0.000469040358,2.04522014,0.893982172
sgm_0.25,pmstokes_H1.500,3,FAIL,0.302676827,0.417126536,2.79117942,0.058234036,0.309360772,3.88226891,0.0729627237,0.000396787713,2.04274011,0.89324075
sgm_0.25,pmstokes_H1.500,4,FAIL,0.517432988,0.46876958,1.95518887,0.059321586,0.30206731,3.95477223,0.107741028,0.000277740444,2.04331517,0.894225061
sgm_0.25,pmstokes_H1.500,5,FAIL,0.35589841,0.307067692,5.60625601,0.0590108335,0.31500122,3.93405533,0.065415673,0.000598311366,2.04231548,0.892285645
sgm_0.25,pmstokes_H4.000,1,FAIL,0.337084085,0.76349479,1.79121912,0.17479831,0.812824667,4.36995792,0.130630478,0.000275729311,3.28952026,1.26662004
sgm_0.25,pmstokes_H4.000,2,FAIL,0.469107985,0.356489509,2.91996574,0.193548068,0.765671968,4.83870173,0.0758805722,0.00027298287,3.2910316,1.26662004
sgm_0.25,pmstokes_H4.000,3,FAIL,0.291260779,0.655628026,6.23299217,0.175577804,0.745177984,4.3894453,0.120027579,0.000408254564,3.29032183,1.26747477
sgm_0.25,pmstokes_H4.000,4,FAIL,0.424847335,0.716067791,2.67697859,0.165470615,0.770241261,4.13676548,0.119575292,0.000492681051,3.29042935,1.26725042
sgm_0.25,pmstokes_H4.000,5,FAIL,0.441007763,0.410067081,2.92276335,0.156096444,0.775892973,3.90241098,0.0827942565,0.000217203255,3.29187512,1.26917553
sgm_0.25,pmstokes_H8.500,1,FAIL,0.340759873,0.826005638,2.47740579,0.391109496,1.50089371,4.60128832,0.14800702,0.000409032393,4.10346127,1.66505456
sgm_0.25,pmstokes_H8.500,2,FAIL,0.646380365,0.625940144,1.64486992,0.379908681,1.35953999,4.46951389,0.138995588,0.000417331379,4.10326815,1.66308022
sgm_0.25,pmstokes_H8.500,3,FAIL,0.284594238,0.676439881,4.53550291,0.390763879,1.43237543,4.59722185,0.12923263,0.000510858663,4.10344315,1.66360283
sgm_0.25,pmstokes_H8.500,4,FAIL,0.605712891,0.511267066,1.93260646,0.358555466,1.40700924,4.21829939,0.113063022,0.000482037256,4.10396671,1.66326284
sgm_0.25,pmstokes_H8.500,5,FAIL,0.384720325,0.528103173,6.01703119,0.345854908,1.43390739,4.06888103,0.0807158351,0.000499849208,4.10175991,1.66373026
sgm_0.5,jonswap_H0.270,1,FAIL,0.348844171,0.285164237,4.12605238,0.011928835,0.0761095062,4.41808701,0.0595411696,0.00042538796,1.29800832,0.41444388
sgm_0.5,jonswap_H0.270,2,FAIL,0.363159478,0.231740534,4.03612137,0.0137671158,0.0746125057,5.09893179,0.0614774078,0.000338643178,1.28341174,0.41662091
sgm_0.5,jonswap_H0.270,3,FAIL,0.2299252,0.181332126,5.37342548,0.0121037411,0.0727916285,4.48286676,0.028567344,0.000181403651,1.25631773,0.417670429
sgm_0.5,jonswap_H0.270,4,FAIL,0.290001482,0.51363492,2.95910883,0.0125110755,0.0710431188,4.63373137,0.0920596793,0.000127559673,1.26536524,0.418171555
sgm_0.5,jonswap_H0.270,5,FAIL,0.366292983,0.433768541,5.89777708,0.0118033122,0.0722682923,4.37159681,0.0900920704,0.000244192226,1.25794101,0.417452663
sgm_0.5,jonswap_H1.500,1,FAIL,0.278455734,0.658486128,2.83310032,0.0618234724,0.297170103,4.12156487,0.113038078,0.000211715451,2.18094516,0.811524987
sgm_0.5,jonswap_H1.500,2,FAIL,0.440778494,0.198781222,2.56082416,0.0673565343,0.296182275,4.4904356,0.0691143647,0.000217174398,2.18473244,0.810378373
sgm_0.5,jonswap_H1.500,3,FAIL,0.235559076,0.324075252,3.29314446,0.0587809905,0.285727739,3.91873264,0.0484129265,0.000310303876,2.17844152,0.810786724
sgm_0.5,jonswap_H1.500,4,FAIL,0.474575788,0.182320669,0.895701468,0.0609118827,0.284069717,4.06079197,0.0773278624,0.000267094554,2.18342996,0.810346067
sgm_0.5,jonswap_H1.500,5,FAIL,0.255176783,0.312449813,5.86528826,0.0573473461,0.282898396,3.82315636,0.0536171272,0.000184831471,2.17769837,0.810503185
sgm_0.5,jonswap_H4.000,1,FAIL,0.441805005,0.298518986,2.78717279,0.157317862,0.771239638,3.93294644,0.0749456361,0.000226914388,3.58984709,1.25036561
sgm_0.5,jonswap_H4.000,2,FAIL,0.288068384,0.351390034,3.61683559,0.177893609,0.749902427,4.44734001,0.0593089648,0.000245716568,3.59044552,1.24946749
sgm_0.5,jonswap_H4.000,3,FAIL,0.213389724,0.272649884,4.74724531,0.160463139,0.725619316,4.01157856,0.0360056795,0.000247762451,3.58899403,1.24857092
sgm_0.5,jonswap_H4.000,4,FAIL,0.248305261,0.656627655,2.54824877,0.168779507,0.745648623,4.21948767,0.105321005,0.000294846366,3.58989811,1.2494247
sgm_0.5,jonswap_H4.000,5,FAIL,0.410967678,0.535499215,3.46844339,0.154702574,0.755912542,3.86756444,0.107359119,0.000232577353,3.58888578,1.24740982
sgm_0.5,jonswap_H8.500,1,FAIL,0.283262104,0.541400373,2.85857344,0.34976691,1.42776859,4.11490488,0.0980171189,0.000319883897,4.22191954,1.58010566
sgm_0.5,jonswap_H8.500,2,FAIL,0.559961736,0.266581804,2.24477887,0.35621652,1.28256297,4.19078255,0.0901209414,0.000252159807,4.22109175,1.57632208
sgm_0.5,jonswap_H8.500,3,FAIL,0.223908648,0.25031352,3.66142774,0.349880546,1.41070712,4.11624146,0.0483758226,0.000511834049,4.22252655,1.57692933
sgm_0.5,jonswap_H8.500,4,FAIL,0.620832562,0.509212732,1.76895428,0.370053113,1.40680563,4.35356617,0.121675029,0.000395431736,4.22082567,1.57532203
sgm_0.5,jonswap_H8.500,5,FAIL,0.296061516,0.475961566,5.76827669,0.322273672,1.3968749,3.79145479,0.0787185207,0.000256544678,4.22340918,1.57683241
sgm_0.5,pmstokes_H0.270,1,FAIL,0.298925161,0.501412928,3.25989008,0.0120802736,0.0746276602,4.47417545,0.0868963897,0.000209755628,1.18997025,0.464323074
sgm_0.5,pmstokes_H0.270,2,FAIL,0.40178296,0.17896983,3.73857307,0.0131995929,0.0729128346,4.88873816,0.06243065,0.000207651858,1.17473733,0.463478357
sgm_0.5,pmstokes_H0.270,3,FAIL,0.236661151,0.177840829,5.13356447,0.0118862418,0.0711309612,4.4023118,0.0287467279,0.000232973354,1.14891922,0.462060064
sgm_0.5,pmstokes_H0.270,4,FAIL,0.372601271,0.20449762,2.10918045,0.0125275096,0.0699748099,4.63981819,0.06027551,0.000167043108,1.15747702,0.462887049
sgm_0.5,pmstokes_H0.270,5,FAIL,0.314418733,0.270958811,4.76981497,0.011803329,0.0702077374,4.37160301,0.0604494214,0.000199699309,1.14926147,0.46205315
sgm_0.5,pmstokes_H1.500,1,FAIL,0.306537658,0.352122009,3.69247723,0.0586508811,0.289494574,3.9100585,0.0576396286,0.00046791372,2.04407048,0.894539535
sgm_0.5,pmstokes_H1.500,2,FAIL,0.36456129,0.304931343,3.08338976,0.0613924563,0.278394192,4.09283018,0.0713406056,0.000417430536,2.04522014,0.893982172
sgm_0.5,pmstokes_H1.500,3,FAIL,0.252818704,0.372451067,2.81548095,0.056530308,0.268531173,3.76868701,0.0690645054,0.000331536983,2.04274011,0.89324075
sgm_0.5,pmstokes_H1.500,4,FAIL,0.487196147,0.450903535,1.98347819,0.0583494268,0.263723344,3.88996172,0.107023939,0.000256372005,2.04331517,0.894225061
sgm_0.5,pmstokes_H1.500,5,FAIL,0.335267395,0.325352579,5.80792713,0.0560851507,0.274210066,3.73900986,0.0762360096,0.00051455677,2.04231548,0.892285645
sgm_0.5,pmstokes_H4.000,1,FAIL,0.310861319,0.616597354,2.11333466,0.165884793,0.749987423,4.14712,0.107827812,0.000250264246,3.28952026,1.26662004
sgm_0.5,pmstokes_H4.000,2,FAIL,0.394313008,0.240771115,3.20896077,0.177363306,0.698872328,4.43408251,0.0606664829,0.000267511175,3.2910316,1.26662004
sgm_0.5,pmstokes_H4.000,3,FAIL,0.242047906,0.55918175,6.04215384,0.167886913,0.684103787,4.19717264,0.105784155,0.000351955823,3.29032183,1.26747477
sgm_0.5,pmstokes_H4.000,4,FAIL,0.39344433,0.673483729,2.62534165,0.160056531,0.709478676,4.00141335,0.115780786,0.000447988801,3.29042935,1.26725042
sgm_0.5,pmstokes_H4.000,5,FAIL,0.424460024,0.444745123,3.12188029,0.150687844,0.710308492,3.76719618,0.0947599038,0.000199597809,3.29187512,1.26917553
sgm_0.5,pmstokes_H8.500,1,FAIL,0.286602378,0.70980978,2.7339015,0.379224062,1.38885438,4.46145964,0.129507691,0.000388716173,4.10346127,1.66505456
sgm_0.5,pmstokes_H8.500,2,FAIL,0.544833362,0.33822903,2.19871712,0.35033828,1.23347962,4.12162685,0.0972633585,0.000397722644,4.10326815,1.66308022
sgm_0.5,pmstokes_H8.500,3,FAIL,0.224753216,0.480749995,4.10094404,0.370835721,1.33422446,4.36277294,0.0978967249,0.000501518487,4.10344315,1.66360283
sgm_0.5,pmstokes_H8.500,4,FAIL,0.567965448,0.49720639,2.006598,0.349867791,1.30342114,4.11609173,0.112152748,0.000477625435,4.10396671,1.66326284
sgm_0.5,pmstokes_H8.500,5,FAIL,0.339149117,0.472897857,5.92804432,0.3336052,1.3130753,3.92476702,0.0768031776,0.000435021822,4.10175991,1.66373026
sgm_2,jonswap_H0.270,1,FAIL,0.222749755,0.434664279,3.56230974,0.012013671,0.0503466167,4.44950771,0.0729409978,0.000357579818,1.29800832,0.41444388
sgm_2,jonswap_H0.270,2,FAIL,0.324578017,0.18509306,4.02037525,0.0136849256,0.0482479036,5.06849098,0.0609660149,0.000305165624,1.28341174,0.41662091
sgm_2,jonswap_H0.270,3,FAIL,0.158626527,0.0952513665,5.39946413,0.0120463474,0.0480830111,4.46160984,0.024210671,0.000181305862,1.25631773,0.417670429
sgm_2,jonswap_H0.270,4,FAIL,0.243395045,0.437516809,2.84689713,0.0124947745,0.0474916175,4.62769413,0.0824893489,0.00013593334,1.26536524,0.418171555
sgm_2,jonswap_H0.270,5,FAIL,0.375582367,0.417850971,5.9456315,0.0118487813,0.0489768647,4.38843727,0.0956811756,0.000216810207,1.25794101,0.417452663
sgm_2,jonswap_H1.500,1,FAIL,0.22103408,0.503205419,3.17812562,0.0598646328,0.2618981,3.99097538,0.085012272,0.000196832276,2.18094516,0.811524987
sgm_2,jonswap_H1.500,2,FAIL,0.386298001,0.197068185,2.77180672,0.0655837059,0.25045836,4.37224674,0.0683194026,0.000206854776,2.18473244,0.810378373
sgm_2,jonswap_H1.500,3,FAIL,0.179189682,0.353816539,3.13887048,0.0582270101,0.251175791,3.88180041,0.0541827157,0.000290123309,2.17844152,0.810786724
sgm_2,jonswap_H1.500,4,PASS,0.405129254,0.181477994,1.26367593,0.0606723055,0.247929975,4.04482031,0.0689049587,0.00023042594,2.18342996,0.810346067
sgm_2,jonswap_H1.500,5,FAIL,0.236295879,0.350543708,6.06534433,0.056953717,0.256344229,3.79691434,0.0662730783,0.000170452346,2.17769837,0.810503185
sgm_2,jonswap_H4.000,1,FAIL,0.415566564,0.244964376,2.83460593,0.157482922,0.725804567,3.93707299,0.0620028675,0.000223321898,3.58984709,1.25036561
sgm_2,jonswap_H4.000,2,FAIL,0.191682726,0.420958251,3.81285596,0.165737435,0.716628194,4.14343596,0.0716508105,0.00024091902,3.59044552,1.24946749
sgm_2,jonswap_H4.000,3,FAIL,0.168782696,0.333100408,4.4970541,0.154856667,0.697539687,3.87141657,0.0494847782,0.00025189502,3.58899403,1.24857092
sgm_2,jonswap_H4.000,4,FAIL,0.185042605,0.673757374,2.60868835,0.162590921,0.708651841,4.06477308,0.108524218,0.000250947254,3.58989811,1.2494247
sgm_2,jonswap_H4.000,5,FAIL,0.432977289,0.619136751,3.68742609,0.156015977,0.727335095,3.90039945,0.125954047,0.000266664603,3.58888578,1.24740982
sgm_2,jonswap_H8.500,1,FAIL,0.234476477,0.418032169,3.11202931,0.336872011,1.37655735,3.96320009,0.0742770135,0.000267633324,4.22191954,1.58010566
sgm_2,jonswap_H8.500,2,FAIL,0.511055827,0.203910545,2.54155874,0.339356422,1.29380298,3.99242854,0.0831628889,0.000256333908,4.22109175,1.57632208
sgm_2,jonswap_H8.500,3,FAIL,0.163327649,0.136906624,3.40590501,0.342314512,1.37260067,4.02722931,0.0316113085,0.000417883828,4.22252655,1.57692933
sgm_2,jonswap_H8.500,4,FAIL,0.568491578,0.663968742,2.15746737,0.371937335,1.34756505,4.37573338,0.132706687,0.000352458388,4.22082567,1.57532203
sgm_2,jonswap_H8.500,5,FAIL,0.265053958,0.541648507,5.95227098,0.327979654,1.36476886,3.85858417,0.0931771621,0.000225022872,4.22340918,1.57683241
sgm_2,pmstokes_H0.270,1,FAIL,0.200886697,0.529812694,3.07954288,0.0120677678,0.0491816625,4.46954346,0.0896343142,0.000211568564,1.18997025,0.464323074
sgm_2,pmstokes_H0.270,2,FAIL,0.345565856,0.139511421,3.85076404,0.0131564513,0.0467526615,4.87275982,0.0611409619,0.000208524638,1.17473733,0.463478357
sgm_2,pmstokes_H0.270,3,FAIL,0.164060652,0.132090926,5.00647163,0.0117718587,0.0470581912,4.35994768,0.0275360812,0.000217204433,1.14891922,0.462060064
sgm_2,pmstokes_H0.270,4,FAIL,0.329102784,0.131395593,2.07604194,0.012381156,0.0464907251,4.58561325,0.0569483861,0.000165958991,1.15747702,0.462887049
sgm_2,pmstokes_H0.270,5,FAIL,0.309045941,0.224558696,4.76834917,0.0118806055,0.0477487631,4.40022421,0.0646258965,0.000199902468,1.14926147,0.46205315
sgm_2,pmstokes_H1.500,1,FAIL,0.226551473,0.413137794,3.43632579,0.0583626404,0.254228771,3.89084244,0.0616266355,0.000398988079,2.04407048,0.894539535
sgm_2,pmstokes_H1.500,2,FAIL,0.338961571,0.198869452,2.89290476,0.0605649538,0.239537954,4.03766346,0.0643115416,0.000366838009,2.04522014,0.893982172
sgm_2,pmstokes_H1.500,3,FAIL,0.186704457,0.229577988,3.0899148,0.0566196851,0.238394365,3.77464557,0.0490007885,0.000276514213,2.04274011,0.89324075
sgm_2,pmstokes_H1.500,4,PASS,0.509689271,0.217799112,1.49137616,0.0589028746,0.236535385,3.92685819,0.0887548476,0.000231584607,2.04331517,0.894225061
sgm_2,pmstokes_H1.500,5,FAIL,0.318534881,0.297771186,5.80976963,0.055092182,0.248170316,3.67281199,0.0797572434,0.000412232301,2.04231548,0.892285645
sgm_2,pmstokes_H4.000,1,FAIL,0.274368495,0.517875671,2.29830813,0.163164675,0.702679217,4.07911682,0.0877209678,0.000231809769,3.28952026,1.26662004
sgm_2,pmstokes_H4.000,2,FAIL,0.321761817,0.184223145,3.41400623,0.163806915,0.67478925,4.09517288,0.0532410517,0.00025095194,3.2910316,1.26662004
sgm_2,pmstokes_H4.000,3,FAIL,0.202825487,0.342845917,5.5668354,0.160455227,0.666520596,4.01138067,0.074625425,0.000299003441,3.29032183,1.26747477
sgm_2,pmstokes_H4.000,4,FAIL,0.358372211,0.679240704,2.65187788,0.158600196,0.676677287,3.96500492,0.115182795,0.000374599651,3.29042935,1.26725042
sgm_2,pmstokes_H4.000,5,FAIL,0.41811198,0.496377736,3.26678681,0.148864448,0.690293193,3.72161126,0.108099289,0.000234076855,3.29187512,1.26917553
sgm_2,pmstokes_H8.500,1,FAIL,0.217606157,0.538010955,3.13733506,0.359518826,1.35095489,4.22963333,0.0967310891,0.000333178788,4.10346127,1.66505456
sgm_2,pmstokes_H8.500,2,FAIL,0.451219887,0.172445759,2.62551141,0.329450816,1.24865627,3.87589192,0.0759523213,0.000331155839,4.10326815,1.66308022
sgm_2,pmstokes_H8.500,3,FAIL,0.174688756,0.202078789,3.4570601,0.351408511,1.32192445,4.13421774,0.0524355993,0.000437204348,4.10344315,1.66360283
sgm_2,pmstokes_H8.500,4,FAIL,0.521069705,0.553790092,2.18091869,0.343289793,1.29722643,4.03870344,0.114340849,0.00044509038,4.10396671,1.66326284
sgm_2,pmstokes_H8.500,5,FAIL,0.317217976,0.470215827,5.93430614,0.326437086,1.31451273,3.84043622,0.0804005489,0.000334235898,4.10175991,1.66373026
sgm_4,jonswap_H0.270,1,FAIL,0.148645088,0.468437612,3.38787484,0.0120577393,0.0479377881,4.46582937,0.0759664401,0.000345174194,1.29800832,0.41444388
sgm_4,jonswap_H0.270,2,FAIL,0.33284077,0.175819814,3.95778894,0.013692731,0.04679114,5.07138157,0.0619479008,0.000299521489,1.28341174,0.41662091
sgm_4,jonswap_H0.270,3,FAIL,0.13126497,0.0816239044,5.41905642,0.0120444829,0.0473783538,4.46091938,0.0204856377,0.000181948155,1.25631773,0.417670429
sgm_4,jonswap_H0.270,4,FAIL,0.223756239,0.432954431,2.865762,0.0124970172,0.0462499224,4.62852478,0.0813660994,0.000139935335,1.26536524,0.418171555
sgm_4,jonswap_H0.270,5,FAIL,0.426786453,0.407237619,5.95530605,0.0118556982,0.0470643155,4.39099932,0.0998234004,0.00021690772,1.25794101,0.417452663
sgm_4,jonswap_H1.500,1,FAIL,0.167552128,0.433848649,3.30755687,0.0595345274,0.272236139,3.96896839,0.0719895959,0.000196326524,2.18094516,0.811524987
sgm_4,jonswap_H1.500,2,FAIL,0.380314618,0.238319412,2.82971549,0.065579623,0.264008075,4.37197447,0.0714266375,0.00020576136,2.18473244,0.810378373
sgm_4,jonswap_H1.500,3,FAIL,0.150729135,0.413592547,2.954597,0.0583190508,0.267138571,3.88793659,0.0618524067,0.000285212329,2.17844152,0.810786724
sgm_4,jonswap_H1.500,4,PASS,0.379085273,0.230770215,1.40113258,0.0607087426,0.262387782,4.04724932,0.0694555789,0.00022164105,2.18342996,0.810346067
sgm_4,jonswap_H1.500,5,FAIL,0.271869004,0.364189416,6.13339329,0.0571904182,0.26894331,3.81269431,0.0720161796,0.000173369641,2.17769837,0.810503185
sgm_4,jonswap_H4.000,1,FAIL,0.373999089,0.22229445,2.87352037,0.157922685,0.773233414,3.94806719,0.0518776067,0.000227210578,3.58984709,1.25036561
sgm_4,jonswap_H4.000,2,FAIL,0.15719904,0.461915702,3.85767889,0.165601745,0.762389004,4.14004374,0.0762633458,0.000242495604,3.59044552,1.24946749
sgm_4,jonswap_H4.000,3,FAIL,0.182322815,0.402783066,4.30272579,0.154290229,0.757728517,3.8572557,0.0596054196,0.000260373869,3.58899403,1.24857092
sgm_4,jonswap_H4.000,4,FAIL,0.149680659,0.693656504,2.66087961,0.162164241,0.757047534,4.05410624,0.110620841,0.000237126224,3.58989811,1.2494247
sgm_4,jonswap_H4.000,5,FAIL,0.497202426,0.652529597,3.74714732,0.157150477,0.765105307,3.92876196,0.134652629,0.000287462608,3.58888578,1.24740982
sgm_4,jonswap_H8.500,1,FAIL,0.225050524,0.365129501,3.21867561,0.336880654,1.51317585,3.96330166,0.0634021387,0.000260447559,4.22191954,1.58010566
sgm_4,jonswap_H8.500,2,FAIL,0.517658591,0.230251938,2.57718182,0.342512339,1.44755745,4.02955675,0.0831735656,0.000254547893,4.22109175,1.57632208
sgm_4,jonswap_H8.500,3,FAIL,0.149272725,0.146285802,3.26656842,0.346364141,1.53912652,4.07487202,0.0307339467,0.000393099908,4.22252655,1.57692933
sgm_4,jonswap_H8.500,4,FAIL,0.550594687,0.765699506,2.36989379,0.379668951,1.4878068,4.4666934,0.143990889,0.000329276139,4.22082567,1.57532203
sgm_4,jonswap_H8.500,5,FAIL,0.270681769,0.605329812,6.07782602,0.334116876,1.49722171,3.93078661,0.102943406,0.000229743309,4.22340918,1.57683241
sgm_4,pmstokes_H0.270,1,FAIL,0.135342911,0.531221271,3.00036144,0.0120937871,0.0467874259,4.47918034,0.0888065025,0.000213590494,1.18997025,0.464323074
sgm_4,pmstokes_H0.270,2,FAIL,0.343646258,0.150249571,3.85168481,0.0131625822,0.0453797057,4.87503052,0.0625844672,0.000209233738,1.17473733,0.463478357
sgm_4,pmstokes_H0.270,3,FAIL,0.134591788,0.148735732,4.91549635,0.0117579764,0.046428673,4.35480595,0.0269773901,0.00021358722,1.14891922,0.462060064
sgm_4,pmstokes_H0.270,4,FAIL,0.311046958,0.120187312,2.08253717,0.0123715857,0.0454794466,4.58206844,0.0548633225,0.000166174606,1.15747702,0.462887049
sgm_4,pmstokes_H0.270,5,FAIL,0.353745788,0.207525223,4.74280262,0.0118916361,0.0460311174,4.40430975,0.068637155,0.000205917793,1.14926147,0.46205315
sgm_4,pmstokes_H1.500,1,FAIL,0.162900135,0.467929095,3.21333694,0.0585068613,0.265404969,3.90045738,0.0679222643,0.000389134686,2.04407048,0.894539535
sgm_4,pmstokes_H1.500,2,FAIL,0.346374571,0.163671404,2.71508098,0.0607524514,0.256281555,4.05016327,0.0624389499,0.000359780213,2.04522014,0.893982172
sgm_4,pmstokes_H1.500,3,FAIL,0.173789963,0.182626456,3.21143174,0.0569921918,0.257639915,3.79947925,0.0417624488,0.000272976904,2.04274011,0.89324075
sgm_4,pmstokes_H1.500,4,PASS,0.493238181,0.170813844,1.37065244,0.0590442531,0.253921866,3.93628335,0.0834754035,0.000235104104,2.04331517,0.894225061
sgm_4,pmstokes_H1.500,5,FAIL,0.347693026,0.258399576,5.67989111,0.0553320199,0.261826038,3.68880129,0.0788270459,0.000398950739,2.04231548,0.892285645
sgm_4,pmstokes_H4.000,1,FAIL,0.226033509,0.490767777,2.30919147,0.163931325,0.746058762,4.09828329,0.0802499503,0.00023671746,3.28952026,1.26662004
sgm_4,pmstokes_H4.000,2,FAIL,0.31814307,0.210423604,3.43620658,0.163694963,0.728029788,4.09237385,0.0543167517,0.000246986368,3.2910316,1.26662004
sgm_4,pmstokes_H4.000,3,FAIL,0.196787834,0.292184949,5.41623163,0.15994978,0.734097481,3.99874449,0.0674957111,0.000286689989,3.29032183,1.26747477
sgm_4,pmstokes_H4.000,4,FAIL,0.337220699,0.705483437,2.71924591,0.159100875,0.72943604,3.9775219,0.116394505,0.000348335481,3.29042935,1.26725042
sgm_4,pmstokes_H4.000,5,FAIL,0.44912836,0.527254045,3.29349113,0.15037407,0.73430866,3.75935173,0.114195488,0.000258772547,3.29187512,1.26917553
sgm_4,pmstokes_H8.500,1,FAIL,0.179709285,0.441786975,3.38916087,0.35359475,1.49971306,4.15993834,0.0772810578,0.000312399061,4.10346127,1.66505456
sgm_4,pmstokes_H8.500,2,FAIL,0.418539643,0.222543031,2.78066039,0.331430286,1.42146659,3.8991797,0.0731057823,0.000312720338,4.10326815,1.66308022
sgm_4,pmstokes_H8.500,3,FAIL,0.189742044,0.155125171,3.18380141,0.350543857,1.49267352,4.12404537,0.042416282,0.000415655057,4.10344315,1.66360283
sgm_4,pmstokes_H8.500,4,FAIL,0.478954256,0.666449666,2.44029403,0.346017957,1.46981525,4.07079935,0.124555409,0.000431980967,4.10396671,1.66326284
sgm_4,pmstokes_H8.500,5,FAIL,0.362238199,0.555378199,6.14821577,0.328308523,1.47023654,3.86245322,0.0939162523,0.000312560995,4.10175991,1.66373026
sgm_8,jonswap_H0.270,1,FAIL,0.105942562,0.489570498,3.20817828,0.0120937014,0.0483732745,4.47914839,0.0787907541,0.000337586447,1.29800832,0.41444388
sgm_8,jonswap_H0.270,2,FAIL,0.350155115,0.169411168,3.87787843,0.0137007423,0.0476822257,5.07434893,0.0637153834,0.000297651801,1.28341174,0.41662091
sgm_8,jonswap_H0.270,3,FAIL,0.113985784,0.0784642473,5.39700079,0.0120409029,0.0482463278,4.45959377,0.0180976018,0.00018525924,1.25631773,0.417670429
sgm_8,jonswap_H0.270,4,FAIL,0.23288551,0.439768761,2.91868186,0.0124980174,0.0471397787,4.62889528,0.0835767388,0.000139718177,1.26536524,0.418171555
sgm_8,jonswap_H0.270,5,FAIL,0.473665893,0.397248298,5.92218733,0.0118558332,0.0476913899,4.39104939,0.103523448,0.000223538751,1.25794101,0.417452663
sgm_8,jonswap_H1.500,1,FAIL,0.138363883,0.373597533,3.38306189,0.0592712648,0.285876065,3.95141745,0.0619020648,0.000199026967,2.18094516,0.811524987
sgm_8,jonswap_H1.500,2,FAIL,0.398281813,0.281477213,2.86292481,0.0655983984,0.282095701,4.37322617,0.0764695182,0.000206870449,2.18473244,0.810378373
sgm_8,jonswap_H1.500,3,FAIL,0.135097355,0.459679514,2.74409628,0.0583644919,0.284070164,3.89096594,0.0688956752,0.00027645941,2.17844152,0.810786724
sgm_8,jonswap_H1.500,4,FAIL,0.395364285,0.272949398,1.53696942,0.0606775843,0.28057456,4.04517221,0.0760940835,0.000215817403,2.18342996,0.810346067
sgm_8,jonswap_H1.500,5,FAIL,0.324899256,0.37890321,6.18001842,0.0572993979,0.28488186,3.81995964,0.0774873495,0.000179190043,2.17769837,0.810503185
sgm_8,jonswap_H4.000,1,FAIL,0.311781079,0.212058485,2.86701059,0.157977253,0.831337988,3.94943142,0.042738311,0.000235663247,3.58984709,1.25036561
sgm_8,jonswap_H4.000,2,FAIL,0.147141203,0.501703501,3.87074399,0.165849,0.826845586,4.14622498,0.079431124,0.000245677424,3.59044552,1.24946749
sgm_8,jonswap_H4.000,3,FAIL,0.248904452,0.471000582,4.02253723,0.153568909,0.829011023,3.83922267,0.0727325603,0.000282680034,3.58899403,1.24857092
sgm_8,jonswap_H4.000,4,FAIL,0.136191845,0.728946984,2.75007987,0.162119791,0.821604311,4.05299473,0.117026336,0.000220970454,3.58989811,1.2494247
sgm_8,jonswap_H4.000,5,FAIL,0.58997488,0.669226289,3.70165157,0.157650277,0.817964971,3.941257,0.141312361,0.000317520637,3.58888578,1.24740982
sgm_8,jonswap_H8.500,1,FAIL,0.2475584,0.336370885,3.24974656,0.33659476,1.70010042,3.95993829,0.0572302081,0.000261403678,4.22191954,1.58010566
sgm_8,jonswap_H8.500,2,FAIL,0.534880459,0.283087015,2.571908,0.344309121,1.6703316,4.05069542,0.0816808119,0.000256165047,4.22109175,1.57632208
sgm_8,jonswap_H8.500,3,FAIL,0.178319559,0.193669364,3.08499503,0.350913703,1.74995244,4.12839651,0.0407403409,0.000368890527,4.22252655,1.57692933
sgm_8,jonswap_H8.500,4,FAIL,0.620432973,0.856236994,2.53836441,0.391925156,1.67922843,4.61088419,0.164149433,0.00030967014,4.22082567,1.57532203
sgm_8,jonswap_H8.500,5,FAIL,0.294148535,0.659848869,6.11037731,0.33917588,1.68550229,3.99030447,0.108248428,0.000243297312,4.22340918,1.57683241
sgm_8,pmstokes_H0.270,1,FAIL,0.0967054069,0.52370286,2.9130404,0.0121083967,0.0471531376,4.48459148,0.0873099491,0.000218942296,1.18997025,0.464323074
sgm_8,pmstokes_H0.270,2,FAIL,0.352782249,0.157863289,3.82379198,0.0131660746,0.0462792218,4.8763237,0.0642776191,0.000211396255,1.17473733,0.463478357
sgm_8,pmstokes_H0.270,3,FAIL,0.114244543,0.162505999,4.80884838,0.0117462398,0.0472492576,4.3504591,0.0268192384,0.000210773564,1.14891922,0.462060064
sgm_8,pmstokes_H0.270,4,FAIL,0.308052689,0.120045669,2.13738179,0.0123680048,0.0464139469,4.58074236,0.0548277199,0.0001650536,1.15747702,0.462887049
sgm_8,pmstokes_H0.270,5,FAIL,0.404595822,0.198989525,4.68989277,0.0118912458,0.0466957204,4.40416479,0.0741419196,0.000216661065,1.14926147,0.46205315
sgm_8,pmstokes_H1.500,1,FAIL,0.134585857,0.515439093,2.92768383,0.0586318076,0.27955392,3.90878701,0.0762477964,0.000383184029,2.04407048,0.894539535
sgm_8,pmstokes_H1.500,2,FAIL,0.358832687,0.155750558,2.5102551,0.0608678311,0.274912477,4.05785513,0.0617822595,0.000356624776,2.04522014,0.893982172
sgm_8,pmstokes_H1.500,3,FAIL,0.171477437,0.159318358,3.26637578,0.0572537072,0.276166528,3.8169136,0.0356101319,0.000270492426,2.04274011,0.89324075
sgm_8,pmstokes_H1.500,4,PASS,0.468742579,0.155180529,1.28829229,0.0590636879,0.272472322,3.93757915,0.0790463313,0.000259989349,2.04331517,0.894225061
sgm_8,pmstokes_H1.500,5,FAIL,0.395525247,0.212646812,5.4174509,0.055575978,0.277356297,3.70506501,0.0773221329,0.000403243408,2.04231548,0.892285645
sgm_8,pmstokes_H4.000,1,FAIL,0.175102398,0.459736913,2.26497269,0.164482385,0.80300808,4.11205959,0.0738118961,0.000247691409,3.28952026,1.26662004
sgm_8,pmstokes_H4.000,2,FAIL,0.340815425,0.250855088,3.42451787,0.163904518,0.796967983,4.09761286,0.0572454408,0.000247285556,3.2910316,1.26662004
sgm_8,pmstokes_H4.000,3,FAIL,0.193208307,0.2694619,5.25142813,0.15967162,0.807266772,3.99179053,0.059603706,0.000278877851,3.29032183,1.26747477
sgm_8,pmstokes_H4.000,4,FAIL,0.33083427,0.755575538,2.87493753,0.159190863,0.794795156,3.97977161,0.123430096,0.000315255515,3.29042935,1.26725042
sgm_8,pmstokes_H4.000,5,FAIL,0.500225961,0.563967884,3.25940824,0.151421875,0.789492607,3.78554678,0.119095929,0.000290182041,3.29187512,1.26917553
sgm_8,pmstokes_H8.500,1,FAIL,0.152321801,0.378536671,3.60176826,0.349837005,1.68721199,4.11572933,0.0619393773,0.000297804334,4.10346127,1.66505456
sgm_8,pmstokes_H8.500,2,FAIL,0.384644568,0.30214715,2.91136217,0.332801342,1.64874017,3.91530991,0.0679018646,0.000301281689,4.10326815,1.66308022
sgm_8,pmstokes_H8.500,3,FAIL,0.317298084,0.203080788,2.89779758,0.353349268,1.70469809,4.15705013,0.0565554686,0.000385262945,4.10344315,1.66360283
sgm_8,pmstokes_H8.500,4,FAIL,0.496390432,0.765873671,2.71923161,0.351285666,1.68534446,4.13277245,0.142782032,0.000427959196,4.10396671,1.66326284
sgm_8,pmstokes_H8.500,5,FAIL,0.425207287,0.63949579,6.36487341,0.330029696,1.67810893,3.88270235,0.105461322,0.000303586625,4.10175991,1.66373026
pq0_1e-06,jonswap_H0.270,1,FAIL,0.286960483,0.39566943,3.73046803,0.0119755948,0.0606453642,4.43540525,0.0703047588,0.000354583346,1.29800832,0.41444388
pq0_1e-06,jonswap_H0.270,2,FAIL,0.340672284,0.192288965,4.01985741,0.0136932628,0.0579396784,5.0715785,0.0606163479,0.000310213276,1.28341174,0.41662091
pq0_1e-06,jonswap_H0.270,3,FAIL,0.192583844,0.133402377,5.36313915,0.0120522669,0.0567975007,4.46380234,0.0272896513,0.000179818089,1.25631773,0.417670429
pq0_1e-06,jonswap_H0.270,4,FAIL,0.270572186,0.455076009,2.85876369,0.0124843074,0.0563234091,4.62381744,0.0849630237,0.000130402739,1.26536524,0.418171555
pq0_1e-06,jonswap_H0.270,5,FAIL,0.35395366,0.423521727,5.91891575,0.0118259154,0.0579591356,4.37996864,0.0920511931,0.000219052294,1.25794101,0.417452663
pq0_1e-06,jonswap_H1.500,1,FAIL,0.252356768,0.559343278,3.06440258,0.0603470914,0.269801795,4.02313948,0.0961190984,0.000202929572,2.18094516,0.811524987
pq0_1e-06,jonswap_H1.500,2,FAIL,0.403572738,0.192957655,2.72963357,0.0658811778,0.259870738,4.3920784,0.0677232668,0.000209445017,2.18473244,0.810378373
pq0_1e-06,jonswap_H1.500,3,FAIL,0.204395831,0.324207962,3.23784137,0.058201585,0.256694138,3.8801055,0.0507241935,0.000282887719,2.17844152,0.810786724
pq0_1e-06,jonswap_H1.500,4,PASS,0.429523796,0.166195497,1.16422307,0.0605387427,0.254693002,4.03591585,0.0707279444,0.000234453939,2.18342996,0.810346067
pq0_1e-06,jonswap_H1.500,5,FAIL,0.241681769,0.351528466,6.04118681,0.0567446165,0.258595347,3.78297424,0.0645152405,0.000166744474,2.17769837,0.810503185
pq0_1e-06,jonswap_H4.000,1,FAIL,0.431989819,0.254685074,2.8552928,0.156649873,0.726018369,3.91624689,0.0689442903,0.000226484815,3.58984709,1.25036561
pq0_1e-06,jonswap_H4.000,2,FAIL,0.229863837,0.406983107,3.7910676,0.16861771,0.714065552,4.21544266,0.0695319101,0.00023695796,3.59044552,1.24946749
pq0_1e-06,jonswap_H4.000,3,FAIL,0.183069423,0.325018764,4.52604914,0.155610189,0.689249158,3.89025474,0.0483063795,0.000250667188,3.58899403,1.24857092
pq0_1e-06,jonswap_H4.000,4,FAIL,0.206554264,0.708452582,2.68296146,0.164781779,0.705870509,4.11954451,0.115227975,0.000255208492,3.58989811,1.2494247
pq0_1e-06,jonswap_H4.000,5,FAIL,0.419058383,0.606117368,3.66921616,0.155046269,0.720905542,3.87615681,0.122445062,0.000239850866,3.58888578,1.24740982
pq0_1e-06,jonswap_H8.500,1,FAIL,0.248156488,0.422371656,3.13726664,0.33783257,1.3485527,3.97450066,0.0764768943,0.000275874481,4.22191954,1.58010566
pq0_1e-06,jonswap_H8.500,2,FAIL,0.508896589,0.240764812,2.5762403,0.342635334,1.24229813,4.03100395,0.0835695788,0.000254043844,4.22109175,1.57632208
pq0_1e-06,jonswap_H8.500,3,FAIL,0.187153116,0.19583559,3.60314536,0.342601568,1.32420385,4.03060675,0.0413319021,0.000385150575,4.22252655,1.57692933
pq0_1e-06,jonswap_H8.500,4,FAIL,0.580182672,0.620867729,2.05683541,0.373232186,1.32030988,4.39096689,0.130615249,0.000345392298,4.22082567,1.57532203
pq0_1e-06,jonswap_H8.500,5,FAIL,0.288321733,0.551237285,5.99461842,0.325905949,1.33010137,3.83418751,0.0957466215,0.000222618532,4.22340918,1.57683241
pq0_1e-06,pmstokes_H0.270,1,FAIL,0.257742465,0.521454811,3.15684462,0.0120452717,0.0593143515,4.46121168,0.0898272023,0.000203990945,1.18997025,0.464323074
pq0_1e-06,pmstokes_H0.270,2,FAIL,0.370587736,0.143175334,3.80408025,0.0131511446,0.0563355349,4.8707943,0.0612628907,0.000207364326,1.17473733,0.463478357
pq0_1e-06,pmstokes_H0.270,3,FAIL,0.198718786,0.146338269,5.04534674,0.0117870439,0.0554350689,4.3655715,0.0288902801,0.000217410256,1.14891922,0.462060064
pq0_1e-06,pmstokes_H0.270,4,FAIL,0.34947297,0.167026848,2.10971904,0.0124022653,0.0551133566,4.59343147,0.0591306351,0.000163327655,1.15747702,0.462887049
pq0_1e-06,pmstokes_H0.270,5,FAIL,0.297985941,0.250239044,4.79147482,0.0118430033,0.0563643649,4.38629723,0.0629254431,0.000193718166,1.14926147,0.46205315
pq0_1e-06,pmstokes_H1.500,1,FAIL,0.263475925,0.417264968,3.46492147,0.0584142692,0.260597587,3.89428449,0.0663320869,0.000372928684,2.04407048,0.894539535
pq0_1e-06,pmstokes_H1.500,2,FAIL,0.350892782,0.233907849,2.96636486,0.0604746565,0.244651794,4.03164339,0.0660397783,0.000354174612,2.04522014,0.893982172
pq0_1e-06,pmstokes_H1.500,3,FAIL,0.21372284,0.268070072,3.02362251,0.056355264,0.241379067,3.75701737,0.0530186519,0.000279821281,2.04274011,0.89324075
pq0_1e-06,pmstokes_H1.500,4,FAIL,0.504002333,0.310204953,1.68644953,0.0585188344,0.239468694,3.90125537,0.0953243375,0.000216292232,2.04331517,0.894225061
pq0_1e-06,pmstokes_H1.500,5,FAIL,0.312208563,0.292089164,5.76801109,0.0551064499,0.249324322,3.67376328,0.0739293844,0.000411056681,2.04231548,0.892285645
pq0_1e-06,pmstokes_H4.000,1,FAIL,0.30121848,0.502500176,2.37984014,0.161821023,0.704767883,4.04552555,0.0887224078,0.000233984843,3.28952026,1.26662004
pq0_1e-06,pmstokes_H4.000,2,FAIL,0.33671245,0.207102388,3.44436669,0.165972084,0.665392816,4.14930201,0.054038655,0.000257590378,3.2910316,1.26662004
pq0_1e-06,pmstokes_H4.000,3,FAIL,0.22121951,0.408416837,5.70232916,0.161670208,0.649499416,4.0417552,0.0821746662,0.000293885561,3.29032183,1.26747477
pq0_1e-06,pmstokes_H4.000,4,FAIL,0.341266513,0.813631952,2.95376229,0.158627778,0.668962657,3.96569443,0.136245236,0.000375103613,3.29042935,1.26725042
pq0_1e-06,pmstokes_H4.000,5,FAIL,0.432223737,0.531107426,3.37664795,0.148820102,0.679393589,3.72050261,0.112440325,0.000213667008,3.29187512,1.26917553
pq0_1e-06,pmstokes_H8.500,1,FAIL,0.248822972,0.577845752,3.04691887,0.364343673,1.30784917,4.28639603,0.10468214,0.00032897832,4.10346127,1.66505456
pq0_1e-06,pmstokes_H8.500,2,FAIL,0.47636047,0.208828971,2.57114983,0.331426978,1.18140388,3.89914083,0.0784437433,0.000324664259,4.10326815,1.66308022
pq0_1e-06,pmstokes_H8.500,3,FAIL,0.188483834,0.314795494,3.7200911,0.354836166,1.26235437,4.1745429,0.0679415762,0.000409825763,4.10344315,1.66360283
pq0_1e-06,pmstokes_H8.500,4,FAIL,0.538899422,0.532240152,2.12417912,0.344752669,1.23763156,4.05591345,0.115238219,0.000406368374,4.10396671,1.66326284
pq0_1e-06,pmstokes_H8.500,5,FAIL,0.323414594,0.480426013,5.97069216,0.327389807,1.24919248,3.85164475,0.0834951028,0.000312967401,4.10175991,1.66373026
pq0_1e-05,jonswap_H0.270,1,FAIL,0.291568935,0.372693747,3.79050803,0.0119591104,0.0607016049,4.42929983,0.0672263205,0.000378190744,1.29800832,0.41444388
pq0_1e-05,jonswap_H0.270,2,FAIL,0.336846799,0.204140708,4.0512104,0.0136870053,0.0579754896,5.06926107,0.0612734556,0.000317329832,1.28341174,0.41662091
pq0_1e-05,jonswap_H0.270,3,FAIL,0.19265838,0.133028582,5.36661339,0.0120527269,0.056802012,4.46397305,0.0272458438,0.000180841264,1.25631773,0.417670429
pq0_1e-05,jonswap_H0.270,4,FAIL,0.269289941,0.460553318,2.87211251,0.0124822529,0.0563187934,4.62305641,0.0857610926,0.000130887085,1.26536524,0.418171555
pq0_1e-05,jonswap_H0.270,5,FAIL,0.35599339,0.428450912,5.93159866,0.0118246684,0.0579512231,4.37950659,0.0928876549,0.000223557319,1.25794101,0.417452663
pq0_1e-05,jonswap_H1.500,1,FAIL,0.251422554,0.57564342,3.02064753,0.0604018308,0.26979813,4.02678871,0.0986678079,0.000200751063,2.18094516,0.811524987
pq0_1e-05,jonswap_H1.500,2,FAIL,0.406780809,0.183087334,2.69744897,0.06588649,0.259920061,4.39243269,0.067584157,0.000209872887,2.18473244,0.810378373
pq0_1e-05,jonswap_H1.500,3,FAIL,0.205966413,0.306319267,3.28469634,0.0582128949,0.257097572,3.88085961,0.0477902703,0.000293809222,2.17844152,0.810786724
pq0_1e-05,jonswap_H1.500,4,PASS,0.436969459,0.150149241,1.09883726,0.0605603382,0.255021363,4.0373559,0.071419701,0.000243253337,2.18342996,0.810346067
pq0_1e-05,jonswap_H1.500,5,FAIL,0.236951187,0.330698401,5.97875977,0.0567773171,0.25868845,3.78515434,0.0606134497,0.000171809312,2.17769837,0.810503185
pq0_1e-05,jonswap_H4.000,1,FAIL,0.427468419,0.272962481,2.79937124,0.15686439,0.72594583,3.92160964,0.0701170266,0.000226600445,3.58984709,1.25036561
pq0_1e-05,jonswap_H4.000,2,FAIL,0.232567295,0.390348464,3.75028801,0.168766171,0.71418786,4.21915436,0.0669566914,0.000245129486,3.59044552,1.24946749
pq0_1e-05,jonswap_H4.000,3,FAIL,0.181803852,0.302696764,4.59120083,0.156028375,0.689965785,3.90070939,0.0443232246,0.000253415259,3.58899403,1.24857092
pq0_1e-05,jonswap_H4.000,4,FAIL,0.212998331,0.665793836,2.58750486,0.164527431,0.706952989,4.11318588,0.107947312,0.000270701712,3.58989811,1.2494247
pq0_1e-05,jonswap_H4.000,5,FAIL,0.413579881,0.583853841,3.60949326,0.154755339,0.720637023,3.86888337,0.118183427,0.000246017735,3.58888578,1.24740982
pq0_1e-05,jonswap_H8.500,1,FAIL,0.25171113,0.471523136,3.00334644,0.339622676,1.35110343,3.99556088,0.0853479579,0.00028505415,4.22191954,1.58010566
pq0_1e-05,jonswap_H8.500,2,FAIL,0.519328535,0.221117273,2.48327017,0.341296762,1.24410439,4.01525593,0.0841847733,0.000258150132,4.22109175,1.57632208
pq0_1e-05,jonswap_H8.500,3,FAIL,0.18734163,0.191769555,3.58252859,0.342761576,1.3398906,4.03248882,0.0416685343,0.000445563259,4.22252655,1.57692933
pq0_1e-05,jonswap_H8.500,4,FAIL,0.591845095,0.57600224,1.95582199,0.369782597,1.32674384,4.35038328,0.126290888,0.000370648544,4.22082567,1.57532203
pq0_1e-05,jonswap_H8.500,5,FAIL,0.275126785,0.499395281,5.85213041,0.324395597,1.33356929,3.81641865,0.0855214819,0.000233009938,4.22340918,1.57683241
pq0_1e-05,pmstokes_H0.270,1,FAIL,0.259054422,0.514995992,3.17246294,0.012040114,0.0593185909,4.45930147,0.0886979774,0.000209769336,1.18997025,0.464323074
pq0_1e-05,pmstokes_H0.270,2,FAIL,0.369193971,0.144715652,3.81158733,0.0131492196,0.056344904,4.87008142,0.0612041987,0.000208278041,1.17473733,0.463478357
pq0_1e-05,pmstokes_H0.270,3,FAIL,0.199758157,0.135961905,5.08850241,0.011795247,0.0554586463,4.36860991,0.0279120244,0.000222054063,1.14891922,0.462060064
pq0_1e-05,pmstokes_H0.270,4,FAIL,0.351143509,0.161490276,2.0941124,0.0124056982,0.0551187582,4.59470272,0.0590234883,0.000165920515,1.15747702,0.462887049
pq0_1e-05,pmstokes_H0.270,5,FAIL,0.298235953,0.248981565,4.78721952,0.0118437754,0.0563524589,4.38658333,0.0627002344,0.00019694677,1.14926147,0.46205315
pq0_1e-05,pmstokes_H1.500,1,FAIL,0.270295978,0.371678799,3.58910584,0.0582639128,0.261396766,3.88426065,0.059098728,0.000414868147,2.04407048,0.894539535
pq0_1e-05,pmstokes_H1.500,2,FAIL,0.342495233,0.261503041,3.04080701,0.0604417995,0.245264202,4.02945328,0.0686391965,0.000379763515,2.04522014,0.893982172
pq0_1e-05,pmstokes_H1.500,3,FAIL,0.216290817,0.3029975,2.93570828,0.0562450364,0.241455778,3.74966884,0.0593253113,0.000291607663,2.04274011,0.89324075
pq0_1e-05,pmstokes_H1.500,4,FAIL,0.502840459,0.315203577,1.69954407,0.0585119128,0.239754304,3.90079403,0.0957647935,0.00023501199,2.04331517,0.894225061
pq0_1e-05,pmstokes_H1.500,5,FAIL,0.319607466,0.316580445,5.83910656,0.0550599322,0.250037253,3.67066193,0.0784960017,0.000440378964,2.04231548,0.892285645
pq0_1e-05,pmstokes_H4.000,1,FAIL,0.294717699,0.545375347,2.2621305,0.162831873,0.704723597,4.07079697,0.0952956304,0.000234308696,3.28952026,1.26662004
pq0_1e-05,pmstokes_H4.000,2,FAIL,0.345367223,0.193547204,3.35977912,0.16655919,0.665700257,4.16397953,0.0547012649,0.000259784167,3.2910316,1.26662004
pq0_1e-05,pmstokes_H4.000,3,FAIL,0.217425525,0.439647049,5.78205347,0.162430078,0.651382327,4.06075191,0.0878074169,0.00031834541,3.29032183,1.26747477
pq0_1e-05,pmstokes_H4.000,4,FAIL,0.363484591,0.715145111,2.73297572,0.158182085,0.671619534,3.95455217,0.121663682,0.000407636689,3.29042935,1.26725042
pq0_1e-05,pmstokes_H4.000,5,FAIL,0.421853304,0.492218733,3.27342653,0.148289144,0.67943126,3.70722866,0.105500504,0.00021398961,3.29187512,1.26917553
pq0_1e-05,pmstokes_H8.500,1,FAIL,0.248561621,0.621006608,2.93526411,0.367372036,1.31373692,4.32202387,0.112818189,0.000345554639,4.10346127,1.66505456
pq0_1e-05,pmstokes_H8.500,2,FAIL,0.48567012,0.209128052,2.48245931,0.332144052,1.18680251,3.90757704,0.0811353922,0.000350241171,4.10326815,1.66308022
pq0_1e-05,pmstokes_H8.500,3,FAIL,0.189165294,0.32216233,3.74459171,0.356304884,1.27475715,4.19182205,0.0711172819,0.000451590022,4.10344315,1.66360283
pq0_1e-05,pmstokes_H8.500,4,FAIL,0.549441636,0.491124511,2.02911615,0.34395045,1.24711084,4.04647589,0.111594766,0.000443168479,4.10396671,1.66326284
pq0_1e-05,pmstokes_H8.500,5,FAIL,0.312358022,0.438937336,5.85421753,0.32683906,1.25953293,3.84516525,0.0748166293,0.000358492369,4.10175991,1.66373026
pq0_0.001,jonswap_H0.270,1,FAIL,0.292386144,0.367642522,3.80307198,0.0119557464,0.0606917143,4.42805433,0.066633366,0.00038125331,1.29800832,0.41444388
pq0_0.001,jonswap_H0.270,2,FAIL,0.336167812,0.213437885,4.0702877,0.0136838946,0.0579392649,5.06810904,0.0617207289,0.000317320315,1.28341174,0.41662091
pq0_0.001,jonswap_H0.270,3,FAIL,0.192718655,0.132451937,5.36947203,0.012053336,0.0568035804,4.46419859,0.0271698534,0.000180807896,1.25631773,0.417670429
pq0_0.001,jonswap_H0.270,4,FAIL,0.267979473,0.467690587,2.8874464,0.01247977,0.0563111305,4.62213707,0.08673013,0.000130139379,1.26536524,0.418171555
pq0_0.001,jonswap_H0.270,5,FAIL,0.356046677,0.430449426,5.93525267,0.011824063,0.0579648763,4.37928247,0.0931946114,0.000227397031,1.25794101,0.417452663
pq0_0.001,jonswap_H1.500,1,FAIL,0.251165509,0.579376221,3.01081729,0.0604146384,0.269810796,4.02764225,0.0992940664,0.000201204311,2.18094516,0.811524987
pq0_0.001,jonswap_H1.500,2,FAIL,0.407614142,0.180985823,2.69043231,0.065889515,0.259931445,4.39263439,0.0675681978,0.000210354498,2.18473244,0.810378373
pq0_0.001,jonswap_H1.500,3,FAIL,0.206254974,0.303308666,3.29265547,0.0582148284,0.257229924,3.88098836,0.0472596139,0.000298356026,2.17844152,0.810786724
pq0_0.001,jonswap_H1.500,4,PASS,0.437111497,0.150019974,1.09838784,0.0605609678,0.255063742,4.03739786,0.0714361295,0.000245964125,2.18342996,0.810346067
pq0_0.001,jonswap_H1.500,5,FAIL,0.236074403,0.327530801,5.96915436,0.0567829795,0.258722872,3.78553176,0.0599982329,0.000172572458,2.17769837,0.810503185
pq0_0.001,jonswap_H4.000,1,FAIL,0.431812912,0.253871173,2.85123205,0.156604305,0.725356638,3.91510773,0.0689172894,0.000213796986,3.58984709,1.25036561
pq0_0.001,jonswap_H4.000,2,FAIL,0.230332077,0.409710497,3.79063082,0.16860798,0.713864923,4.21519947,0.0699167922,0.000225788346,3.59044552,1.24946749
pq0_0.001,jonswap_H4.000,3,FAIL,0.178079396,0.251974881,4.75633669,0.157030895,0.689487815,3.92577243,0.0361324959,0.00022818624,3.58899403,1.24857092
pq0_0.001,jonswap_H4.000,4,FAIL,0.207046255,0.710764706,2.6828804,0.164793834,0.706237197,4.11984587,0.115172789,0.000257951731,3.58989811,1.2494247
pq0_0.001,jonswap_H4.000,5,FAIL,0.416798055,0.603220284,3.65274954,0.155005932,0.721067488,3.8751483,0.12159884,0.000267275929,3.58888578,1.24740982
pq0_0.001,jonswap_H8.500,1,FAIL,0.253495604,0.487347573,2.96240854,0.340226471,1.35185623,4.00266409,0.0881344005,0.000296879647,4.22191954,1.58010566
pq0_0.001,jonswap_H8.500,2,FAIL,0.523418128,0.214794278,2.44985676,0.340909988,1.24403977,4.01070547,0.0845591947,0.000258475513,4.22109175,1.57632208
pq0_0.001,jonswap_H8.500,3,FAIL,0.186527416,0.178236321,3.50270963,0.341903508,1.3436954,4.02239418,0.0371842571,0.000472514919,4.22252655,1.57692933
pq0_0.001,jonswap_H8.500,4,FAIL,0.597492278,0.554549634,1.90837157,0.368280292,1.32801533,4.33270931,0.124515496,0.00037895015,4.22082567,1.57532203
pq0_0.001,jonswap_H8.500,5,FAIL,0.270373672,0.480758756,5.80290413,0.324029744,1.33359432,3.81211448,0.0824362263,0.000224888252,4.22340918,1.57683241
pq0_0.001,pmstokes_H0.270,1,FAIL,0.259422481,0.512851596,3.17769599,0.0120385187,0.059319187,4.45871067,0.0883587375,0.000210499755,1.18997025,0.464323074
pq0_0.001,pmstokes_H0.270,2,FAIL,0.368938327,0.145048156,3.81311941,0.0131488508,0.0563460626,4.86994457,0.0611934364,0.000208423546,1.17473733,0.463478357
pq0_0.001,pmstokes_H0.270,3,FAIL,0.199710533,0.136438817,5.08620405,0.0117947692,0.0554625168,4.368433,0.0279462673,0.000224761272,1.14891922,0.462060064
pq0_0.001,pmstokes_H0.270,4,FAIL,0.350961685,0.162035435,2.09565234,0.012405362,0.0551189184,4.59457827,0.0590329692,0.000165658319,1.15747702,0.462887049
pq0_0.001,pmstokes_H0.270,5,FAIL,0.298328966,0.24902001,4.7870369,0.011843835,0.056351427,4.38660526,0.0627041683,0.000198364331,1.14926147,0.46205315
pq0_0.001,pmstokes_H1.500,1,FAIL,0.273495227,0.351403564,3.64075541,0.0582091101,0.261600554,3.88060713,0.0563956425,0.000423974096,2.04407048,0.894539535
pq0_0.001,pmstokes_H1.500,2,FAIL,0.337058097,0.27680409,3.07715034,0.0604295768,0.245403126,4.02863836,0.0700703934,0.000388376997,2.04522014,0.893982172
pq0_0.001,pmstokes_H1.500,3,FAIL,0.217131749,0.302304953,2.93877673,0.0562481247,0.241439983,3.74987483,0.0591392145,0.000285090355,2.04274011,0.89324075
pq0_0.001,pmstokes_H1.500,4,FAIL,0.490626037,0.35817647,1.79759848,0.0584732406,0.239602119,3.89821601,0.0988215283,0.000242648865,2.04331517,0.894225061
pq0_0.001,pmstokes_H1.500,5,FAIL,0.326968074,0.334355533,5.88713217,0.0550385155,0.250167817,3.66923428,0.0815832987,0.000456633745,2.04231548,0.892285645
pq0_0.001,pmstokes_H4.000,1,FAIL,0.294080973,0.55086863,2.24679613,0.162930489,0.704446971,4.07326221,0.0959602222,0.000235844927,3.28952026,1.26662004
pq0_0.001,pmstokes_H4.000,2,FAIL,0.347194165,0.191390604,3.34610891,0.166637868,0.665456533,4.16594648,0.054860346,0.000257806736,3.2910316,1.26662004
pq0_0.001,pmstokes_H4.000,3,FAIL,0.217097625,0.433015615,5.76419258,0.162254617,0.650919259,4.05636549,0.0865353197,0.000319049839,3.29032183,1.26747477
pq0_0.001,pmstokes_H4.000,4,FAIL,0.374025524,0.668831825,2.62897253,0.158082858,0.671214521,3.95207143,0.115661934,0.000402554579,3.29042935,1.26725042
pq0_0.001,pmstokes_H4.000,5,FAIL,0.415642619,0.471174181,3.21802807,0.148058355,0.679182529,3.70145893,0.102285296,0.00021197414,3.29187512,1.26917553
pq0_0.001,pmstokes_H8.500,1,FAIL,0.246885911,0.643775463,2.88191795,0.36946401,1.32309401,4.34663534,0.117885977,0.000385954278,4.10346127,1.66505456
pq0_0.001,pmstokes_H8.500,2,FAIL,0.49001053,0.213853732,2.44115067,0.332679152,1.19292676,3.91387224,0.0830071121,0.00038024917,4.10326815,1.66308022
pq0_0.001,pmstokes_H8.500,3,FAIL,0.189933881,0.315117538,3.72736359,0.356411994,1.28570354,4.19308233,0.0712311789,0.00049557013,4.10344315,1.66360283
pq0_0.001,pmstokes_H8.500,4,FAIL,0.558511317,0.452731252,1.94014275,0.343422771,1.25639582,4.04026794,0.108746193,0.000483428477,4.10396671,1.66326284
pq0_0.001,pmstokes_H8.500,5,FAIL,0.308589429,0.426086187,5.81747341,0.326651067,1.27003038,3.84295368,0.0712331086,0.000395686919,4.10175991,1.66373026
pq0_0.01,jonswap_H0.270,1,FAIL,0.292363197,0.367535144,3.80332685,0.0119559066,0.0606800877,4.42811346,0.0666608438,0.000376612443,1.29800832,0.41444388
pq0_0.01,jonswap_H0.270,2,FAIL,0.335694373,0.217533484,4.07834291,0.0136826569,0.0579203703,5.06765079,0.061916057,0.000317341561,1.28341174,0.41662091
pq0_0.01,jonswap_H0.270,3,FAIL,0.192735642,0.132288873,5.37024641,0.012053459,0.0568036921,4.46424389,0.0271524005,0.000180681163,1.25631773,0.417670429
pq0_0.01,jonswap_H0.270,4,FAIL,0.268811107,0.465173811,2.8814733,0.0124807814,0.0563117974,4.62251139,0.0863264352,0.000132388421,1.26536524,0.418171555
pq0_0.01,jonswap_H0.270,5,FAIL,0.355066985,0.430661082,5.93526411,0.0118238106,0.0579857528,4.37918901,0.0931528434,0.000224247211,1.25794101,0.417452663
pq0_0.01,jonswap_H1.500,1,FAIL,0.251154602,0.579516232,3.0104394,0.0604152791,0.26981312,4.02768517,0.0993191451,0.000201289004,2.18094516,0.811524987
pq0_0.01,jonswap_H1.500,2,FAIL,0.407655299,0.180933043,2.69022727,0.0658892393,0.259933114,4.3926158,0.0675678477,0.000210422659,2.18473244,0.810378373
pq0_0.01,jonswap_H1.500,3,FAIL,0.206440002,0.301308721,3.29814792,0.0582164973,0.257270396,3.8810997,0.0469351932,0.000299412524,2.17844152,0.810786724
pq0_0.01,jonswap_H1.500,4,PASS,0.437233984,0.149850547,1.09752476,0.0605611689,0.255066484,4.03741121,0.0714486614,0.000246026699,2.18342996,0.810346067
pq0_0.01,jonswap_H1.500,5,FAIL,0.236022055,0.327507079,5.96898985,0.0567828007,0.258728564,3.78551984,0.0599785633,0.00017301015,2.17769837,0.810503185
pq0_0.01,jonswap_H4.000,1,FAIL,0.433879882,0.24386622,2.87952495,0.15646413,0.725039303,3.91160321,0.0683507845,0.000210090118,3.58984709,1.25036561
pq0_0.01,jonswap_H4.000,2,FAIL,0.230371445,0.415037841,3.80089021,0.168557793,0.713718951,4.21394491,0.0708503872,0.000215893873,3.59044552,1.24946749
pq0_0.01,jonswap_H4.000,3,FAIL,0.17626439,0.235148206,4.81895447,0.157406092,0.689044714,3.93515229,0.0336002596,0.000214416315,3.58899403,1.24857092
pq0_0.01,jonswap_H4.000,4,FAIL,0.20214057,0.74950546,2.76764607,0.16508247,0.706037998,4.12706184,0.121399671,0.000255810213,3.58989811,1.2494247
pq0_0.01,jonswap_H4.000,5,FAIL,0.419297785,0.620886624,3.69508052,0.155235365,0.721461236,3.88088417,0.124780603,0.000279457832,3.58888578,1.24740982
pq0_0.01,jonswap_H8.500,1,FAIL,0.255133748,0.503510296,2.92132688,0.341022015,1.35610306,4.01202345,0.0916219652,0.000328953,4.22191954,1.58010566
pq0_0.01,jonswap_H8.500,2,FAIL,0.525063157,0.213426352,2.4382534,0.340754569,1.24462855,4.00887728,0.084752515,0.00026401307,4.22109175,1.57632208
pq0_0.01,jonswap_H8.500,3,FAIL,0.185692742,0.170672372,3.41712642,0.341211647,1.35481441,4.01425457,0.033209186,0.000526307849,4.22252655,1.57692933
pq0_0.01,jonswap_H8.500,4,FAIL,0.601884723,0.539592147,1.87346625,0.367137849,1.33014607,4.3192687,0.123232514,0.000391513051,4.22082567,1.57532203
pq0_0.01,jonswap_H8.500,5,FAIL,0.267570198,0.471518666,5.77708387,0.323770881,1.33508897,3.80906916,0.0803932697,0.000235773055,4.22340918,1.57683241
pq0_0.01,pmstokes_H0.270,1,FAIL,0.259501904,0.512298286,3.17894363,0.0120382756,0.0593185648,4.45862055,0.0882815346,0.000210304803,1.18997025,0.464323074
pq0_0.01,pmstokes_H0.270,2,FAIL,0.368906915,0.145100504,3.81330466,0.0131488461,0.056346111,4.86994267,0.0611926354,0.000208400059,1.17473733,0.463478357
pq0_0.01,pmstokes_H0.270,3,FAIL,0.199688867,0.136629328,5.08530283,0.0117946491,0.0554658175,4.36838865,0.0279539172,0.000226243108,1.14891922,0.462060064
pq0_0.01,pmstokes_H0.270,4,FAIL,0.350844055,0.162415162,2.09668255,0.0124051031,0.0551190116,4.59448242,0.059039358,0.00016564237,1.15747702,0.462887049
pq0_0.01,pmstokes_H0.270,5,FAIL,0.298376977,0.249154896,4.78727484,0.0118438145,0.0563514307,4.38659763,0.062722072,0.000198851514,1.14926147,0.46205315
pq0_0.01,pmstokes_H1.500,1,FAIL,0.274052888,0.346885055,3.64919758,0.0582042783,0.261396259,3.88028502,0.0560823865,0.000418924436,2.04407048,0.894539535
pq0_0.01,pmstokes_H1.500,2,FAIL,0.335289061,0.281214386,3.08611417,0.0604278184,0.245248377,4.02852106,0.0703798831,0.000386560656,2.04522014,0.893982172
pq0_0.01,pmstokes_H1.500,3,FAIL,0.218185559,0.2985695,2.94867587,0.0562612526,0.241353497,3.75075006,0.0583438911,0.000276771287,2.04274011,0.89324075
pq0_0.01,pmstokes_H1.500,4,FAIL,0.4831025,0.385256827,1.85857141,0.0584549643,0.239311919,3.89699745,0.100898057,0.000242774375,2.04331517,0.894225061
pq0_0.01,pmstokes_H1.500,5,FAIL,0.331504166,0.344934225,5.91532803,0.0550299101,0.249870807,3.66866064,0.0831909254,0.000456781156,2.04231548,0.892285645
pq0_0.01,pmstokes_H4.000,1,FAIL,0.293425381,0.554353178,2.23742557,0.163033158,0.704582989,4.07582903,0.0966227427,0.000239583489,3.28952026,1.26662004
pq0_0.01,pmstokes_H4.000,2,FAIL,0.347209901,0.191366032,3.34664297,0.16662921,0.66541332,4.16573048,0.0548479334,0.000257615786,3.2910316,1.26662004
pq0_0.01,pmstokes_H4.000,3,FAIL,0.21677345,0.431580484,5.7604022,0.162250504,0.651595771,4.05626249,0.0865352005,0.000331388117,3.29032183,1.26747477
pq0_0.01,pmstokes_H4.000,4,FAIL,0.373596638,0.670956671,2.63346386,0.158085793,0.671303928,3.95214486,0.11589931,0.000403892569,3.29042935,1.26725042
pq0_0.01,pmstokes_H4.000,5,FAIL,0.415463448,0.471090049,3.21737504,0.148047477,0.679232299,3.7011869,0.102165021,0.000214704269,3.29187512,1.26917553
pq0_0.01,pmstokes_H8.500,1,FAIL,0.245527938,0.665551007,2.82876754,0.371877134,1.33816206,4.3750248,0.123624884,0.000429492211,4.10346127,1.66505456
pq0_0.01,pmstokes_H8.500,2,FAIL,0.493690401,0.218483105,2.41645646,0.333054602,1.19941759,3.91828942,0.08441668,0.000397165073,4.10326815,1.66308022
pq0_0.01,pmstokes_H8.500,3,FAIL,0.190312311,0.319630116,3.74437046,0.357660681,1.29987061,4.20777273,0.0738533884,0.000533915416,4.10344315,1.66360283
pq0_0.01,pmstokes_H8.500,4,FAIL,0.563701093,0.436983734,1.89809322,0.34321931,1.266608,4.03787422,0.107422799,0.000514019514,4.10396671,1.66326284
pq0_0.01,pmstokes_H8.500,5,FAIL,0.303155065,0.41222319,5.77357101,0.32634607,1.28472781,3.83936548,0.0670134649,0.00044097472,4.10175991,1.66373026
brw_1e-13,jonswap_H0.270,1,FAIL,0.29535979,0.3637546,3.81327796,0.0119439606,0.0611834824,4.42368889,0.0646340251,0.00051082205,1.29800832,0.41444388
brw_1e-13,jonswap_H0.270,2,FAIL,0.341123611,0.204479367,4.04765224,0.0136846481,0.0582051352,5.06838799,0.0617869198,0.00041133826,1.28341174,0.41662091
brw_1e-13,jonswap_H0.270,3,FAIL,0.194892138,0.133678913,5.36240339,0.0120521402,0.0568179078,4.46375561,0.0273058545,0.000230366903,1.25631773,0.417670429
brw_1e-13,jonswap_H0.270,4,FAIL,0.267020702,0.467984617,2.89166164,0.012479661,0.056276083,4.62209654,0.086711593,0.000143541925,1.26536524,0.418171555
brw_1e-13,jonswap_H0.270,5,FAIL,0.355711758,0.421528608,5.90643024,0.0118265431,0.0578901432,4.38020086,0.0922277197,0.000267039897,1.25794101,0.417452663
brw_1e-13,jonswap_H1.500,1,FAIL,0.25091663,0.584466636,2.99987864,0.0604247637,0.269954741,4.02831745,0.0998986661,0.000223585885,2.18094516,0.811524987
brw_1e-13,jonswap_H1.500,2,FAIL,0.408899277,0.181087762,2.68718672,0.0658984333,0.259853363,4.39322853,0.067577526,0.000255206338,2.18473244,0.810378373
brw_1e-13,jonswap_H1.500,3,FAIL,0.205932513,0.321019024,3.24753881,0.05822099,0.259269506,3.88139915,0.047442928,0.000393935537,2.17844152,0.810786724
brw_1e-13,jonswap_H1.500,4,PASS,0.434165418,0.156902775,1.12682343,0.0605686419,0.256168157,4.03790951,0.0715557337,0.000311809679,2.18342996,0.810346067
brw_1e-13,jonswap_H1.500,5,FAIL,0.236343071,0.333583713,5.97679758,0.0567878857,0.258728921,3.78585887,0.0597634166,0.000231543963,2.17769837,0.810503185
brw_1e-13,jonswap_H4.000,1,FAIL,0.429149836,0.276948422,2.78504491,0.156900525,0.72563529,3.92251301,0.0703308061,0.000270297518,3.58984709,1.25036561
brw_1e-13,jonswap_H4.000,2,FAIL,0.231449097,0.39382425,3.75276852,0.168764696,0.713087499,4.21911716,0.0665187389,0.000287229312,3.59044552,1.24946749
brw_1e-13,jonswap_H4.000,3,FAIL,0.181207567,0.302497238,4.60398436,0.156391218,0.691876054,3.9097805,0.0416356996,0.000314642384,3.58899403,1.24857092
brw_1e-13,jonswap_H4.000,4,FAIL,0.20873484,0.673167825,2.60430765,0.164521053,0.709264517,4.11302614,0.106259651,0.000341276376,3.58989811,1.2494247
brw_1e-13,jonswap_H4.000,5,FAIL,0.414592355,0.577193856,3.57908845,0.154768333,0.719052434,3.86920834,0.116460003,0.00032759484,3.58888578,1.24740982
brw_1e-13,jonswap_H8.500,1,FAIL,0.252034634,0.486214429,2.96745563,0.340237468,1.35144508,4.00279379,0.088160269,0.000307274109,4.22191954,1.58010566
brw_1e-13,jonswap_H8.500,2,FAIL,0.524926126,0.216905564,2.46186113,0.340916991,1.24274647,4.01078796,0.0846253783,0.000312734162,4.22109175,1.57632208
brw_1e-13,jonswap_H8.500,3,FAIL,0.186500236,0.175390199,3.46641302,0.342469484,1.36015475,4.02905273,0.0397642218,0.000560263114,4.22252655,1.57692933
brw_1e-13,jonswap_H8.500,4,FAIL,0.588007867,0.593979299,2.00521159,0.369392633,1.33836603,4.34579563,0.125769243,0.000445279671,4.22082567,1.57532203
brw_1e-13,jonswap_H8.500,5,FAIL,0.272491187,0.502175808,5.85136604,0.32418704,1.3346312,3.81396508,0.0836941749,0.000284216047,4.22340918,1.57683241
brw_1e-13,pmstokes_H0.270,1,FAIL,0.261721283,0.51396662,3.17629218,0.0120356055,0.0594497658,4.45763159,0.0876386464,0.000270431832,1.18997025,0.464323074
brw_1e-13,pmstokes_H0.270,2,FAIL,0.370596796,0.144167483,3.80527282,0.0131495968,0.0563528463,4.87022114,0.0612982661,0.000253662904,1.17473733,0.463478357
brw_1e-13,pmstokes_H0.270,3,FAIL,0.201472878,0.139184028,5.07121134,0.0117953252,0.0556382015,4.36863899,0.027846165,0.00030472767,1.14891922,0.462060064
brw_1e-13,pmstokes_H0.270,4,FAIL,0.3492046,0.164188281,2.10595036,0.012405335,0.0551288128,4.59456825,0.0590236783,0.000202260009,1.15747702,0.462887049
brw_1e-13,pmstokes_H0.270,5,FAIL,0.298428923,0.243468106,4.76416874,0.011845964,0.056269329,4.38739395,0.0620755665,0.000239205663,1.14926147,0.46205315
brw_1e-13,pmstokes_H1.500,1,FAIL,0.275043398,0.362076372,3.61832809,0.0581867322,0.264374256,3.87911534,0.0554263629,0.000530514051,2.04407048,0.894539535
brw_1e-13,pmstokes_H1.500,2,FAIL,0.342670649,0.26376462,3.04321456,0.0604242533,0.247053146,4.0282836,0.0700125769,0.00046416017,2.04522014,0.893982172
brw_1e-13,pmstokes_H1.500,3,FAIL,0.215221599,0.298715413,2.94541907,0.0562342592,0.24156107,3.74895048,0.0596934929,0.000330360199,2.04274011,0.89324075
brw_1e-13,pmstokes_H1.500,4,FAIL,0.499895394,0.321816266,1.71706235,0.0584898964,0.239976957,3.89932632,0.0967525542,0.000263612135,2.04331517,0.894225061
brw_1e-13,pmstokes_H1.500,5,FAIL,0.31873247,0.301605463,5.79201889,0.0550558791,0.251970261,3.6703918,0.0788096339,0.000517124077,2.04231548,0.892285645
brw_1e-13,pmstokes_H4.000,1,FAIL,0.292102903,0.556049585,2.23418236,0.162997097,0.703982174,4.07492733,0.0964991674,0.000254129613,3.28952026,1.26662004
brw_1e-13,pmstokes_H4.000,2,FAIL,0.348880917,0.190964088,3.34841871,0.166727036,0.664841235,4.1681757,0.0550617091,0.000310641626,3.2910316,1.26662004
brw_1e-13,pmstokes_H4.000,3,FAIL,0.216359288,0.421378762,5.73823738,0.162393093,0.654208481,4.05982733,0.0877365619,0.000402307749,3.29032183,1.26747477
brw_1e-13,pmstokes_H4.000,4,FAIL,0.368790001,0.689642012,2.68050981,0.158204541,0.676886499,3.95511341,0.115460351,0.000484153716,3.29042935,1.26725042
brw_1e-13,pmstokes_H4.000,5,FAIL,0.416631877,0.478863835,3.22817659,0.148038998,0.678237021,3.70097494,0.102441341,0.000263935595,3.29187512,1.26917553
brw_1e-13,pmstokes_H8.500,1,FAIL,0.247126296,0.636506617,2.90208578,0.369335353,1.32024062,4.34512186,0.117174722,0.000399683748,4.10346127,1.66505456
brw_1e-13,pmstokes_H8.500,2,FAIL,0.484694153,0.207372397,2.47368574,0.332577109,1.19135869,3.9126718,0.082635656,0.000407064392,4.10326815,1.66308022
brw_1e-13,pmstokes_H8.500,3,FAIL,0.187715605,0.297088921,3.66758442,0.356756955,1.29640436,4.19714069,0.0719031915,0.00056019437,4.10344315,1.66360283
brw_1e-13,pmstokes_H8.500,4,FAIL,0.541215658,0.5053913,2.07296896,0.343978435,1.26725805,4.0468049,0.110488243,0.000550990342,4.10396671,1.66326284
brw_1e-13,pmstokes_H8.500,5,FAIL,0.316465259,0.45675838,5.89880276,0.326991588,1.27204525,3.84695983,0.0735546798,0.000464026904,4.10175991,1.66373026
brw_1e-12,jonswap_H0.270,1,FAIL,0.295332462,0.363768458,3.81322336,0.0119441226,0.0611736812,4.42374897,0.0646587834,0.000508682511,1.29800832,0.41444388
brw_1e-12,jonswap_H0.270,2,FAIL,0.341035128,0.204549968,4.0479207,0.0136846183,0.0582001954,5.06837702,0.0617833287,0.000409775501,1.28341174,0.41662091
brw_1e-12,jonswap_H0.270,3,FAIL,0.194848388,0.133671343,5.36245441,0.0120521104,0.0568173416,4.46374464,0.0273052081,0.000229458412,1.25631773,0.417670429
brw_1e-12,jonswap_H0.270,4,FAIL,0.26704216,0.467941374,2.89151835,0.0124796871,0.0562766232,4.62210608,0.0867077112,0.000143293626,1.26536524,0.418171555
brw_1e-12,jonswap_H0.270,5,FAIL,0.355720669,0.421653718,5.90689564,0.0118265115,0.057890702,4.38018942,0.0922410265,0.000266257615,1.25794101,0.417452663
brw_1e-12,jonswap_H1.500,1,FAIL,0.250918925,0.584383488,3.00005507,0.0604248717,0.269951403,4.0283246,0.0998910218,0.000223201438,2.18094516,0.811524987
brw_1e-12,jonswap_H1.500,2,FAIL,0.408883572,0.181077704,2.68719935,0.0658984557,0.25985384,4.39323044,0.0675773695,0.000254403276,2.18473244,0.810378373
brw_1e-12,jonswap_H1.500,3,FAIL,0.205931172,0.320754081,3.24821877,0.0582205541,0.259227633,3.88137007,0.0474440418,0.000392244721,2.17844152,0.810786724
brw_1e-12,jonswap_H1.500,4,PASS,0.434215128,0.156773925,1.12633681,0.0605685599,0.256145567,4.03790379,0.0715537891,0.000310698757,2.18342996,0.810346067
brw_1e-12,jonswap_H1.500,5,FAIL,0.236339673,0.333488792,5.97670698,0.0567878485,0.25872606,3.78585649,0.0597674847,0.000230468169,2.17769837,0.810503185
brw_1e-12,jonswap_H4.000,1,FAIL,0.429111451,0.276889265,2.78521371,0.156899452,0.725631297,3.92248631,0.070329383,0.00026944885,3.58984709,1.25036561
brw_1e-12,jonswap_H4.000,2,FAIL,0.231474429,0.393765837,3.75270915,0.168765172,0.71310091,4.21912909,0.0665231571,0.000286495721,3.59044552,1.24946749
brw_1e-12,jonswap_H4.000,3,FAIL,0.181206331,0.302214444,4.60461903,0.15639177,0.691828966,3.90979433,0.0416337587,0.000313497265,3.58899403,1.24857092
brw_1e-12,jonswap_H4.000,4,FAIL,0.208833635,0.672927201,2.60372162,0.164520144,0.709214211,4.11300373,0.10626635,0.000340093073,3.58989811,1.2494247
brw_1e-12,jonswap_H4.000,5,FAIL,0.414554924,0.57723397,3.57936692,0.154766634,0.719070494,3.8691659,0.116474941,0.000326210255,3.58888578,1.24740982
brw_1e-12,jonswap_H8.500,1,FAIL,0.252046466,0.486182719,2.96749687,0.340238184,1.35145569,4.0028019,0.0881536528,0.000307056005,4.22191954,1.58010566
brw_1e-12,jonswap_H8.500,2,FAIL,0.524892449,0.216914862,2.46177959,0.34092021,1.24278069,4.01082611,0.0846239403,0.000311827549,4.22109175,1.57632208
brw_1e-12,jonswap_H8.500,3,FAIL,0.186505869,0.175464004,3.46769142,0.342467427,1.35982323,4.02902842,0.0397649258,0.000558599655,4.22252655,1.57692933
brw_1e-12,jonswap_H8.500,4,FAIL,0.588097095,0.593608439,2.00424147,0.36939162,1.33817995,4.34578371,0.125766933,0.000444278354,4.22082567,1.57532203
brw_1e-12,jonswap_H8.500,5,FAIL,0.272489011,0.501962841,5.85095024,0.324184775,1.33460677,3.81393838,0.0836934671,0.00028334916,4.22340918,1.57683241
brw_1e-12,pmstokes_H0.270,1,FAIL,0.261676818,0.513972163,3.17625117,0.0120356968,0.0594469197,4.45766544,0.0876538083,0.000269283191,1.18997025,0.464323074
brw_1e-12,pmstokes_H0.270,2,FAIL,0.370570213,0.144178674,3.8053956,0.0131495828,0.0563526265,4.87021589,0.0612968653,0.000252891012,1.17473733,0.463478357
brw_1e-12,pmstokes_H0.270,3,FAIL,0.201438919,0.139120683,5.07153368,0.0117953634,0.055634398,4.36865282,0.0278458651,0.000303217646,1.14891922,0.462060064
brw_1e-12,pmstokes_H0.270,4,FAIL,0.349239081,0.164138168,2.10574412,0.0124053583,0.0551280044,4.59457684,0.0590237193,0.000201588322,1.15747702,0.462887049
brw_1e-12,pmstokes_H0.270,5,FAIL,0.298423678,0.243530601,4.76447439,0.0118459314,0.0562706254,4.38738203,0.0620819293,0.00023841139,1.14926147,0.46205315
brw_1e-12,pmstokes_H1.500,1,FAIL,0.275018454,0.361989439,3.61848187,0.0581870116,0.264324337,3.87913394,0.0554483011,0.00052880781,2.04407048,0.894539535
brw_1e-12,pmstokes_H1.500,2,FAIL,0.342622489,0.263854533,3.0435164,0.0604242645,0.247021258,4.02828407,0.0700061023,0.000462913275,2.04522014,0.893982172
brw_1e-12,pmstokes_H1.500,3,FAIL,0.215230346,0.298793942,2.94524622,0.0562343411,0.241560489,3.74895597,0.0596921965,0.000329813221,2.04274011,0.89324075
brw_1e-12,pmstokes_H1.500,4,FAIL,0.499891996,0.321897358,1.71721697,0.0584902018,0.239975244,3.89934659,0.0967505574,0.000263309048,2.04331517,0.894225061
brw_1e-12,pmstokes_H1.500,5,FAIL,0.318768561,0.30190894,5.79293299,0.0550555661,0.251946777,3.67037082,0.078821525,0.000516134256,2.04231548,0.892285645
brw_1e-12,pmstokes_H4.000,1,FAIL,0.292124718,0.556002975,2.2342875,0.162997589,0.703988433,4.07493973,0.0964999869,0.000253841659,3.28952026,1.26662004
brw_1e-12,pmstokes_H4.000,2,FAIL,0.348862112,0.190993458,3.34830832,0.166726261,0.664849401,4.16815662,0.0550616533,0.000309746334,3.2910316,1.26662004
brw_1e-12,pmstokes_H4.000,3,FAIL,0.216364831,0.421646476,5.73886442,0.162393928,0.654144466,4.05984831,0.0877346024,0.000400892022,3.29032183,1.26747477
brw_1e-12,pmstokes_H4.000,4,FAIL,0.368873447,0.689336896,2.67975068,0.158202216,0.676795363,3.95505548,0.115460187,0.000483029493,3.29042935,1.26725042
brw_1e-12,pmstokes_H4.000,5,FAIL,0.416631997,0.478801936,3.2281487,0.148040026,0.678251743,3.70100069,0.102443971,0.00026307386,3.29187512,1.26917553
brw_1e-12,pmstokes_H8.500,1,FAIL,0.247122779,0.636487126,2.9020803,0.369324267,1.32022297,4.34499121,0.117157832,0.000399147189,4.10346127,1.66505456
brw_1e-12,pmstokes_H8.500,2,FAIL,0.484759569,0.207458332,2.4733839,0.332570672,1.19132972,3.91259599,0.0826315805,0.00040643281,4.10326815,1.66308022
brw_1e-12,pmstokes_H8.500,3,FAIL,0.187749028,0.297451854,3.66878486,0.356754214,1.29609013,4.19710827,0.0719032809,0.000558748026,4.10344315,1.66360283
brw_1e-12,pmstokes_H8.500,4,FAIL,0.541392088,0.504993677,2.07186866,0.343975127,1.26699769,4.04676628,0.110488057,0.000549691729,4.10396671,1.66326284
brw_1e-12,pmstokes_H8.500,5,FAIL,0.316388369,0.45638904,5.89779663,0.326990664,1.27190995,3.84694886,0.0735477507,0.000462614611,4.10175991,1.66373026
brw_1e-10,jonswap_H0.270,1,FAIL,0.292264313,0.36848706,3.80107546,0.0119562577,0.060696546,4.42824364,0.06672097,0.000381716003,1.29800832,0.41444388
brw_1e-10,jonswap_H0.270,2,FAIL,0.336509854,0.207840309,4.05923843,0.0136857163,0.0579640344,5.06878376,0.0614561848,0.000317166676,1.28341174,0.41662091
brw_1e-10,jonswap_H0.270,3,FAIL,0.192688778,0.132745564,5.36810732,0.0120530538,0.0568032339,4.46409369,0.0272066779,0.000181022435,1.25631773,0.417670429
brw_1e-10,jonswap_H0.270,4,FAIL,0.268416792,0.464760125,2.88144565,0.0124807302,0.0563147217,4.62249231,0.0863536373,0.000130111104,1.26536524,0.418171555
brw_1e-10,jonswap_H0.270,5,FAIL,0.356298625,0.429501444,5.93389606,0.0118243573,0.0579530001,4.37939167,0.093078658,0.000226162185,1.25794101,0.417452663
brw_1e-10,jonswap_H1.500,1,FAIL,0.251249462,0.578468084,3.0131793,0.0604116656,0.269803882,4.02744436,0.0991352201,0.000200884257,2.18094516,0.811524987
brw_1e-10,jonswap_H1.500,2,FAIL,0.407455504,0.181385368,2.69178677,0.0658885166,0.259928316,4.39256763,0.0675710887,0.000210145241,2.18473244,0.810378373
brw_1e-10,jonswap_H1.500,3,FAIL,0.206130981,0.304564804,3.28928351,0.0582141578,0.25716275,3.88094378,0.0474904999,0.000296114042,2.17844152,0.810786724
brw_1e-10,jonswap_H1.500,4,PASS,0.436761111,0.150611579,1.10128248,0.060559839,0.255049586,4.03732252,0.0713938549,0.000245513453,2.18342996,0.810346067
brw_1e-10,jonswap_H1.500,5,FAIL,0.236227944,0.328000069,5.97056007,0.0567817464,0.258713543,3.7854495,0.0600960925,0.000172391548,2.17769837,0.810503185
brw_1e-10,jonswap_H4.000,1,FAIL,0.427351117,0.272642136,2.7984786,0.156859502,0.725886405,3.92148757,0.0701266229,0.000222772956,3.58984709,1.25036561
brw_1e-10,jonswap_H4.000,2,FAIL,0.232462972,0.392266899,3.75316477,0.168754727,0.71416527,4.21886826,0.0671757609,0.000241364993,3.59044552,1.24946749
brw_1e-10,jonswap_H4.000,3,FAIL,0.180748671,0.286740273,4.64030552,0.156331018,0.690051496,3.90827537,0.0416369289,0.00024879523,3.58899403,1.24857092
brw_1e-10,jonswap_H4.000,4,FAIL,0.214179382,0.659414113,2.57144761,0.164493307,0.706999838,4.11233282,0.106846131,0.000269514218,3.58989811,1.2494247
brw_1e-10,jonswap_H4.000,5,FAIL,0.41203928,0.579700291,3.59648943,0.154701576,0.720634282,3.86753941,0.117359437,0.000249294506,3.58888578,1.24740982
brw_1e-10,jonswap_H8.500,1,FAIL,0.252757609,0.48162505,2.97667885,0.339983046,1.35106945,3.99980044,0.0870428905,0.000287091854,4.22191954,1.58010566
brw_1e-10,jonswap_H8.500,2,FAIL,0.522309601,0.216573879,2.45880079,0.341005236,1.24412358,4.01182604,0.084448263,0.000258902,4.22109175,1.57632208
brw_1e-10,jonswap_H8.500,3,FAIL,0.186981097,0.184855923,3.54542994,0.342350364,1.34168088,4.02765131,0.0395557731,0.000457535643,4.22252655,1.57692933
brw_1e-10,jonswap_H8.500,4,FAIL,0.592858195,0.572281957,1.94841361,0.369496942,1.32755709,4.34702253,0.125938445,0.00037524238,4.22082567,1.57532203
brw_1e-10,jonswap_H8.500,5,FAIL,0.272551298,0.489901483,5.82671881,0.324188083,1.33387172,3.81397748,0.0838702694,0.000231734186,4.22340918,1.57683241
brw_1e-10,pmstokes_H0.270,1,FAIL,0.259269297,0.513829529,3.1753552,0.012039192,0.0593191944,4.45896006,0.0885033235,0.000210522994,1.18997025,0.464323074
brw_1e-10,pmstokes_H0.270,2,FAIL,0.369006515,0.144956023,3.81270576,0.0131489737,0.0563458055,4.86999035,0.0611967966,0.000208431113,1.17473733,0.463478357
brw_1e-10,pmstokes_H0.270,3,FAIL,0.199799061,0.135621563,5.08996582,0.011795504,0.0554602444,4.36870527,0.0278845895,0.000223080235,1.14891922,0.462060064
brw_1e-10,pmstokes_H0.270,4,FAIL,0.351214021,0.161248296,2.09343719,0.0124058332,0.0551188253,4.59475279,0.0590193383,0.000165941499,1.15747702,0.462887049
brw_1e-10,pmstokes_H0.270,5,FAIL,0.298268527,0.248859555,4.78675413,0.0118438862,0.0563513674,4.38662434,0.062681146,0.000197591711,1.14926147,0.46205315
brw_1e-10,pmstokes_H1.500,1,FAIL,0.271982163,0.361164749,3.61700177,0.0582329743,0.261577934,3.8821981,0.0575809367,0.000422109908,2.04407048,0.894539535
brw_1e-10,pmstokes_H1.500,2,FAIL,0.34043029,0.26873979,3.05872393,0.0604353063,0.245394647,4.02902031,0.0693467334,0.000384103361,2.04522014,0.893982172
brw_1e-10,pmstokes_H1.500,3,FAIL,0.215938419,0.30291912,2.93718672,0.0562467985,0.241458192,3.74978638,0.0592517965,0.000289226125,2.04274011,0.89324075
brw_1e-10,pmstokes_H1.500,4,FAIL,0.500241101,0.325288594,1.72243249,0.0585008189,0.239808932,3.90005445,0.0964637548,0.000239135319,2.04331517,0.894225061
brw_1e-10,pmstokes_H1.500,5,FAIL,0.321352363,0.322468966,5.85475063,0.0550514199,0.25023675,3.67009449,0.0795768201,0.000448246137,2.04231548,0.892285645
brw_1e-10,pmstokes_H4.000,1,FAIL,0.294034988,0.550950885,2.24659896,0.162944064,0.704537511,4.07360172,0.0960368961,0.000234344567,3.28952026,1.26662004
brw_1e-10,pmstokes_H4.000,2,FAIL,0.346919954,0.191693306,3.34672141,0.166643605,0.665574551,4.16609001,0.0548598953,0.00025849152,3.2910316,1.26662004
brw_1e-10,pmstokes_H4.000,3,FAIL,0.216997132,0.43833375,5.77826929,0.162380531,0.651044726,4.05951309,0.0874559358,0.000317281752,3.29032183,1.26747477
brw_1e-10,pmstokes_H4.000,4,FAIL,0.37336868,0.671761394,2.63536286,0.158088401,0.671551466,3.95220995,0.115938455,0.000406395964,3.29042935,1.26725042
brw_1e-10,pmstokes_H4.000,5,FAIL,0.416982502,0.475336075,3.22878432,0.148097187,0.679268003,3.70242977,0.102851018,0.000212764266,3.29187512,1.26917553
brw_1e-10,pmstokes_H8.500,1,FAIL,0.24807401,0.633213222,2.90564847,0.368387789,1.31731379,4.33397388,0.115365513,0.000359863247,4.10346127,1.66505456
brw_1e-10,pmstokes_H8.500,2,FAIL,0.488351673,0.211107269,2.45790577,0.33241576,1.18915689,3.91077352,0.0821058825,0.000361229526,4.10326815,1.66308022
brw_1e-10,pmstokes_H8.500,3,FAIL,0.189449012,0.322005749,3.74473834,0.356583953,1.27935696,4.19510508,0.0716905445,0.000469296239,4.10344315,1.66360283
brw_1e-10,pmstokes_H8.500,4,FAIL,0.551954925,0.481228977,2.00645137,0.343779802,1.2513001,4.0444684,0.110698611,0.000460644398,4.10396671,1.66326284
brw_1e-10,pmstokes_H8.500,5,FAIL,0.310968786,0.433850497,5.84017611,0.326773465,1.26394773,3.84439373,0.0733756796,0.000374437397,4.10175991,1.66373026
brw_1e-09,jonswap_H0.270,1,FAIL,0.284067363,0.388904214,3.75293159,0.0119814528,0.0604348406,4.43757486,0.0714544728,0.000195342494,1.29800832,0.41444388
brw_1e-09,jonswap_H0.270,2,FAIL,0.334168792,0.204529434,4.04661655,0.0136937778,0.0578205958,5.07176924,0.0604959354,0.000170198618,1.28341174,0.41662091
brw_1e-09,jonswap_H0.270,3,FAIL,0.191623509,0.12832199,5.39667225,0.0120587414,0.0568978861,4.46620035,0.02666994,0.000126774481,1.25631773,0.417670429
brw_1e-09,jonswap_H0.270,4,FAIL,0.272570699,0.451238334,2.84618497,0.0124856615,0.0565021448,4.62431908,0.0845587403,0.000120972458,1.26536524,0.418171555
brw_1e-09,jonswap_H0.270,5,FAIL,0.357600182,0.441708088,5.97229004,0.0118211946,0.0581556074,4.37822008,0.0945162922,0.000184312041,1.25794101,0.417452663
brw_1e-09,jonswap_H1.500,1,FAIL,0.253699183,0.556206346,3.06852245,0.0603389032,0.269923836,4.0225935,0.0954364762,0.00015813479,2.18094516,0.811524987
brw_1e-09,jonswap_H1.500,2,FAIL,0.402566642,0.189099461,2.72304392,0.0658631548,0.260616869,4.39087677,0.0676714182,0.000150744541,2.18473244,0.810378373
brw_1e-09,jonswap_H1.500,3,FAIL,0.205709577,0.292428225,3.32069445,0.0582041182,0.255814463,3.8802743,0.0490506366,0.00016325734,2.17844152,0.810786724
brw_1e-09,jonswap_H1.500,4,PASS,0.435440361,0.155470565,1.11531091,0.0605395846,0.254701525,4.03597212,0.070804283,0.000151197106,2.18342996,0.810346067
brw_1e-09,jonswap_H1.500,5,FAIL,0.236743584,0.327888757,5.97870874,0.0567652956,0.259370595,3.78435278,0.061657384,0.00011980116,2.17769837,0.810503185
brw_1e-09,jonswap_H4.000,1,FAIL,0.429335505,0.260163128,2.84552026,0.156664431,0.729314804,3.91661072,0.0691813901,0.000161958,3.58984709,1.25036561
brw_1e-09,jonswap_H4.000,2,FAIL,0.232300937,0.402843237,3.78018498,0.168651,0.718964398,4.21627522,0.0698511228,0.0001607577,3.59044552,1.24946749
brw_1e-09,jonswap_H4.000,3,FAIL,0.177898005,0.273778051,4.67574024,0.15612711,0.692293704,3.90317774,0.0423340537,0.000157198825,3.58899403,1.24857092
brw_1e-09,jonswap_H4.000,4,FAIL,0.216597468,0.657162905,2.56640124,0.164494976,0.708711207,4.11237431,0.11021138,0.000164272962,3.58989811,1.2494247
brw_1e-09,jonswap_H4.000,5,FAIL,0.408223927,0.586515248,3.62680793,0.154631689,0.726478755,3.86579227,0.119143322,0.00015764586,3.58888578,1.24740982
brw_1e-09,jonswap_H8.500,1,FAIL,0.25320369,0.460134089,3.02503681,0.338795394,1.34844673,3.98582816,0.0819791183,0.000209226157,4.22191954,1.58010566
brw_1e-09,jonswap_H8.500,2,FAIL,0.515204847,0.216764748,2.47784138,0.34151265,1.24980748,4.01779604,0.0838106275,0.00017817982,4.22109175,1.57632208
brw_1e-09,jonswap_H8.500,3,FAIL,0.187817857,0.211409152,3.65337753,0.341837049,1.32072401,4.02161217,0.038015347,0.000277360232,4.22252655,1.57692933
brw_1e-09,jonswap_H8.500,4,FAIL,0.595331609,0.550290823,1.89900005,0.371023476,1.31530809,4.36498213,0.127791271,0.000227725002,4.22082567,1.57532203
brw_1e-09,jonswap_H8.500,5,FAIL,0.273655742,0.47571826,5.7991147,0.324476004,1.33669662,3.81736469,0.0852625147,0.000146825972,4.22340918,1.57683241
brw_1e-09,pmstokes_H0.270,1,FAIL,0.25694108,0.510682762,3.18285418,0.0120413369,0.0593279079,4.45975447,0.0890705138,0.000151343425,1.18997025,0.464323074
brw_1e-09,pmstokes_H0.270,2,FAIL,0.36689347,0.14740102,3.82320452,0.0131482119,0.0564275123,4.86970806,0.0610484071,0.000147726387,1.17473733,0.463478357
brw_1e-09,pmstokes_H0.270,3,FAIL,0.198607966,0.133907482,5.10680628,0.0117939357,0.055406455,4.36812401,0.0283498261,0.00013948977,1.14891922,0.462060064
brw_1e-09,pmstokes_H0.270,4,FAIL,0.353029877,0.160070091,2.08362937,0.0124053014,0.0552427135,4.59455585,0.0590484142,0.000130983026,1.15747702,0.462887049
brw_1e-09,pmstokes_H0.270,5,FAIL,0.298255593,0.25799942,4.81985378,0.0118401442,0.0565629639,4.38523865,0.0638004541,0.000163512712,1.14926147,0.46205315
brw_1e-09,pmstokes_H1.500,1,FAIL,0.263377488,0.377391636,3.57358003,0.0583573692,0.259056598,3.89049125,0.0636976212,0.000236189313,2.04407048,0.894539535
brw_1e-09,pmstokes_H1.500,2,FAIL,0.342660487,0.263524383,3.04196906,0.0604790226,0.243504107,4.03193474,0.0668415204,0.000228171324,2.04522014,0.893982172
brw_1e-09,pmstokes_H1.500,3,FAIL,0.216907784,0.294657052,2.9682889,0.056326665,0.241584703,3.75511074,0.0555394702,0.000178749455,2.04274011,0.89324075
brw_1e-09,pmstokes_H1.500,4,FAIL,0.505197108,0.31551829,1.69042921,0.0585324913,0.239785969,3.90216589,0.094976306,0.00016950487,2.04331517,0.894225061
brw_1e-09,pmstokes_H1.500,5,FAIL,0.32608673,0.347445339,5.9292717,0.0550596938,0.247518346,3.67064619,0.0795689598,0.000277585728,2.04231548,0.892285645
brw_1e-09,pmstokes_H4.000,1,FAIL,0.299020082,0.531370044,2.29690433,0.162499532,0.707765818,4.06248808,0.0930070579,0.000178930553,3.28952026,1.26662004
brw_1e-09,pmstokes_H4.000,2,FAIL,0.34082979,0.190648317,3.37085462,0.166255623,0.669431329,4.15639067,0.0541056618,0.000179664683,3.2910316,1.26662004
brw_1e-09,pmstokes_H4.000,3,FAIL,0.219271824,0.458654314,5.82271433,0.162247345,0.650363326,4.05618382,0.0858053192,0.000190707651,3.29032183,1.26747477
brw_1e-09,pmstokes_H4.000,4,FAIL,0.374415159,0.66017127,2.61035514,0.157953843,0.667315722,3.9488461,0.119594008,0.000246575131,3.29042935,1.26725042
brw_1e-09,pmstokes_H4.000,5,FAIL,0.418649018,0.470757037,3.23342705,0.148250639,0.684057474,3.70626593,0.104075976,0.000150427761,3.29187512,1.26917553
brw_1e-09,pmstokes_H8.500,1,FAIL,0.255520999,0.609632015,2.95213032,0.365320951,1.30625069,4.29789352,0.108331345,0.000247326767,4.10346127,1.66505456
brw_1e-09,pmstokes_H8.500,2,FAIL,0.489252687,0.204703957,2.4637866,0.33166185,1.18559086,3.90190411,0.0797570795,0.000239321831,4.10326815,1.66308022
brw_1e-09,pmstokes_H8.500,3,FAIL,0.188523293,0.362356305,3.849401,0.355558217,1.26139593,4.18303776,0.0699549168,0.00029422564,4.10344315,1.66360283
brw_1e-09,pmstokes_H8.500,4,FAIL,0.560868323,0.459924519,1.95496821,0.343852252,1.22997355,4.04532051,0.112752154,0.000273141515,4.10396671,1.66326284
brw_1e-09,pmstokes_H8.500,5,FAIL,0.299860775,0.407697409,5.77124786,0.32666418,1.25141573,3.84310794,0.0751063898,0.000211398903,4.10175991,1.66373026
brw_1e-08,jonswap_H0.270,1,FAIL,0.279088348,0.416568041,3.68348932,0.0120043494,0.0609808341,4.44605541,0.0758536607,0.000176275906,1.29800832,0.41444388
brw_1e-08,jonswap_H0.270,2,FAIL,0.338770568,0.192464128,4.00489426,0.0137033248,0.0582998618,5.07530546,0.0597268417,0.000162915632,1.28341174,0.41662091
brw_1e-08,jonswap_H0.270,3,FAIL,0.193633959,0.1232742,5.45461798,0.0120699732,0.0573762134,4.47036028,0.0259384662,0.000155471804,1.25631773,0.417670429
brw_1e-08,jonswap_H0.270,4,FAIL,0.279874831,0.425263137,2.78345346,0.0124942223,0.0570731722,4.62748957,0.0811184868,0.000162718279,1.26536524,0.418171555
brw_1e-08,jonswap_H0.270,5,FAIL,0.356488973,0.43991828,5.9662838,0.0118223922,0.0587187149,4.37866354,0.0939968973,0.000220943417,1.25794101,0.417452663
brw_1e-08,jonswap_H1.500,1,FAIL,0.259684831,0.520193279,3.16791868,0.0602196343,0.272511929,4.01464224,0.0894122049,0.000175525056,2.18094516,0.811524987
brw_1e-08,jonswap_H1.500,2,FAIL,0.397165,0.208233237,2.7773478,0.065846391,0.263563693,4.38975906,0.0680942759,0.000178228976,2.18473244,0.810378373
brw_1e-08,jonswap_H1.500,3,FAIL,0.202137008,0.34215343,3.19984555,0.058186207,0.258552194,3.8790803,0.0579597391,0.000163950506,2.17844152,0.810786724
brw_1e-08,jonswap_H1.500,4,PASS,0.425815761,0.187147975,1.21599305,0.0605131127,0.257594407,4.03420734,0.0705953464,0.000169819832,2.18342996,0.810346067
brw_1e-08,jonswap_H1.500,5,FAIL,0.242045283,0.348091573,6.0353775,0.0567401573,0.262158155,3.78267694,0.0653732792,0.000166229467,2.17769837,0.810503185
brw_1e-08,jonswap_H4.000,1,FAIL,0.439100802,0.24166593,2.94009733,0.156338438,0.746314883,3.90846086,0.067770198,0.000196005407,3.58984709,1.25036561
brw_1e-08,jonswap_H4.000,2,FAIL,0.231222972,0.434362441,3.85128784,0.168466091,0.737545133,4.21165228,0.0741313174,0.00020234508,3.59044552,1.24946749
brw_1e-08,jonswap_H4.000,3,FAIL,0.178689376,0.308735162,4.59262991,0.155484036,0.708724618,3.88710093,0.0485589206,0.00018258355,3.58899403,1.24857092
brw_1e-08,jonswap_H4.000,4,FAIL,0.212800384,0.697638214,2.65611649,0.164629921,0.727105558,4.11574793,0.117774196,0.000192647814,3.58989811,1.2494247
brw_1e-08,jonswap_H4.000,5,FAIL,0.412400842,0.60845679,3.68464184,0.154774576,0.745141089,3.8693645,0.122540548,0.000190776729,3.58888578,1.24740982
brw_1e-08,jonswap_H8.500,1,FAIL,0.254195839,0.41251719,3.16201758,0.336719692,1.36697328,3.96140814,0.0717995912,0.000194271081,4.22191954,1.58010566
brw_1e-08,jonswap_H8.500,2,FAIL,0.50398767,0.239817157,2.57254434,0.343045115,1.2809211,4.03582478,0.0833220258,0.000218774279,4.22109175,1.57632208
brw_1e-08,jonswap_H8.500,3,FAIL,0.187156111,0.202482969,3.55216789,0.340051502,1.33667552,4.00060606,0.0287117288,0.000202737603,4.22252655,1.57692933
brw_1e-08,jonswap_H8.500,4,FAIL,0.583101153,0.594052136,2.00446701,0.375932455,1.33599639,4.42273474,0.134113625,0.000186036021,4.22082567,1.57532203
brw_1e-08,jonswap_H8.500,5,FAIL,0.277367324,0.479763031,5.80679131,0.324825257,1.36266387,3.8214736,0.0876173973,0.000184900317,4.22340918,1.57683241
brw_1e-08,pmstokes_H0.270,1,FAIL,0.258516461,0.506543338,3.19717169,0.0120394798,0.0598348454,4.45906639,0.0887597054,0.000166859856,1.18997025,0.464323074
brw_1e-08,pmstokes_H0.270,2,FAIL,0.367389143,0.150105208,3.82344604,0.0131489318,0.0569153987,4.86997461,0.0610876381,0.000165659512,1.17473733,0.463478357
brw_1e-08,pmstokes_H0.270,3,FAIL,0.198191598,0.148600474,5.05861759,0.0117831612,0.0557998158,4.36413383,0.0300664548,0.000158232928,1.14891922,0.462060064
brw_1e-08,pmstokes_H0.270,4,FAIL,0.353579849,0.163963914,2.08810592,0.0124035347,0.0557533875,4.59390163,0.0591000542,0.000164083162,1.15747702,0.462887049
brw_1e-08,pmstokes_H0.270,5,FAIL,0.298736364,0.261251181,4.82833624,0.0118395491,0.0571140498,4.38501787,0.063998647,0.000184267381,1.14926147,0.46205315
brw_1e-08,pmstokes_H1.500,1,FAIL,0.255976617,0.429622829,3.43693614,0.0585610792,0.261379749,3.90407181,0.0734941214,0.000174485205,2.04407048,0.894539535
brw_1e-08,pmstokes_H1.500,2,FAIL,0.355780154,0.23089537,2.93456769,0.0605409518,0.245485425,4.03606319,0.0635409057,0.000182162112,2.04522014,0.893982172
brw_1e-08,pmstokes_H1.500,3,FAIL,0.211938888,0.229886919,3.16239262,0.0565911457,0.245418236,3.77274299,0.0430196747,0.000165484395,2.04274011,0.89324075
brw_1e-08,pmstokes_H1.500,4,PASS,0.51945132,0.27209115,1.57372665,0.058593858,0.242738336,3.90625715,0.0923003256,0.000172646964,2.04331517,0.894225061
brw_1e-08,pmstokes_H1.500,5,FAIL,0.326398015,0.347294599,5.92541981,0.0550952367,0.248833269,3.67301559,0.0772935972,0.000174602377,2.04231548,0.892285645
brw_1e-08,pmstokes_H4.000,1,FAIL,0.309606284,0.490037054,2.42104602,0.161492944,0.723193765,4.03732347,0.0861307085,0.000196626585,3.28952026,1.26662004
brw_1e-08,pmstokes_H4.000,2,FAIL,0.332519293,0.208903447,3.45772791,0.165666774,0.68712008,4.14166927,0.0539197735,0.000207365651,3.2910316,1.26662004
brw_1e-08,pmstokes_H4.000,3,FAIL,0.225135267,0.429496974,5.73632669,0.161272481,0.664166152,4.03181219,0.0781209767,0.000184337259,3.29032183,1.26747477
brw_1e-08,pmstokes_H4.000,4,FAIL,0.360722482,0.719481647,2.7486093,0.158106461,0.682367325,3.95266151,0.130553663,0.000196180787,3.29042935,1.26725042
brw_1e-08,pmstokes_H4.000,5,FAIL,0.421502203,0.475798815,3.24700356,0.14837265,0.702012122,3.70931625,0.105410337,0.000202942028,3.29187512,1.26917553
brw_1e-08,pmstokes_H8.500,1,FAIL,0.264639705,0.547534764,3.11674666,0.360252976,1.3184036,4.23827028,0.0950289369,0.000200097638,4.10346127,1.66505456
brw_1e-08,pmstokes_H8.500,2,FAIL,0.479845017,0.212372392,2.58051348,0.330744147,1.21194947,3.89110756,0.076629281,0.000223183146,4.10326815,1.66308022
brw_1e-08,pmstokes_H8.500,3,FAIL,0.185409218,0.34235546,3.76658249,0.350981086,1.28138673,4.12918901,0.0597527437,0.000210535829,4.10344315,1.66360283
brw_1e-08,pmstokes_H8.500,4,FAIL,0.544294298,0.530985534,2.12421417,0.345673859,1.24636936,4.066751,0.120986141,0.00019790091,4.10396671,1.66326284
brw_1e-08,pmstokes_H8.500,5,FAIL,0.299185514,0.417922914,5.7893033,0.327076703,1.26803851,3.84796119,0.0793832764,0.000184763921,4.10175991,1.66373026
