family,arm,engine,seed,record,live_s,seed_mps2,true_bz_at_live_mps2,x_startup_rms_m,x_gated_rms_m,x_ref_gated_rms_m,y_startup_rms_m,y_gated_rms_m,y_ref_gated_rms_m,z_startup_rms_m,z_gated_rms_m,z_ref_gated_rms_m,z_peak_300_m,z_ref_startup_rms_m,roll_startup_rms_deg,roll_gated_rms_deg,pitch_startup_rms_deg,pitch_gated_rms_deg,yaw_startup_rms_deg,yaw_gated_rms_deg
OU-II,deployed,off,default,gerstner_H0.270,31.8377,nan,0.0482045,0.0200478,0.0155107,0.0159078,0.0143458,0.00970563,0,1.73509,0.0215092,0.078711,2.83387,0.0788203,0.0412883,0.164728,0.149055,0.144679,2.79679,2.05073
OU-II,deployed,off,default,gerstner_H1.500,31.8377,nan,0.0482045,0.16224,0.127029,0.301023,0.0657533,0.0698551,0,6.54023,0.134427,0.566316,10.9867,0.567006,0.0558768,0.167078,0.221499,0.173731,2.81078,2.15887
OU-II,deployed,off,default,gerstner_H4.000,32.8928,nan,0.0480436,0.642688,0.440159,1.07262,0.17621,0.165011,0,15.1872,0.347603,1.46764,28.9541,1.4709,0.0776572,0.179772,0.435263,0.124299,2.83166,2.01511
OU-II,deployed,off,default,gerstner_H8.500,36.0235,nan,0.0491264,1.99133,1.08813,2.55542,0.356915,0.32253,0,22.7932,0.722295,3.06514,44.0423,3.08196,0.0967229,0.186437,1.06859,0.191139,3.25421,2.14745
OU-II,deployed,off,default,cnoidal_H0.270,33.1829,nan,0.0480103,0.0310815,0.0309089,0.030964,0.0002651,0.00011026,0,0.132663,0.0501258,0.0522243,0.250722,0.052182,0.0347295,0.149622,0.17557,1.1822,2.8174,4.5789
OU-II,deployed,off,default,cnoidal_H1.500,35.8735,nan,0.0492018,0.234289,0.234322,0.230151,0.000600438,0.00115722,0,0.293928,0.271358,0.272238,0.552065,0.271661,0.0347052,0.154962,0.260103,2.02496,2.81114,6.71576
OU-II,deployed,off,default,cnoidal_H4.000,39.6393,nan,0.0497179,0.682635,0.682593,0.659043,0.00172873,0.00373195,0,0.771382,0.744813,0.713867,1.40239,0.710129,0.0347463,0.157992,0.527345,1.98377,3.56826,6.16706
OU-II,deployed,off,default,cnoidal_H8.500,36.5686,nan,0.0490855,1.44817,1.46642,1.41758,0.00209707,0.00294487,0,1.61137,1.61559,1.47381,2.80559,1.49164,0.0327208,0.179147,0.524419,0.918366,3.14581,2.91712
OU-II,deployed,off,default,fenton_H0.270,31.8377,nan,0.0482048,0.0190777,0.0154339,0.0158745,0.0133143,0.00963755,0,1.597,0.0214785,0.078717,2.66095,0.0787619,0.0391169,0.164919,0.146713,0.139163,2.81695,2.02692
OU-II,deployed,off,default,fenton_H1.500,31.8377,nan,0.0482048,0.160284,0.12603,0.299977,0.065083,0.0695075,0,6.53264,0.133549,0.566739,10.8793,0.566402,0.0574435,0.168687,0.187943,0.155625,2.77435,2.11218
OU-II,deployed,off,default,fenton_H4.000,32.5027,nan,0.048022,0.64193,0.435135,1.06918,0.163874,0.167854,0,14.9316,0.346064,1.46837,28.3381,1.471,0.0744288,0.176814,0.528588,0.206447,2.92473,2.21779
OU-II,deployed,off,default,fenton_H8.500,35.1533,nan,0.0490263,1.99123,1.08051,2.5493,0.306023,0.319873,0,21.3564,0.714113,3.06624,43.2664,3.08274,0.103311,0.192495,0.916725,0.149523,3.10055,2.06697
OU-II,deployed,off,default,jonswap_H0.270,31.8377,nan,0.0482045,0.0162841,0.00884713,0.00935647,0.0117171,0.00702703,0.00416604,1.68971,0.0162498,0.0534438,2.99396,0.0544531,0.0376127,0.225206,0.148792,0.146353,2.75082,0.510495
OU-II,deployed,off,default,jonswap_H1.500,31.8377,nan,0.0482045,0.089046,0.083732,0.164757,0.0523478,0.0598686,0.0717971,4.72065,0.0994352,0.390972,8.30617,0.352913,0.0598735,0.148317,0.161118,0.167814,2.88177,0.61942
OU-II,deployed,off,default,jonswap_H4.000,31.8377,nan,0.0482045,0.279159,0.269538,0.588407,0.19187,0.179963,0.311768,10.3312,0.253988,1.04309,18.0937,0.831127,0.0747349,0.157345,0.202688,0.185707,2.67989,0.697226
OU-II,deployed,off,default,jonswap_H8.500,31.8377,nan,0.0482045,0.733759,0.626421,1.3709,0.444398,0.443859,0.834738,22.3625,0.514007,2.15464,43.9217,1.74296,0.159322,0.215153,0.38686,0.206708,3.397,0.605529
OU-II,deployed,off,default,pmstokes_H0.270,31.8377,nan,0.0482045,0.016293,0.0085223,0.00881326,0.0117998,0.00682254,0.00430301,1.78489,0.0156789,0.0499133,3.20352,0.0498557,0.0379347,0.220575,0.148516,0.148294,2.73099,0.727103
OU-II,deployed,off,default,pmstokes_H1.500,31.8377,nan,0.0482045,0.0847764,0.0798419,0.15315,0.0516761,0.0576286,0.0700072,4.17638,0.0964737,0.385566,7.17974,0.347642,0.0589639,0.146003,0.162013,0.168928,2.85324,0.455309
OU-II,deployed,off,default,pmstokes_H4.000,31.8377,nan,0.0482045,0.272589,0.258694,0.560845,0.182601,0.176158,0.299666,9.56635,0.247944,1.04038,16.5239,0.84498,0.0801798,0.155275,0.210206,0.179942,2.50929,0.526083
OU-II,deployed,off,default,pmstokes_H8.500,31.8377,nan,0.0482045,0.794925,0.614415,1.35069,0.446266,0.425379,0.791527,19.3653,0.508253,2.16784,37.9263,1.78784,0.183981,0.228069,0.384963,0.218729,3.39114,0.505121
OU-II,deployed,off,11,gerstner_H0.270,31.8377,nan,-0.0240258,0.0147186,0.0153578,0.0159078,0.00990793,0.00893911,0,0.500881,0.0204762,0.078711,0.798188,0.0788203,0.320226,0.234887,0.213943,0.198849,3.25189,3.92284
OU-II,deployed,off,11,gerstner_H1.500,31.8377,nan,-0.0240258,0.147507,0.125119,0.301023,0.0568085,0.0628342,0,3.21911,0.130694,0.566316,5.37881,0.567006,0.332038,0.23463,0.274296,0.2196,3.31898,3.98895
OU-II,deployed,off,11,gerstner_H4.000,35.7534,nan,-0.0236822,0.630987,0.434473,1.07262,0.146785,0.152277,0,7.30039,0.342231,1.46764,13.9498,1.4709,0.345422,0.23776,0.709342,0.253372,3.72336,4.02581
OU-II,deployed,off,11,gerstner_H8.500,35.8134,nan,-0.0236467,2.09193,1.08234,2.55542,0.305889,0.304491,0,10.9653,0.718622,3.06514,22.3174,3.08196,0.367505,0.238178,1.0328,0.245396,3.61604,3.99097
OU-II,deployed,off,11,cnoidal_H0.270,31.8377,nan,-0.0240258,0.0310598,0.030908,0.030964,0.000113866,0.000111424,0,0.0559995,0.0501481,0.0522243,0.111162,0.052182,0.312239,0.2436,0.238475,1.22628,3.14251,5.8536
OU-II,deployed,off,11,cnoidal_H1.500,34.9933,nan,-0.0236104,0.234065,0.234278,0.230151,0.00072578,0.00135214,0,0.267651,0.271368,0.272238,0.492112,0.271661,0.314024,0.23767,0.277074,2.05658,3.18281,7.63807
OU-II,deployed,off,11,cnoidal_H4.000,38.8991,nan,-0.0232109,0.683576,0.682453,0.659043,0.0024946,0.00508799,0,0.713734,0.744823,0.713867,1.27613,0.710129,0.309386,0.242713,0.551544,2.04658,4.16661,8.09994
OU-II,deployed,off,11,cnoidal_H8.500,37.0587,nan,-0.0235439,1.45011,1.46607,1.41758,0.00467758,0.00551785,0,1.55232,1.61545,1.47381,2.44053,1.49164,0.307551,0.220902,0.540352,1.00873,4.82798,5.89085
OU-II,deployed,off,11,fenton_H0.270,31.8377,nan,-0.0240354,0.0146849,0.0153042,0.0158745,0.00995075,0.00890154,0,0.512008,0.0204765,0.078717,0.832677,0.0787619,0.320181,0.234951,0.214668,0.20155,3.2623,3.92746
OU-II,deployed,off,11,fenton_H1.500,31.8377,nan,-0.0240354,0.147192,0.124226,0.299977,0.0582235,0.0633669,0,3.19431,0.13001,0.566739,5.37508,0.566402,0.329808,0.233337,0.241197,0.228222,3.30385,4.01176
OU-II,deployed,off,11,fenton_H4.000,34.2081,nan,-0.0239491,0.665505,0.432092,1.06918,0.123512,0.151604,0,7.54279,0.339773,1.46837,14.3562,1.471,0.343292,0.239074,0.549055,0.21409,3.33424,3.96739
OU-II,deployed,off,11,fenton_H8.500,35.3433,nan,-0.0233047,2.10314,1.07248,2.5493,0.223034,0.310227,0,13.0724,0.712109,3.06624,23.9923,3.08274,0.352892,0.234682,0.999869,0.251569,3.59212,4.0259
OU-II,deployed,off,11,jonswap_H0.270,31.8377,nan,-0.0240258,0.00777257,0.00828813,0.00935647,0.006705,0.00632898,0.00416604,0.339554,0.0159084,0.0534438,0.583346,0.0544531,0.316067,0.176859,0.208231,0.186326,3.0401,2.55461
OU-II,deployed,off,11,jonswap_H1.500,31.8377,nan,-0.0240258,0.0775617,0.0826857,0.164757,0.0502037,0.0554757,0.0717971,2.27318,0.0950957,0.390972,4.03831,0.352913,0.330132,0.242267,0.216223,0.210237,3.21368,3.66527
OU-II,deployed,off,11,jonswap_H4.000,31.8377,nan,-0.0240258,0.243501,0.265688,0.588407,0.18589,0.17242,0.311768,5.12846,0.251187,1.04309,8.9123,0.831127,0.333719,0.213827,0.243508,0.205675,3.06918,2.23397
OU-II,deployed,off,11,jonswap_H8.500,31.8377,nan,-0.0240258,0.678843,0.623238,1.3709,0.423161,0.422013,0.834738,11.2285,0.511936,2.15464,22.0663,1.74296,0.377968,0.216098,0.398132,0.228696,3.1464,3.51085
OU-II,deployed,off,11,pmstokes_H0.270,31.8377,nan,-0.0240258,0.00785294,0.00802044,0.00881326,0.00658575,0.00618224,0.00430301,0.330099,0.015436,0.0499133,0.605193,0.0498557,0.316054,0.178878,0.208448,0.190863,3.04697,2.67818
OU-II,deployed,off,11,pmstokes_H1.500,31.8377,nan,-0.0240258,0.0725158,0.0792141,0.15315,0.0490227,0.0543692,0.0700072,2.01503,0.0928706,0.385566,3.52441,0.347642,0.330047,0.24708,0.216377,0.20705,3.20272,3.46953
OU-II,deployed,off,11,pmstokes_H4.000,31.8377,nan,-0.0240258,0.246568,0.25487,0.560845,0.178518,0.170412,0.299666,4.76704,0.247305,1.04038,8.25166,0.84498,0.337549,0.21599,0.254049,0.205799,3.03166,2.46689
OU-II,deployed,off,11,pmstokes_H8.500,31.8377,nan,-0.0240258,0.746254,0.610879,1.35069,0.426368,0.402654,0.791527,9.78963,0.50465,2.16784,19.2977,1.78784,0.392918,0.207759,0.400057,0.226456,3.20537,3.33114
OU-II,deployed,off,23,gerstner_H0.270,31.8377,nan,-0.0488114,0.0149589,0.0154281,0.0159078,0.0106339,0.00895212,0,1.01967,0.0202185,0.078711,1.61724,0.0788203,0.542312,0.622412,0.064188,0.0771415,3.12622,2.55576
OU-II,deployed,off,23,gerstner_H1.500,31.8377,nan,-0.0488114,0.148988,0.126226,0.301023,0.0591712,0.0619555,0,6.49887,0.129159,0.566316,10.7512,0.567006,0.549426,0.637308,0.162792,0.0753675,3.02305,2.51134
OU-II,deployed,off,23,gerstner_H4.000,32.7178,nan,-0.0490375,0.626293,0.438374,1.07262,0.130329,0.143407,0,15.1102,0.340508,1.46764,28.5121,1.4709,0.548294,0.634858,0.406442,0.0650857,3.02289,2.37725
OU-II,deployed,off,23,gerstner_H8.500,35.7434,nan,-0.0483697,2.13372,1.09419,2.55542,0.26742,0.280317,0,22.3722,0.720594,3.06514,44.8676,3.08196,0.544078,0.636028,1.02913,0.0892363,3.3764,2.52493
OU-II,deployed,off,23,cnoidal_H0.270,31.8377,nan,-0.0488114,0.0310852,0.0309231,0.030964,0.000140279,0.000103733,0,0.0836537,0.0501413,0.0522243,0.195245,0.052182,0.52399,0.584955,0.0677391,1.02276,2.77199,1.42888
OU-II,deployed,off,23,cnoidal_H1.500,31.8377,nan,-0.0488114,0.234913,0.234423,0.230151,0.00100506,0.000728137,0,0.299629,0.271401,0.272238,0.565847,0.271661,0.527282,0.590159,0.260281,1.83569,3.00012,3.37058
OU-II,deployed,off,23,cnoidal_H4.000,38.6441,nan,-0.0473587,0.684198,0.682969,0.659043,0.00315824,0.00198038,0,0.771871,0.74497,0.713867,1.4128,0.710129,0.5237,0.600818,0.410845,1.7617,4.55252,2.1611
OU-II,deployed,off,23,cnoidal_H8.500,37.1687,nan,-0.0481756,1.45057,1.46619,1.41758,0.00507716,0.00432711,0,1.60757,1.61549,1.47381,2.80396,1.49164,0.5173,0.619296,0.530922,0.731546,4.57054,3.6133
OU-II,deployed,off,23,fenton_H0.270,31.8377,nan,-0.048821,0.0149745,0.0153793,0.0158745,0.0105351,0.00891406,0,1.09172,0.0202224,0.078717,1.81843,0.0787619,0.542794,0.622648,0.0615871,0.0716903,3.10649,2.54402
OU-II,deployed,off,23,fenton_H1.500,31.8377,nan,-0.048821,0.14826,0.125301,0.299977,0.0600899,0.0624236,0,6.47147,0.128637,0.566739,10.7719,0.566402,0.550903,0.63832,0.135702,0.0639419,3.01786,2.4625
OU-II,deployed,off,23,fenton_H4.000,33.738,nan,-0.0485361,0.675022,0.436906,1.06918,0.132486,0.144033,0,15.1394,0.337465,1.46837,28.8321,1.471,0.546358,0.633913,0.442635,0.0989997,3.05999,2.55475
OU-II,deployed,off,23,fenton_H8.500,35.4234,nan,-0.0480389,2.1497,1.08374,2.5493,0.290831,0.282026,0,24.4355,0.714532,3.06624,46.4079,3.08274,0.549018,0.64198,0.929613,0.0831156,3.10463,2.40901
OU-II,deployed,off,23,jonswap_H0.270,31.8377,nan,-0.0488114,0.00838074,0.00829283,0.00935647,0.00830702,0.00636047,0.00416604,0.737565,0.0155229,0.0534438,1.22377,0.0544531,0.540559,0.690107,0.0637268,0.0823991,3.19286,1.76654
OU-II,deployed,off,23,jonswap_H1.500,31.8377,nan,-0.0488114,0.0804429,0.084154,0.164757,0.0537028,0.0562379,0.0717971,4.5924,0.0967366,0.390972,8.09653,0.352913,0.550944,0.630832,0.0888211,0.0832337,3.18316,2.21804
OU-II,deployed,off,23,jonswap_H4.000,31.8377,nan,-0.0488114,0.24003,0.266271,0.588407,0.174967,0.171004,0.311768,10.3956,0.244566,1.04309,17.8971,0.831127,0.558269,0.675429,0.129897,0.0947014,2.97582,0.684184
OU-II,deployed,off,23,jonswap_H8.500,31.8377,nan,-0.0488114,0.675553,0.636218,1.3709,0.435587,0.427035,0.834738,22.5126,0.519845,2.15464,44.119,1.74296,0.549108,0.6656,0.3229,0.100211,3.5789,2.22427
OU-II,deployed,off,23,pmstokes_H0.270,31.8377,nan,-0.0488114,0.00845294,0.00804111,0.00881326,0.00827935,0.00619868,0.00430301,0.705789,0.0151322,0.0499133,1.24816,0.0498557,0.540238,0.688852,0.0633238,0.0803053,3.19024,1.77474
OU-II,deployed,off,23,pmstokes_H1.500,31.8377,nan,-0.0488114,0.0755043,0.0802637,0.15315,0.0524495,0.0549936,0.0700072,4.06368,0.0945643,0.385566,7.04121,0.347642,0.550478,0.624959,0.085263,0.0868606,3.17248,2.24304
OU-II,deployed,off,23,pmstokes_H4.000,31.8377,nan,-0.0488114,0.245279,0.255577,0.560845,0.169818,0.169074,0.299666,9.66535,0.240758,1.04038,16.5751,0.84498,0.556762,0.673563,0.137842,0.0911451,2.91446,0.49225
OU-II,deployed,off,23,pmstokes_H8.500,31.8377,nan,-0.0488114,0.745131,0.623575,1.35069,0.447424,0.411412,0.791527,19.5973,0.512509,2.16784,38.3981,1.78784,0.551016,0.678602,0.33238,0.107361,3.51439,2.37886
OU-II,deployed,off,202,gerstner_H0.270,31.8377,nan,-0.0581087,0.0153055,0.0153477,0.0159078,0.0100813,0.00883454,0,1.2566,0.0205475,0.078711,1.9989,0.0788203,0.231577,0.314144,0.263616,0.24626,0.202549,1.08947
OU-II,deployed,off,202,gerstner_H1.500,31.8377,nan,-0.0581087,0.147928,0.124724,0.301023,0.0570732,0.0593524,0,7.67917,0.131178,0.566316,12.6923,0.567006,0.233413,0.32419,0.313494,0.259384,0.407234,1.16715
OU-II,deployed,off,202,gerstner_H4.000,33.4829,nan,-0.058146,0.69139,0.432331,1.07262,0.124551,0.134946,0,17.7566,0.343917,1.46764,33.687,1.4709,0.230075,0.321789,0.478183,0.335929,0.804572,1.33122
OU-II,deployed,off,202,gerstner_H8.500,35.7084,nan,-0.0575635,2.15242,1.07903,2.55542,0.254568,0.256568,0,26.5346,0.72701,3.06514,53.0508,3.08196,0.237916,0.323247,1.00366,0.288772,1.67872,1.20282
OU-II,deployed,off,202,cnoidal_H0.270,31.8377,nan,-0.0581087,0.0310701,0.0309008,0.030964,0.000131208,9.7883e-05,0,0.102837,0.0501468,0.0522243,0.250712,0.052182,0.222911,0.289621,0.279526,1.28231,0.376733,4.06993
OU-II,deployed,off,202,cnoidal_H1.500,31.8377,nan,-0.0581087,0.234808,0.234235,0.230151,0.000490172,0.00102593,0,0.315782,0.27137,0.272238,0.608736,0.271661,0.224423,0.298069,0.268662,2.09371,0.405013,6.34526
OU-II,deployed,off,202,cnoidal_H4.000,38.554,nan,-0.0564041,0.684031,0.682513,0.659043,0.00132841,0.00338381,0,0.80138,0.744747,0.713867,1.50862,0.710129,0.223038,0.300239,0.578013,2.05547,2.10782,5.6351
OU-II,deployed,off,202,cnoidal_H8.500,37.2388,nan,-0.0571982,1.45111,1.4663,1.41758,0.00127553,0.00216163,0,1.63585,1.61546,1.47381,2.93924,1.49164,0.219017,0.31543,0.549614,0.977563,1.59939,1.99661
OU-II,deployed,off,202,fenton_H0.270,31.8377,nan,-0.0581183,0.0152762,0.0152999,0.0158745,0.0103382,0.00879875,0,1.36148,0.0205548,0.078717,2.26348,0.0787619,0.231519,0.31432,0.267108,0.253539,0.239392,1.10477
OU-II,deployed,off,202,fenton_H1.500,31.8377,nan,-0.0581183,0.147106,0.12377,0.299977,0.0576427,0.0599527,0,7.65715,0.130635,0.566739,12.7315,0.566402,0.234362,0.324947,0.287291,0.280078,0.38448,1.22278
OU-II,deployed,off,202,fenton_H4.000,32.6828,nan,-0.0585043,0.624391,0.430925,1.06918,0.13212,0.134414,0,18.0322,0.340486,1.46837,34.1282,1.471,0.235187,0.320415,0.582468,0.235363,0.782363,1.09719
OU-II,deployed,off,202,fenton_H8.500,35.4434,nan,-0.057378,2.15242,1.06828,2.5493,0.239682,0.262521,0,28.5419,0.72093,3.06624,54.4772,3.08274,0.233798,0.327635,1.04169,0.319135,1.20192,1.27217
OU-II,deployed,off,202,jonswap_H0.270,31.8377,nan,-0.0581087,0.00854415,0.00824746,0.00935647,0.0075157,0.00634034,0.00416604,0.96085,0.0157486,0.0534438,1.57233,0.0544531,0.232822,0.385483,0.25687,0.232023,0.275386,0.601462
OU-II,deployed,off,202,jonswap_H1.500,31.8377,nan,-0.0581087,0.0795228,0.0831813,0.164757,0.0513194,0.0554902,0.0717971,5.43584,0.0969768,0.390972,9.55282,0.352913,0.23803,0.318359,0.26181,0.247076,0.549254,1.07275
OU-II,deployed,off,202,jonswap_H4.000,31.8377,nan,-0.0581087,0.240594,0.263885,0.588407,0.180443,0.170837,0.311768,12.2759,0.248081,1.04309,21.1132,0.831127,0.248247,0.368892,0.288713,0.237178,0.317899,0.681083
OU-II,deployed,off,202,jonswap_H8.500,31.8377,nan,-0.0581087,0.671134,0.627525,1.3709,0.42654,0.423699,0.834738,26.6014,0.520084,2.15464,52.1289,1.74296,0.254572,0.351686,0.417488,0.253815,1.21457,1.31135
OU-II,deployed,off,202,pmstokes_H0.270,31.8377,nan,-0.0581087,0.00855072,0.00801915,0.00881326,0.00734972,0.00618173,0.00430301,0.92836,0.0153191,0.0499133,1.60486,0.0498557,0.232621,0.383162,0.257353,0.236321,0.25137,0.719517
OU-II,deployed,off,202,pmstokes_H1.500,31.8377,nan,-0.0581087,0.0747882,0.0794528,0.15315,0.0503208,0.054346,0.0700072,4.81236,0.0947352,0.385566,8.32161,0.347642,0.236975,0.311988,0.261562,0.242388,0.530129,1.11157
OU-II,deployed,off,202,pmstokes_H4.000,31.8377,nan,-0.0581087,0.244877,0.252989,0.560845,0.174484,0.168873,0.299666,11.4035,0.244409,1.04038,19.5375,0.84498,0.247816,0.366258,0.300213,0.241746,0.266136,0.879378
OU-II,deployed,off,202,pmstokes_H8.500,31.8377,nan,-0.0581087,0.740856,0.615168,1.35069,0.435098,0.40747,0.791527,23.1623,0.512758,2.16784,45.3445,1.78784,0.26262,0.363659,0.419388,0.243785,1.2048,1.47425
OU-II,deployed,off,3033,gerstner_H0.270,31.8377,nan,-0.0569939,0.0156466,0.0154025,0.0159078,0.00973793,0.00896272,0,1.22135,0.0202106,0.078711,1.93968,0.0788203,0.0278946,0.103712,0.0656119,0.0794599,4.71155,5.433
OU-II,deployed,off,3033,gerstner_H1.500,31.8377,nan,-0.0569939,0.150435,0.126355,0.301023,0.057949,0.0646014,0,7.51642,0.129137,0.566316,12.4257,0.567006,0.0324884,0.109857,0.163486,0.0791543,4.77152,5.47753
OU-II,deployed,off,3033,gerstner_H4.000,32.7428,nan,-0.0573191,0.645302,0.437775,1.07262,0.15489,0.164451,0,17.5706,0.340132,1.46764,33.0937,1.4709,0.0398381,0.109833,0.435059,0.0647127,4.83202,5.63151
OU-II,deployed,off,3033,gerstner_H8.500,35.7134,nan,-0.0564409,2.14447,1.09184,2.55542,0.372603,0.337193,0,25.9384,0.721749,3.06514,51.8861,3.08196,0.0566638,0.113541,1.02226,0.0904378,4.98103,5.49338
OU-II,deployed,off,3033,cnoidal_H0.270,31.8377,nan,-0.0569939,0.0310928,0.0309224,0.030964,0.000134119,0.000112003,0,0.0998375,0.0501467,0.0522243,0.242511,0.052182,0.0253215,0.0903741,0.0678486,1.00816,4.76868,7.77226
OU-II,deployed,off,3033,cnoidal_H1.500,31.8377,nan,-0.0569939,0.234939,0.234377,0.230151,0.000901634,0.00153862,0,0.313571,0.271423,0.272238,0.604356,0.271661,0.0257905,0.0993829,0.260465,1.82571,4.68542,9.63974
OU-II,deployed,off,3033,cnoidal_H4.000,38.519,nan,-0.0552206,0.684199,0.68263,0.659043,0.00279173,0.00565712,0,0.797328,0.744895,0.713867,1.49525,0.710129,0.0242282,0.101814,0.410087,1.78591,4.95944,9.5309
OU-II,deployed,off,3033,cnoidal_H8.500,37.2388,nan,-0.0560834,1.45078,1.46598,1.41758,0.00429409,0.00583243,0,1.6317,1.61549,1.47381,2.92132,1.49164,0.0233555,0.113007,0.530516,0.793381,5.36494,6.65467
OU-II,deployed,off,3033,fenton_H0.270,31.8377,nan,-0.0570035,0.0155521,0.0153563,0.0158745,0.0100999,0.00892512,0,1.32134,0.0202194,0.078717,2.19705,0.0787619,0.0281473,0.103698,0.0622138,0.0731792,4.73446,5.44646
OU-II,deployed,off,3033,fenton_H1.500,31.8377,nan,-0.0570035,0.148599,0.125424,0.299977,0.0598772,0.0651683,0,7.49244,0.128541,0.566739,12.4617,0.566402,0.0347104,0.110798,0.136146,0.0650093,4.77609,5.5309
OU-II,deployed,off,3033,fenton_H4.000,38.9841,nan,-0.0562096,0.656443,0.436583,1.06918,0.141659,0.161928,0,15.5302,0.336979,1.46837,31.1474,1.471,0.0456486,0.108133,0.981941,0.106518,5.28449,5.40213
OU-II,deployed,off,3033,fenton_H8.500,35.4434,nan,-0.0562632,2.16909,1.08147,2.5493,0.242444,0.342831,0,27.9592,0.71583,3.06624,53.3336,3.08274,0.0601472,0.116584,0.943412,0.0823725,4.96514,5.56218
OU-II,deployed,off,3033,jonswap_H0.270,31.8377,nan,-0.0569939,0.00900512,0.00835638,0.00935647,0.00714013,0.0063363,0.00416604,0.929156,0.0156357,0.0534438,1.52497,0.0544531,0.0306357,0.177164,0.0652853,0.083983,4.37935,2.84213
OU-II,deployed,off,3033,jonswap_H1.500,31.8377,nan,-0.0569939,0.0802869,0.0833065,0.164757,0.0494605,0.0546963,0.0717971,5.32339,0.0951709,0.390972,9.35703,0.352913,0.0515758,0.104453,0.0909019,0.0871786,4.39863,2.92267
OU-II,deployed,off,3033,jonswap_H4.000,31.8377,nan,-0.0569939,0.248501,0.268055,0.588407,0.191643,0.172536,0.311768,12.0038,0.247459,1.04309,20.6576,0.831127,0.0678994,0.155311,0.130467,0.102186,4.27105,1.81112
OU-II,deployed,off,3033,jonswap_H8.500,31.8377,nan,-0.0569939,0.684768,0.631283,1.3709,0.421742,0.415167,0.834738,26.0579,0.514957,2.15464,51.0722,1.74296,0.141005,0.141416,0.319995,0.103856,4.06393,2.66335
OU-II,deployed,off,3033,pmstokes_H0.270,31.8377,nan,-0.0569939,0.00910347,0.00812879,0.00881326,0.00680164,0.00619647,0.00430301,0.897278,0.0152316,0.0499133,1.55718,0.0498557,0.0304869,0.174828,0.0650173,0.082036,4.41051,3.14088
OU-II,deployed,off,3033,pmstokes_H1.500,31.8377,nan,-0.0569939,0.0757318,0.0797243,0.15315,0.0483805,0.0536201,0.0700072,4.71211,0.0929329,0.385566,8.15024,0.347642,0.0487367,0.0984822,0.0872711,0.0912241,4.38591,2.70154
OU-II,deployed,off,3033,pmstokes_H4.000,31.8377,nan,-0.0569939,0.251119,0.256903,0.560845,0.184354,0.170487,0.299666,11.1496,0.243607,1.04038,19.1166,0.84498,0.0744318,0.153301,0.138638,0.0985871,4.26882,2.02409
OU-II,deployed,off,3033,pmstokes_H8.500,31.8377,nan,-0.0569939,0.752772,0.618463,1.35069,0.422901,0.395968,0.791527,22.6973,0.50685,2.16784,44.4328,1.78784,0.165649,0.153035,0.329948,0.111225,4.11441,2.45589
OU-II,deployed,on,default,gerstner_H0.270,31.8377,nan,0.0482045,0.0177253,0.0137944,0.0159078,0.0120618,0.00820159,0,0.466868,0.0222249,0.078711,0.826146,0.0788203,0.042223,0.127946,0.147335,0.100789,1.39875,1.59092
OU-II,deployed,on,default,gerstner_H1.500,31.8377,nan,0.0482045,0.156601,0.132674,0.301023,0.0642374,0.0619076,0,1.93067,0.131913,0.566316,2.90439,0.567006,0.0544199,0.132237,0.189988,0.112504,1.02466,1.81903
OU-II,deployed,on,default,gerstner_H4.000,51.4468,nan,0.0480851,0.729797,0.462873,1.07262,0.128076,0.157029,0,4.49939,0.342967,1.46764,8.16869,1.4709,0.0702509,0.140566,1.72477,0.143604,4.41576,2.02883
OU-II,deployed,on,default,gerstner_H8.500,36.0485,nan,0.0491839,2.11077,1.15192,2.55542,0.290446,0.313637,0,11.5742,0.713468,3.06514,19.015,3.08196,0.087063,0.144634,1.06191,0.15448,1.91451,1.95283
OU-II,deployed,on,default,cnoidal_H0.270,33.1229,nan,0.0480994,0.0311427,0.0309827,0.030964,0.000187724,7.15384e-05,0,0.0528546,0.052106,0.0522243,0.0972578,0.052182,0.0357985,0.136433,0.162212,0.198469,1.64598,0.927248
OU-II,deployed,on,default,cnoidal_H1.500,35.7084,nan,0.0493509,0.23233,0.233185,0.230151,0.000337998,0.000307533,0,0.27457,0.274861,0.272238,0.414516,0.271661,0.0360974,0.142511,0.237029,0.198486,1.76226,0.837068
OU-II,deployed,on,default,cnoidal_H4.000,39.0941,nan,0.0501112,0.674689,0.674311,0.659043,0.000919555,0.000920766,0,0.726001,0.729229,0.713867,1.08753,0.710129,0.0367683,0.139247,0.434705,0.463553,2.70967,1.43932
OU-II,deployed,on,default,cnoidal_H8.500,36.8587,nan,0.049318,1.43276,1.44681,1.41758,0.00104827,0.00110573,0,1.52556,1.51133,1.47381,2.26408,1.49164,0.0347484,0.150371,0.45574,0.343024,2.26692,0.353868
OU-II,deployed,on,default,fenton_H0.270,31.8377,nan,0.0482048,0.0161441,0.0137207,0.0158745,0.0113,0.00814353,0,0.395122,0.0222119,0.078717,0.688951,0.0787619,0.0405665,0.127728,0.147046,0.100329,1.20615,1.61256
OU-II,deployed,on,default,fenton_H1.500,31.8377,nan,0.0482048,0.163825,0.131135,0.299977,0.0575404,0.061408,0,1.91426,0.131393,0.566739,2.82771,0.566402,0.0547826,0.132989,0.200399,0.112738,0.997084,1.79114
OU-II,deployed,on,default,fenton_H4.000,32.5427,nan,0.0479514,0.616578,0.457136,1.06918,0.176536,0.158833,0,5.1262,0.340657,1.46837,8.0417,1.471,0.0743834,0.13885,0.461407,0.133437,1.24883,1.94496
OU-II,deployed,on,default,fenton_H8.500,35.1833,nan,0.0488922,1.91824,1.13759,2.5493,0.29207,0.310756,0,10.5707,0.706539,3.06624,18.7138,3.08274,0.0946575,0.151921,0.93676,0.162199,1.79933,1.94021
OU-II,deployed,on,default,jonswap_H0.270,31.8377,nan,0.0482045,0.0130323,0.00887383,0.00935647,0.0108693,0.00659525,0.00416604,0.407857,0.0184508,0.0534438,0.764991,0.0544531,0.0403953,0.173156,0.147498,0.0677788,1.12007,2.33369
OU-II,deployed,on,default,jonswap_H1.500,31.8377,nan,0.0482045,0.0854979,0.0866462,0.164757,0.0522311,0.0577376,0.0717971,1.29895,0.0991646,0.390972,2.19115,0.352913,0.0638529,0.129502,0.163271,0.0989396,1.05511,3.23794
OU-II,deployed,on,default,jonswap_H4.000,31.8377,nan,0.0482045,0.259977,0.281781,0.588407,0.19146,0.178622,0.311768,3.27805,0.253838,1.04309,5.1192,0.831127,0.0726024,0.142936,0.19562,0.0856195,0.848507,3.66183
OU-II,deployed,on,default,jonswap_H8.500,31.8377,nan,0.0482045,0.697755,0.675594,1.3709,0.445723,0.458199,0.834738,7.62948,0.515478,2.15464,13.391,1.74296,0.164604,0.20464,0.382041,0.0919658,1.3347,2.28968
OU-II,deployed,on,default,pmstokes_H0.270,31.8377,nan,0.0482045,0.0134481,0.00845173,0.00881326,0.011266,0.0064197,0.00430301,0.436547,0.0179097,0.0499133,0.814837,0.0498557,0.0405735,0.168777,0.147488,0.068033,1.07923,1.99939
OU-II,deployed,on,default,pmstokes_H1.500,31.8377,nan,0.0482045,0.0809897,0.0832979,0.15315,0.0522302,0.0564496,0.0700072,1.19144,0.0963985,0.385566,1.98264,0.347642,0.0643862,0.130466,0.165784,0.085234,1.0128,2.90215
OU-II,deployed,on,default,pmstokes_H4.000,31.8377,nan,0.0482045,0.258994,0.274704,0.560845,0.18649,0.178911,0.299666,3.13115,0.249304,1.04038,4.92107,0.84498,0.0783166,0.139064,0.211172,0.0844044,0.987417,2.80211
OU-II,deployed,on,default,pmstokes_H8.500,31.8377,nan,0.0482045,0.762857,0.664036,1.35069,0.453029,0.442937,0.791527,7.29748,0.513678,2.16784,12.6262,1.78784,0.191359,0.22865,0.386814,0.116697,1.71097,1.83041
OU-II,deployed,on,11,gerstner_H0.270,31.8377,nan,-0.0240258,0.0124903,0.0133004,0.0159078,0.00766173,0.00729273,0,0.130684,0.0220853,0.078711,0.223751,0.0788203,0.324841,0.283258,0.213717,0.0870825,1.16919,1.06878
OU-II,deployed,on,11,gerstner_H1.500,31.8377,nan,-0.0240258,0.148408,0.128151,0.301023,0.0529536,0.0525124,0,0.978968,0.130769,0.566316,1.56508,0.567006,0.337813,0.281608,0.249855,0.0856296,1.23064,0.915491
OU-II,deployed,on,11,gerstner_H4.000,32.7028,nan,-0.0243782,0.645375,0.447383,1.07262,0.12034,0.127797,0,2.6441,0.339844,1.46764,4.24188,1.4709,0.348253,0.28586,0.507256,0.0920709,1.29819,0.819562
OU-II,deployed,on,11,gerstner_H8.500,35.8385,nan,-0.0237273,2.19029,1.11082,2.55542,0.245536,0.245814,0,5.74423,0.710253,3.06514,10.1634,3.08196,0.39418,0.29089,1.02417,0.105391,1.74401,0.833749
OU-II,deployed,on,11,cnoidal_H0.270,31.8377,nan,-0.0240258,0.031077,0.0309822,0.030964,6.15409e-05,6.59042e-05,0,0.0518772,0.0521063,0.0522243,0.0848478,0.052182,0.320795,0.270831,0.229222,0.254753,2.34871,3.00835
OU-II,deployed,on,11,cnoidal_H1.500,31.8377,nan,-0.0240258,0.232507,0.233167,0.230151,0.000358309,0.000384333,0,0.274911,0.274862,0.272238,0.408915,0.271661,0.320863,0.266832,0.234728,0.253655,2.25286,2.96476
OU-II,deployed,on,11,cnoidal_H4.000,38.489,nan,-0.0221734,0.674902,0.674296,0.659043,0.00108469,0.00150092,0,0.725014,0.729195,0.713867,1.06923,0.710129,0.316452,0.267562,0.469764,0.523298,3.13994,3.63825
OU-II,deployed,on,11,cnoidal_H8.500,37.4638,nan,-0.0229047,1.43292,1.44669,1.41758,0.00155222,0.0017768,0,1.52425,1.51129,1.47381,2.23631,1.49164,0.318255,0.261699,0.477505,0.347185,3.12116,2.77962
OU-II,deployed,on,11,fenton_H0.270,31.8377,nan,-0.0240354,0.0122182,0.0132395,0.0158745,0.00769045,0.00726687,0,0.135072,0.0220839,0.078717,0.24187,0.0787619,0.325035,0.283372,0.212748,0.0867316,1.16647,1.06831
OU-II,deployed,on,11,fenton_H1.500,31.8377,nan,-0.0240354,0.154589,0.126864,0.299977,0.0480668,0.0529622,0,0.974911,0.130304,0.566739,1.57109,0.566402,0.335897,0.280577,0.24563,0.0859366,1.20309,0.950846
OU-II,deployed,on,11,fenton_H4.000,33.603,nan,-0.0239435,0.65645,0.442832,1.06918,0.13197,0.127238,0,2.79188,0.337845,1.46837,4.2386,1.471,0.35861,0.287295,0.510436,0.0917078,1.35222,0.838962
OU-II,deployed,on,11,fenton_H8.500,35.3784,nan,-0.0233651,2.0282,1.09805,2.5493,0.260043,0.249423,0,6.77731,0.70307,3.06624,10.2398,3.08274,0.393037,0.284811,1.01692,0.10426,1.91175,0.850438
OU-II,deployed,on,11,jonswap_H0.270,31.8377,nan,-0.0240258,0.00802533,0.0081898,0.00935647,0.00588873,0.00595887,0.00416604,0.0823464,0.0191244,0.0534438,0.16625,0.0544531,0.322951,0.230018,0.210611,0.102187,1.54375,0.676654
OU-II,deployed,on,11,jonswap_H1.500,31.8377,nan,-0.0240258,0.0809045,0.0827251,0.164757,0.0476225,0.0529027,0.0717971,0.645942,0.0973124,0.390972,1.15131,0.352913,0.331261,0.281792,0.223093,0.0874387,1.3471,0.757311
OU-II,deployed,on,11,jonswap_H4.000,31.8377,nan,-0.0240258,0.244313,0.269321,0.588407,0.183364,0.167815,0.311768,1.7029,0.255788,1.04309,2.70277,0.831127,0.353165,0.275714,0.244068,0.0956084,1.46757,0.378306
OU-II,deployed,on,11,jonswap_H8.500,31.8377,nan,-0.0240258,0.679857,0.641484,1.3709,0.424618,0.431974,0.834738,4.13707,0.515283,2.15464,7.62648,1.74296,0.372153,0.22991,0.401725,0.125786,1.89287,1.44541
OU-II,deployed,on,11,pmstokes_H0.270,31.8377,nan,-0.0240258,0.00780799,0.00792941,0.00881326,0.00583338,0.00586224,0.00430301,0.0799689,0.0186917,0.0499133,0.16827,0.0498557,0.322922,0.234215,0.210473,0.106174,1.56998,0.802042
OU-II,deployed,on,11,pmstokes_H1.500,31.8377,nan,-0.0240258,0.0767172,0.0800355,0.15315,0.0472736,0.0530026,0.0700072,0.596055,0.0950035,0.385566,1.04639,0.347642,0.329436,0.279648,0.2262,0.0932933,1.59013,0.938226
OU-II,deployed,on,11,pmstokes_H4.000,31.8377,nan,-0.0240258,0.249644,0.25967,0.560845,0.180654,0.171202,0.299666,1.66513,0.252661,1.04038,2.85325,0.84498,0.360632,0.278874,0.262391,0.117402,1.76179,0.680459
OU-II,deployed,on,11,pmstokes_H8.500,31.8377,nan,-0.0240258,0.75269,0.636138,1.35069,0.430898,0.421121,0.791527,4.10706,0.515844,2.16784,7.42353,1.78784,0.381965,0.208029,0.411944,0.165905,2.27339,1.80359
OU-II,deployed,on,23,gerstner_H0.270,31.8377,nan,-0.0488114,0.012642,0.0135279,0.0159078,0.00801401,0.00757824,0,0.255923,0.0218033,0.078711,0.389901,0.0788203,0.547707,0.608205,0.0644667,0.251657,6.37341,6.54445
OU-II,deployed,on,23,gerstner_H1.500,31.8377,nan,-0.0488114,0.14962,0.130424,0.301023,0.0643958,0.0636477,0,1.93858,0.129047,0.566316,2.96314,0.567006,0.547683,0.617502,0.128503,0.266554,6.41495,6.79176
OU-II,deployed,on,23,gerstner_H4.000,33.0729,nan,-0.0491325,0.651883,0.455547,1.07262,0.161772,0.178416,0,5.24364,0.337258,1.46764,8.18452,1.4709,0.54434,0.620664,0.475513,0.285895,6.63824,6.94584
OU-II,deployed,on,23,gerstner_H8.500,35.7634,nan,-0.0484286,2.21214,1.13141,2.55542,0.373399,0.37939,0,11.3755,0.706981,3.06514,19.5515,3.08196,0.533465,0.618281,1.05195,0.308027,6.78498,6.93994
OU-II,deployed,on,23,cnoidal_H0.270,31.8377,nan,-0.0488114,0.0310909,0.0309851,0.030964,7.53095e-05,6.70844e-05,0,0.0520594,0.0521074,0.0522243,0.0908196,0.052182,0.546875,0.602372,0.0747338,0.0579402,4.38285,3.84728
OU-II,deployed,on,23,cnoidal_H1.500,31.8377,nan,-0.0488114,0.232533,0.233187,0.230151,0.0005636,0.000495906,0,0.275336,0.274874,0.272238,0.422727,0.271661,0.546186,0.608581,0.238015,0.158875,4.53321,4.02772
OU-II,deployed,on,23,cnoidal_H4.000,38.219,nan,-0.0472035,0.67509,0.674361,0.659043,0.00170179,0.00156665,0,0.725567,0.729257,0.713867,1.09272,0.710129,0.541227,0.607921,0.34097,0.296328,4.88524,3.54831
OU-II,deployed,on,23,cnoidal_H8.500,37.6588,nan,-0.0474989,1.43285,1.44662,1.41758,0.00252519,0.00290423,0,1.52467,1.51136,1.47381,2.27642,1.49164,0.539093,0.620681,0.453528,0.415499,4.56395,4.79209
OU-II,deployed,on,23,fenton_H0.270,31.8377,nan,-0.048821,0.0124261,0.0134663,0.0158745,0.00814811,0.00754923,0,0.296722,0.0218,0.078717,0.576024,0.0787619,0.547254,0.60815,0.0635765,0.25122,6.45485,6.52823
OU-II,deployed,on,23,fenton_H1.500,31.8377,nan,-0.048821,0.155804,0.129127,0.299977,0.0570702,0.0637322,0,1.9519,0.12859,0.566739,3.03152,0.566402,0.547918,0.61805,0.157776,0.263291,6.42742,6.73683
OU-II,deployed,on,23,fenton_H4.000,33.858,nan,-0.0486078,0.66288,0.450277,1.06918,0.190613,0.177511,0,5.40895,0.335535,1.46837,8.20783,1.471,0.546317,0.616777,0.458579,0.295194,6.55343,6.91237
OU-II,deployed,on,23,fenton_H8.500,35.4584,nan,-0.0482011,2.04694,1.11758,2.5493,0.459584,0.377164,0,12.4009,0.701355,3.06624,19.5348,3.08274,0.543128,0.627217,0.953924,0.304565,6.64937,6.86335
OU-II,deployed,on,23,jonswap_H0.270,31.8377,nan,-0.0488114,0.00821383,0.00832104,0.00935647,0.00622859,0.0060684,0.00416604,0.175821,0.0187339,0.0534438,0.302884,0.0544531,0.547064,0.650967,0.0646247,0.191189,5.49224,4.45685
OU-II,deployed,on,23,jonswap_H1.500,31.8377,nan,-0.0488114,0.082852,0.0849691,0.164757,0.0523256,0.0554777,0.0717971,1.28624,0.0990664,0.390972,2.212,0.352913,0.550007,0.607724,0.089998,0.243567,6.13466,5.68367
OU-II,deployed,on,23,jonswap_H4.000,31.8377,nan,-0.0488114,0.241454,0.272708,0.588407,0.17608,0.173517,0.311768,3.37444,0.248997,1.04309,5.14707,0.831127,0.535336,0.608933,0.119601,0.2166,5.26146,3.31978
OU-II,deployed,on,23,jonswap_H8.500,31.8377,nan,-0.0488114,0.676193,0.656459,1.3709,0.445219,0.450046,0.834738,8.09549,0.521884,2.15464,14.5256,1.74296,0.560139,0.667958,0.314967,0.187516,5.30574,4.57201
OU-II,deployed,on,23,pmstokes_H0.270,31.8377,nan,-0.0488114,0.00794819,0.00804529,0.00881326,0.00604473,0.00598933,0.00430301,0.16755,0.0183106,0.0499133,0.29924,0.0498557,0.546974,0.646669,0.0645988,0.184785,5.40031,4.40441
OU-II,deployed,on,23,pmstokes_H1.500,31.8377,nan,-0.0488114,0.0779213,0.0812863,0.15315,0.050723,0.0545706,0.0700072,1.18607,0.0967219,0.385566,2.01467,0.347642,0.551942,0.60699,0.0821367,0.221109,5.62518,5.1878
OU-II,deployed,on,23,pmstokes_H4.000,31.8377,nan,-0.0488114,0.251369,0.266568,0.560845,0.176201,0.176614,0.299666,3.27785,0.245537,1.04038,5.06431,0.84498,0.529167,0.60418,0.126603,0.17636,4.68096,2.45873
OU-II,deployed,on,23,pmstokes_H8.500,31.8377,nan,-0.0488114,0.748016,0.644391,1.35069,0.454651,0.436658,0.791527,7.93637,0.523107,2.16784,13.8767,1.78784,0.569182,0.691759,0.32314,0.142413,4.76304,4.08728
OU-II,deployed,on,202,gerstner_H0.270,31.8377,nan,-0.0581087,0.012578,0.0132893,0.0159078,0.00817689,0.00736064,0,0.312755,0.0221375,0.078711,0.464955,0.0788203,0.232894,0.286761,0.264253,0.111041,3.43462,3.30803
OU-II,deployed,on,202,gerstner_H1.500,31.8377,nan,-0.0581087,0.148137,0.128247,0.301023,0.0597104,0.0555538,0,2.28387,0.131146,0.566316,3.46672,0.567006,0.231566,0.294082,0.292995,0.105563,3.50161,3.59295
OU-II,deployed,on,202,gerstner_H4.000,32.6078,nan,-0.0584616,0.641179,0.448571,1.07262,0.136144,0.143392,0,6.18372,0.340688,1.46764,9.51759,1.4709,0.231047,0.295396,0.522333,0.109547,3.76592,3.75815
OU-II,deployed,on,202,gerstner_H8.500,35.7334,nan,-0.0576103,2.23996,1.11703,2.55542,0.291867,0.288847,0,13.4332,0.712459,3.06514,22.8987,3.08196,0.240824,0.292777,0.992438,0.117524,4.0442,3.77797
OU-II,deployed,on,202,cnoidal_H0.270,31.8377,nan,-0.0581087,0.0310988,0.0309821,0.030964,7.82736e-05,6.2937e-05,0,0.052309,0.0521065,0.0522243,0.0973464,0.052182,0.233473,0.286862,0.278632,0.294544,1.27074,0.603552
OU-II,deployed,on,202,cnoidal_H1.500,31.8377,nan,-0.0581087,0.23256,0.233165,0.230151,0.000315955,0.000287159,0,0.275513,0.274855,0.272238,0.427559,0.271661,0.232907,0.292625,0.265004,0.285268,1.49488,0.910704
OU-II,deployed,on,202,cnoidal_H4.000,38.1239,nan,-0.0564207,0.675064,0.674306,0.659043,0.00080129,0.000743492,0,0.725824,0.729216,0.713867,1.10245,0.710129,0.231115,0.291961,0.502057,0.548006,2.35066,0.531359
OU-II,deployed,on,202,cnoidal_H8.500,37.7489,nan,-0.056503,1.43294,1.44671,1.41758,0.00098724,0.00119126,0,1.52479,1.51127,1.47381,2.29014,1.49164,0.229013,0.30102,0.493015,0.352057,2.0457,1.19455
OU-II,deployed,on,202,fenton_H0.270,31.8377,nan,-0.0581183,0.0123834,0.0132242,0.0158745,0.00866709,0.00733308,0,0.372948,0.0221321,0.078717,0.737624,0.0787619,0.232029,0.286722,0.263769,0.111081,3.58547,3.27703
OU-II,deployed,on,202,fenton_H1.500,31.8377,nan,-0.0581183,0.154912,0.126985,0.299977,0.0508914,0.055827,0,2.30646,0.130641,0.566739,3.57058,0.566402,0.231018,0.294368,0.287245,0.106754,3.51156,3.53226
OU-II,deployed,on,202,fenton_H4.000,33.833,nan,-0.0577703,0.66087,0.4441,1.06918,0.170105,0.142445,0,6.35618,0.338958,1.46837,9.62798,1.471,0.235291,0.291733,0.551745,0.105994,3.72526,3.7272
OU-II,deployed,on,202,fenton_H8.500,35.4784,nan,-0.0573904,2.05162,1.10264,2.5493,0.386237,0.288104,0,14.4246,0.705682,3.06624,22.8581,3.08274,0.241598,0.300506,1.03959,0.116577,3.97046,3.67208
OU-II,deployed,on,202,jonswap_H0.270,31.8377,nan,-0.0581087,0.00816624,0.00821435,0.00935647,0.00652991,0.00603298,0.00416604,0.23417,0.0188995,0.0534438,0.380416,0.0544531,0.23283,0.333814,0.261611,0.137648,2.6892,2.70215
OU-II,deployed,on,202,jonswap_H1.500,31.8377,nan,-0.0581087,0.0813385,0.0834597,0.164757,0.0499558,0.0545196,0.0717971,1.52086,0.0993096,0.390972,2.59532,0.352913,0.235937,0.289403,0.270679,0.113502,3.42657,4.51695
OU-II,deployed,on,202,jonswap_H4.000,31.8377,nan,-0.0581087,0.240183,0.268774,0.588407,0.177996,0.170377,0.311768,3.97264,0.253042,1.04309,6.03422,0.831127,0.222596,0.292956,0.291787,0.127001,2.47811,2.32487
OU-II,deployed,on,202,jonswap_H8.500,31.8377,nan,-0.0581087,0.670113,0.646388,1.3709,0.431771,0.445198,0.834738,9.53274,0.521972,2.15464,17.0147,1.74296,0.265045,0.34961,0.423709,0.157659,2.64826,3.5571
OU-II,deployed,on,202,pmstokes_H0.270,31.8377,nan,-0.0581087,0.00797886,0.00792974,0.00881326,0.00646085,0.00595169,0.00430301,0.221447,0.0183712,0.0499133,0.38236,0.0498557,0.232886,0.328584,0.261531,0.143446,2.55826,2.47748
OU-II,deployed,on,202,pmstokes_H1.500,31.8377,nan,-0.0581087,0.0766719,0.0800115,0.15315,0.0489493,0.0539376,0.0700072,1.40169,0.0969503,0.385566,2.35889,0.347642,0.237677,0.289275,0.273694,0.124971,2.89124,4.04468
OU-II,deployed,on,202,pmstokes_H4.000,31.8377,nan,-0.0581087,0.248239,0.260649,0.560845,0.177408,0.173673,0.299666,3.85429,0.249825,1.04038,5.91861,0.84498,0.217707,0.288388,0.311353,0.156472,1.84498,1.4362
OU-II,deployed,on,202,pmstokes_H8.500,31.8377,nan,-0.0581087,0.741985,0.634893,1.35069,0.439193,0.432841,0.791527,9.33028,0.522808,2.16784,16.2085,1.78784,0.279675,0.373416,0.434954,0.199014,2.14051,3.09762
OU-II,deployed,on,3033,gerstner_H0.270,31.8377,nan,-0.0569939,0.012929,0.0134909,0.0159078,0.00774675,0.00728267,0,0.303878,0.0217999,0.078711,0.451106,0.0788203,0.0250787,0.0562234,0.0657111,0.248064,2.17377,2.12242
OU-II,deployed,on,3033,gerstner_H1.500,31.8377,nan,-0.0569939,0.151005,0.129847,0.301023,0.052177,0.052895,0,2.23626,0.129036,0.566316,3.3922,0.567006,0.0305006,0.06201,0.131617,0.263173,2.20981,1.92212
OU-II,deployed,on,3033,gerstner_H4.000,32.6128,nan,-0.0573667,0.643145,0.452564,1.07262,0.124763,0.130249,0,6.06134,0.336977,1.46764,9.32933,1.4709,0.0411175,0.0638563,0.511226,0.281354,2.19927,1.80807
OU-II,deployed,on,3033,gerstner_H8.500,35.7334,nan,-0.0564954,2.22923,1.12439,2.55542,0.258947,0.253782,0,13.1395,0.707006,3.06514,22.4352,3.08196,0.0928512,0.0657322,1.03987,0.303726,2.44761,1.80406
OU-II,deployed,on,3033,cnoidal_H0.270,31.8377,nan,-0.0569939,0.031102,0.0309844,0.030964,7.79447e-05,6.49519e-05,0,0.0522734,0.0521067,0.0522243,0.0965803,0.052182,0.0248351,0.0668439,0.075238,0.0583114,3.67157,4.37571
OU-II,deployed,on,3033,cnoidal_H1.500,31.8377,nan,-0.0569939,0.232565,0.233182,0.230151,0.000421753,0.000448284,0,0.275503,0.274879,0.272238,0.427247,0.271661,0.0248716,0.0711813,0.238708,0.159059,3.58083,4.30276
OU-II,deployed,on,3033,cnoidal_H4.000,38.1339,nan,-0.0553756,0.675071,0.674318,0.659043,0.001372,0.00182309,0,0.725879,0.729277,0.713867,1.1008,0.710129,0.0241704,0.072746,0.340046,0.303594,4.0521,4.91335
OU-II,deployed,on,3033,cnoidal_H8.500,37.7239,nan,-0.0555118,1.43288,1.44665,1.41758,0.00196096,0.00219492,0,1.52484,1.51135,1.47381,2.28897,1.49164,0.0226555,0.0785578,0.452961,0.409383,4.23755,3.86434
OU-II,deployed,on,3033,fenton_H0.270,31.8377,nan,-0.0570035,0.0127325,0.0134304,0.0158745,0.00796461,0.00725656,0,0.363333,0.0217971,0.078717,0.719245,0.0787619,0.0248452,0.0561968,0.0647027,0.247609,2.16261,2.13109
OU-II,deployed,on,3033,fenton_H1.500,31.8377,nan,-0.0570035,0.156749,0.128494,0.299977,0.046608,0.053371,0,2.259,0.128523,0.566739,3.49666,0.566402,0.0301636,0.0628041,0.162564,0.259536,2.195,1.97027
OU-II,deployed,on,3033,fenton_H4.000,37.0687,nan,-0.056512,0.663485,0.448042,1.06918,0.134183,0.129791,0,6.0153,0.335063,1.46837,9.71978,1.471,0.0663251,0.0619596,0.87557,0.291685,2.68597,1.82175
OU-II,deployed,on,3033,fenton_H8.500,35.4784,nan,-0.0562756,2.08405,1.11058,2.5493,0.25582,0.257864,0,14.1467,0.70018,3.06624,22.4135,3.08274,0.0884797,0.0701557,0.966957,0.301034,2.68574,1.85116
OU-II,deployed,on,3033,jonswap_H0.270,31.8377,nan,-0.0569939,0.00843484,0.00835527,0.00935647,0.00642617,0.00602363,0.00416604,0.221444,0.0187749,0.0534438,0.369938,0.0544531,0.0255525,0.111876,0.0658553,0.190665,2.57097,0.733977
OU-II,deployed,on,3033,jonswap_H1.500,31.8377,nan,-0.0569939,0.0823482,0.0837968,0.164757,0.0466181,0.052398,0.0717971,1.48951,0.0973527,0.390972,2.54028,0.352913,0.0480731,0.06638,0.0928536,0.245468,2.22516,0.741448
OU-II,deployed,on,3033,jonswap_H4.000,31.8377,nan,-0.0569939,0.248418,0.273075,0.588407,0.187365,0.169384,0.311768,3.8907,0.252216,1.04309,5.93668,0.831127,0.055013,0.0809691,0.122309,0.22143,2.48158,0.988589
OU-II,deployed,on,3033,jonswap_H8.500,31.8377,nan,-0.0569939,0.68402,0.65037,1.3709,0.419902,0.427528,0.834738,9.34473,0.51657,2.15464,16.6816,1.74296,0.144578,0.129234,0.314635,0.189814,2.82353,0.753142
OU-II,deployed,on,3033,pmstokes_H0.270,31.8377,nan,-0.0569939,0.0081859,0.00807532,0.00881326,0.00615097,0.00592512,0.00430301,0.212018,0.0184995,0.0499133,0.370913,0.0498557,0.0254737,0.108605,0.0657529,0.184866,2.6554,0.962082
OU-II,deployed,on,3033,pmstokes_H1.500,31.8377,nan,-0.0569939,0.078199,0.0808799,0.15315,0.0462532,0.0523407,0.0700072,1.3722,0.0950792,0.385566,2.30633,0.347642,0.0473812,0.0684713,0.085161,0.223433,2.54259,0.610824
OU-II,deployed,on,3033,pmstokes_H4.000,31.8377,nan,-0.0569939,0.254586,0.264519,0.560845,0.185616,0.173066,0.299666,3.77355,0.248988,1.04038,5.80057,0.84498,0.063686,0.0799442,0.128075,0.182143,2.84772,0.408893
OU-II,deployed,on,3033,pmstokes_H8.500,31.8377,nan,-0.0569939,0.756255,0.643106,1.35069,0.42376,0.415578,0.791527,9.14301,0.516565,2.16784,15.8937,1.78784,0.170549,0.154295,0.323687,0.144026,3.2261,0.986946
OU-II,seed,off,default,gerstner_H0.270,31.8377,0.0695104,0.0482045,0.0199932,0.0155199,0.0159078,0.0147209,0.00970478,0,0.710479,0.0214779,0.078711,1.18978,0.0788203,0.0407984,0.16456,0.122931,0.115558,2.74177,1.97749
OU-II,seed,off,default,gerstner_H1.500,31.8377,0.065946,0.0482045,0.158515,0.127341,0.301023,0.0673098,0.0697326,0,2.18218,0.134022,0.566316,3.64758,0.567006,0.0556701,0.167931,0.183969,0.1123,2.71176,1.99934
OU-II,seed,off,default,gerstner_H4.000,32.8928,0.0625808,0.0480436,0.657217,0.43834,1.07262,0.180201,0.166074,0,3.87556,0.348561,1.46764,7.2321,1.4709,0.0770503,0.175544,0.454062,0.222609,2.96455,2.27441
OU-II,seed,off,default,gerstner_H8.500,36.0235,0.0895722,0.0491264,2.11386,1.08708,2.55542,0.389572,0.323301,0,17.8295,0.732355,3.06514,35.7634,3.08196,0.0969825,0.184038,1.0701,0.214431,3.32645,2.21369
OU-II,seed,off,default,cnoidal_H0.270,33.1829,0.0686709,0.0480103,0.0310672,0.0309095,0.030964,0.000284757,0.000110201,0,0.0637156,0.0501258,0.0522243,0.123723,0.052182,0.0329057,0.148447,0.166953,1.17433,2.79641,4.55798
OU-II,seed,off,default,cnoidal_H1.500,35.8735,0.0682275,0.0492018,0.234389,0.234325,0.230151,0.00062281,0.00115506,0,0.263706,0.271359,0.272238,0.493892,0.271661,0.0328731,0.153634,0.250121,2.02042,2.80426,6.70143
OU-II,seed,off,default,cnoidal_H4.000,39.6393,0.064724,0.0497179,0.683214,0.682603,0.659043,0.00177642,0.00371938,0,0.701092,0.744817,0.713867,1.22141,0.710129,0.0332118,0.156818,0.517673,1.97474,3.56391,6.1454
OU-II,seed,off,default,cnoidal_H8.500,36.5686,0.0878017,0.0490855,1.45075,1.46642,1.41758,0.00225651,0.00292971,0,1.58077,1.61559,1.47381,2.6385,1.49164,0.030763,0.177711,0.517517,0.909751,3.10335,2.89669
OU-II,seed,off,default,fenton_H0.270,31.8377,0.0616662,0.0482048,0.0194806,0.0154271,0.0158745,0.0135976,0.0096382,0,0.401401,0.021502,0.078717,0.711502,0.0787619,0.0386262,0.163607,0.168755,0.161393,2.8637,2.08324
OU-II,seed,off,default,fenton_H1.500,31.8377,0.0654051,0.0482048,0.162572,0.125812,0.299977,0.0661772,0.0696049,0,2.07544,0.133844,0.566739,3.48005,0.566402,0.0569282,0.166989,0.225153,0.200121,2.87217,2.22618
OU-II,seed,off,default,fenton_H4.000,32.5027,0.074223,0.048022,0.630948,0.437204,1.06918,0.172509,0.166719,0,7.56994,0.344564,1.46837,14.0766,1.471,0.0746699,0.178453,0.494853,0.095943,2.78393,1.91953
OU-II,seed,off,default,fenton_H8.500,35.1533,0.063201,0.0490263,2.10244,1.08099,2.5493,0.30887,0.319529,0,8.06669,0.717986,3.06624,13.8328,3.08274,0.103041,0.191571,0.902925,0.139587,3.0264,2.03531
OU-II,seed,off,default,jonswap_H0.270,31.8377,0.0677432,0.0482045,0.0178052,0.00885164,0.00935647,0.0123342,0.00702759,0.00416604,0.629975,0.0162386,0.0534438,1.14612,0.0544531,0.0423214,0.232092,0.133597,0.128778,2.66409,0.469711
OU-II,seed,off,default,jonswap_H1.500,31.8377,0.0678928,0.0482045,0.0865029,0.0838916,0.164757,0.0548191,0.0599002,0.0717971,1.774,0.0992774,0.390972,3.02957,0.352913,0.0656734,0.159883,0.126888,0.116667,2.58364,0.486415
OU-II,seed,off,default,jonswap_H4.000,31.8377,0.067423,0.0482045,0.268439,0.270308,0.588407,0.203878,0.179806,0.311768,3.78543,0.252895,1.04309,6.32854,0.831127,0.0874835,0.197432,0.157683,0.111085,2.40936,0.921154
OU-II,seed,off,default,jonswap_H8.500,31.8377,0.0574212,0.0482045,0.717738,0.62942,1.3709,0.450992,0.44425,0.834738,3.56337,0.519777,2.15464,6.82261,1.74296,0.167042,0.232646,0.356661,0.127994,2.6161,0.516457
OU-II,seed,off,default,pmstokes_H0.270,31.8377,0.0678141,0.0482045,0.0182869,0.00852567,0.00881326,0.0123126,0.00682292,0.00430301,0.667294,0.01567,0.0499133,1.22447,0.0498557,0.0423312,0.227189,0.135252,0.133705,2.66508,0.687741
OU-II,seed,off,default,pmstokes_H1.500,31.8377,0.072386,0.0482045,0.0810038,0.0800482,0.15315,0.0538854,0.0576742,0.0700072,1.93649,0.0962308,0.385566,3.23036,0.347642,0.0607566,0.151485,0.112146,0.100582,2.52553,0.335366
OU-II,seed,off,default,pmstokes_H4.000,31.8377,0.0742663,0.0482045,0.265175,0.259663,0.560845,0.195093,0.175959,0.299666,4.79286,0.246754,1.04038,8.0324,0.84498,0.0965491,0.203555,0.154957,0.0936816,2.30288,0.775755
OU-II,seed,off,default,pmstokes_H8.500,31.8377,0.0587915,0.0482045,0.776259,0.61793,1.35069,0.454263,0.426165,0.791527,3.50314,0.511695,2.16784,6.77908,1.78784,0.192746,0.25062,0.349599,0.121391,2.62525,0.518047
OU-II,seed,off,11,gerstner_H0.270,31.8377,0.011209,-0.0240258,0.0148515,0.0153593,0.0159078,0.0102781,0.00893831,0,0.729161,0.0204709,0.078711,1.14872,0.0788203,0.31924,0.233626,0.209712,0.193979,3.24238,3.91179
OU-II,seed,off,11,gerstner_H1.500,31.8377,0.00773947,-0.0240258,0.147832,0.125156,0.301023,0.05708,0.0628044,0,4.22477,0.130645,0.566316,7.0292,0.567006,0.332014,0.234379,0.269364,0.212332,3.30493,3.97269
OU-II,seed,off,11,gerstner_H4.000,35.7534,0.010744,-0.0236822,0.632336,0.434376,1.07262,0.149505,0.152374,0,10.4462,0.342229,1.46764,19.9595,1.4709,0.345398,0.237747,0.708395,0.258914,3.71554,4.0377
OU-II,seed,off,11,gerstner_H8.500,35.8134,0.0246179,-0.0236467,2.14298,1.08192,2.55542,0.321163,0.304951,0,22.0937,0.72299,3.06514,44.3243,3.08196,0.367858,0.238303,1.03402,0.25528,3.62786,4.01285
OU-II,seed,off,11,cnoidal_H0.270,31.8377,0.0086192,-0.0240258,0.0310594,0.0309081,0.030964,0.000118337,0.000111366,0,0.0622811,0.0501481,0.0522243,0.128927,0.052182,0.309685,0.242091,0.236846,1.22524,3.13994,5.85187
OU-II,seed,off,11,cnoidal_H1.500,34.9933,0.00607808,-0.0236104,0.234073,0.234278,0.230151,0.000731674,0.00135165,0,0.27331,0.271368,0.272238,0.506382,0.271661,0.312496,0.236634,0.275917,2.05614,3.17631,7.63735
OU-II,seed,off,11,cnoidal_H4.000,38.8991,-0.00372021,-0.0232109,0.683544,0.682452,0.659043,0.00248509,0.00508988,0,0.708324,0.744823,0.713867,1.26625,0.710129,0.310105,0.243254,0.552184,2.04717,4.16811,8.10247
OU-II,seed,off,11,cnoidal_H8.500,37.0587,0.0258937,-0.0235439,1.45085,1.46608,1.41758,0.00483383,0.00549415,0,1.61053,1.61545,1.47381,2.81763,1.49164,0.302878,0.217021,0.537712,1.00511,4.80806,5.86933
OU-II,seed,off,11,fenton_H0.270,31.8377,0.00339831,-0.0240354,0.0146979,0.0153036,0.0158745,0.0100559,0.00890155,0,0.58275,0.0204778,0.078717,0.943771,0.0787619,0.319894,0.234612,0.215878,0.202746,3.26431,3.9299
OU-II,seed,off,11,fenton_H1.500,31.8377,0.00734569,-0.0240354,0.147337,0.1242,0.299977,0.0585565,0.0633853,0,4.14671,0.130045,0.566739,6.93347,0.566402,0.329835,0.233306,0.245869,0.233434,3.31087,4.02301
OU-II,seed,off,11,fenton_H4.000,34.2081,0.0168598,-0.0239491,0.670972,0.432456,1.06918,0.12621,0.151223,0,12.5456,0.339444,1.46837,23.9428,1.471,0.343335,0.238449,0.54496,0.193578,3.3088,3.92076
OU-II,seed,off,11,fenton_H8.500,35.3433,-0.000241555,-0.0233047,2.10269,1.07248,2.5493,0.222996,0.310227,0,12.9632,0.71208,3.06624,23.7766,3.08274,0.35289,0.234684,0.999923,0.251591,3.59239,4.02596
OU-II,seed,off,11,jonswap_H0.270,31.8377,0.00944328,-0.0240258,0.00777381,0.0082889,0.00935647,0.00694826,0.0063288,0.00416604,0.4692,0.0159061,0.0534438,0.789505,0.0544531,0.313974,0.174512,0.205522,0.183283,3.02442,2.54697
OU-II,seed,off,11,jonswap_H1.500,31.8377,0.009881,-0.0240258,0.0780884,0.0827031,0.164757,0.0501738,0.0554651,0.0717971,3.18671,0.0950734,0.390972,5.63166,0.352913,0.32887,0.240191,0.211424,0.20288,3.17354,3.64667
OU-II,seed,off,11,jonswap_H4.000,31.8377,0.0101727,-0.0240258,0.244101,0.265774,0.588407,0.186136,0.172332,0.311768,7.2444,0.251033,1.04309,12.4992,0.831127,0.331154,0.206348,0.236906,0.194202,3.02654,2.20382
OU-II,seed,off,11,jonswap_H8.500,31.8377,0.000119391,-0.0240258,0.678864,0.623249,1.3709,0.423161,0.422016,0.834738,11.2823,0.511938,2.15464,22.1712,1.74296,0.377921,0.216051,0.398063,0.228529,3.14507,3.51039
OU-II,seed,off,11,pmstokes_H0.270,31.8377,0.00952024,-0.0240258,0.00785159,0.008021,0.00881326,0.00680761,0.00618211,0.00430301,0.456684,0.015434,0.0499133,0.820144,0.0498557,0.313955,0.176576,0.205842,0.188117,3.03373,2.67122
OU-II,seed,off,11,pmstokes_H1.500,31.8377,0.0144324,-0.0240258,0.0734271,0.0792449,0.15315,0.0490396,0.0543533,0.0700072,3.1926,0.0928223,0.385566,5.53688,0.347642,0.32962,0.245781,0.206671,0.193247,3.14242,3.43646
OU-II,seed,off,11,pmstokes_H4.000,31.8377,0.0173323,-0.0240258,0.247523,0.255,0.560845,0.179111,0.17027,0.299666,8.09831,0.247042,1.04038,13.9113,0.84498,0.332019,0.202232,0.240366,0.184636,2.9733,2.41122
OU-II,seed,off,11,pmstokes_H8.500,31.8377,0.00190798,-0.0240258,0.746391,0.610969,1.35069,0.426593,0.40262,0.791527,10.5298,0.504667,2.16784,20.7377,1.78784,0.392015,0.20697,0.398752,0.22319,3.18437,3.32255
OU-II,seed,off,23,gerstner_H0.270,31.8377,-0.00926108,-0.0488114,0.0148303,0.015427,0.0159078,0.0102595,0.00895201,0,0.829346,0.0202226,0.078711,1.31945,0.0788203,0.54395,0.624211,0.0611203,0.0737115,3.1215,2.54773
OU-II,seed,off,23,gerstner_H1.500,31.8377,-0.0126475,-0.0488114,0.148443,0.126167,0.301023,0.0587036,0.0619148,0,4.85177,0.129234,0.566316,8.05121,0.567006,0.549684,0.637533,0.160248,0.0672074,3.01452,2.48323
OU-II,seed,off,23,gerstner_H4.000,32.7178,-0.0167486,-0.0490375,0.622811,0.438922,1.07262,0.128343,0.143922,0,10.0444,0.340266,1.46764,18.9757,1.4709,0.548713,0.637348,0.410449,0.0663889,3.07428,2.45458
OU-II,seed,off,23,gerstner_H8.500,35.7434,0.00207496,-0.0483697,2.13811,1.09414,2.55542,0.268004,0.280263,0,23.3156,0.721064,3.06514,46.7268,3.08196,0.544063,0.635798,1.02891,0.0888706,3.37289,2.52198
OU-II,seed,off,23,cnoidal_H0.270,31.8377,-0.0118779,-0.0488114,0.0310864,0.0309231,0.030964,0.000126778,0.000103863,0,0.0704681,0.0501413,0.0522243,0.161684,0.052182,0.530017,0.588966,0.0683161,1.02236,2.77175,1.42906
OU-II,seed,off,23,cnoidal_H1.500,31.8377,-0.0120892,-0.0488114,0.234897,0.234423,0.230151,0.00096227,0.000729851,0,0.281502,0.271401,0.272238,0.508751,0.271661,0.532656,0.594016,0.261459,1.83547,3.01531,3.3711
OU-II,seed,off,23,cnoidal_H4.000,38.6441,-0.0272205,-0.0473587,0.683977,0.68297,0.659043,0.00305589,0.0019968,0,0.71034,0.74497,0.713867,1.27999,0.710129,0.532851,0.608226,0.413187,1.76109,4.56171,2.1721
OU-II,seed,off,23,cnoidal_H8.500,37.1687,0.00384576,-0.0481756,1.45068,1.46619,1.41758,0.00510561,0.0043204,0,1.61916,1.61549,1.47381,2.86174,1.49164,0.516092,0.618242,0.530721,0.73166,4.56978,3.60694
OU-II,seed,off,23,fenton_H0.270,31.8377,-0.017089,-0.048821,0.0148765,0.0153812,0.0158745,0.0100579,0.00891533,0,0.715674,0.0202155,0.078717,1.20089,0.0787619,0.545642,0.62622,0.0669052,0.0774865,3.12537,2.56346
OU-II,seed,off,23,fenton_H1.500,31.8377,-0.01314,-0.048821,0.147926,0.125353,0.299977,0.0596022,0.0624606,0,4.76424,0.128573,0.566739,7.96099,0.566402,0.551171,0.639156,0.140003,0.0701299,3.05052,2.489
OU-II,seed,off,23,fenton_H4.000,33.738,-0.00350475,-0.0485361,0.673876,0.436814,1.06918,0.131927,0.143947,0,14.0917,0.337535,1.46837,26.833,1.471,0.546441,0.63405,0.44244,0.0951381,3.0568,2.54236
OU-II,seed,off,23,fenton_H8.500,35.4234,-0.0227997,-0.0480389,2.10966,1.08373,2.5493,0.279997,0.281992,0,14.0946,0.710584,3.06624,26.0311,3.08274,0.549177,0.64419,0.93194,0.0830755,3.09687,2.41019
OU-II,seed,off,23,jonswap_H0.270,31.8377,-0.0111031,-0.0488114,0.00827666,0.00829216,0.00935647,0.00764296,0.00636067,0.00416604,0.572815,0.0155238,0.0534438,0.954353,0.0544531,0.542383,0.691459,0.0618231,0.0803818,3.1777,1.76179
OU-II,seed,off,23,jonswap_H1.500,31.8377,-0.010505,-0.0488114,0.0798332,0.0841271,0.164757,0.0536114,0.0562253,0.0717971,3.62029,0.0967606,0.390972,6.39948,0.352913,0.549684,0.629022,0.0843277,0.076964,3.14176,2.19544
OU-II,seed,off,23,jonswap_H4.000,31.8377,-0.0104845,-0.0488114,0.239193,0.266147,0.588407,0.174371,0.171002,0.311768,8.20549,0.24471,1.04309,14.1489,0.831127,0.555285,0.668282,0.126012,0.0855679,2.93023,0.654611
OU-II,seed,off,23,jonswap_H8.500,31.8377,-0.0199656,-0.0488114,0.673683,0.635082,1.3709,0.431949,0.426569,0.834738,13.5701,0.519,2.15464,26.6561,1.74296,0.541156,0.659905,0.320902,0.084995,3.29661,2.12513
OU-II,seed,off,23,pmstokes_H0.270,31.8377,-0.011024,-0.0488114,0.0083539,0.00804055,0.00881326,0.00758845,0.00619888,0.00430301,0.549668,0.0151327,0.0499133,0.975302,0.0498557,0.542126,0.69018,0.0615767,0.0784684,3.17846,1.7704
OU-II,seed,off,23,pmstokes_H1.500,31.8377,-0.0059462,-0.0488114,0.0751011,0.0802489,0.15315,0.0523603,0.0549841,0.0700072,3.57852,0.0945841,0.385566,6.21069,0.347642,0.550361,0.62459,0.0817422,0.0821823,3.14967,2.2284
OU-II,seed,off,23,pmstokes_H4.000,31.8377,-0.00332181,-0.0488114,0.245025,0.255542,0.560845,0.169602,0.169081,0.299666,9.0239,0.240805,1.04038,15.4838,0.84498,0.555556,0.671058,0.136722,0.0879721,2.90584,0.484437
OU-II,seed,off,23,pmstokes_H8.500,31.8377,-0.0178922,-0.0488114,0.743125,0.622477,1.35069,0.443719,0.410801,0.791527,12.6755,0.512252,2.16784,24.923,1.78784,0.542117,0.671902,0.329576,0.0889101,3.27188,2.27715
OU-II,seed,off,202,gerstner_H0.270,31.8377,-0.016778,-0.0581087,0.0151123,0.0153453,0.0159078,0.00996917,0.00883435,0,0.897227,0.0205553,0.078711,1.43213,0.0788203,0.232897,0.31552,0.269872,0.253314,0.212644,1.10628
OU-II,seed,off,202,gerstner_H1.500,31.8377,-0.020202,-0.0581087,0.146991,0.124635,0.301023,0.0562279,0.0593592,0,5.05033,0.131304,0.566316,8.38218,0.567006,0.233645,0.324211,0.327272,0.278529,0.421101,1.21397
OU-II,seed,off,202,gerstner_H4.000,33.4829,-0.0270391,-0.058146,0.679086,0.433144,1.07262,0.118942,0.134753,0,9.62244,0.343531,1.46764,18.2904,1.4709,0.230439,0.324459,0.464861,0.290623,0.796035,1.22159
OU-II,seed,off,202,gerstner_H8.500,35.7084,-0.00621721,-0.0575635,2.13886,1.07914,2.55542,0.251078,0.256527,0,23.7057,0.725516,3.06514,47.4805,3.08196,0.237872,0.323719,1.00319,0.285953,1.67873,1.1961
OU-II,seed,off,202,cnoidal_H0.270,31.8377,-0.0193957,-0.0581087,0.031072,0.0309006,0.030964,0.000122026,9.79141e-05,0,0.0768746,0.0501468,0.0522243,0.184681,0.052182,0.227148,0.292543,0.283904,1.28528,0.388065,4.07953
OU-II,seed,off,202,cnoidal_H1.500,31.8377,-0.019619,-0.0581087,0.234776,0.234233,0.230151,0.000466898,0.00102692,0,0.283595,0.27137,0.272238,0.516394,0.271661,0.228225,0.300857,0.272743,2.09583,0.400164,6.35365
OU-II,seed,off,202,cnoidal_H4.000,38.554,-0.0357736,-0.0564041,0.683718,0.682505,0.659043,0.00126339,0.00338681,0,0.710923,0.744744,0.713867,1.28438,0.710129,0.228232,0.30446,0.584991,2.06065,2.10883,5.64213
OU-II,seed,off,202,cnoidal_H8.500,37.2388,-0.00421736,-0.0571982,1.45099,1.4663,1.41758,0.00125961,0.00216221,0,1.62204,1.61546,1.47381,2.87585,1.49164,0.219595,0.31592,0.550121,0.978081,1.5999,1.99667
OU-II,seed,off,202,fenton_H0.270,31.8377,-0.0245877,-0.0581183,0.0152056,0.0153027,0.0158745,0.0102916,0.00879868,0,0.790854,0.0205449,0.078717,1.32589,0.0787619,0.233334,0.31666,0.258149,0.24436,0.225461,1.08052
OU-II,seed,off,202,fenton_H1.500,31.8377,-0.0205618,-0.0581183,0.146576,0.123843,0.299977,0.0566195,0.0599451,0,4.98514,0.13054,0.566739,8.32766,0.566402,0.234611,0.325736,0.273585,0.265472,0.367428,1.18642
OU-II,seed,off,202,fenton_H4.000,32.6828,-0.0125422,-0.0585043,0.622662,0.430573,1.06918,0.128828,0.134471,0,14.2389,0.340763,1.46837,26.9602,1.471,0.235218,0.320543,0.590164,0.255068,0.787799,1.14467
OU-II,seed,off,202,fenton_H8.500,35.4434,-0.030976,-0.057378,2.09723,1.06821,2.5493,0.223202,0.262459,0,14.4947,0.715077,3.06624,26.8108,3.08274,0.233502,0.329531,1.04868,0.320678,1.20539,1.27524
OU-II,seed,off,202,jonswap_H0.270,31.8377,-0.0185892,-0.0581087,0.0084079,0.00824576,0.00935647,0.00728416,0.00634038,0.00416604,0.656693,0.0157521,0.0534438,1.08105,0.0544531,0.233195,0.385136,0.262089,0.238214,0.258552,0.607752
OU-II,seed,off,202,jonswap_H1.500,31.8377,-0.017942,-0.0581087,0.0784201,0.0831399,0.164757,0.0512307,0.0554718,0.0717971,3.77391,0.097019,0.390972,6.65644,0.352913,0.235817,0.315106,0.270704,0.260606,0.48601,1.02996
OU-II,seed,off,202,jonswap_H4.000,31.8377,-0.0176901,-0.0581087,0.239242,0.263704,0.588407,0.179102,0.170893,0.311768,8.58624,0.248339,1.04309,14.802,0.831127,0.242762,0.356246,0.300764,0.257679,0.305698,0.730753
OU-II,seed,off,202,jonswap_H8.500,31.8377,-0.027343,-0.0581087,0.669037,0.625895,1.3709,0.422432,0.423224,0.834738,14.3593,0.518822,2.15464,28.2054,1.74296,0.245538,0.343237,0.436101,0.292602,0.811357,1.14952
OU-II,seed,off,202,pmstokes_H0.270,31.8377,-0.0185106,-0.0581087,0.00844913,0.00801786,0.00881326,0.0070785,0.00618171,0.00430301,0.636236,0.0153218,0.0499133,1.10557,0.0498557,0.233065,0.382875,0.262256,0.241779,0.239187,0.727879
OU-II,seed,off,202,pmstokes_H1.500,31.8377,-0.0133748,-0.0581087,0.0738027,0.0794217,0.15315,0.050199,0.0543252,0.0700072,3.71923,0.0947803,0.385566,6.45066,0.347642,0.236656,0.311062,0.27071,0.255297,0.482375,1.07621
OU-II,seed,off,202,pmstokes_H4.000,31.8377,-0.0104551,-0.0581087,0.244163,0.252882,0.560845,0.173594,0.168908,0.299666,9.38857,0.244565,1.04038,16.1102,0.84498,0.243841,0.358061,0.308973,0.254808,0.278904,0.914552
OU-II,seed,off,202,pmstokes_H8.500,31.8377,-0.0252461,-0.0581087,0.738326,0.613592,1.35069,0.430445,0.406776,0.791527,13.3946,0.51235,2.16784,26.3243,1.78784,0.252745,0.353712,0.439226,0.287713,0.863002,1.31027
OU-II,seed,off,3033,gerstner_H0.270,31.8377,-0.0157762,-0.0569939,0.0154527,0.0154002,0.0159078,0.00968337,0.00896357,0,0.885468,0.0202175,0.078711,1.41073,0.0788203,0.027971,0.103732,0.0603344,0.0735859,4.72381,5.44822
OU-II,seed,off,3033,gerstner_H1.500,31.8377,-0.0191454,-0.0569939,0.149536,0.126264,0.301023,0.0574627,0.064688,0,5.02246,0.129254,0.566316,8.33557,0.567006,0.032515,0.109648,0.159318,0.0662526,4.79991,5.51968
OU-II,seed,off,3033,gerstner_H4.000,32.7428,-0.023622,-0.0573191,0.639423,0.438511,1.07262,0.151084,0.163464,0,10.3861,0.339786,1.46764,19.5895,1.4709,0.0399263,0.111072,0.441358,0.0683885,4.78553,5.53449
OU-II,seed,off,3033,gerstner_H8.500,35.7134,-0.00526544,-0.0564409,2.13327,1.09196,2.55542,0.369942,0.337021,0,23.5412,0.72047,3.06514,47.165,3.08196,0.0566057,0.113706,1.02285,0.0915607,4.9753,5.48696
OU-II,seed,off,3033,cnoidal_H0.270,31.8377,-0.0183934,-0.0569939,0.0310949,0.0309224,0.030964,0.000130269,0.000111988,0,0.0758149,0.0501467,0.0522243,0.181265,0.052182,0.0255896,0.0906639,0.0687514,1.00755,4.7669,7.77051
OU-II,seed,off,3033,cnoidal_H1.500,31.8377,-0.0185946,-0.0569939,0.234914,0.234378,0.230151,0.000890477,0.00153837,0,0.283399,0.271423,0.272238,0.516449,0.271661,0.0260391,0.0996716,0.262279,1.82534,4.68353,9.63859
OU-II,seed,off,3033,cnoidal_H4.000,38.519,-0.034712,-0.0552206,0.683915,0.682629,0.659043,0.00273779,0.00565755,0,0.711046,0.744895,0.713867,1.2853,0.710129,0.0245864,0.102273,0.413042,1.78644,4.95759,9.53214
OU-II,seed,off,3033,cnoidal_H8.500,37.2388,-0.00302434,-0.0560834,1.45069,1.46598,1.41758,0.00428289,0.00583238,0,1.62191,1.61549,1.47381,2.87582,1.49164,0.0233824,0.113046,0.530669,0.793431,5.36534,6.65464
OU-II,seed,off,3033,fenton_H0.270,31.8377,-0.023605,-0.0570035,0.0154833,0.0153597,0.0158745,0.0100027,0.00892368,0,0.777632,0.0202097,0.078717,1.30374,0.0787619,0.0282446,0.10399,0.0698964,0.0813209,4.71641,5.42526
OU-II,seed,off,3033,fenton_H1.500,31.8377,-0.0196777,-0.0570035,0.148187,0.125498,0.299977,0.0591621,0.0650979,0,4.93316,0.128446,0.566739,8.2423,0.566402,0.0347822,0.111055,0.143335,0.0750214,4.74756,5.49656
OU-II,seed,off,3033,fenton_H4.000,38.9841,-0.0254796,-0.0562096,0.650584,0.436193,1.06918,0.138182,0.162426,0,8.60519,0.337329,1.46837,17.3764,1.471,0.0453763,0.108283,0.980757,0.0894935,5.29451,5.45363
OU-II,seed,off,3033,fenton_H8.500,35.4434,-0.0298705,-0.0562632,2.11536,1.08142,2.5493,0.240589,0.342875,0,14.4072,0.710116,3.06624,26.6371,3.08274,0.0596161,0.117265,0.94632,0.0823136,5.00017,5.56479
OU-II,seed,off,3033,jonswap_H0.270,31.8377,-0.0175912,-0.0569939,0.00885791,0.0083554,0.00935647,0.00710925,0.00633634,0.00416604,0.64455,0.0156382,0.0534438,1.06408,0.0544531,0.0294666,0.175295,0.0621945,0.0806668,4.4046,2.85152
OU-II,seed,off,3033,jonswap_H1.500,31.8377,-0.0170211,-0.0569939,0.0792747,0.0832756,0.164757,0.0494632,0.0547003,0.0717971,3.74431,0.0952086,0.390972,6.60401,0.352913,0.0505185,0.101332,0.0834769,0.0767947,4.46379,2.9541
OU-II,seed,off,3033,jonswap_H4.000,31.8377,-0.0169047,-0.0569939,0.247461,0.267886,0.588407,0.190621,0.172644,0.311768,8.47764,0.247702,1.04309,14.6247,0.831127,0.0639647,0.143631,0.123593,0.0869039,4.34688,1.86166
OU-II,seed,off,3033,jonswap_H8.500,31.8377,-0.0264059,-0.0569939,0.682851,0.629931,1.3709,0.419477,0.415372,0.834738,14.2175,0.513683,2.15464,27.9354,1.74296,0.14117,0.133818,0.31718,0.0829119,4.35625,2.754
OU-II,seed,off,3033,pmstokes_H0.270,31.8377,-0.0175156,-0.0569939,0.00895136,0.00812775,0.00881326,0.00677366,0.00619651,0.00430301,0.624098,0.0152337,0.0499133,1.08849,0.0498557,0.0293605,0.173052,0.0621018,0.0788982,4.43022,3.14986
OU-II,seed,off,3033,pmstokes_H1.500,31.8377,-0.0124416,-0.0569939,0.0748451,0.0797003,0.15315,0.0483463,0.0536253,0.0700072,3.69385,0.0929729,0.385566,6.40665,0.347642,0.0484727,0.0975256,0.0797307,0.0812428,4.43426,2.72945
OU-II,seed,off,3033,pmstokes_H4.000,31.8377,-0.00967567,-0.0569939,0.25058,0.256812,0.560845,0.183658,0.170548,0.299666,9.28489,0.243749,1.04038,15.9442,0.84498,0.0720222,0.146068,0.134939,0.0891554,4.30262,2.05597
OU-II,seed,off,3033,pmstokes_H8.500,31.8377,-0.0243243,-0.0569939,0.750463,0.617111,1.35069,0.420074,0.396058,0.791527,13.2705,0.506414,2.16784,26.079,1.78784,0.166105,0.144274,0.326,0.0855253,4.37766,2.55706
OU-II,seed,on,default,gerstner_H0.270,31.8377,0.0696127,0.0482045,0.0177679,0.0138117,0.0159078,0.0121989,0.0082022,0,0.192407,0.022197,0.078711,0.345906,0.0788203,0.0413733,0.127943,0.12306,0.111855,1.43535,1.65266
OU-II,seed,on,default,gerstner_H1.500,31.8377,0.0659511,0.0482045,0.157657,0.13294,0.301023,0.0650713,0.0619804,0,0.679516,0.131601,0.566316,1.18263,0.567006,0.0537628,0.133029,0.155451,0.14026,1.06635,1.93429
OU-II,seed,on,default,gerstner_H4.000,51.4468,0.0730805,0.0480851,0.73676,0.462215,1.07262,0.129039,0.156714,0,2.1994,0.343393,1.46764,4.03016,1.4709,0.0707519,0.138964,1.72614,0.123718,4.40834,1.93494
OU-II,seed,on,default,gerstner_H8.500,36.0485,0.08858,0.0491839,2.22315,1.1504,2.55542,0.302656,0.312765,0,9.00915,0.714835,3.06514,15.4925,3.08196,0.0877801,0.142235,1.05761,0.136045,1.89187,1.85758
OU-II,seed,on,default,cnoidal_H0.270,33.1229,0.068709,0.0480994,0.0311441,0.0309828,0.030964,0.000190098,7.15379e-05,0,0.0514644,0.052106,0.0522243,0.079512,0.052182,0.0347721,0.135627,0.160158,0.196908,1.64235,0.923879
OU-II,seed,on,default,cnoidal_H1.500,35.7084,0.0683576,0.0493509,0.23235,0.233185,0.230151,0.000340722,0.000307582,0,0.274668,0.274861,0.272238,0.410915,0.271661,0.0351357,0.14171,0.235272,0.199079,1.76247,0.839201
OU-II,seed,on,default,cnoidal_H4.000,39.0941,0.0626571,0.0501112,0.674779,0.674311,0.659043,0.000926164,0.000921107,0,0.72497,0.729229,0.713867,1.0651,0.710129,0.0359582,0.138533,0.433636,0.463998,2.71008,1.441
OU-II,seed,on,default,cnoidal_H8.500,36.8587,0.0893724,0.049318,1.43309,1.44681,1.41758,0.00106706,0.00110561,0,1.52526,1.51133,1.47381,2.25885,1.49164,0.0335351,0.149439,0.453465,0.343045,2.26614,0.354152
OU-II,seed,on,default,fenton_H0.270,31.8377,0.0616722,0.0482048,0.0162706,0.0137065,0.0158745,0.0113847,0.00814298,0,0.100388,0.0222343,0.078717,0.189363,0.0787619,0.0398054,0.126411,0.167635,0.095276,1.17645,1.56149
OU-II,seed,on,default,fenton_H1.500,31.8377,0.0649124,0.0482048,0.164906,0.130887,0.299977,0.0580002,0.0613456,0,0.621806,0.131692,0.566739,1.08502,0.566402,0.0539616,0.13083,0.232722,0.0994071,0.960836,1.67936
OU-II,seed,on,default,fenton_H4.000,32.5427,0.0744193,0.0479514,0.62059,0.458335,1.06918,0.182069,0.15939,0,2.72518,0.33988,1.46837,4.2357,1.471,0.0740816,0.140313,0.434422,0.179732,1.30211,2.11373
OU-II,seed,on,default,fenton_H8.500,35.1833,0.0633401,0.0488922,1.99955,1.13903,2.5493,0.306171,0.311606,0,4.37396,0.706422,3.06624,6.56785,3.08274,0.0948847,0.152446,0.924114,0.187924,1.8258,2.03221
OU-II,seed,on,default,jonswap_H0.270,31.8377,0.0677754,0.0482045,0.0131681,0.0088798,0.00935647,0.0110103,0.00659522,0.00416604,0.151482,0.0184423,0.0534438,0.289176,0.0544531,0.0424282,0.17557,0.132938,0.0633839,1.13523,2.37099
OU-II,seed,on,default,jonswap_H1.500,31.8377,0.0672425,0.0482045,0.0858825,0.0867875,0.164757,0.053296,0.0577863,0.0717971,0.485395,0.0990634,0.390972,0.96163,0.352913,0.0674757,0.134928,0.1377,0.113729,1.084,3.32135
OU-II,seed,on,default,jonswap_H4.000,31.8377,0.0666314,0.0482045,0.259517,0.282315,0.588407,0.195077,0.178687,0.311768,1.2229,0.253472,1.04309,2.62072,0.831127,0.0758451,0.150951,0.162231,0.0982446,0.824597,3.78007
OU-II,seed,on,default,jonswap_H8.500,31.8377,0.0557003,0.0482045,0.696797,0.677561,1.3709,0.448773,0.458753,0.834738,1.15509,0.515301,2.15464,4.58702,1.74296,0.172861,0.222562,0.358182,0.0913033,1.22846,2.44819
OU-II,seed,on,default,pmstokes_H0.270,31.8377,0.0678499,0.0482045,0.0136016,0.0084569,0.00881326,0.011407,0.00641973,0.00430301,0.162576,0.0179026,0.0499133,0.310775,0.0498557,0.042503,0.171041,0.133945,0.0624047,1.09261,2.034
OU-II,seed,on,default,pmstokes_H1.500,31.8377,0.0717612,0.0482045,0.0812064,0.0835102,0.15315,0.0532489,0.0565168,0.0700072,0.552437,0.0962305,0.385566,0.947614,0.347642,0.0644748,0.132195,0.12644,0.101945,1.0004,3.01924
OU-II,seed,on,default,pmstokes_H4.000,31.8377,0.0730677,0.0482045,0.259211,0.275645,0.560845,0.190515,0.178946,0.299666,1.59143,0.248748,1.04038,2.85325,0.84498,0.0836124,0.152215,0.163819,0.0821287,0.89476,2.96824
OU-II,seed,on,default,pmstokes_H8.500,31.8377,0.0561654,0.0482045,0.760486,0.666409,1.35069,0.456749,0.443547,0.791527,1.25612,0.513299,2.16784,5.32212,1.78784,0.201697,0.251857,0.358087,0.0843718,1.51357,2.02235
OU-II,seed,on,11,gerstner_H0.270,31.8377,0.0113393,-0.0240258,0.0125204,0.0133037,0.0159078,0.00768679,0.00729267,0,0.189777,0.0220808,0.078711,0.319205,0.0788203,0.32495,0.283352,0.209745,0.0852179,1.16445,1.06085
OU-II,seed,on,11,gerstner_H1.500,31.8377,0.00776912,-0.0240258,0.148616,0.128185,0.301023,0.0530558,0.0525065,0,1.27521,0.130732,0.566316,2.00062,0.567006,0.337934,0.28164,0.245124,0.0838653,1.22474,0.905201
OU-II,seed,on,11,gerstner_H4.000,32.7028,0.00363568,-0.0243782,0.645513,0.447325,1.07262,0.120651,0.127816,0,3.0166,0.339883,1.46764,4.79962,1.4709,0.348327,0.286031,0.507999,0.0925494,1.30043,0.82577
OU-II,seed,on,11,gerstner_H8.500,35.8385,0.0236207,-0.0237273,2.22342,1.1103,2.55542,0.252435,0.245966,0,11.0355,0.710558,3.06514,18.9863,3.08196,0.394416,0.291617,1.02317,0.10599,1.74932,0.857084
OU-II,seed,on,11,cnoidal_H0.270,31.8377,0.00877056,-0.0240258,0.0310771,0.0309822,0.030964,6.16753e-05,6.59047e-05,0,0.0519096,0.0521063,0.0522243,0.0861413,0.052182,0.320822,0.270968,0.229012,0.254668,2.3484,3.00821
OU-II,seed,on,11,cnoidal_H1.500,31.8377,0.00852835,-0.0240258,0.23251,0.233167,0.230151,0.000358935,0.000384324,0,0.275013,0.274862,0.272238,0.413114,0.271661,0.320897,0.266965,0.234364,0.253519,2.25216,2.96446
OU-II,seed,on,11,cnoidal_H4.000,38.489,-0.00463352,-0.0221734,0.674895,0.674296,0.659043,0.00108395,0.00150089,0,0.724962,0.729195,0.713867,1.06675,0.710129,0.316478,0.267532,0.469835,0.523261,3.13987,3.63817
OU-II,seed,on,11,cnoidal_H8.500,37.4638,0.0274301,-0.0229047,1.43302,1.44669,1.41758,0.00156084,0.00177651,0,1.5249,1.51129,1.47381,2.27966,1.49164,0.318124,0.261887,0.47661,0.347122,3.12064,2.77886
OU-II,seed,on,11,fenton_H0.270,31.8377,0.00343533,-0.0240354,0.0122237,0.0132384,0.0158745,0.00769831,0.00726693,0,0.153547,0.0220852,0.078717,0.271809,0.0787619,0.325071,0.283458,0.213923,0.0873059,1.16787,1.07069
OU-II,seed,on,11,fenton_H1.500,31.8377,0.00688346,-0.0240354,0.154683,0.126838,0.299977,0.0481785,0.0529682,0,1.23877,0.130337,0.566739,1.96378,0.566402,0.336047,0.280854,0.249645,0.0878639,1.20825,0.960257
OU-II,seed,on,11,fenton_H4.000,33.603,0.0179897,-0.0239435,0.660751,0.4431,1.06918,0.133451,0.127174,0,4.65216,0.337667,1.46837,7.05789,1.471,0.358651,0.287193,0.503872,0.0917875,1.34025,0.811105
OU-II,seed,on,11,fenton_H8.500,35.3784,-0.000160093,-0.0233651,2.02796,1.09805,2.5493,0.260001,0.249425,0,6.74231,0.703072,3.06624,10.1812,3.08274,0.393038,0.284811,1.01696,0.104257,1.91182,0.850588
OU-II,seed,on,11,jonswap_H0.270,31.8377,0.00950747,-0.0240258,0.00803322,0.00819076,0.00935647,0.00589906,0.00595885,0.00416604,0.112642,0.0191233,0.0534438,0.215923,0.0544531,0.32255,0.229682,0.208549,0.10046,1.54016,0.674326
OU-II,seed,on,11,jonswap_H1.500,31.8377,0.00926047,-0.0240258,0.0810752,0.082744,0.164757,0.0477004,0.0529029,0.0717971,0.880851,0.097298,0.390972,1.54108,0.352913,0.330571,0.281054,0.219384,0.0855191,1.3407,0.750454
OU-II,seed,on,11,jonswap_H4.000,31.8377,0.0093805,-0.0240258,0.244531,0.269385,0.588407,0.183521,0.167801,0.311768,2.32454,0.255737,1.04309,3.62182,0.831127,0.352583,0.274476,0.238844,0.0915385,1.45488,0.386298
OU-II,seed,on,11,jonswap_H8.500,31.8377,-0.00156044,-0.0240258,0.679814,0.641451,1.3709,0.424569,0.431979,0.834738,3.89297,0.515292,2.15464,7.20092,1.74296,0.372748,0.23045,0.402572,0.126939,1.89757,1.44854
OU-II,seed,on,11,pmstokes_H0.270,31.8377,0.00958704,-0.0240258,0.0078155,0.00793018,0.00881326,0.00584308,0.0058622,0.00430301,0.109606,0.0186907,0.0499133,0.21905,0.0498557,0.322532,0.233883,0.208531,0.10451,1.56658,0.799331
OU-II,seed,on,11,pmstokes_H1.500,31.8377,0.0138383,-0.0240258,0.0769933,0.0800751,0.15315,0.0473978,0.0530063,0.0700072,0.918316,0.0949709,0.385566,1.57319,0.347642,0.329531,0.279529,0.218178,0.0877244,1.57509,0.921907
OU-II,seed,on,11,pmstokes_H4.000,31.8377,0.0161185,-0.0240258,0.250111,0.259849,0.560845,0.180945,0.171152,0.299666,2.68953,0.252539,1.04038,4.22076,0.84498,0.358423,0.275545,0.250599,0.105948,1.73488,0.652189
OU-II,seed,on,11,pmstokes_H8.500,31.8377,-0.000669554,-0.0240258,0.752654,0.636106,1.35069,0.430844,0.421143,0.791527,4.00624,0.515849,2.16784,7.25355,1.78784,0.382273,0.208321,0.41238,0.166574,2.27597,1.80528
OU-II,seed,on,23,gerstner_H0.270,31.8377,-0.00914515,-0.0488114,0.0126162,0.0135253,0.0159078,0.00801625,0.00757777,0,0.209036,0.0218069,0.078711,0.323645,0.0788203,0.548111,0.608344,0.0618065,0.248667,6.36673,6.53658
OU-II,seed,on,23,gerstner_H1.500,31.8377,-0.0126297,-0.0488114,0.149287,0.130374,0.301023,0.0641994,0.0635931,0,1.45553,0.129106,0.566316,2.25667,0.567006,0.547925,0.617428,0.12571,0.258434,6.39781,6.76995
OU-II,seed,on,23,gerstner_H4.000,33.0729,-0.0187246,-0.0491325,0.65078,0.455898,1.07262,0.161616,0.178962,0,3.30709,0.33705,1.46764,5.28472,1.4709,0.544618,0.621847,0.481094,0.302533,6.67811,6.99202
OU-II,seed,on,23,gerstner_H8.500,35.7634,0.00100584,-0.0484286,2.21351,1.13138,2.55542,0.373472,0.379343,0,11.6036,0.706997,3.06514,19.9276,3.08196,0.533466,0.618229,1.05174,0.307496,6.78338,6.9384
OU-II,seed,on,23,cnoidal_H0.270,31.8377,-0.011742,-0.0488114,0.0310907,0.0309851,0.030964,7.52205e-05,6.70858e-05,0,0.0519247,0.0521074,0.0522243,0.0887244,0.052182,0.547509,0.602716,0.0747802,0.0579224,4.38302,3.84742
OU-II,seed,on,23,cnoidal_H1.500,31.8377,-0.0119782,-0.0488114,0.232529,0.233187,0.230151,0.000562614,0.000495928,0,0.275124,0.274874,0.272238,0.415878,0.271661,0.546823,0.608932,0.238121,0.158807,4.53326,4.02757
OU-II,seed,on,23,cnoidal_H4.000,38.219,-0.0279526,-0.0472035,0.675049,0.674361,0.659043,0.0016975,0.00156741,0,0.724965,0.729257,0.713867,1.06749,0.710129,0.542344,0.608491,0.341701,0.296046,4.88689,3.55033
OU-II,seed,on,23,cnoidal_H8.500,37.6588,0.00541506,-0.0474989,1.43287,1.44662,1.41758,0.00252678,0.00290416,0,1.52484,1.51136,1.47381,2.28498,1.49164,0.538872,0.620571,0.453438,0.415538,4.56381,4.79202
OU-II,seed,on,23,fenton_H0.270,31.8377,-0.0170652,-0.048821,0.012399,0.0134709,0.0158745,0.00815863,0.00755018,0,0.195011,0.0217936,0.078717,0.382468,0.0787619,0.547951,0.60883,0.068595,0.256617,6.46866,6.54328
OU-II,seed,on,23,fenton_H1.500,31.8377,-0.0136145,-0.048821,0.155603,0.129188,0.299977,0.0569849,0.0637935,0,1.42504,0.128525,0.566739,2.24627,0.566402,0.548182,0.618681,0.16221,0.272151,6.45075,6.76125
OU-II,seed,on,23,fenton_H4.000,33.858,-0.00357277,-0.0486078,0.662005,0.450229,1.06918,0.190222,0.177436,0,5.03644,0.335567,1.46837,7.64501,1.471,0.546353,0.61675,0.458433,0.292708,6.54905,6.90569
OU-II,seed,on,23,fenton_H8.500,35.4584,-0.0227596,-0.0482011,2.01461,1.11716,2.5493,0.449029,0.376408,0,7.32462,0.70145,3.06624,11.1267,3.08274,0.543079,0.627437,0.954749,0.295286,6.63012,6.83828
OU-II,seed,on,23,jonswap_H0.270,31.8377,-0.0110542,-0.0488114,0.00819664,0.00832008,0.00935647,0.00623103,0.00606837,0.00416604,0.13712,0.0187352,0.0534438,0.24334,0.0544531,0.547036,0.650673,0.0626844,0.189045,5.48652,4.45104
OU-II,seed,on,23,jonswap_H1.500,31.8377,-0.0111487,-0.0488114,0.0826532,0.0849441,0.164757,0.0521644,0.0554641,0.0717971,1.00158,0.099083,0.390972,1.74187,0.352913,0.549143,0.606712,0.0871182,0.238799,6.12057,5.67075
OU-II,seed,on,23,jonswap_H4.000,31.8377,-0.0112547,-0.0488114,0.241142,0.27262,0.588407,0.175932,0.173509,0.311768,2.62494,0.24906,1.04309,4.04456,0.831127,0.534566,0.607356,0.117297,0.20957,5.2418,3.30063
OU-II,seed,on,23,jonswap_H8.500,31.8377,-0.0216869,-0.0488114,0.675446,0.655603,1.3709,0.443404,0.449707,0.834738,4.70002,0.521999,2.15464,8.61913,1.74296,0.551611,0.660117,0.31468,0.169445,5.2075,4.51433
OU-II,seed,on,23,pmstokes_H0.270,31.8377,-0.0109724,-0.0488114,0.00793113,0.0080444,0.00881326,0.0060416,0.00598933,0.00430301,0.131025,0.0183116,0.0499133,0.239473,0.0498557,0.546963,0.6464,0.0628018,0.182799,5.3952,4.39902
OU-II,seed,on,23,pmstokes_H1.500,31.8377,-0.00656493,-0.0488114,0.0777918,0.0812661,0.15315,0.0506289,0.0545641,0.0700072,1.03213,0.0967372,0.385566,1.76333,0.347642,0.551979,0.606864,0.0797145,0.217181,5.61501,5.17785
OU-II,seed,on,23,pmstokes_H4.000,31.8377,-0.00449672,-0.0488114,0.251226,0.266512,0.560845,0.176134,0.17661,0.299666,2.9904,0.24557,1.04038,4.64438,0.84498,0.528513,0.603197,0.125943,0.172767,4.6727,2.44891
OU-II,seed,on,23,pmstokes_H8.500,31.8377,-0.0205245,-0.0488114,0.74728,0.643471,1.35069,0.452652,0.436269,0.791527,4.84339,0.523268,2.16784,8.67597,1.78784,0.559025,0.682303,0.323294,0.122974,4.65499,4.02107
OU-II,seed,on,202,gerstner_H0.270,31.8377,-0.0166483,-0.0581087,0.0125321,0.0132852,0.0159078,0.00816532,0.00736005,0,0.224379,0.0221441,0.078711,0.340949,0.0788203,0.233437,0.287,0.270092,0.114685,3.42121,3.29261
OU-II,seed,on,202,gerstner_H1.500,31.8377,-0.0201721,-0.0581087,0.147596,0.128166,0.301023,0.0593583,0.0554924,0,1.51321,0.131242,0.566316,2.34133,0.567006,0.231941,0.294066,0.305886,0.112887,3.47056,3.55546
OU-II,seed,on,202,gerstner_H4.000,32.6078,-0.024261,-0.0584616,0.640403,0.448999,1.07262,0.135055,0.143892,0,3.68038,0.340426,1.46764,5.78872,1.4709,0.231285,0.296795,0.515455,0.104871,3.8147,3.8191
OU-II,seed,on,202,gerstner_H8.500,35.7334,-0.00723803,-0.0576103,2.22975,1.11721,2.55542,0.290963,0.289103,0,11.7923,0.712359,3.06514,20.2013,3.08196,0.240667,0.293112,0.992606,0.117173,4.0542,3.78959
OU-II,seed,on,202,cnoidal_H0.270,31.8377,-0.0192442,-0.0581087,0.0310985,0.0309821,0.030964,7.77942e-05,6.29369e-05,0,0.0519509,0.0521065,0.0522243,0.0898679,0.052182,0.23419,0.287353,0.27913,0.294727,1.26988,0.603404
OU-II,seed,on,202,cnoidal_H1.500,31.8377,-0.0194922,-0.0581087,0.232553,0.233165,0.230151,0.000314905,0.00028716,0,0.275124,0.274855,0.272238,0.416564,0.271661,0.233627,0.293121,0.265909,0.285596,1.49331,0.910216
OU-II,seed,on,202,cnoidal_H4.000,38.1239,-0.0363961,-0.0564207,0.675011,0.674306,0.659043,0.000797431,0.000743543,0,0.724922,0.729216,0.713867,1.06724,0.710129,0.231942,0.292495,0.50257,0.547643,2.35136,0.530632
OU-II,seed,on,202,cnoidal_H8.500,37.7489,-0.00267122,-0.056503,1.43293,1.44671,1.41758,0.000986888,0.00119125,0,1.52469,1.51127,1.47381,2.28592,1.49164,0.229077,0.301059,0.493115,0.352069,2.04567,1.19449
OU-II,seed,on,202,fenton_H0.270,31.8377,-0.0245515,-0.0581183,0.0123457,0.0132302,0.0158745,0.00864574,0.00733406,0,0.217152,0.0221227,0.078717,0.434092,0.0787619,0.232784,0.287592,0.255312,0.106137,3.60603,3.30025
OU-II,seed,on,202,fenton_H1.500,31.8377,-0.0210269,-0.0581183,0.15461,0.127073,0.299977,0.0506308,0.0558923,0,1.49185,0.130541,0.566739,2.35451,0.566402,0.231405,0.295325,0.274131,0.100129,3.54843,3.57267
OU-II,seed,on,202,fenton_H4.000,33.833,-0.0112724,-0.0577703,0.658068,0.443943,1.06918,0.168702,0.14226,0,5.1809,0.33906,1.46837,7.85631,1.471,0.235333,0.291649,0.555754,0.108055,3.70897,3.70413
OU-II,seed,on,202,fenton_H8.500,35.4784,-0.0309242,-0.0573904,2.00629,1.10203,2.5493,0.371487,0.287298,0,7.51406,0.705811,3.06624,11.4154,3.08274,0.241204,0.300694,1.04503,0.119223,3.93969,3.63484
OU-II,seed,on,202,jonswap_H0.270,31.8377,-0.0185252,-0.0581087,0.00815033,0.00821269,0.00935647,0.00652231,0.00603296,0.00416604,0.160694,0.0189017,0.0534438,0.271149,0.0544531,0.232542,0.333297,0.265617,0.141194,2.67802,2.69171
OU-II,seed,on,202,jonswap_H1.500,31.8377,-0.0185754,-0.0581087,0.0809968,0.0834168,0.164757,0.0497263,0.0544986,0.0717971,1.04536,0.0993375,0.390972,1.81199,0.352913,0.234586,0.287828,0.278263,0.11962,3.40021,4.49485
OU-II,seed,on,202,jonswap_H4.000,31.8377,-0.0184741,-0.0581087,0.239733,0.26864,0.588407,0.177709,0.170376,0.311768,2.74493,0.253144,1.04309,4.22786,0.831127,0.221366,0.290463,0.302542,0.137199,2.44268,2.29192
OU-II,seed,on,202,jonswap_H8.500,31.8377,-0.0290559,-0.0581087,0.669134,0.64528,1.3709,0.429752,0.444835,0.834738,4.98152,0.522133,2.15464,9.1026,1.74296,0.255667,0.339278,0.441682,0.181698,2.5018,3.47583
OU-II,seed,on,202,pmstokes_H0.270,31.8377,-0.0184444,-0.0581087,0.0079651,0.00792832,0.00881326,0.00645018,0.00595164,0.00430301,0.152346,0.018373,0.0499133,0.27079,0.0498557,0.232629,0.328094,0.265261,0.14676,2.54817,2.46795
OU-II,seed,on,202,pmstokes_H1.500,31.8377,-0.0139833,-0.0581087,0.0763922,0.0799722,0.15315,0.0487712,0.0539182,0.0700072,1.07306,0.0969831,0.385566,1.82493,0.347642,0.237783,0.289062,0.281937,0.13231,2.86677,4.02289
OU-II,seed,on,202,pmstokes_H4.000,31.8377,-0.0116562,-0.0581087,0.247875,0.260513,0.560845,0.177202,0.173674,0.299666,3.11097,0.249913,1.04038,4.83272,0.84498,0.216089,0.285943,0.320305,0.165653,1.82134,1.40998
OU-II,seed,on,202,pmstokes_H8.500,31.8377,-0.0278724,-0.0581087,0.741081,0.633669,1.35069,0.436881,0.432425,0.791527,5.12802,0.523036,2.16784,9.14746,1.78784,0.268808,0.360841,0.455541,0.228576,1.97888,3.00354
OU-II,seed,on,3033,gerstner_H0.270,31.8377,-0.0156724,-0.0569939,0.0128865,0.0134868,0.0159078,0.00773239,0.00728279,0,0.221219,0.0218061,0.078711,0.33611,0.0788203,0.0252543,0.0563428,0.0610424,0.242878,2.18306,2.13503
OU-II,seed,on,3033,gerstner_H1.500,31.8377,-0.0191409,-0.0569939,0.150481,0.129771,0.301023,0.0520033,0.0529176,0,1.50406,0.129127,0.566316,2.32341,0.567006,0.0307038,0.0620159,0.127212,0.250717,2.23094,1.95225
OU-II,seed,on,3033,gerstner_H4.000,32.6128,-0.0233787,-0.0573667,0.6426,0.45296,1.07262,0.123338,0.130063,0,3.64436,0.336724,1.46764,5.72943,1.4709,0.0411538,0.064617,0.517489,0.30136,2.17049,1.75973
OU-II,seed,on,3033,gerstner_H8.500,35.7334,-0.00634913,-0.0564954,2.22068,1.12456,2.55542,0.257151,0.253689,0,11.6992,0.706914,3.06514,20.065,3.08196,0.0926653,0.0658801,1.04126,0.307169,2.44259,1.7956
OU-II,seed,on,3033,cnoidal_H0.270,31.8377,-0.0182695,-0.0569939,0.0311017,0.0309844,0.030964,7.74609e-05,6.49509e-05,0,0.0519476,0.0521067,0.0522243,0.0897698,0.052182,0.0250304,0.0671223,0.0752935,0.0582741,3.67174,4.37586
OU-II,seed,on,3033,cnoidal_H1.500,31.8377,-0.018496,-0.0569939,0.232559,0.233182,0.230151,0.000420778,0.000448302,0,0.275142,0.274879,0.272238,0.416755,0.271661,0.0250668,0.0714625,0.238856,0.158946,3.58156,4.30328
OU-II,seed,on,3033,cnoidal_H4.000,38.1339,-0.0353015,-0.0553756,0.675021,0.674318,0.659043,0.00136575,0.00182251,0,0.725024,0.729277,0.713867,1.06745,0.710129,0.0244862,0.0731653,0.340974,0.303226,4.05083,4.91181
OU-II,seed,on,3033,cnoidal_H8.500,37.7239,-0.00157573,-0.0555118,1.43288,1.44665,1.41758,0.00196037,0.00219493,0,1.52479,1.51135,1.47381,2.28648,1.49164,0.0226694,0.0785764,0.452987,0.409372,4.23755,3.86436
OU-II,seed,on,3033,fenton_H0.270,31.8377,-0.0235913,-0.0570035,0.0127011,0.0134368,0.0158745,0.00794024,0.0072563,0,0.214182,0.0217883,0.078717,0.42836,0.0787619,0.0251097,0.0566957,0.0718611,0.255124,2.14944,2.11249
OU-II,seed,on,3033,fenton_H1.500,31.8377,-0.0201596,-0.0570035,0.156485,0.128577,0.299977,0.0463877,0.0533457,0,1.47672,0.128427,0.566739,2.32879,0.566402,0.0303754,0.0633713,0.169615,0.272767,2.17168,1.93813
OU-II,seed,on,3033,fenton_H4.000,37.0687,-0.0284406,-0.056512,0.662743,0.44831,1.06918,0.132455,0.129663,0,3.07385,0.334898,1.46837,5.11613,1.471,0.0658654,0.0625892,0.879533,0.305092,2.66573,1.78933
OU-II,seed,on,3033,fenton_H8.500,35.4784,-0.0298524,-0.0562756,2.03918,1.11002,2.5493,0.250788,0.258205,0,7.47029,0.700298,3.06624,11.3396,3.08274,0.0881817,0.0702673,0.967713,0.288916,2.70599,1.88118
OU-II,seed,on,3033,jonswap_H0.270,31.8377,-0.0175541,-0.0569939,0.00841074,0.00835358,0.00935647,0.00641224,0.0060237,0.00416604,0.15417,0.0187769,0.0534438,0.267669,0.0544531,0.0252452,0.111276,0.0626984,0.187213,2.57842,0.73729
OU-II,seed,on,3033,jonswap_H1.500,31.8377,-0.017664,-0.0569939,0.0820124,0.0837616,0.164757,0.0464753,0.0523961,0.0717971,1.03664,0.0973792,0.390972,1.79383,0.352913,0.0476073,0.065097,0.0882907,0.237876,2.24119,0.72878
OU-II,seed,on,3033,jonswap_H4.000,31.8377,-0.0176871,-0.0569939,0.247999,0.272944,0.588407,0.187094,0.16941,0.311768,2.71376,0.252313,1.04309,4.18248,0.831127,0.0549106,0.0789716,0.118272,0.210313,2.50899,0.960515
OU-II,seed,on,3033,jonswap_H8.500,31.8377,-0.0281063,-0.0569939,0.683078,0.64941,1.3709,0.418828,0.427567,0.834738,4.93214,0.516734,2.15464,9.01213,1.74296,0.144249,0.12051,0.314197,0.166412,2.91783,0.769518
OU-II,seed,on,3033,pmstokes_H0.270,31.8377,-0.0174752,-0.0569939,0.0081614,0.00807385,0.00881326,0.00613601,0.00592513,0.00430301,0.148017,0.0185012,0.0499133,0.266256,0.0498557,0.0251796,0.108051,0.0628174,0.181651,2.66227,0.967559
OU-II,seed,on,3033,pmstokes_H1.500,31.8377,-0.0130579,-0.0569939,0.0779348,0.0808445,0.15315,0.0461416,0.0523363,0.0700072,1.06493,0.0951101,0.385566,1.80715,0.347642,0.047415,0.0682966,0.0804029,0.215599,2.55896,0.604146
OU-II,seed,on,3033,pmstokes_H4.000,31.8377,-0.0108649,-0.0569939,0.254259,0.264392,0.560845,0.185409,0.173082,0.299666,3.07995,0.24907,1.04038,4.7878,0.84498,0.0636886,0.0781437,0.126059,0.173428,2.86719,0.404936
OU-II,seed,on,3033,pmstokes_H8.500,31.8377,-0.0269224,-0.0569939,0.755424,0.642039,1.35069,0.422411,0.415655,0.791527,5.07637,0.516792,2.16784,9.05899,1.78784,0.169951,0.143477,0.323901,0.118851,3.33714,1.03481
OU-III,deployed,off,default,gerstner_H0.270,31.8377,nan,0.0482045,0.0189486,0.0109074,0.0159078,0.0196397,0.0107511,0,0.820164,0.0137072,0.078711,1.4692,0.0788203,0.0573385,0.190607,0.157122,0.113401,2.77891,1.94641
OU-III,deployed,off,default,gerstner_H1.500,31.8377,nan,0.0482045,0.167137,0.0982939,0.301023,0.0968863,0.0830454,0,2.81572,0.0783187,0.566316,4.43037,0.567006,0.0743349,0.196189,0.184395,0.13827,2.79135,1.99422
OU-III,deployed,off,default,gerstner_H4.000,32.8928,nan,0.0480436,0.848854,0.326751,1.07262,0.260975,0.22553,0,7.22439,0.201909,1.46764,10.8075,1.4709,0.101378,0.209563,0.401783,0.106278,2.89967,1.86146
OU-III,deployed,off,default,gerstner_H8.500,36.0235,nan,0.0491264,2.3223,0.795237,2.55542,0.653295,0.475317,0,16.024,0.408057,3.06514,25.2146,3.08196,0.127313,0.204532,0.843224,0.15439,3.32561,1.9855
OU-III,deployed,off,default,cnoidal_H0.270,33.1829,nan,0.0480103,0.0445725,0.0432838,0.030964,0.0133132,0.0112241,0,0.527644,0.0262748,0.0522243,0.803168,0.052182,0.0461961,0.19746,0.163446,0.104924,2.75377,1.84962
OU-III,deployed,off,default,cnoidal_H1.500,35.8735,nan,0.0492018,0.435822,0.438292,0.230151,0.0197089,0.0220048,0,0.620105,0.374414,0.272238,1.22314,0.271661,0.0480653,0.213921,0.284178,0.893919,2.49924,3.35939
OU-III,deployed,off,default,cnoidal_H4.000,39.6393,nan,0.0497179,1.17559,1.19345,0.659043,0.035503,0.0668613,0,1.46622,1.34933,0.713867,2.9474,0.710129,0.0464026,0.185847,0.516203,2.10774,3.26982,6.67488
OU-III,deployed,off,default,cnoidal_H8.500,36.5686,nan,0.0490855,2.17764,2.28154,1.41758,0.0395756,0.0934835,0,2.95948,3.38585,1.47381,5.02244,1.49164,0.0462753,0.192058,0.533326,2.08313,2.75938,6.5092
OU-III,deployed,off,default,fenton_H0.270,31.8377,nan,0.0482048,0.0168722,0.0107737,0.0158745,0.015677,0.0106592,0,0.702166,0.0135663,0.078717,1.15956,0.0787619,0.0506124,0.191094,0.152933,0.106527,2.77172,1.92572
OU-III,deployed,off,default,fenton_H1.500,31.8377,nan,0.0482048,0.174272,0.0960004,0.299977,0.0933826,0.082527,0,2.77256,0.0767323,0.566739,4.22517,0.566402,0.0753448,0.197082,0.196019,0.128587,2.79276,1.96068
OU-III,deployed,off,default,fenton_H4.000,32.5027,nan,0.048022,0.788464,0.320289,1.06918,0.239357,0.227428,0,7.09997,0.197848,1.46837,10.8899,1.471,0.0943536,0.203192,0.374914,0.151696,2.82777,2.00667
OU-III,deployed,off,default,fenton_H8.500,35.1533,nan,0.0490263,2.41112,0.777417,2.5493,0.57783,0.47261,0,15.4478,0.399361,3.06624,24.628,3.08274,0.157207,0.222151,0.680914,0.121203,2.97268,1.89235
OU-III,deployed,off,default,jonswap_H0.270,31.8377,nan,0.0482045,0.013503,0.00912932,0.00935647,0.0139647,0.00908385,0.00416604,0.707749,0.0114735,0.0534438,1.30417,0.0544531,0.0470056,0.307663,0.154949,0.120979,2.70292,0.493595
OU-III,deployed,off,default,jonswap_H1.500,31.8377,nan,0.0482045,0.0847947,0.0692881,0.164757,0.0669705,0.0617621,0.0717971,1.83118,0.0614892,0.390972,2.87903,0.352913,0.0794736,0.169567,0.165987,0.118796,2.81442,0.386553
OU-III,deployed,off,default,jonswap_H4.000,31.8377,nan,0.0482045,0.281555,0.233528,0.588407,0.20632,0.173236,0.311768,4.23592,0.160708,1.04309,6.39864,0.831127,0.0792792,0.222908,0.225628,0.130761,2.75594,0.814548
OU-III,deployed,off,default,jonswap_H8.500,31.8377,nan,0.0482045,1.08282,0.524166,1.3709,0.546498,0.409659,0.834738,8.97927,0.315284,2.15464,14.7699,1.74296,0.189675,0.289478,0.550537,0.14502,3.52215,0.330434
OU-III,deployed,off,default,pmstokes_H0.270,31.8377,nan,0.0482045,0.0136684,0.00917349,0.00881326,0.0137742,0.00901439,0.00430301,0.734842,0.0113752,0.0499133,1.33636,0.0498557,0.0471332,0.31275,0.155246,0.119835,2.69488,0.659383
OU-III,deployed,off,default,pmstokes_H1.500,31.8377,nan,0.0482045,0.07971,0.0669353,0.15315,0.0645346,0.0585484,0.0700072,1.63952,0.0603526,0.385566,2.49558,0.347642,0.0796949,0.169937,0.167634,0.119193,2.77236,0.243761
OU-III,deployed,off,default,pmstokes_H4.000,31.8377,nan,0.0482045,0.293746,0.226605,0.560845,0.204867,0.16648,0.299666,3.80067,0.158208,1.04038,5.67968,0.84498,0.0890685,0.207219,0.253065,0.129805,2.56516,0.601711
OU-III,deployed,off,default,pmstokes_H8.500,31.8377,nan,0.0482045,1.17809,0.527052,1.35069,0.610413,0.390472,0.791527,8.17689,0.314745,2.16784,12.8258,1.78784,0.24832,0.327536,0.522973,0.146502,3.76572,0.29665
OU-III,deployed,off,11,gerstner_H0.270,31.8377,nan,-0.0240258,0.0104709,0.0105901,0.0159078,0.0123277,0.0098348,0,0.233818,0.0131737,0.078711,0.382301,0.0788203,0.321298,0.204739,0.210287,0.144931,3.22948,3.77533
OU-III,deployed,off,11,gerstner_H1.500,31.8377,nan,-0.0240258,0.172564,0.0974126,0.301023,0.0941066,0.0806279,0,1.39256,0.0726403,0.566316,2.23856,0.567006,0.341679,0.196775,0.252567,0.192105,3.27131,3.86855
OU-III,deployed,off,11,gerstner_H4.000,35.7534,nan,-0.0236822,0.818401,0.320439,1.07262,0.238879,0.2142,0,3.59568,0.188824,1.46764,5.34671,1.4709,0.369675,0.19502,0.556543,0.214257,3.57963,3.88516
OU-III,deployed,off,11,gerstner_H8.500,35.8134,nan,-0.0236467,2.44281,0.78474,2.55542,0.596521,0.43674,0,8.12847,0.395073,3.06514,12.6796,3.08196,0.404633,0.204699,0.896485,0.204878,3.71498,3.8456
OU-III,deployed,off,11,cnoidal_H0.270,31.8377,nan,-0.0240258,0.0463929,0.0431981,0.030964,0.0124514,0.0107444,0,0.226195,0.0259684,0.0522243,0.352724,0.052182,0.317806,0.200902,0.21072,0.145901,3.19288,3.72654
OU-III,deployed,off,11,cnoidal_H1.500,34.9933,nan,-0.0236104,0.438763,0.437946,0.230151,0.016426,0.023241,0,0.435805,0.374558,0.272238,0.985158,0.271661,0.321384,0.180443,0.320135,0.972943,2.90054,5.07953
OU-III,deployed,off,11,cnoidal_H4.000,38.8991,nan,-0.0232109,1.17925,1.20057,0.659043,0.0296023,0.0793037,0,1.16081,1.3493,0.713867,2.07576,0.710129,0.320639,0.198811,0.546107,2.14236,3.6025,7.97311
OU-III,deployed,off,11,cnoidal_H8.500,37.0587,nan,-0.0235439,2.18604,2.26906,1.41758,0.0348347,0.110051,0,2.86425,3.38588,1.47381,6.09451,1.49164,0.320317,0.179316,0.551508,2.12464,3.62123,8.04557
OU-III,deployed,off,11,fenton_H0.270,31.8377,nan,-0.0240354,0.0105196,0.0104718,0.0158745,0.0124149,0.00979264,0,0.240252,0.0130611,0.078717,0.409451,0.0787619,0.321391,0.205337,0.211531,0.148744,3.23542,3.78276
OU-III,deployed,off,11,fenton_H1.500,31.8377,nan,-0.0240354,0.173107,0.0957174,0.299977,0.094506,0.0807716,0,1.38097,0.0711999,0.566739,2.23473,0.566402,0.339949,0.197314,0.263463,0.195878,3.30857,3.87737
OU-III,deployed,off,11,fenton_H4.000,34.2081,nan,-0.0239491,0.774121,0.313838,1.06918,0.225204,0.210365,0,3.63327,0.185827,1.46837,5.38322,1.471,0.36228,0.19949,0.377013,0.187402,3.2475,3.83695
OU-III,deployed,off,11,fenton_H8.500,35.3433,nan,-0.0233047,2.37651,0.766652,2.5493,0.516578,0.443073,0,8.3644,0.385862,3.06624,12.4391,3.08274,0.392306,0.195265,0.718537,0.232867,3.41858,3.90979
OU-III,deployed,off,11,jonswap_H0.270,31.8377,nan,-0.0240258,0.00837311,0.00876569,0.00935647,0.0097411,0.00842714,0.00416604,0.184612,0.0113303,0.0534438,0.290198,0.0544531,0.316134,0.129822,0.20827,0.15275,3.04121,2.43819
OU-III,deployed,off,11,jonswap_H1.500,31.8377,nan,-0.0240258,0.0867151,0.0716456,0.164757,0.0663474,0.0592084,0.0717971,0.889768,0.0575635,0.390972,1.46753,0.352913,0.32785,0.212525,0.227514,0.16164,3.19917,3.46847
OU-III,deployed,off,11,jonswap_H4.000,31.8377,nan,-0.0240258,0.263925,0.217431,0.588407,0.206161,0.177353,0.311768,2.09809,0.15079,1.04309,3.14237,0.831127,0.35097,0.175785,0.28522,0.169796,3.15403,2.16704
OU-III,deployed,off,11,jonswap_H8.500,31.8377,nan,-0.0240258,1.00004,0.547813,1.3709,0.52065,0.347768,0.834738,4.54966,0.304896,2.15464,7.37447,1.74296,0.388791,0.145822,0.546992,0.176195,2.90415,3.23464
OU-III,deployed,off,11,pmstokes_H0.270,31.8377,nan,-0.0240258,0.00853376,0.00885887,0.00881326,0.00971429,0.00838997,0.00430301,0.183217,0.0112056,0.0499133,0.29452,0.0498557,0.316073,0.127622,0.208318,0.158497,3.0481,2.5638
OU-III,deployed,off,11,pmstokes_H1.500,31.8377,nan,-0.0240258,0.081119,0.0693954,0.15315,0.0648801,0.0570064,0.0700072,0.793956,0.0571879,0.385566,1.2654,0.347642,0.327691,0.212688,0.229532,0.156586,3.18335,3.26447
OU-III,deployed,off,11,pmstokes_H4.000,31.8377,nan,-0.0240258,0.285304,0.212087,0.560845,0.206952,0.17599,0.299666,1.89098,0.150628,1.04038,2.85325,0.84498,0.352658,0.185933,0.309128,0.167805,3.11972,2.42178
OU-III,deployed,off,11,pmstokes_H8.500,31.8377,nan,-0.0240258,1.11884,0.548297,1.35069,0.608141,0.330411,0.791527,4.1958,0.30841,2.16784,6.37217,1.78784,0.416466,0.13163,0.531989,0.167387,2.97283,3.0008
OU-III,deployed,off,23,gerstner_H0.270,31.8377,nan,-0.0488114,0.0110222,0.0105227,0.0159078,0.014046,0.00986101,0,0.465875,0.0130971,0.078711,0.677335,0.0788203,0.532718,0.6569,0.0670453,0.123615,3.14844,2.71452
OU-III,deployed,off,23,gerstner_H1.500,31.8377,nan,-0.0488114,0.171652,0.0963382,0.301023,0.0924532,0.0796677,0,2.78204,0.0735865,0.566316,4.42159,0.567006,0.549588,0.682581,0.131676,0.0902802,3.10426,2.67848
OU-III,deployed,off,23,gerstner_H4.000,32.7178,nan,-0.0490375,0.811574,0.318103,1.07262,0.210345,0.205326,0,7.18835,0.192311,1.46764,10.9299,1.4709,0.549772,0.692666,0.379724,0.0727382,3.0794,2.67181
OU-III,deployed,off,23,gerstner_H8.500,35.7434,nan,-0.0483697,2.43613,0.781995,2.55542,0.504808,0.407078,0,16.0271,0.404109,3.06514,25.2625,3.08196,0.543465,0.682389,0.825231,0.108359,3.25382,2.73857
OU-III,deployed,off,23,cnoidal_H0.270,31.8377,nan,-0.0488114,0.0457885,0.0429128,0.030964,0.0147591,0.0107768,0,0.465376,0.0261398,0.0522243,0.745015,0.052182,0.531142,0.665023,0.0781935,0.134454,3.23139,2.85516
OU-III,deployed,off,23,cnoidal_H1.500,31.8377,nan,-0.0488114,0.442423,0.438872,0.230151,0.0443425,0.0348715,0,0.65989,0.374549,0.272238,1.17459,0.271661,0.536611,0.666175,0.262414,0.723449,3.77428,2.15199
OU-III,deployed,off,23,cnoidal_H4.000,38.6441,nan,-0.0473587,1.18603,1.20947,0.659043,0.102314,0.0570195,0,1.3673,1.34835,0.713867,2.56422,0.710129,0.520662,0.599044,0.43833,1.87274,4.34969,2.84183
OU-III,deployed,off,23,cnoidal_H8.500,37.1687,nan,-0.0481756,2.19018,2.27835,1.41758,0.155065,0.0951423,0,3.08914,3.37937,1.47381,6.58149,1.49164,0.518784,0.593641,0.553388,1.84128,4.46661,2.92317
OU-III,deployed,off,23,fenton_H0.270,31.8377,nan,-0.048821,0.0115971,0.0104099,0.0158745,0.0149448,0.00982082,0,0.528086,0.012987,0.078717,1.03787,0.0787619,0.53274,0.655934,0.0628534,0.116951,3.13685,2.697
OU-III,deployed,off,23,fenton_H1.500,31.8377,nan,-0.048821,0.172316,0.0947098,0.299977,0.0914303,0.0798422,0,2.78927,0.0721528,0.566739,4.5059,0.566402,0.552477,0.681428,0.147608,0.0842577,3.07033,2.6603
OU-III,deployed,off,23,fenton_H4.000,33.738,nan,-0.0485361,0.793431,0.311357,1.06918,0.212166,0.202495,0,7.28229,0.189485,1.46837,11.0805,1.471,0.545833,0.68596,0.342712,0.113021,3.20304,2.74344
OU-III,deployed,off,23,fenton_H8.500,35.4234,nan,-0.0480389,2.31789,0.765391,2.5493,0.447228,0.408508,0,16.1585,0.395448,3.06624,24.9324,3.08274,0.538507,0.697399,0.63836,0.0802624,3.2442,2.59002
OU-III,deployed,off,23,jonswap_H0.270,31.8377,nan,-0.0488114,0.00901995,0.00878748,0.00935647,0.0123449,0.00824865,0.00416604,0.386649,0.010956,0.0534438,0.573473,0.0544531,0.533269,0.777285,0.064357,0.120353,3.16926,1.89798
OU-III,deployed,off,23,jonswap_H1.500,31.8377,nan,-0.0488114,0.0822269,0.068176,0.164757,0.0743253,0.0629935,0.0717971,1.79473,0.0583633,0.390972,2.86184,0.352913,0.556843,0.660853,0.0913189,0.115678,3.2194,2.40838
OU-III,deployed,off,23,jonswap_H4.000,31.8377,nan,-0.0488114,0.278763,0.225872,0.588407,0.170181,0.162861,0.311768,4.22807,0.154111,1.04309,6.31862,0.831127,0.556004,0.703876,0.173282,0.113369,2.90232,0.720109
OU-III,deployed,off,23,jonswap_H8.500,31.8377,nan,-0.0488114,0.948706,0.501426,1.3709,0.62355,0.409842,0.834738,9.07264,0.305701,2.15464,14.597,1.74296,0.541875,0.769692,0.483822,0.122056,4.09262,2.54751
OU-III,deployed,off,23,pmstokes_H0.270,31.8377,nan,-0.0488114,0.00915688,0.00890142,0.00881326,0.0123753,0.00819977,0.00430301,0.383521,0.0108603,0.0499133,0.58711,0.0498557,0.533096,0.780994,0.0641573,0.116819,3.17104,1.90634
OU-III,deployed,off,23,pmstokes_H1.500,31.8377,nan,-0.0488114,0.0777893,0.0659313,0.15315,0.0720108,0.0606718,0.0700072,1.59604,0.0579524,0.385566,2.46542,0.347642,0.556546,0.657755,0.0882041,0.12295,3.21173,2.4411
OU-III,deployed,off,23,pmstokes_H4.000,31.8377,nan,-0.0488114,0.30125,0.221404,0.560845,0.174908,0.162472,0.299666,3.8143,0.153771,1.04038,5.60108,0.84498,0.557417,0.682728,0.201914,0.107419,2.83766,0.49557
OU-III,deployed,off,23,pmstokes_H8.500,31.8377,nan,-0.0488114,1.05745,0.49823,1.35069,0.719787,0.403865,0.791527,8.3281,0.308945,2.16784,12.5953,1.78784,0.555638,0.808296,0.481101,0.135436,4.11022,2.76569
OU-III,deployed,off,202,gerstner_H0.270,31.8377,nan,-0.0581087,0.0110011,0.0106147,0.0159078,0.0119583,0.00970251,0,0.56964,0.013269,0.078711,0.84203,0.0788203,0.225045,0.347099,0.255967,0.188913,0.185249,0.888657
OU-III,deployed,off,202,gerstner_H1.500,31.8377,nan,-0.0581087,0.174186,0.0979709,0.301023,0.0951553,0.0764015,0,3.28371,0.0732792,0.566316,5.2072,0.567006,0.234656,0.365589,0.296714,0.236982,0.314544,0.994238
OU-III,deployed,off,202,gerstner_H4.000,33.4829,nan,-0.058146,0.873633,0.322414,1.07262,0.234309,0.193775,0,8.50375,0.190668,1.46764,13.0222,1.4709,0.237898,0.37346,0.54257,0.277474,0.985121,1.04987
OU-III,deployed,off,202,gerstner_H8.500,35.7084,nan,-0.0575635,2.48144,0.789838,2.55542,0.550723,0.376758,0,18.8981,0.40146,3.06514,29.771,3.08196,0.250841,0.363704,0.894324,0.239947,1.64863,0.954188
OU-III,deployed,off,202,cnoidal_H0.270,31.8377,nan,-0.0581087,0.0460469,0.0431762,0.030964,0.0119212,0.0102067,0,0.562331,0.0259734,0.0522243,0.910498,0.052182,0.224819,0.352912,0.255304,0.186122,0.181828,0.789612
OU-III,deployed,off,202,cnoidal_H1.500,31.8377,nan,-0.0581087,0.442259,0.438295,0.230151,0.0269056,0.0226647,0,0.74965,0.374477,0.272238,1.29714,0.271661,0.22845,0.367242,0.314199,0.980458,0.655428,2.63314
OU-III,deployed,off,202,cnoidal_H4.000,38.554,nan,-0.0564041,1.18574,1.20555,0.659043,0.0621382,0.0657566,0,1.47053,1.34847,0.713867,2.7732,0.710129,0.216358,0.324543,0.575714,2.15788,2.17465,6.23958
OU-III,deployed,off,202,cnoidal_H8.500,37.2388,nan,-0.0571982,2.19168,2.27519,1.41758,0.0825686,0.0830582,0,3.20472,3.37742,1.47381,6.86183,1.49164,0.215271,0.327343,0.561611,2.11513,1.79933,5.8115
OU-III,deployed,off,202,fenton_H0.270,31.8377,nan,-0.0581183,0.0116423,0.0104986,0.0158745,0.0142662,0.00966539,0,0.66393,0.013161,0.078717,1.34511,0.0787619,0.224227,0.346009,0.261744,0.197624,0.195782,0.909335
OU-III,deployed,off,202,fenton_H1.500,31.8377,nan,-0.0581183,0.174198,0.0963227,0.299977,0.0944444,0.0766759,0,3.30243,0.0718586,0.566739,5.34706,0.566402,0.236298,0.363508,0.311687,0.246296,0.462917,1.01907
OU-III,deployed,off,202,fenton_H4.000,32.6828,nan,-0.0585043,0.82712,0.31541,1.06918,0.234021,0.190667,0,8.60204,0.18763,1.46837,13.0385,1.471,0.234166,0.366037,0.472093,0.221263,0.573554,0.930822
OU-III,deployed,off,202,fenton_H8.500,35.4434,nan,-0.057378,2.3256,0.772186,2.5493,0.521226,0.38376,0,18.9833,0.391732,3.06624,29.4085,3.08274,0.234144,0.375819,0.736018,0.304214,1.14342,1.10348
OU-III,deployed,off,202,jonswap_H0.270,31.8377,nan,-0.0581087,0.0094516,0.00880625,0.00935647,0.0102565,0.00828551,0.00416604,0.482271,0.0111557,0.0534438,0.726276,0.0544531,0.227441,0.471768,0.254495,0.197253,0.269407,0.49436
OU-III,deployed,off,202,jonswap_H1.500,31.8377,nan,-0.0581087,0.0853382,0.0694819,0.164757,0.0705232,0.0610851,0.0717971,2.12568,0.0581349,0.390972,3.37,0.352913,0.240927,0.346799,0.275251,0.204353,0.538058,1.20991
OU-III,deployed,off,202,jonswap_H4.000,31.8377,nan,-0.0581087,0.272927,0.222621,0.588407,0.186636,0.167363,0.311768,4.98652,0.152417,1.04309,7.45993,0.831127,0.252276,0.392702,0.330159,0.212427,0.4065,0.625583
OU-III,deployed,off,202,jonswap_H8.500,31.8377,nan,-0.0581087,0.96488,0.511482,1.3709,0.569532,0.390257,0.834738,10.7183,0.30546,2.15464,17.2129,1.74296,0.24213,0.453131,0.549471,0.211101,1.83187,1.64692
OU-III,deployed,off,202,pmstokes_H0.270,31.8377,nan,-0.0581087,0.00954626,0.00891329,0.00881326,0.0103555,0.00824882,0.00430301,0.479963,0.011057,0.0499133,0.742946,0.0498557,0.227352,0.473994,0.253751,0.200378,0.246939,0.586863
OU-III,deployed,off,202,pmstokes_H1.500,31.8377,nan,-0.0581087,0.0802971,0.0672157,0.15315,0.0693339,0.0589077,0.0700072,1.89154,0.0577406,0.385566,2.90378,0.347642,0.240591,0.34444,0.276542,0.197077,0.539529,1.27261
OU-III,deployed,off,202,pmstokes_H4.000,31.8377,nan,-0.0581087,0.294096,0.217148,0.560845,0.189373,0.16634,0.299666,4.49686,0.152315,1.04038,6.59496,0.84498,0.255072,0.373025,0.35239,0.215418,0.408796,0.866051
OU-III,deployed,off,202,pmstokes_H8.500,31.8377,nan,-0.0581087,1.0817,0.50801,1.35069,0.671665,0.382833,0.791527,9.83461,0.30857,2.16784,14.874,1.78784,0.268664,0.492095,0.538405,0.195962,1.96126,1.88586
OU-III,deployed,off,3033,gerstner_H0.270,31.8377,nan,-0.0569939,0.011463,0.0105132,0.0159078,0.0111288,0.00984808,0,0.554229,0.0131053,0.078711,0.815881,0.0788203,0.0282169,0.13839,0.0679294,0.131195,4.70101,5.28335
OU-III,deployed,off,3033,gerstner_H1.500,31.8377,nan,-0.0569939,0.174434,0.0962154,0.301023,0.0908857,0.0827475,0,3.21448,0.07373,0.566316,5.09788,0.567006,0.0434984,0.150323,0.133068,0.0931439,4.71796,5.3645
OU-III,deployed,off,3033,gerstner_H4.000,32.7428,nan,-0.0573191,0.866021,0.316264,1.07262,0.238596,0.227962,0,8.30249,0.192628,1.46764,12.5684,1.4709,0.0549364,0.157085,0.422183,0.0700636,4.86117,5.42016
OU-III,deployed,off,3033,gerstner_H8.500,35.7134,nan,-0.0564409,2.46821,0.777811,2.55542,0.571665,0.477185,0,18.5008,0.405668,3.06514,29.145,3.08196,0.073459,0.150827,0.844655,0.110856,5.08841,5.32464
OU-III,deployed,off,3033,cnoidal_H0.270,31.8377,nan,-0.0569939,0.0456246,0.0430617,0.030964,0.0117297,0.0112394,0,0.548357,0.0261547,0.0522243,0.886545,0.052182,0.0257486,0.141007,0.077684,0.12837,4.68207,5.25151
OU-III,deployed,off,3033,cnoidal_H1.500,31.8377,nan,-0.0569939,0.442262,0.437218,0.230151,0.0210737,0.0319457,0,0.736951,0.374651,0.272238,1.28194,0.271661,0.0281764,0.160435,0.263649,0.796901,4.35788,6.89011
OU-III,deployed,off,3033,cnoidal_H4.000,38.519,nan,-0.0552206,1.18427,1.20043,0.659043,0.0431529,0.105812,0,1.45551,1.34832,0.713867,2.74329,0.710129,0.0292536,0.148537,0.439611,1.8791,4.74892,9.96388
OU-III,deployed,off,3033,cnoidal_H8.500,37.2388,nan,-0.0560834,2.18473,2.26105,1.41758,0.0364042,0.137411,0,3.18964,3.37635,1.47381,6.83863,1.49164,0.0262987,0.152735,0.551439,1.86484,4.801,9.70185
OU-III,deployed,off,3033,fenton_H0.270,31.8377,nan,-0.0570035,0.0119856,0.0104018,0.0158745,0.0120476,0.00980894,0,0.643954,0.0129964,0.078717,1.29832,0.0787619,0.0292007,0.137448,0.0629349,0.123439,4.71291,5.30181
OU-III,deployed,off,3033,fenton_H1.500,31.8377,nan,-0.0570035,0.174001,0.0945814,0.299977,0.0902448,0.0829497,0,3.23141,0.0723017,0.566739,5.2289,0.566402,0.0473174,0.14877,0.140922,0.0853746,4.77665,5.38933
OU-III,deployed,off,3033,fenton_H4.000,38.9841,nan,-0.0562096,0.749213,0.310058,1.06918,0.208658,0.223653,0,8.03078,0.189645,1.46837,12.8797,1.471,0.0547129,0.149831,0.894437,0.115444,5.13363,5.30443
OU-III,deployed,off,3033,fenton_H8.500,35.4434,nan,-0.0562632,2.35121,0.760085,2.5493,0.460972,0.484777,0,18.5938,0.396047,3.06624,28.7949,3.08274,0.0771108,0.159075,0.661445,0.0791109,4.84245,5.46068
OU-III,deployed,off,3033,jonswap_H0.270,31.8377,nan,-0.0569939,0.00920351,0.00870624,0.00935647,0.00906434,0.00838882,0.00416604,0.468608,0.0111743,0.0534438,0.705311,0.0544531,0.0279106,0.264482,0.064854,0.118273,4.40747,2.72366
OU-III,deployed,off,3033,jonswap_H1.500,31.8377,nan,-0.0569939,0.0885177,0.0705136,0.164757,0.0656456,0.0590116,0.0717971,2.0822,0.0582308,0.390972,3.30187,0.352913,0.0615764,0.134847,0.090205,0.125079,4.39314,2.72157
OU-III,deployed,off,3033,jonswap_H4.000,31.8377,nan,-0.0569939,0.266528,0.218262,0.588407,0.202678,0.173761,0.311768,4.87869,0.153128,1.04309,7.30513,0.831127,0.0686642,0.186311,0.168264,0.122869,4.36901,1.76349
OU-III,deployed,off,3033,jonswap_H8.500,31.8377,nan,-0.0569939,0.99661,0.539002,1.3709,0.514643,0.350719,0.834738,10.5032,0.308641,2.15464,16.8705,1.74296,0.160363,0.240332,0.480465,0.13797,3.70319,2.38402
OU-III,deployed,off,3033,pmstokes_H0.270,31.8377,nan,-0.0569939,0.0092489,0.0088097,0.00881326,0.00906759,0.00836594,0.00430301,0.466299,0.0110857,0.0499133,0.722181,0.0498557,0.0278308,0.267114,0.064356,0.114186,4.43349,3.02557
OU-III,deployed,off,3033,pmstokes_H1.500,31.8377,nan,-0.0569939,0.083573,0.0682283,0.15315,0.0646646,0.0568887,0.0700072,1.85241,0.0577731,0.385566,2.84553,0.347642,0.0604486,0.133778,0.0860009,0.131884,4.3809,2.49654
OU-III,deployed,off,3033,pmstokes_H4.000,31.8377,nan,-0.0569939,0.286359,0.213023,0.560845,0.204822,0.172243,0.299666,4.39915,0.152995,1.04038,6.45461,0.84498,0.0798272,0.168566,0.198032,0.120806,4.38447,2.00927
OU-III,deployed,off,3033,pmstokes_H8.500,31.8377,nan,-0.0569939,1.11945,0.538157,1.35069,0.604365,0.335266,0.791527,9.63993,0.311586,2.16784,14.5884,1.78784,0.218025,0.280331,0.478123,0.151997,3.70426,2.12942
OU-III,deployed,on,default,gerstner_H0.270,31.8377,nan,0.0482045,0.026455,0.0118323,0.0159078,0.0166699,0.0102336,0,0.420584,0.0152443,0.078711,0.886213,0.0788203,0.052917,0.0787271,0.161032,0.320174,1.21065,0.582096
OU-III,deployed,on,default,gerstner_H1.500,31.8377,nan,0.0482045,0.202298,0.0919686,0.301023,0.0936174,0.0780565,0,1.40842,0.0834101,0.566316,2.34005,0.567006,0.0672555,0.161129,0.308791,0.945539,1.59512,4.4076
OU-III,deployed,on,default,gerstner_H4.000,51.4468,nan,0.0480851,0.881034,0.325167,1.07262,0.207154,0.227523,0,3.17743,0.213354,1.46764,5.49657,1.4709,0.0860756,0.175941,1.72437,0.986772,4.59714,4.60825
OU-III,deployed,on,default,gerstner_H8.500,36.0485,nan,0.0491839,2.44346,0.818955,2.55542,0.591888,0.499587,0,7.98829,0.428619,3.06514,12.0528,3.08196,0.124703,0.172927,0.78841,0.983606,2.15601,4.53636
OU-III,deployed,on,default,cnoidal_H0.270,33.1229,nan,0.0480994,0.0465453,0.0457511,0.030964,0.0127307,0.0106948,0,0.259658,0.0378355,0.0522243,0.439628,0.052182,0.0461166,0.135591,0.159769,0.0943793,2.26949,1.14896
OU-III,deployed,on,default,cnoidal_H1.500,35.7084,nan,0.0493509,0.416215,0.41759,0.230151,0.0176967,0.0182182,0,0.509289,0.463478,0.272238,0.984122,0.271661,0.0478419,0.154807,0.277753,0.344287,2.17527,1.69217
OU-III,deployed,on,default,cnoidal_H4.000,39.0941,nan,0.0501112,1.10918,1.13694,0.659043,0.0313617,0.0333528,0,1.31867,1.34012,0.713867,2.30341,0.710129,0.0475185,0.14969,0.482949,0.954603,2.96739,3.14538
OU-III,deployed,on,default,cnoidal_H8.500,36.8587,nan,0.049318,2.07268,2.15398,1.41758,0.0373585,0.0469394,0,2.52679,2.6849,1.47381,4.28246,1.49164,0.0467555,0.193456,0.492587,0.560138,2.5857,1.79775
OU-III,deployed,on,default,fenton_H0.270,31.8377,nan,0.0482048,0.0158697,0.0117148,0.0158745,0.0145101,0.0101474,0,0.345978,0.0150708,0.078717,0.584803,0.0787619,0.0468149,0.0791987,0.153641,0.321105,1.16657,0.575579
OU-III,deployed,on,default,fenton_H1.500,31.8377,nan,0.0482048,0.216901,0.0897346,0.299977,0.0759815,0.0769773,0,1.38982,0.0817999,0.566739,2.17536,0.566402,0.0717611,0.160063,0.290841,0.942236,1.5081,4.38742
OU-III,deployed,on,default,fenton_H4.000,32.5427,nan,0.0479514,0.804061,0.317901,1.06918,0.290273,0.227393,0,3.47784,0.208877,1.46837,5.24967,1.471,0.0916183,0.172764,0.540165,0.974465,1.87663,4.54318
OU-III,deployed,on,default,fenton_H8.500,35.1833,nan,0.0488922,2.66037,0.799317,2.5493,0.617034,0.495202,0,7.41804,0.419918,3.06624,11.7387,3.08274,0.149397,0.188554,0.88921,0.980844,2.43456,4.54416
OU-III,deployed,on,default,jonswap_H0.270,31.8377,nan,0.0482045,0.0127189,0.00942288,0.00935647,0.0136323,0.00906335,0.00416604,0.348497,0.0132338,0.0534438,0.670353,0.0544531,0.046628,0.155739,0.151484,0.152312,1.65693,1.26279
OU-III,deployed,on,default,jonswap_H1.500,31.8377,nan,0.0482045,0.0938683,0.0696047,0.164757,0.0623398,0.0638414,0.0717971,0.912651,0.0688485,0.390972,1.46771,0.352913,0.0693785,0.165867,0.214005,0.881707,1.50371,5.8854
OU-III,deployed,on,default,jonswap_H4.000,31.8377,nan,0.0482045,0.294112,0.263187,0.588407,0.195667,0.163443,0.311768,2.07971,0.176592,1.04309,3.33032,0.831127,0.0775274,0.180141,0.285865,0.751769,1.08818,6.17745
OU-III,deployed,on,default,jonswap_H8.500,31.8377,nan,0.0482045,1.00482,0.548094,1.3709,0.585848,0.488954,0.834738,4.37714,0.342199,2.15464,7.67421,1.74296,0.187361,0.289835,0.552848,0.676962,1.3104,4.92304
OU-III,deployed,on,default,pmstokes_H0.270,31.8377,nan,0.0482045,0.0131115,0.00936654,0.00881326,0.0140803,0.00898378,0.00430301,0.371124,0.0132276,0.0499133,0.69629,0.0498557,0.0469484,0.157817,0.151777,0.142054,1.71381,0.949395
OU-III,deployed,on,default,pmstokes_H1.500,31.8377,nan,0.0482045,0.0914294,0.0707587,0.15315,0.0614058,0.0623076,0.0700072,0.827505,0.0688894,0.385566,1.28866,0.347642,0.0710682,0.172481,0.219733,0.814087,1.2962,5.61652
OU-III,deployed,on,default,pmstokes_H4.000,31.8377,nan,0.0482045,0.299405,0.265709,0.560845,0.200328,0.163151,0.299666,1.92185,0.177359,1.04038,3.14442,0.84498,0.085711,0.141183,0.278482,0.604238,0.74318,5.01734
OU-III,deployed,on,default,pmstokes_H8.500,31.8377,nan,0.0482045,1.12785,0.57221,1.35069,0.671805,0.482035,0.791527,4.09917,0.352583,2.16784,6.88688,1.78784,0.247044,0.345239,0.529488,0.517985,1.31367,4.15955
OU-III,deployed,on,11,gerstner_H0.270,31.8377,nan,-0.0240258,0.0120782,0.0113795,0.0159078,0.0113111,0.00919386,0,0.117641,0.015056,0.078711,0.201703,0.0788203,0.329731,0.332158,0.213222,0.241512,2.13372,1.98774
OU-III,deployed,on,11,gerstner_H1.500,31.8377,nan,-0.0240258,0.182652,0.0892158,0.301023,0.101212,0.0658763,0,0.72621,0.0803713,0.566316,1.34226,0.567006,0.354302,0.307269,0.301085,0.779756,1.13172,1.41766
OU-III,deployed,on,11,gerstner_H4.000,32.7028,nan,-0.0243782,0.891752,0.314326,1.07262,0.240071,0.178587,0,1.85954,0.203879,1.46764,3.59997,1.4709,0.39038,0.303684,0.46195,0.796853,1.19492,1.5073
OU-III,deployed,on,11,gerstner_H8.500,35.8385,nan,-0.0237273,2.50509,0.787494,2.55542,0.740209,0.363509,0,4.212,0.419201,3.06514,6.64497,3.08196,0.479711,0.314928,0.785779,0.80282,1.62837,1.488
OU-III,deployed,on,11,cnoidal_H0.270,31.8377,nan,-0.0240258,0.0484725,0.0456746,0.030964,0.0105076,0.0100586,0,0.114981,0.0377296,0.0522243,0.206874,0.052182,0.323674,0.262439,0.213134,0.103491,2.82988,3.1735
OU-III,deployed,on,11,cnoidal_H1.500,31.8377,nan,-0.0240258,0.42055,0.417297,0.230151,0.014401,0.0159509,0,0.46455,0.463336,0.272238,0.787783,0.271661,0.322493,0.24541,0.285419,0.440561,2.65153,3.74901
OU-III,deployed,on,11,cnoidal_H4.000,38.489,nan,-0.0221734,1.1097,1.13555,0.659043,0.0257122,0.0388626,0,1.25859,1.33936,0.713867,2.32101,0.710129,0.3263,0.240013,0.515587,1.07192,3.39791,5.09902
OU-III,deployed,on,11,cnoidal_H8.500,37.4638,nan,-0.0229047,2.07677,2.14914,1.41758,0.0241113,0.0387874,0,2.47379,2.68347,1.47381,4.21734,1.49164,0.327924,0.211167,0.509622,0.684502,3.27652,4.10262
OU-III,deployed,on,11,fenton_H0.270,31.8377,nan,-0.0240354,0.0113625,0.0112753,0.0158745,0.0114343,0.00915682,0,0.121162,0.0148947,0.078717,0.206907,0.0787619,0.330132,0.332038,0.213194,0.240857,2.12409,1.98172
OU-III,deployed,on,11,fenton_H1.500,31.8377,nan,-0.0240354,0.210999,0.0873003,0.299977,0.0961625,0.0660397,0,0.715216,0.0787633,0.566739,1.44747,0.566402,0.358284,0.308751,0.305916,0.773852,1.06912,1.38876
OU-III,deployed,on,11,fenton_H4.000,33.603,nan,-0.0239435,0.887118,0.307876,1.06918,0.326818,0.175465,0,2.00375,0.200147,1.46837,3.57508,1.471,0.392124,0.306713,0.593092,0.799755,1.4486,1.49609
OU-III,deployed,on,11,fenton_H8.500,35.3784,nan,-0.0233651,2.68884,0.768515,2.5493,0.829187,0.364992,0,4.66289,0.40905,3.06624,7.89611,3.08274,0.477491,0.300406,0.912392,0.793269,1.99231,1.4731
OU-III,deployed,on,11,jonswap_H0.270,31.8377,nan,-0.0240258,0.0085424,0.00892706,0.00935647,0.00872042,0.00837539,0.00416604,0.0917523,0.01338,0.0534438,0.156607,0.0544531,0.32445,0.242491,0.212046,0.11316,2.38724,1.39156
OU-III,deployed,on,11,jonswap_H1.500,31.8377,nan,-0.0240258,0.0929611,0.0686492,0.164757,0.0597319,0.0553301,0.0717971,0.455974,0.0674149,0.390972,0.96163,0.352913,0.333795,0.303387,0.247486,0.758523,1.09889,1.77784
OU-III,deployed,on,11,jonswap_H4.000,31.8377,nan,-0.0240258,0.279106,0.238441,0.588407,0.202865,0.153387,0.311768,1.07586,0.171492,1.04309,2.62072,0.831127,0.376491,0.286829,0.300438,0.647798,1.03528,2.35485
OU-III,deployed,on,11,jonswap_H8.500,31.8377,nan,-0.0240258,0.966072,0.549082,1.3709,0.535309,0.402609,0.834738,2.3999,0.344984,2.15464,4.58702,1.74296,0.389157,0.192579,0.544794,0.565228,1.36205,1.10213
OU-III,deployed,on,11,pmstokes_H0.270,31.8377,nan,-0.0240258,0.00862294,0.00894557,0.00881326,0.00869595,0.00830733,0.00430301,0.0910927,0.0133633,0.0499133,0.161662,0.0498557,0.324376,0.240551,0.211802,0.108588,2.39549,1.54731
OU-III,deployed,on,11,pmstokes_H1.500,31.8377,nan,-0.0240258,0.090453,0.0704144,0.15315,0.0596465,0.0555009,0.0700072,0.412427,0.0679014,0.385566,0.947614,0.347642,0.332654,0.290566,0.252496,0.697198,1.16855,1.58423
OU-III,deployed,on,11,pmstokes_H4.000,31.8377,nan,-0.0240258,0.295297,0.238775,0.560845,0.207432,0.162996,0.299666,1.01932,0.174504,1.04038,2.85325,0.84498,0.38026,0.309986,0.310139,0.515382,1.20339,1.37079
OU-III,deployed,on,11,pmstokes_H8.500,31.8377,nan,-0.0240258,1.10657,0.581937,1.35069,0.635239,0.408553,0.791527,2.34368,0.358005,2.16784,5.32212,1.78784,0.411178,0.148798,0.531803,0.423141,1.68399,0.637497
OU-III,deployed,on,23,gerstner_H0.270,31.8377,nan,-0.0488114,0.0121066,0.0115306,0.0159078,0.00998713,0.00938759,0,0.230926,0.0150027,0.078711,0.337938,0.0788203,0.544466,0.575461,0.0665126,0.476109,4.73328,5.17537
OU-III,deployed,on,23,gerstner_H1.500,31.8377,nan,-0.0488114,0.177664,0.086122,0.301023,0.10829,0.0892969,0,1.41577,0.0821258,0.566316,2.27867,0.567006,0.549095,0.707553,0.253694,1.08879,7.25342,9.46865
OU-III,deployed,on,23,gerstner_H4.000,33.0729,nan,-0.0491325,0.858411,0.3009,1.07262,0.291194,0.280463,0,3.59844,0.209436,1.46764,5.59916,1.4709,0.547887,0.726136,0.467247,1.11009,7.36697,9.63733
OU-III,deployed,on,23,gerstner_H8.500,35.7634,nan,-0.0484286,2.49042,0.755648,2.55542,0.760951,0.63106,0,7.88259,0.429047,3.06514,12.5742,3.08196,0.537016,0.71508,0.839078,1.1227,7.48476,9.61414
OU-III,deployed,on,23,cnoidal_H0.270,31.8377,nan,-0.0488114,0.0478719,0.0453048,0.030964,0.0106613,0.0106414,0,0.228957,0.0379429,0.0522243,0.392018,0.052182,0.545579,0.619171,0.0798528,0.228743,3.75545,3.61043
OU-III,deployed,on,23,cnoidal_H1.500,31.8377,nan,-0.0488114,0.420633,0.41755,0.230151,0.0404596,0.036923,0,0.523202,0.464051,0.272238,0.969997,0.271661,0.548863,0.628388,0.246063,0.22494,4.07907,3.18195
OU-III,deployed,on,23,cnoidal_H4.000,38.219,nan,-0.0472035,1.11329,1.13892,0.659043,0.0865619,0.06871,0,1.31068,1.34085,0.713867,2.36131,0.710129,0.534609,0.609922,0.407127,0.76261,4.43973,2.14793
OU-III,deployed,on,23,cnoidal_H8.500,37.6588,nan,-0.0474989,2.07836,2.15278,1.41758,0.124726,0.116576,0,2.52525,2.68473,1.47381,4.33104,1.49164,0.531679,0.669015,0.502726,0.451555,4.38468,3.40299
OU-III,deployed,on,23,fenton_H0.270,31.8377,nan,-0.048821,0.0125467,0.0114289,0.0158745,0.0107266,0.00935235,0,0.268203,0.0148413,0.078717,0.543252,0.0787619,0.543459,0.575716,0.0699639,0.475542,4.81231,5.17066
OU-III,deployed,on,23,fenton_H1.500,31.8377,nan,-0.048821,0.208023,0.0843315,0.299977,0.0936852,0.0889401,0,1.42301,0.0805105,0.566739,2.42043,0.566402,0.54988,0.704316,0.253098,1.08151,7.24505,9.42344
OU-III,deployed,on,23,fenton_H4.000,33.858,nan,-0.0486078,0.851812,0.293308,1.06918,0.371531,0.27812,0,3.72227,0.20534,1.46837,5.73169,1.471,0.542405,0.716613,0.521472,1.11522,7.3737,9.6121
OU-III,deployed,on,23,fenton_H8.500,35.4584,nan,-0.0482011,2.63634,0.736846,2.5493,0.918761,0.628282,0,8.29968,0.419755,3.06624,12.3801,3.08274,0.544969,0.7363,0.909628,1.10283,7.6382,9.57725
OU-III,deployed,on,23,jonswap_H0.270,31.8377,nan,-0.0488114,0.00899466,0.00906449,0.00935647,0.00836007,0.00828928,0.00416604,0.190868,0.0128738,0.0534438,0.288457,0.0544531,0.545305,0.643173,0.0644544,0.29697,4.14959,3.24353
OU-III,deployed,on,23,jonswap_H1.500,31.8377,nan,-0.0488114,0.0885742,0.0649966,0.164757,0.0702223,0.065646,0.0717971,0.905212,0.0679188,0.390972,1.51012,0.352913,0.553036,0.664625,0.152315,0.992268,7.05695,8.13595
OU-III,deployed,on,23,jonswap_H4.000,31.8377,nan,-0.0488114,0.295239,0.253937,0.588407,0.174428,0.155917,0.311768,2.12746,0.176409,1.04309,3.29547,0.831127,0.536718,0.633811,0.222066,0.896216,6.2206,5.76068
OU-III,deployed,on,23,jonswap_H8.500,31.8377,nan,-0.0488114,0.898264,0.501053,1.3709,0.648675,0.502287,0.834738,4.65215,0.344619,2.15464,8.06226,1.74296,0.549119,0.783895,0.481198,0.785304,6.57364,7.0373
OU-III,deployed,on,23,pmstokes_H0.270,31.8377,nan,-0.0488114,0.00905122,0.00907287,0.00881326,0.00838565,0.00823114,0.00430301,0.189075,0.0128724,0.0499133,0.297221,0.0498557,0.545268,0.643621,0.0646637,0.288024,4.09992,3.21469
OU-III,deployed,on,23,pmstokes_H1.500,31.8377,nan,-0.0488114,0.0862655,0.0660579,0.15315,0.0669635,0.0639393,0.0700072,0.81772,0.0684792,0.385566,1.32141,0.347642,0.554596,0.66597,0.152199,0.926909,6.68644,7.67979
OU-III,deployed,on,23,pmstokes_H4.000,31.8377,nan,-0.0488114,0.316945,0.26006,0.560845,0.184676,0.163197,0.299666,2.00073,0.178803,1.04038,3.2091,0.84498,0.53186,0.592464,0.211149,0.745273,5.60294,4.5877
OU-III,deployed,on,23,pmstokes_H8.500,31.8377,nan,-0.0488114,1.02283,0.517069,1.35069,0.744859,0.498832,0.791527,4.47758,0.357571,2.16784,7.35362,1.78784,0.569202,0.836601,0.471921,0.635365,5.90288,6.28323
OU-III,deployed,on,202,gerstner_H0.270,31.8377,nan,-0.0581087,0.0121507,0.0113797,0.0159078,0.0111341,0.009161,0,0.281582,0.0151528,0.078711,0.408985,0.0788203,0.23008,0.247581,0.262956,0.273904,1.64973,1.90877
OU-III,deployed,on,202,gerstner_H1.500,31.8377,nan,-0.0581087,0.184601,0.0878564,0.301023,0.113209,0.077194,0,1.66586,0.0815683,0.566316,2.66582,0.567006,0.234122,0.356665,0.338403,0.909929,4.40155,6.59247
OU-III,deployed,on,202,gerstner_H4.000,32.6078,nan,-0.0584616,0.890489,0.308372,1.07262,0.273753,0.231498,0,4.20478,0.207303,1.46764,6.41695,1.4709,0.239755,0.370416,0.478288,0.929664,4.49669,6.76628
OU-III,deployed,on,202,gerstner_H8.500,35.7334,nan,-0.0576103,2.52136,0.775173,2.55542,0.780389,0.506042,0,9.24583,0.427937,3.06514,14.7994,3.08196,0.284448,0.35929,0.758121,0.942729,4.71295,6.75975
OU-III,deployed,on,202,cnoidal_H0.270,31.8377,nan,-0.0581087,0.0479013,0.0456152,0.030964,0.0105002,0.00971553,0,0.275539,0.0377455,0.0522243,0.469545,0.052182,0.231479,0.29866,0.263065,0.130883,0.563951,0.321257
OU-III,deployed,on,202,cnoidal_H1.500,31.8377,nan,-0.0581087,0.421183,0.417659,0.230151,0.0247819,0.0214502,0,0.550299,0.463255,0.272238,1.03473,0.271661,0.233709,0.314404,0.317221,0.444555,0.925023,0.941209
OU-III,deployed,on,202,cnoidal_H4.000,38.1239,nan,-0.0564207,1.11486,1.13773,0.659043,0.0512959,0.03641,0,1.33639,1.3395,0.713867,2.45083,0.710129,0.223392,0.309757,0.546473,1.04388,2.0854,2.31622
OU-III,deployed,on,202,cnoidal_H8.500,37.7489,nan,-0.056503,2.08006,2.15292,1.41758,0.0693695,0.0599854,0,2.54985,2.68356,1.47381,4.48581,1.49164,0.220788,0.353433,0.522387,0.640972,1.97891,1.1901
OU-III,deployed,on,202,fenton_H0.270,31.8377,nan,-0.0581183,0.013493,0.0112718,0.0158745,0.0143741,0.0091287,0,0.337477,0.0149907,0.078717,0.710744,0.0787619,0.228812,0.247592,0.264162,0.272745,1.82784,1.89518
OU-III,deployed,on,202,fenton_H1.500,31.8377,nan,-0.0581183,0.215623,0.0860216,0.299977,0.102777,0.0770324,0,1.68312,0.079952,0.566739,2.86347,0.566402,0.236438,0.352548,0.334653,0.902189,4.3814,6.54265
OU-III,deployed,on,202,fenton_H4.000,33.833,nan,-0.0577703,0.873363,0.301668,1.06918,0.385781,0.228546,0,4.36548,0.204278,1.46837,6.73754,1.471,0.247798,0.36168,0.539298,0.933294,4.59085,6.73055
OU-III,deployed,on,202,fenton_H8.500,35.4784,nan,-0.0573904,2.69804,0.755747,2.5493,0.998635,0.503427,0,9.65418,0.417956,3.06624,14.4845,3.08274,0.278945,0.378917,0.927465,0.925039,5.01383,6.70496
OU-III,deployed,on,202,jonswap_H0.270,31.8377,nan,-0.0581087,0.00882145,0.00897877,0.00935647,0.00906708,0.00829038,0.00416604,0.237706,0.0131407,0.0534438,0.35585,0.0544531,0.230901,0.324306,0.262435,0.133098,1.20513,1.40274
OU-III,deployed,on,202,jonswap_H1.500,31.8377,nan,-0.0581087,0.0919893,0.0653251,0.164757,0.0671394,0.0630091,0.0717971,1.0702,0.067693,0.390972,1.75778,0.352913,0.235953,0.335623,0.290697,0.763275,4.39587,7.0647
OU-III,deployed,on,202,jonswap_H4.000,31.8377,nan,-0.0581087,0.289569,0.249001,0.588407,0.187184,0.152575,0.311768,2.50429,0.174377,1.04309,3.82192,0.831127,0.233819,0.309724,0.334025,0.67892,3.48933,4.93993
OU-III,deployed,on,202,jonswap_H8.500,31.8377,nan,-0.0581087,0.915325,0.504953,1.3709,0.595887,0.482933,0.834738,5.47255,0.344801,2.15464,9.41357,1.74296,0.24924,0.456631,0.546328,0.557989,3.97357,6.10916
OU-III,deployed,on,202,pmstokes_H0.270,31.8377,nan,-0.0581087,0.00898688,0.00900121,0.00881326,0.00908083,0.00823538,0.00430301,0.236032,0.013124,0.0499133,0.373563,0.0498557,0.231064,0.324889,0.26304,0.130377,1.13025,1.21908
OU-III,deployed,on,202,pmstokes_H1.500,31.8377,nan,-0.0581087,0.0892408,0.0664889,0.15315,0.0653788,0.061818,0.0700072,0.966787,0.0682504,0.385566,1.53797,0.347642,0.237643,0.339322,0.294725,0.698518,4.01647,6.63906
OU-III,deployed,on,202,pmstokes_H4.000,31.8377,nan,-0.0581087,0.307663,0.251598,0.560845,0.194135,0.160537,0.299666,2.35282,0.176897,1.04038,3.7087,0.84498,0.231221,0.269481,0.347919,0.531352,2.81789,3.72106
OU-III,deployed,on,202,pmstokes_H8.500,31.8377,nan,-0.0581087,1.04995,0.523191,1.35069,0.694442,0.482208,0.791527,5.25765,0.357462,2.16784,8.56772,1.78784,0.280146,0.511814,0.537364,0.413888,3.31749,5.36387
OU-III,deployed,on,3033,gerstner_H0.270,31.8377,nan,-0.0569939,0.0123435,0.0115266,0.0159078,0.00991079,0.00919087,0,0.273754,0.0150194,0.078711,0.396448,0.0788203,0.0241077,0.0306933,0.0679078,0.482943,3.40093,3.17524
OU-III,deployed,on,3033,gerstner_H1.500,31.8377,nan,-0.0569939,0.184546,0.0889048,0.301023,0.0825974,0.0658968,0,1.6306,0.0822505,0.566316,2.61073,0.567006,0.0371139,0.0405274,0.266512,1.08047,1.81205,1.08979
OU-III,deployed,on,3033,gerstner_H4.000,32.6128,nan,-0.0573667,0.889396,0.314011,1.07262,0.195034,0.178388,0,4.12039,0.20922,1.46764,6.2939,1.4709,0.0645583,0.0507907,0.495578,1.09809,1.85642,1.14597
OU-III,deployed,on,3033,gerstner_H8.500,35.7334,nan,-0.0564954,2.54608,0.78934,2.55542,0.523812,0.363283,0,9.05448,0.431212,3.06514,14.4943,3.08196,0.149835,0.0516688,0.829701,1.10941,2.07396,1.13645
OU-III,deployed,on,3033,cnoidal_H0.270,31.8377,nan,-0.0569939,0.0477588,0.0455399,0.030964,0.010748,0.010475,0,0.26905,0.0379576,0.0522243,0.459554,0.052182,0.0248264,0.0750479,0.0796845,0.224821,4.24382,4.57968
OU-III,deployed,on,3033,cnoidal_H1.500,31.8377,nan,-0.0569939,0.420336,0.416713,0.230151,0.0171803,0.020815,0,0.546902,0.464046,0.272238,1.02658,0.271661,0.0265072,0.0926629,0.247252,0.255001,4.0608,5.27805
OU-III,deployed,on,3033,cnoidal_H4.000,38.1339,nan,-0.0553756,1.11186,1.13352,0.659043,0.0339164,0.0542307,0,1.33374,1.34067,0.713867,2.43768,0.710129,0.0282375,0.106644,0.406775,0.835324,4.468,6.67845
OU-III,deployed,on,3033,cnoidal_H8.500,37.7239,nan,-0.0555118,2.07355,2.14554,1.41758,0.0287395,0.0546393,0,2.54738,2.68456,1.47381,4.46496,1.49164,0.0250359,0.135356,0.501283,0.502247,4.54506,5.46437
OU-III,deployed,on,3033,fenton_H0.270,31.8377,nan,-0.0570035,0.0132791,0.0114236,0.0158745,0.010561,0.00915702,0,0.328777,0.0148576,0.078717,0.692125,0.0787619,0.0240529,0.0306132,0.0739327,0.482096,3.34746,3.18175
OU-III,deployed,on,3033,fenton_H1.500,31.8377,nan,-0.0570035,0.217704,0.0869744,0.299977,0.0731972,0.0661179,0,1.64772,0.0806333,0.566739,2.80472,0.566402,0.0535065,0.0390513,0.277735,1.07269,1.77656,1.06502
OU-III,deployed,on,3033,fenton_H4.000,37.0687,nan,-0.056512,1.0271,0.307314,1.06918,0.313484,0.175557,0,4.16469,0.205752,1.46837,6.78963,1.471,0.110639,0.047001,0.971573,1.10534,2.54614,1.15377
OU-III,deployed,on,3033,fenton_H8.500,35.4784,nan,-0.0562756,2.75245,0.769653,2.5493,0.648233,0.365289,0,9.4737,0.421284,3.06624,14.1966,3.08274,0.142405,0.0594543,0.96695,1.09324,2.51704,1.11799
OU-III,deployed,on,3033,jonswap_H0.270,31.8377,nan,-0.0569939,0.00886625,0.00897609,0.00935647,0.00886998,0.00838062,0.00416604,0.231097,0.0131839,0.0534438,0.346603,0.0544531,0.02444,0.101798,0.0649008,0.299186,3.62015,1.4879
OU-III,deployed,on,3033,jonswap_H1.500,31.8377,nan,-0.0569939,0.0952389,0.0678517,0.164757,0.056495,0.0563906,0.0717971,1.04834,0.0681609,0.390972,1.72526,0.352913,0.045905,0.0669096,0.166198,1.01482,1.7346,2.87562
OU-III,deployed,on,3033,jonswap_H4.000,31.8377,nan,-0.0569939,0.282001,0.244042,0.588407,0.19742,0.152182,0.311768,2.45141,0.174949,1.04309,3.74855,0.831127,0.0696947,0.0882867,0.239974,0.911933,1.86584,3.30297
OU-III,deployed,on,3033,jonswap_H8.500,31.8377,nan,-0.0569939,0.958032,0.540077,1.3709,0.516845,0.415945,0.834738,5.36309,0.348338,2.15464,9.23947,1.74296,0.153886,0.198023,0.490135,0.812854,2.07344,2.19435
OU-III,deployed,on,3033,pmstokes_H0.270,31.8377,nan,-0.0569939,0.00899491,0.00897481,0.00881326,0.00881024,0.00832316,0.00430301,0.229712,0.0131757,0.0499133,0.363701,0.0498557,0.0242495,0.10259,0.065332,0.291446,3.69231,1.81093
OU-III,deployed,on,3033,pmstokes_H1.500,31.8377,nan,-0.0569939,0.0926441,0.0695863,0.15315,0.0554683,0.0562377,0.0700072,0.94683,0.0686312,0.385566,1.5094,0.347642,0.046417,0.0777968,0.166596,0.950538,1.9037,2.67424
OU-III,deployed,on,3033,pmstokes_H4.000,31.8377,nan,-0.0569939,0.298714,0.246732,0.560845,0.20635,0.161841,0.299666,2.30303,0.177482,1.04038,3.63909,0.84498,0.0778162,0.0623073,0.223187,0.764174,2.17614,2.19379
OU-III,deployed,on,3033,pmstokes_H8.500,31.8377,nan,-0.0569939,1.10127,0.569902,1.35069,0.610586,0.418077,0.791527,5.15315,0.360634,2.16784,8.41102,1.78784,0.210954,0.26304,0.482611,0.65897,2.48139,1.54664
OU-III,seed,off,default,gerstner_H0.270,31.8377,0.0695104,0.0482045,0.0182974,0.0109015,0.0159078,0.0197561,0.0107491,0,0.332729,0.0136938,0.078711,0.607724,0.0788203,0.056513,0.192208,0.129948,0.0884947,2.72295,1.87891
OU-III,seed,off,default,gerstner_H1.500,31.8377,0.065946,0.0482045,0.167509,0.0981284,0.301023,0.0982371,0.0829355,0,0.95486,0.078382,0.566316,1.64247,0.567006,0.0743232,0.199864,0.147203,0.0933414,2.69093,1.8723
OU-III,seed,off,default,gerstner_H4.000,32.8928,0.0625808,0.0480436,0.873028,0.327205,1.07262,0.262162,0.226548,0,1.93624,0.20141,1.46764,3.60301,1.4709,0.100506,0.203419,0.423345,0.177611,3.01265,2.05607
OU-III,seed,off,default,gerstner_H8.500,36.0235,0.0895722,0.0491264,2.37546,0.795295,2.55542,0.661228,0.475775,0,12.892,0.409361,3.06514,20.2459,3.08196,0.125222,0.202953,0.849024,0.164725,3.37442,2.01544
OU-III,seed,off,default,cnoidal_H0.270,33.1829,0.0686709,0.0480103,0.0445703,0.0432826,0.030964,0.0134485,0.011222,0,0.207603,0.0262777,0.0522243,0.318304,0.052182,0.0449048,0.197284,0.156763,0.100622,2.73451,1.83802
OU-III,seed,off,default,cnoidal_H1.500,35.8735,0.0682275,0.0492018,0.43675,0.438299,0.230151,0.0200699,0.0219941,0,0.39407,0.374415,0.272238,0.943465,0.271661,0.0467929,0.213486,0.279048,0.891784,2.47243,3.35364
OU-III,seed,off,default,cnoidal_H4.000,39.6393,0.064724,0.0497179,1.179,1.19349,0.659043,0.0366364,0.0668125,0,1.1204,1.34933,0.713867,2.18226,0.710129,0.0451702,0.185342,0.512136,2.10544,3.25159,6.66859
OU-III,seed,off,default,cnoidal_H8.500,36.5686,0.0878017,0.0490855,2.18487,2.28154,1.41758,0.0414792,0.0934896,0,2.96586,3.38586,1.47381,6.33334,1.49164,0.0446939,0.191298,0.531899,2.08215,2.72897,6.50768
OU-III,seed,off,default,fenton_H0.270,31.8377,0.0616662,0.0482048,0.0173902,0.0107779,0.0158745,0.0156395,0.0106608,0,0.174249,0.0135761,0.078717,0.31245,0.0787619,0.0496531,0.189081,0.173352,0.125027,2.81631,1.97581
OU-III,seed,off,default,fenton_H1.500,31.8377,0.0654051,0.0482048,0.178377,0.0961408,0.299977,0.0940453,0.0826319,0,0.891832,0.0766799,0.566739,1.5183,0.566402,0.0744049,0.1938,0.234401,0.169208,2.8895,2.06759
OU-III,seed,off,default,fenton_H4.000,32.5027,0.074223,0.048022,0.788126,0.319804,1.06918,0.244289,0.226332,0,3.62823,0.198366,1.46837,5.76832,1.471,0.0943203,0.209674,0.342348,0.0783266,2.66966,1.78797
OU-III,seed,off,default,fenton_H8.500,35.1533,0.063201,0.0490263,2.45201,0.77742,2.5493,0.590169,0.472576,0,4.99586,0.40066,3.06624,7.55484,3.08274,0.156791,0.221635,0.671844,0.120952,2.89064,1.89019
OU-III,seed,off,default,jonswap_H0.270,31.8377,0.0677432,0.0482045,0.0145251,0.00912762,0.00935647,0.0140294,0.0090819,0.00416604,0.262302,0.0114672,0.0534438,0.483917,0.0544531,0.0504206,0.311977,0.136572,0.102371,2.64016,0.45977
OU-III,seed,off,default,jonswap_H1.500,31.8377,0.0678928,0.0482045,0.0844289,0.0691611,0.164757,0.0686263,0.0618409,0.0717971,0.685212,0.0615122,0.390972,1.00925,0.352913,0.0839579,0.177303,0.135853,0.0850216,2.57476,0.29918
OU-III,seed,off,default,jonswap_H4.000,31.8377,0.067423,0.0482045,0.277386,0.233744,0.588407,0.213515,0.172612,0.311768,1.54957,0.160959,1.04309,2.62072,0.831127,0.0876725,0.241815,0.189865,0.0828036,2.495,0.966688
OU-III,seed,off,default,jonswap_H8.500,31.8377,0.0574212,0.0482045,1.07767,0.522657,1.3709,0.567279,0.41212,0.834738,1.37585,0.315569,2.15464,4.58702,1.74296,0.194432,0.306113,0.529451,0.0863319,2.44504,0.44391
OU-III,seed,off,default,pmstokes_H0.270,31.8377,0.0678141,0.0482045,0.0146494,0.00917195,0.00881326,0.0138693,0.00901228,0.00430301,0.271763,0.0113703,0.0499133,0.475487,0.0498557,0.0503839,0.316798,0.137846,0.102753,2.63973,0.617244
OU-III,seed,off,default,pmstokes_H1.500,31.8377,0.072386,0.0482045,0.0788328,0.0667778,0.15315,0.0663892,0.0586534,0.0700072,0.758211,0.0603787,0.385566,1.10439,0.347642,0.0808907,0.176044,0.122617,0.0737473,2.50673,0.218287
OU-III,seed,off,default,pmstokes_H4.000,31.8377,0.0742663,0.0482045,0.292188,0.226994,0.560845,0.210349,0.165695,0.299666,1.89616,0.158505,1.04038,2.97636,0.84498,0.099844,0.23053,0.210057,0.0725965,2.3958,0.785244
OU-III,seed,off,default,pmstokes_H8.500,31.8377,0.0587915,0.0482045,1.16706,0.524756,1.35069,0.641866,0.394271,0.791527,1.50011,0.315152,2.16784,5.32212,1.78784,0.252846,0.34892,0.499863,0.0802817,2.49511,0.611311
OU-III,seed,off,11,gerstner_H0.270,31.8377,0.011209,-0.0240258,0.0104952,0.0105892,0.0159078,0.0131696,0.00983378,0,0.340195,0.013171,0.078711,0.557897,0.0788203,0.319258,0.203621,0.205127,0.14,3.21735,3.76392
OU-III,seed,off,11,gerstner_H1.500,31.8377,0.00773947,-0.0240258,0.173156,0.0973926,0.301023,0.0942598,0.080602,0,1.8209,0.0726484,0.566316,2.92014,0.567006,0.341682,0.196523,0.247838,0.186695,3.25838,3.8564
OU-III,seed,off,11,gerstner_H4.000,35.7534,0.010744,-0.0236822,0.818462,0.320453,1.07262,0.241123,0.214237,0,5.09292,0.188815,1.46764,7.72314,1.4709,0.369501,0.195112,0.554484,0.216177,3.56859,3.88904
OU-III,seed,off,11,gerstner_H8.500,35.8134,0.0246179,-0.0236467,2.4669,0.784771,2.55542,0.609676,0.437055,0,15.8718,0.395576,3.06514,25.0183,3.08196,0.404917,0.205403,0.89937,0.210024,3.71588,3.85615
OU-III,seed,off,11,cnoidal_H0.270,31.8377,0.0086192,-0.0240258,0.046382,0.0431979,0.030964,0.0131117,0.0107436,0,0.305089,0.0259688,0.0522243,0.472408,0.052182,0.316084,0.200156,0.209654,0.145266,3.18975,3.72486
OU-III,seed,off,11,cnoidal_H1.500,34.9933,0.00607808,-0.0236104,0.438823,0.437946,0.230151,0.0167498,0.0232401,0,0.481863,0.374558,0.272238,1.02858,0.271661,0.320243,0.17992,0.319363,0.972681,2.8984,5.07873
OU-III,seed,off,11,cnoidal_H4.000,38.8991,-0.00372021,-0.0232109,1.17907,1.20057,0.659043,0.0294918,0.0793058,0,1.14216,1.3493,0.713867,2.11752,0.710129,0.321172,0.199039,0.546413,2.14248,3.60426,7.97337
OU-III,seed,off,11,cnoidal_H8.500,37.0587,0.0258937,-0.0235439,2.18823,2.26905,1.41758,0.0354656,0.110031,0,3.09884,3.38588,1.47381,6.606,1.49164,0.317224,0.177899,0.551,2.12447,3.60503,8.04526
OU-III,seed,off,11,fenton_H0.270,31.8377,0.00339831,-0.0240354,0.01052,0.010472,0.0158745,0.0126558,0.00979267,0,0.273362,0.0130616,0.078717,0.465498,0.0787619,0.320782,0.205137,0.212447,0.149658,3.23649,3.7847
OU-III,seed,off,11,fenton_H1.500,31.8377,0.00734569,-0.0240354,0.1735,0.0957333,0.299977,0.0946705,0.0807936,0,1.78702,0.0711929,0.566739,2.8837,0.566402,0.340018,0.197611,0.267975,0.200596,3.31507,3.88773
OU-III,seed,off,11,fenton_H4.000,34.2081,0.0168598,-0.0239491,0.777764,0.313789,1.06918,0.228768,0.210029,0,6.02412,0.185933,1.46837,9.15269,1.471,0.36217,0.198735,0.372022,0.17333,3.21929,3.80417
OU-III,seed,off,11,fenton_H8.500,35.3433,-0.000241555,-0.0233047,2.37638,0.766654,2.5493,0.516438,0.443071,0,8.29052,0.385855,3.06624,12.3195,3.08274,0.392303,0.195261,0.718577,0.23285,3.41889,3.90975
OU-III,seed,off,11,jonswap_H0.270,31.8377,0.00944328,-0.0240258,0.00836315,0.00876548,0.00935647,0.0103224,0.00842621,0.00416604,0.255329,0.011329,0.0534438,0.387624,0.0544531,0.313509,0.128536,0.205053,0.150115,3.02955,2.43165
OU-III,seed,off,11,jonswap_H1.500,31.8377,0.009881,-0.0240258,0.0872731,0.0716232,0.164757,0.0661954,0.0592036,0.0717971,1.24244,0.0575676,0.390972,2.01631,0.352913,0.326762,0.211376,0.223222,0.156566,3.16723,3.45555
OU-III,seed,off,11,jonswap_H4.000,31.8377,0.0101727,-0.0240258,0.264928,0.217462,0.588407,0.205062,0.177224,0.311768,2.95808,0.150825,1.04309,4.43371,0.831127,0.349122,0.172371,0.279672,0.161779,3.11344,2.14639
OU-III,seed,off,11,jonswap_H8.500,31.8377,0.000119391,-0.0240258,1.00003,0.547814,1.3709,0.520689,0.347762,0.834738,4.57115,0.304896,2.15464,7.40872,1.74296,0.388739,0.145784,0.546937,0.176075,2.9025,3.23427
OU-III,seed,off,11,pmstokes_H0.270,31.8377,0.00952024,-0.0240258,0.00852063,0.00885857,0.00881326,0.010289,0.0083894,0.00430301,0.253911,0.0112044,0.0499133,0.394093,0.0498557,0.313445,0.1264,0.205221,0.156008,3.0377,2.55764
OU-III,seed,off,11,pmstokes_H1.500,31.8377,0.0144324,-0.0240258,0.0821217,0.0693619,0.15315,0.0652419,0.0570039,0.0700072,1.25308,0.0571939,0.385566,1.95416,0.347642,0.327436,0.211858,0.220678,0.146815,3.13426,3.24066
OU-III,seed,off,11,pmstokes_H4.000,31.8377,0.0173323,-0.0240258,0.286558,0.212155,0.560845,0.205543,0.175704,0.299666,3.20265,0.150695,1.04038,4.7089,0.84498,0.348337,0.179317,0.297657,0.152212,3.06914,2.38119
OU-III,seed,off,11,pmstokes_H8.500,31.8377,0.00190798,-0.0240258,1.11881,0.548275,1.35069,0.609251,0.330497,0.791527,4.50662,0.308427,2.16784,6.84192,1.78784,0.415554,0.131134,0.531025,0.164837,2.94215,2.99314
OU-III,seed,off,23,gerstner_H0.270,31.8377,-0.00926108,-0.0488114,0.0109074,0.0105232,0.0159078,0.0127044,0.00986057,0,0.378977,0.0130986,0.078711,0.552798,0.0788203,0.535931,0.657955,0.0642935,0.120779,3.14473,2.70787
OU-III,seed,off,23,gerstner_H1.500,31.8377,-0.0126475,-0.0488114,0.170688,0.09637,0.301023,0.0921258,0.0796251,0,2.0814,0.0735718,0.566316,3.31492,0.567006,0.549667,0.681747,0.128535,0.0826762,3.09369,2.65627
OU-III,seed,off,23,gerstner_H4.000,32.7178,-0.0167486,-0.0490375,0.806371,0.317921,1.07262,0.209264,0.205764,0,4.80646,0.192448,1.46764,7.23402,1.4709,0.549888,0.694783,0.382763,0.0869795,3.12387,2.72604
OU-III,seed,off,23,gerstner_H8.500,35.7434,0.00207496,-0.0483697,2.43823,0.782002,2.55542,0.505172,0.407036,0,16.6843,0.404149,3.06514,26.3031,3.08196,0.543431,0.682308,0.825171,0.10796,3.25129,2.73717
OU-III,seed,off,23,cnoidal_H0.270,31.8377,-0.0118779,-0.0488114,0.0458141,0.0429122,0.030964,0.0130308,0.0107788,0,0.353868,0.0261402,0.0522243,0.56819,0.052182,0.535555,0.666989,0.0786899,0.135244,3.23501,2.85873
OU-III,seed,off,23,cnoidal_H1.500,31.8377,-0.0120892,-0.0488114,0.442241,0.438871,0.230151,0.0437736,0.0349151,0,0.546998,0.374549,0.272238,1.07762,0.271661,0.54094,0.668243,0.262921,0.722691,3.77469,2.16013
OU-III,seed,off,23,cnoidal_H4.000,38.6441,-0.0272205,-0.0473587,1.18466,1.20946,0.659043,0.100107,0.0570005,0,1.14738,1.34835,0.713867,2.08457,0.710129,0.528081,0.602323,0.439611,1.87293,4.34422,2.83702
OU-III,seed,off,23,cnoidal_H8.500,37.1687,0.00384576,-0.0481756,2.19048,2.27834,1.41758,0.155523,0.0951677,0,3.13322,3.37937,1.47381,6.65807,1.49164,0.517913,0.593213,0.553312,1.84128,4.46624,2.92618
OU-III,seed,off,23,fenton_H0.270,31.8377,-0.017089,-0.048821,0.0114405,0.0104091,0.0158745,0.0124809,0.00982245,0,0.346226,0.0129838,0.078717,0.679372,0.0787619,0.53847,0.65912,0.0684598,0.123094,3.15642,2.71609
OU-III,seed,off,23,fenton_H1.500,31.8377,-0.01314,-0.048821,0.17158,0.0946826,0.299977,0.0912161,0.0798832,0,2.05731,0.0721673,0.566739,3.33209,0.566402,0.552573,0.682324,0.150347,0.0915691,3.09918,2.68331
OU-III,seed,off,23,fenton_H4.000,33.738,-0.00350475,-0.0485361,0.792523,0.311386,1.06918,0.211463,0.202417,0,6.78018,0.189457,1.46837,10.2928,1.471,0.545845,0.685598,0.342166,0.10985,3.19905,2.73406
OU-III,seed,off,23,fenton_H8.500,35.4234,-0.0227997,-0.0480389,2.30739,0.765364,2.5493,0.433061,0.408713,0,9.06252,0.394925,3.06624,13.6186,3.08274,0.538548,0.698043,0.639795,0.081209,3.23485,2.60006
OU-III,seed,off,23,jonswap_H0.270,31.8377,-0.0111031,-0.0488114,0.00895962,0.0087875,0.00935647,0.0107873,0.00824853,0.00416604,0.30014,0.0109559,0.0534438,0.444993,0.0544531,0.536684,0.778168,0.0628123,0.118919,3.16218,1.89456
OU-III,seed,off,23,jonswap_H1.500,31.8377,-0.010505,-0.0488114,0.0815877,0.0681968,0.164757,0.0742347,0.0629753,0.0717971,1.41704,0.0583596,0.390972,2.278,0.352913,0.555613,0.659414,0.0883064,0.1106,3.18569,2.39247
OU-III,seed,off,23,jonswap_H4.000,31.8377,-0.0104845,-0.0488114,0.277597,0.225804,0.588407,0.171452,0.162925,0.311768,3.34008,0.154065,1.04309,4.98518,0.831127,0.553731,0.700206,0.171521,0.105844,2.86008,0.699679
OU-III,seed,off,23,jonswap_H8.500,31.8377,-0.0199656,-0.0488114,0.946928,0.50169,1.3709,0.613079,0.408659,0.834738,5.49435,0.305617,2.15464,8.89011,1.74296,0.533827,0.76275,0.483444,0.102624,3.68738,2.4391
OU-III,seed,off,23,pmstokes_H0.270,31.8377,-0.011024,-0.0488114,0.00910073,0.0089015,0.00881326,0.0108298,0.00819973,0.00430301,0.29832,0.0108601,0.0499133,0.456484,0.0498557,0.536517,0.781917,0.0628019,0.115577,3.1656,1.9035
OU-III,seed,off,23,pmstokes_H1.500,31.8377,-0.0059462,-0.0488114,0.0773567,0.065946,0.15315,0.0717139,0.0606556,0.0700072,1.40634,0.0579504,0.385566,2.18165,0.347642,0.556412,0.657247,0.0858309,0.119167,3.19284,2.43035
OU-III,seed,off,23,pmstokes_H4.000,31.8377,-0.00332181,-0.0488114,0.300977,0.221359,0.560845,0.175195,0.162486,0.299666,3.56195,0.153756,1.04038,5.23365,0.84498,0.556446,0.681396,0.201482,0.104751,2.83094,0.490185
OU-III,seed,off,23,pmstokes_H8.500,31.8377,-0.0178922,-0.0488114,1.05646,0.498747,1.35069,0.706225,0.402269,0.791527,5.41208,0.30881,2.16784,8.19422,1.78784,0.546876,0.800558,0.47956,0.113814,3.69832,2.65588
OU-III,seed,off,202,gerstner_H0.270,31.8377,-0.016778,-0.0581087,0.0108139,0.0106166,0.0159078,0.0114579,0.00970229,0,0.406813,0.0132731,0.078711,0.600742,0.0788203,0.227655,0.347567,0.263826,0.196439,0.194723,0.907169
OU-III,seed,off,202,gerstner_H1.500,31.8377,-0.020202,-0.0581087,0.172608,0.0980227,0.301023,0.0946433,0.0764095,0,2.16524,0.0732606,0.566316,3.44375,0.567006,0.234749,0.36455,0.309712,0.251136,0.325427,1.0291
OU-III,seed,off,202,gerstner_H4.000,33.4829,-0.0270391,-0.058146,0.865166,0.322181,1.07262,0.229523,0.193623,0,4.66101,0.190882,1.46764,7.02958,1.4709,0.237775,0.376315,0.529708,0.244681,0.980692,0.973118
OU-III,seed,off,202,gerstner_H8.500,35.7084,-0.00621721,-0.0575635,2.47446,0.789815,2.55542,0.547542,0.376733,0,16.9299,0.40134,3.06514,26.6602,3.08196,0.250799,0.363926,0.893432,0.238379,1.6481,0.950401
OU-III,seed,off,202,cnoidal_H0.270,31.8377,-0.0193957,-0.0581087,0.0459097,0.0431766,0.030964,0.0112813,0.010207,0,0.376155,0.0259725,0.0522243,0.611767,0.052182,0.228066,0.354137,0.25831,0.187675,0.178995,0.792778
OU-III,seed,off,202,cnoidal_H1.500,31.8377,-0.019619,-0.0581087,0.442033,0.43829,0.230151,0.0265101,0.0226754,0,0.560751,0.374476,0.272238,1.0882,0.271661,0.231623,0.368507,0.3177,0.981823,0.639459,2.63678
OU-III,seed,off,202,cnoidal_H4.000,38.554,-0.0357736,-0.0564041,1.18408,1.20552,0.659043,0.0600546,0.0657413,0,1.14846,1.34847,0.713867,2.07174,0.710129,0.220772,0.326298,0.579389,2.15972,2.16339,6.24322
OU-III,seed,off,202,cnoidal_H8.500,37.2388,-0.00421736,-0.0571982,2.19131,2.27518,1.41758,0.0822232,0.0830406,0,3.15293,3.37742,1.47381,6.77422,1.49164,0.215716,0.327542,0.561717,2.11527,1.79757,5.8112
OU-III,seed,off,202,fenton_H0.270,31.8377,-0.0245877,-0.0581183,0.0114354,0.0104972,0.0158745,0.0135534,0.00966525,0,0.38571,0.0131575,0.078717,0.779848,0.0787619,0.227923,0.348172,0.254977,0.191075,0.186288,0.891672
OU-III,seed,off,202,fenton_H1.500,31.8377,-0.0205618,-0.0581183,0.173041,0.0962733,0.299977,0.093891,0.0766666,0,2.15492,0.0718768,0.566739,3.50082,0.566402,0.236348,0.36467,0.298613,0.23298,0.453283,0.986393
OU-III,seed,off,202,fenton_H4.000,32.6828,-0.0125422,-0.0585043,0.823426,0.315514,1.06918,0.230277,0.190728,0,6.80837,0.187531,1.46837,10.2673,1.471,0.234006,0.364883,0.479661,0.235388,0.578085,0.966012
OU-III,seed,off,202,fenton_H8.500,35.4434,-0.030976,-0.057378,2.31224,0.772165,2.5493,0.492697,0.383651,0,9.32997,0.391012,3.06624,14.05,3.08274,0.233586,0.376712,0.741855,0.299986,1.13703,1.09247
OU-III,seed,off,202,jonswap_H0.270,31.8377,-0.0185892,-0.0581087,0.00901396,0.00880678,0.00935647,0.00956927,0.00828586,0.00416604,0.329441,0.0111571,0.0534438,0.49563,0.0544531,0.229215,0.471486,0.261292,0.202617,0.259876,0.497116
OU-III,seed,off,202,jonswap_H1.500,31.8377,-0.017942,-0.0581087,0.0842404,0.0695208,0.164757,0.0704574,0.0610529,0.0717971,1.47887,0.058129,0.390972,2.3715,0.352913,0.238908,0.344462,0.283198,0.213689,0.488433,1.1798
OU-III,seed,off,202,jonswap_H4.000,31.8377,-0.0176901,-0.0581087,0.270977,0.222523,0.588407,0.188044,0.167569,0.311768,3.4916,0.152347,1.04309,5.21503,0.831127,0.248371,0.38669,0.340459,0.226793,0.420969,0.660705
OU-III,seed,off,202,jonswap_H8.500,31.8377,-0.027343,-0.0581087,0.963035,0.512,1.3709,0.556962,0.388604,0.834738,5.81461,0.305332,2.15464,9.39038,1.74296,0.233172,0.444059,0.564122,0.243954,1.16181,1.46048
OU-III,seed,off,202,pmstokes_H0.270,31.8377,-0.0185106,-0.0581087,0.00909817,0.00891364,0.00881326,0.00965305,0.0082491,0.00430301,0.328529,0.011058,0.0499133,0.508072,0.0498557,0.229169,0.473773,0.260275,0.205337,0.239601,0.593054
OU-III,seed,off,202,pmstokes_H1.500,31.8377,-0.0133748,-0.0581087,0.0793078,0.0672505,0.15315,0.0688111,0.0588845,0.0700072,1.46341,0.057736,0.385566,2.26417,0.347642,0.2403,0.343384,0.284889,0.206215,0.501423,1.24648
OU-III,seed,off,202,pmstokes_H4.000,31.8377,-0.0104551,-0.0581087,0.293255,0.217083,0.560845,0.189956,0.166461,0.299666,3.70439,0.152272,1.04038,5.44139,0.84498,0.252092,0.369029,0.359932,0.225185,0.423178,0.891918
OU-III,seed,off,202,pmstokes_H8.500,31.8377,-0.0252461,-0.0581087,1.08095,0.508899,1.35069,0.653249,0.380698,0.791527,5.71698,0.308377,2.16784,8.65002,1.78784,0.259648,0.481707,0.553662,0.231779,1.27171,1.69608
OU-III,seed,off,3033,gerstner_H0.270,31.8377,-0.0157762,-0.0569939,0.0112325,0.0105135,0.0159078,0.0111065,0.00984897,0,0.401894,0.0131081,0.078711,0.591373,0.0788203,0.0283434,0.138191,0.0630826,0.125817,4.71152,5.29665
OU-III,seed,off,3033,gerstner_H1.500,31.8377,-0.0191454,-0.0569939,0.17289,0.0962543,0.301023,0.0905384,0.0828322,0,2.15348,0.0737076,0.566316,3.42512,0.567006,0.0435029,0.149609,0.127928,0.0811523,4.74654,5.39714
OU-III,seed,off,3033,gerstner_H4.000,32.7428,-0.023622,-0.0573191,0.858023,0.316185,1.07262,0.23656,0.227095,0,4.94284,0.192823,1.46764,7.40225,1.4709,0.0551716,0.158694,0.427115,0.0910309,4.82155,5.35066
OU-III,seed,off,3033,gerstner_H8.500,35.7134,-0.00526544,-0.0564409,2.46253,0.77782,2.55542,0.571222,0.477065,0,16.8317,0.405562,3.06514,26.5064,3.08196,0.0735647,0.15094,0.844815,0.111967,5.08463,5.32126
OU-III,seed,off,3033,cnoidal_H0.270,31.8377,-0.0183934,-0.0569939,0.0456613,0.0430615,0.030964,0.011698,0.0112384,0,0.372304,0.0261552,0.0522243,0.604519,0.052182,0.02594,0.141192,0.0784888,0.129164,4.68002,5.2494
OU-III,seed,off,3033,cnoidal_H1.500,31.8377,-0.0185946,-0.0569939,0.441992,0.43722,0.230151,0.0210313,0.0319378,0,0.558636,0.374651,0.272238,1.08626,0.271661,0.0283479,0.1606,0.264435,0.796324,4.35948,6.88829
OU-III,seed,off,3033,cnoidal_H4.000,38.519,-0.034712,-0.0552206,1.18263,1.20043,0.659043,0.0429661,0.105812,0,1.14872,1.34832,0.713867,2.07479,0.710129,0.029469,0.148788,0.441354,1.87907,4.75386,9.96389
OU-III,seed,off,3033,cnoidal_H8.500,37.2388,-0.00302434,-0.0560834,2.18451,2.26105,1.41758,0.0364381,0.137408,0,3.1528,3.37635,1.47381,6.77583,1.49164,0.026323,0.15276,0.551509,1.8648,4.80124,9.70166
OU-III,seed,off,3033,fenton_H0.270,31.8377,-0.023605,-0.0570035,0.0117154,0.010401,0.0158745,0.0120187,0.00980737,0,0.379024,0.0129921,0.078717,0.762682,0.0787619,0.0294282,0.13809,0.0709923,0.131577,4.69345,5.28128
OU-III,seed,off,3033,fenton_H1.500,31.8377,-0.0196777,-0.0570035,0.172906,0.0945504,0.299977,0.0899577,0.0828709,0,2.13245,0.0723233,0.566739,3.46202,0.566402,0.0474816,0.149481,0.145984,0.0967417,4.74925,5.35865
OU-III,seed,off,3033,fenton_H4.000,38.9841,-0.0254796,-0.0562096,0.744545,0.31009,1.06918,0.20748,0.224054,0,4.49844,0.189541,1.46837,7.08973,1.471,0.0545406,0.14922,0.893883,0.103612,5.15212,5.33755
OU-III,seed,off,3033,fenton_H8.500,35.4434,-0.0298705,-0.0562632,2.33854,0.760082,2.5493,0.453965,0.484465,0,9.27846,0.395346,3.06624,13.9703,3.08274,0.0767025,0.159506,0.662889,0.0803453,4.87651,5.45174
OU-III,seed,off,3033,jonswap_H0.270,31.8377,-0.0175912,-0.0569939,0.0090831,0.00870616,0.00935647,0.00904701,0.00838941,0.00416604,0.324906,0.0111754,0.0534438,0.488594,0.0544531,0.0270536,0.263524,0.0624012,0.115574,4.42137,2.73101
OU-III,seed,off,3033,jonswap_H1.500,31.8377,-0.0170211,-0.0569939,0.0874783,0.0705444,0.164757,0.0657583,0.059012,0.0717971,1.46761,0.0582237,0.390972,2.35316,0.352913,0.0606399,0.132942,0.0850388,0.116678,4.44607,2.74382
OU-III,seed,off,3033,jonswap_H4.000,31.8377,-0.0169047,-0.0569939,0.264752,0.218163,0.588407,0.204107,0.174006,0.311768,3.44935,0.15306,1.04309,5.15654,0.831127,0.0663826,0.181105,0.165018,0.110388,4.44225,1.79905
OU-III,seed,off,3033,jonswap_H8.500,31.8377,-0.0264059,-0.0569939,0.994194,0.539527,1.3709,0.504011,0.350212,0.834738,5.76039,0.308517,2.15464,9.30686,1.74296,0.161002,0.233255,0.479801,0.110377,4.07076,2.46159
OU-III,seed,off,3033,pmstokes_H0.270,31.8377,-0.0175156,-0.0569939,0.00914172,0.00880978,0.00881326,0.00904907,0.00836669,0.00430301,0.323935,0.0110866,0.0499133,0.501201,0.0498557,0.0270139,0.266213,0.0621627,0.1118,4.44465,3.03208
OU-III,seed,off,3033,pmstokes_H1.500,31.8377,-0.0124416,-0.0569939,0.0826446,0.0682575,0.15315,0.064269,0.0568822,0.0700072,1.45361,0.0577677,0.385566,2.2497,0.347642,0.0601705,0.132944,0.0807134,0.123763,4.42081,2.51693
OU-III,seed,off,3033,pmstokes_H4.000,31.8377,-0.00967567,-0.0569939,0.285655,0.212935,0.560845,0.205422,0.172384,0.299666,3.66543,0.152954,1.04038,5.38413,0.84498,0.0783924,0.165289,0.196558,0.11267,4.41372,2.03299
OU-III,seed,off,3033,pmstokes_H8.500,31.8377,-0.0243243,-0.0569939,1.11798,0.53894,1.35069,0.588726,0.33431,0.791527,5.66607,0.311392,2.16784,8.58935,1.78784,0.218902,0.272089,0.475915,0.121061,4.07856,2.21003
OU-III,seed,on,default,gerstner_H0.270,31.8377,0.0696127,0.0482045,0.026093,0.0118455,0.0159078,0.0168591,0.0102331,0,0.171579,0.0152343,0.078711,0.346023,0.0788203,0.052084,0.0804131,0.138197,0.335415,1.18396,0.613904
OU-III,seed,on,default,gerstner_H1.500,31.8377,0.0659511,0.0482045,0.20364,0.0918862,0.301023,0.0946996,0.0782443,0,0.515107,0.0835473,0.566316,1.37052,0.567006,0.0671414,0.165866,0.292687,0.977733,1.6618,4.50706
OU-III,seed,on,default,gerstner_H4.000,51.4468,0.0730805,0.0480851,0.891617,0.325372,1.07262,0.21084,0.226839,0,1.68142,0.213063,1.46764,3.19121,1.4709,0.0867498,0.172036,1.72539,0.962085,4.57825,4.53122
OU-III,seed,on,default,gerstner_H8.500,36.0485,0.08858,0.0491839,2.46859,0.819201,2.55542,0.605552,0.497846,0,6.32716,0.428095,3.06514,10.4751,3.08196,0.12547,0.168852,0.782667,0.958755,2.10871,4.45937
OU-III,seed,on,default,cnoidal_H0.270,33.1229,0.068709,0.0480994,0.046528,0.0457506,0.030964,0.0128197,0.0106942,0,0.105866,0.0378367,0.0522243,0.182779,0.052182,0.0450854,0.135292,0.157447,0.094271,2.265,1.14537
OU-III,seed,on,default,cnoidal_H1.500,35.7084,0.0683576,0.0493509,0.416296,0.41759,0.230151,0.0177867,0.0182123,0,0.452198,0.463477,0.272238,0.776366,0.271661,0.046859,0.154301,0.27523,0.344824,2.17369,1.69383
OU-III,seed,on,default,cnoidal_H4.000,39.0941,0.0626571,0.0501112,1.1098,1.13694,0.659043,0.0315594,0.0333469,0,1.24346,1.34012,0.713867,2.30352,0.710129,0.0467504,0.149291,0.480776,0.954395,2.96644,3.14499
OU-III,seed,on,default,cnoidal_H8.500,36.8587,0.0893724,0.049318,2.0755,2.15398,1.41758,0.0377934,0.0469131,0,2.50171,2.6849,1.47381,4.24018,1.49164,0.0455984,0.19279,0.490034,0.560488,2.57998,1.79941
OU-III,seed,on,default,fenton_H0.270,31.8377,0.0616722,0.0482048,0.0161631,0.0117054,0.0158745,0.0145833,0.0101481,0,0.0870405,0.0150789,0.078717,0.205105,0.0787619,0.0459394,0.0773249,0.173628,0.309216,1.19591,0.5484
OU-III,seed,on,default,fenton_H1.500,31.8377,0.0649124,0.0482048,0.219339,0.0897998,0.299977,0.0766657,0.0767985,0,0.460403,0.081667,0.566739,1.4238,0.566402,0.0707578,0.155109,0.311616,0.911534,1.43578,4.29037
OU-III,seed,on,default,fenton_H4.000,32.5427,0.0744193,0.0479514,0.819374,0.317496,1.06918,0.298104,0.228655,0,1.94931,0.20943,1.46837,3.60552,1.471,0.0925299,0.179716,0.529281,1.02182,1.96054,4.68796
OU-III,seed,on,default,fenton_H8.500,35.1833,0.0633401,0.0488922,2.7015,0.798992,2.5493,0.642851,0.497012,0,3.22915,0.420554,3.06624,7.47632,3.08274,0.150988,0.192202,0.886842,1.00646,2.48539,4.62297
OU-III,seed,on,default,jonswap_H0.270,31.8377,0.0677754,0.0482045,0.0129831,0.0094265,0.00935647,0.0137693,0.0090621,0.00416604,0.129619,0.013229,0.0534438,0.244598,0.0544531,0.0485377,0.158044,0.136403,0.1586,1.62595,1.29324
OU-III,seed,on,default,jonswap_H1.500,31.8377,0.0672425,0.0482045,0.0944519,0.0696132,0.164757,0.0636248,0.0639658,0.0717971,0.341954,0.0688899,0.390972,0.96163,0.352913,0.0732044,0.171207,0.194903,0.903568,1.57385,5.95861
OU-III,seed,on,default,jonswap_H4.000,31.8377,0.0666314,0.0482045,0.295184,0.263555,0.588407,0.198628,0.163608,0.311768,0.772734,0.176821,1.04309,2.62072,0.831127,0.0801171,0.187846,0.265102,0.783243,1.15191,6.28142
OU-III,seed,on,default,jonswap_H8.500,31.8377,0.0557003,0.0482045,1.00036,0.548186,1.3709,0.592766,0.491213,0.834738,0.69161,0.342486,2.15464,4.58702,1.74296,0.192237,0.30464,0.536354,0.714599,1.411,5.06748
OU-III,seed,on,default,pmstokes_H0.270,31.8377,0.0678499,0.0482045,0.0134102,0.00936817,0.00881326,0.0142153,0.00898272,0.00430301,0.138284,0.0132236,0.0499133,0.261235,0.0498557,0.0487676,0.159973,0.137646,0.147373,1.68451,0.976261
OU-III,seed,on,default,pmstokes_H1.500,31.8377,0.0717612,0.0482045,0.0918618,0.0708024,0.15315,0.0626001,0.0624601,0.0700072,0.384178,0.0689458,0.385566,0.947614,0.347642,0.0715135,0.177689,0.191807,0.845692,1.37564,5.7193
OU-III,seed,on,default,pmstokes_H4.000,31.8377,0.0730677,0.0482045,0.301628,0.266626,0.560845,0.203163,0.163136,0.299666,0.972287,0.177667,1.04038,2.85325,0.84498,0.0897771,0.151693,0.245447,0.648261,0.779064,5.16466
OU-III,seed,on,default,pmstokes_H8.500,31.8377,0.0561654,0.0482045,1.12096,0.572262,1.35069,0.682021,0.4848,0.791527,0.772519,0.3529,2.16784,5.32212,1.78784,0.252201,0.364202,0.510493,0.561915,1.27256,4.33567
OU-III,seed,on,11,gerstner_H0.270,31.8377,0.0113393,-0.0240258,0.0121165,0.0113812,0.0159078,0.0113643,0.00919351,0,0.171216,0.0150542,0.078711,0.291828,0.0788203,0.329639,0.33195,0.2091,0.243441,2.1261,1.97981
OU-III,seed,on,11,gerstner_H1.500,31.8377,0.00776912,-0.0240258,0.183032,0.0892068,0.301023,0.101309,0.0658782,0,0.939431,0.0803865,0.566316,1.53981,0.567006,0.354357,0.306931,0.297766,0.783308,1.1307,1.4257
OU-III,seed,on,11,gerstner_H4.000,32.7028,0.00363568,-0.0243782,0.892217,0.314336,1.07262,0.240357,0.178578,0,2.10224,0.203852,1.46764,3.60949,1.4709,0.390442,0.304006,0.462676,0.79466,1.19506,1.50217
OU-III,seed,on,11,gerstner_H8.500,35.8385,0.0236207,-0.0237273,2.51354,0.787511,2.55542,0.747531,0.363361,0,7.66802,0.419015,3.06514,12.2455,3.08196,0.480035,0.316224,0.78526,0.794706,1.62624,1.46966
OU-III,seed,on,11,cnoidal_H0.270,31.8377,0.00877056,-0.0240258,0.048467,0.0456746,0.030964,0.01055,0.0100585,0,0.152734,0.0377297,0.0522243,0.265023,0.052182,0.323609,0.262487,0.212893,0.103423,2.82939,3.17331
OU-III,seed,on,11,cnoidal_H1.500,31.8377,0.00852835,-0.0240258,0.42056,0.417297,0.230151,0.0144468,0.0159501,0,0.480908,0.463336,0.272238,0.849832,0.271661,0.322439,0.245452,0.284907,0.440418,2.65045,3.74863
OU-III,seed,on,11,cnoidal_H4.000,38.489,-0.00463352,-0.0221734,1.10966,1.13555,0.659043,0.0257129,0.038863,0,1.25343,1.33936,0.713867,2.3142,0.710129,0.326364,0.240013,0.515745,1.07194,3.39796,5.09907
OU-III,seed,on,11,cnoidal_H8.500,37.4638,0.0274301,-0.0229047,2.07764,2.14913,1.41758,0.0239158,0.0387853,0,2.53226,2.68347,1.47381,4.36921,1.49164,0.327598,0.211203,0.508752,0.684433,3.2746,4.1025
OU-III,seed,on,11,fenton_H0.270,31.8377,0.00343533,-0.0240354,0.0113762,0.0112747,0.0158745,0.0114523,0.0091569,0,0.137842,0.0148952,0.078717,0.2348,0.0787619,0.33011,0.332139,0.214312,0.240317,2.12605,1.98398
OU-III,seed,on,11,fenton_H1.500,31.8377,0.00688346,-0.0240354,0.211272,0.0873104,0.299977,0.0963333,0.0660374,0,0.904918,0.0787494,0.566739,1.54515,0.566402,0.358415,0.309251,0.308894,0.770646,1.06983,1.38153
OU-III,seed,on,11,fenton_H4.000,33.603,0.0179897,-0.0239435,0.890949,0.307826,1.06918,0.329424,0.175527,0,3.23176,0.200269,1.46837,4.97598,1.471,0.391911,0.305682,0.589669,0.809776,1.44746,1.51896
OU-III,seed,on,11,fenton_H8.500,35.3784,-0.000160093,-0.0233651,2.68874,0.768519,2.5493,0.829129,0.364995,0,4.64082,0.409049,3.06624,7.89319,3.08274,0.477496,0.300412,0.912407,0.793216,1.9923,1.47298
OU-III,seed,on,11,jonswap_H0.270,31.8377,0.00950747,-0.0240258,0.00855463,0.0089275,0.00935647,0.00875832,0.00837505,0.00416604,0.126638,0.0133793,0.0534438,0.204251,0.0544531,0.323904,0.24212,0.209877,0.112994,2.3828,1.38759
OU-III,seed,on,11,jonswap_H1.500,31.8377,0.00926047,-0.0240258,0.0931689,0.0686467,0.164757,0.0598117,0.0553381,0.0717971,0.619831,0.0674208,0.390972,1.07339,0.352913,0.333072,0.302618,0.244175,0.761365,1.0978,1.78559
OU-III,seed,on,11,jonswap_H4.000,31.8377,0.0093805,-0.0240258,0.279642,0.238502,0.588407,0.202669,0.153349,0.311768,1.46758,0.171522,1.04309,2.62072,0.831127,0.375847,0.285661,0.296336,0.651924,1.02745,2.36726
OU-III,seed,on,11,jonswap_H8.500,31.8377,-0.00156044,-0.0240258,0.966098,0.549087,1.3709,0.535192,0.402546,0.834738,2.2614,0.344978,2.15464,4.58702,1.74296,0.389766,0.193028,0.54542,0.564309,1.36447,1.09947
OU-III,seed,on,11,pmstokes_H0.270,31.8377,0.00958704,-0.0240258,0.00863351,0.00894584,0.00881326,0.00873368,0.00830707,0.00430301,0.126015,0.0133627,0.0499133,0.212097,0.0498557,0.32384,0.240198,0.209756,0.108267,2.39137,1.54357
OU-III,seed,on,11,pmstokes_H1.500,31.8377,0.0138383,-0.0240258,0.090761,0.0704152,0.15315,0.0598097,0.0555174,0.0700072,0.633465,0.0679127,0.385566,1.05032,0.347642,0.332681,0.289925,0.245463,0.702881,1.16181,1.5993
OU-III,seed,on,11,pmstokes_H4.000,31.8377,0.0161185,-0.0240258,0.296237,0.23895,0.560845,0.207221,0.16288,0.299666,1.64309,0.174565,1.04038,2.85325,0.84498,0.378038,0.307099,0.300335,0.524174,1.18114,1.39638
OU-III,seed,on,11,pmstokes_H8.500,31.8377,-0.000669554,-0.0240258,1.1066,0.581943,1.35069,0.635187,0.408569,0.791527,2.28776,0.358002,2.16784,5.32212,1.78784,0.41149,0.148995,0.532117,0.422703,1.6862,0.636778
OU-III,seed,on,23,gerstner_H0.270,31.8377,-0.00914515,-0.0488114,0.0120584,0.011529,0.0159078,0.0100072,0.00938691,0,0.188547,0.015004,0.078711,0.279481,0.0788203,0.54512,0.575369,0.0639984,0.473739,4.7268,5.16843
OU-III,seed,on,23,gerstner_H1.500,31.8377,-0.0126297,-0.0488114,0.177058,0.0861343,0.301023,0.10806,0.0892235,0,1.06702,0.0821001,0.566316,1.72505,0.567006,0.549299,0.706568,0.251764,1.0825,7.23686,9.44936
OU-III,seed,on,23,gerstner_H4.000,33.0729,-0.0187246,-0.0491325,0.856227,0.300787,1.07262,0.29083,0.281143,0,2.31064,0.209583,1.46764,3.85576,1.4709,0.548048,0.728712,0.472283,1.12302,7.40127,9.67738
OU-III,seed,on,23,gerstner_H8.500,35.7634,0.00100584,-0.0484286,2.49077,0.755655,2.55542,0.761122,0.630999,0,8.03405,0.429039,3.06514,12.8208,3.08196,0.537028,0.714995,0.838854,1.12229,7.4836,9.61291
OU-III,seed,on,23,cnoidal_H0.270,31.8377,-0.011742,-0.0488114,0.0478794,0.0453047,0.030964,0.0106847,0.0106417,0,0.175967,0.0379429,0.0522243,0.307222,0.052182,0.546434,0.619484,0.0799116,0.228781,3.7559,3.61074
OU-III,seed,on,23,cnoidal_H1.500,31.8377,-0.0119782,-0.0488114,0.420615,0.417549,0.230151,0.0404724,0.0369251,0,0.491578,0.464051,0.272238,0.882841,0.271661,0.549734,0.628703,0.24632,0.224945,4.07924,3.18208
OU-III,seed,on,23,cnoidal_H4.000,38.219,-0.0279526,-0.0472035,1.11299,1.13892,0.659043,0.0864969,0.0687393,0,1.25825,1.34085,0.713867,2.31944,0.710129,0.536157,0.610546,0.40827,0.762288,4.44099,2.15039
OU-III,seed,on,23,cnoidal_H8.500,37.6588,0.00541506,-0.0474989,2.07854,2.15278,1.41758,0.124809,0.116572,0,2.54085,2.68473,1.47381,4.42606,1.49164,0.531401,0.668901,0.502601,0.451571,4.38474,3.40282
OU-III,seed,on,23,fenton_H0.270,31.8377,-0.0170652,-0.048821,0.0124474,0.0114322,0.0158745,0.010748,0.00935359,0,0.17618,0.0148391,0.078717,0.355762,0.0787619,0.54465,0.576772,0.0745732,0.480068,4.82624,5.18448
OU-III,seed,on,23,fenton_H1.500,31.8377,-0.0136145,-0.048821,0.207447,0.0843156,0.299977,0.0935002,0.0890235,0,1.04139,0.0805391,0.566739,1.78819,0.566402,0.550131,0.705743,0.256391,1.08851,7.26746,9.44532
OU-III,seed,on,23,fenton_H4.000,33.858,-0.00357277,-0.0486078,0.85127,0.29333,1.06918,0.370998,0.278023,0,3.47229,0.205317,1.46837,5.34156,1.471,0.542382,0.716296,0.521076,1.11329,7.36896,9.60615
OU-III,seed,on,23,fenton_H8.500,35.4584,-0.0227596,-0.0482011,2.62294,0.73693,2.5493,0.905665,0.627318,0,4.98434,0.419595,3.06624,7.96895,3.08274,0.544356,0.735133,0.908218,1.0955,7.61338,9.5546
OU-III,seed,on,23,jonswap_H0.270,31.8377,-0.0110542,-0.0488114,0.00895826,0.00906396,0.00935647,0.00836761,0.00828933,0.00416604,0.148504,0.0128744,0.0534438,0.230655,0.0544531,0.545568,0.64291,0.0626093,0.295234,4.14432,3.23847
OU-III,seed,on,23,jonswap_H1.500,31.8377,-0.0111487,-0.0488114,0.0883308,0.064992,0.164757,0.0700326,0.065623,0.0717971,0.705661,0.0679127,0.390972,1.20432,0.352913,0.55216,0.663479,0.15079,0.98849,7.04242,8.12448
OU-III,seed,on,23,jonswap_H4.000,31.8377,-0.0112547,-0.0488114,0.294553,0.253855,0.588407,0.174773,0.155887,0.311768,1.65549,0.176371,1.04309,2.63655,0.831127,0.535923,0.632206,0.220874,0.890541,6.20219,5.74395
OU-III,seed,on,23,jonswap_H8.500,31.8377,-0.0216869,-0.0488114,0.898573,0.500853,1.3709,0.64635,0.501299,0.834738,2.71857,0.344509,2.15464,4.85633,1.74296,0.540864,0.776758,0.481309,0.76966,6.47343,6.98384
OU-III,seed,on,23,pmstokes_H0.270,31.8377,-0.0109724,-0.0488114,0.00901713,0.00907256,0.00881326,0.00838885,0.00823121,0.00430301,0.147405,0.0128729,0.0499133,0.235022,0.0498557,0.545544,0.643383,0.0629644,0.28639,4.09522,3.20997
OU-III,seed,on,23,pmstokes_H1.500,31.8377,-0.00656493,-0.0488114,0.0861219,0.0660525,0.15315,0.0668345,0.0639233,0.0700072,0.711854,0.068475,0.385566,1.16572,0.347642,0.55462,0.665495,0.150986,0.923917,6.67601,7.67111
OU-III,seed,on,23,pmstokes_H4.000,31.8377,-0.00449672,-0.0488114,0.316653,0.259999,0.560845,0.184767,0.1632,0.299666,1.82561,0.178783,1.04038,2.9591,0.84498,0.531206,0.591556,0.210786,0.742291,5.59504,4.57897
OU-III,seed,on,23,pmstokes_H8.500,31.8377,-0.0205245,-0.0488114,1.02363,0.516968,1.35069,0.741414,0.497694,0.791527,2.75197,0.357454,2.16784,5.32212,1.78784,0.559746,0.828248,0.471743,0.617569,5.7851,6.22208
OU-III,seed,on,202,gerstner_H0.270,31.8377,-0.0166483,-0.0581087,0.012091,0.011377,0.0159078,0.0111413,0.00916051,0,0.201934,0.0151553,0.078711,0.297991,0.0788203,0.230814,0.247387,0.269046,0.271471,1.63547,1.89503
OU-III,seed,on,202,gerstner_H1.500,31.8377,-0.0201721,-0.0581087,0.183659,0.0878744,0.301023,0.112816,0.0770909,0,1.10891,0.081529,0.566316,1.78538,0.567006,0.234452,0.355235,0.348191,0.90094,4.37216,6.55965
OU-III,seed,on,202,gerstner_H4.000,32.6078,-0.024261,-0.0584616,0.887617,0.308211,1.07262,0.272817,0.232254,0,2.53321,0.207479,1.46764,3.89409,1.4709,0.239551,0.373435,0.472087,0.944057,4.53976,6.81863
OU-III,seed,on,202,gerstner_H8.500,35.7334,-0.00723803,-0.0576103,2.51843,0.775121,2.55542,0.778771,0.506408,0,8.15422,0.427993,3.06514,13.0314,3.08196,0.284016,0.359883,0.75802,0.945426,4.72097,6.76928
OU-III,seed,on,202,cnoidal_H0.270,31.8377,-0.0192442,-0.0581087,0.0479128,0.0456152,0.030964,0.0105085,0.00971561,0,0.18647,0.0377453,0.0522243,0.325342,0.052182,0.232351,0.299011,0.263667,0.131054,0.56264,0.321142
OU-III,seed,on,202,cnoidal_H1.500,31.8377,-0.0194922,-0.0581087,0.42116,0.417658,0.230151,0.024771,0.0214493,0,0.494422,0.463254,0.272238,0.892665,0.271661,0.234595,0.314754,0.318488,0.444875,0.922505,0.941541
OU-III,seed,on,202,cnoidal_H4.000,38.1239,-0.0363961,-0.0564207,1.11453,1.13773,0.659043,0.0511478,0.0364213,0,1.25826,1.3395,0.713867,2.31928,0.710129,0.224474,0.310223,0.547739,1.0439,2.08523,2.31619
OU-III,seed,on,202,cnoidal_H8.500,37.7489,-0.00267122,-0.056503,2.07997,2.15292,1.41758,0.0693403,0.0599858,0,2.54146,2.68356,1.47381,4.43897,1.49164,0.220865,0.353468,0.522481,0.640984,1.9788,1.19011
OU-III,seed,on,202,fenton_H0.270,31.8377,-0.0245515,-0.0581183,0.013389,0.0112757,0.0158745,0.0143335,0.00912934,0,0.196437,0.0149872,0.078717,0.411802,0.0787619,0.229852,0.248796,0.256083,0.276336,1.84681,1.91487
OU-III,seed,on,202,fenton_H1.500,31.8377,-0.0210269,-0.0581183,0.214763,0.0860059,0.299977,0.102285,0.077144,0,1.09162,0.0799931,0.566739,1.8807,0.566402,0.236621,0.354624,0.324289,0.911757,4.41697,6.5782
OU-III,seed,on,202,fenton_H4.000,33.833,-0.0112724,-0.0577703,0.87158,0.301739,1.06918,0.383842,0.228262,0,3.57456,0.204209,1.46837,5.50679,1.471,0.24769,0.360753,0.542129,0.927731,4.57368,6.7104
OU-III,seed,on,202,fenton_H8.500,35.4784,-0.0309242,-0.0573904,2.68006,0.755869,2.5493,0.977254,0.502229,0,5.11664,0.417741,3.06624,8.0055,3.08274,0.277715,0.377486,0.92969,0.916245,4.97639,6.67263
OU-III,seed,on,202,jonswap_H0.270,31.8377,-0.0185252,-0.0581087,0.00880497,0.00897788,0.00935647,0.00905882,0.00829066,0.00416604,0.162841,0.0131419,0.0534438,0.252477,0.0544531,0.230829,0.323768,0.266742,0.134122,1.1939,1.3934
OU-III,seed,on,202,jonswap_H1.500,31.8377,-0.0185754,-0.0581087,0.0915827,0.0653233,0.164757,0.0668601,0.062971,0.0717971,0.736585,0.0676828,0.390972,1.24817,0.352913,0.234597,0.333833,0.297664,0.757871,4.36903,7.04497
OU-III,seed,on,202,jonswap_H4.000,31.8377,-0.0184741,-0.0581087,0.288463,0.24889,0.588407,0.187651,0.15257,0.311768,1.73089,0.174314,1.04309,2.73965,0.831127,0.23265,0.307211,0.343105,0.671088,3.45663,4.91126
OU-III,seed,on,202,jonswap_H8.500,31.8377,-0.0290559,-0.0581087,0.915946,0.504875,1.3709,0.593071,0.481636,0.834738,2.87892,0.344651,2.15464,5.11567,1.74296,0.24064,0.447526,0.560215,0.541381,3.82456,6.03443
OU-III,seed,on,202,pmstokes_H0.270,31.8377,-0.0184444,-0.0581087,0.00897269,0.0090004,0.00881326,0.0090685,0.00823556,0.00430301,0.162001,0.0131249,0.0499133,0.258696,0.0498557,0.231021,0.324398,0.267043,0.131493,1.12007,1.21058
OU-III,seed,on,202,pmstokes_H1.500,31.8377,-0.0139833,-0.0581087,0.088944,0.0664801,0.15315,0.0651364,0.0617828,0.0700072,0.740501,0.068241,0.385566,1.20591,0.347642,0.237742,0.338354,0.302237,0.693124,3.99152,6.61983
OU-III,seed,on,202,pmstokes_H4.000,31.8377,-0.0116562,-0.0581087,0.30694,0.251437,0.560845,0.194317,0.160581,0.299666,1.89959,0.176851,1.04038,3.06111,0.84498,0.229755,0.267268,0.355795,0.525396,2.79532,3.69801
OU-III,seed,on,202,pmstokes_H8.500,31.8377,-0.0278724,-0.0581087,1.05138,0.523132,1.35069,0.690211,0.48073,0.791527,2.91049,0.357303,2.16784,5.32212,1.78784,0.271198,0.501042,0.553302,0.397229,3.14033,5.27706
OU-III,seed,on,3033,gerstner_H0.270,31.8377,-0.0156724,-0.0569939,0.0122619,0.0115237,0.0159078,0.00989481,0.00919117,0,0.199215,0.0150215,0.078711,0.29412,0.0788203,0.024294,0.030804,0.0634839,0.478688,3.41161,3.18686
OU-III,seed,on,3033,gerstner_H1.500,31.8377,-0.0191409,-0.0569939,0.183575,0.0889235,0.301023,0.0823549,0.0658949,0,1.10183,0.0822099,0.566316,1.77528,0.567006,0.0373038,0.0397841,0.263578,1.07049,1.82802,1.08089
OU-III,seed,on,3033,gerstner_H4.000,32.6128,-0.0233787,-0.0573667,0.886766,0.313971,1.07262,0.193702,0.17842,0,2.50806,0.209397,1.46764,3.85955,1.4709,0.06436,0.0522548,0.502408,1.114,1.83642,1.16529
OU-III,seed,on,3033,gerstner_H8.500,35.7334,-0.00634913,-0.0564954,2.54385,0.789351,2.55542,0.521965,0.363296,0,8.09638,0.431273,3.06514,12.9416,3.08196,0.149513,0.0518434,0.831222,1.11214,2.07137,1.13965
OU-III,seed,on,3033,cnoidal_H0.270,31.8377,-0.0182695,-0.0569939,0.047771,0.0455399,0.030964,0.0107317,0.010475,0,0.184707,0.0379576,0.0522243,0.322905,0.052182,0.0250575,0.0752143,0.0797593,0.224797,4.24382,4.57967
OU-III,seed,on,3033,cnoidal_H1.500,31.8377,-0.018496,-0.0569939,0.420308,0.416713,0.230151,0.0171668,0.0208168,0,0.494552,0.464046,0.272238,0.891806,0.271661,0.0267473,0.0928366,0.247632,0.255076,4.0616,5.27846
OU-III,seed,on,3033,cnoidal_H4.000,38.1339,-0.0353015,-0.0553756,1.1115,1.13352,0.659043,0.033851,0.054224,0,1.25949,1.34068,0.713867,2.32246,0.710129,0.0285158,0.106933,0.408196,0.835079,4.4674,6.67768
OU-III,seed,on,3033,cnoidal_H8.500,37.7239,-0.00157573,-0.0555118,2.07351,2.14554,1.41758,0.0287407,0.0546392,0,2.54249,2.68456,1.47381,4.43734,1.49164,0.0250486,0.135368,0.501322,0.502246,4.54513,5.46435
OU-III,seed,on,3033,fenton_H0.270,31.8377,-0.0235913,-0.0570035,0.0131435,0.0114285,0.0158745,0.0105266,0.00915639,0,0.193761,0.0148545,0.078717,0.406121,0.0787619,0.0243538,0.0304895,0.0803628,0.48844,3.33144,3.16432
OU-III,seed,on,3033,fenton_H1.500,31.8377,-0.0201596,-0.0570035,0.216917,0.0869595,0.299977,0.0728201,0.0661201,0,1.0801,0.0806756,0.566739,1.86233,0.566402,0.0535627,0.0399949,0.282795,1.08332,1.75959,1.07428
OU-III,seed,on,3033,fenton_H4.000,37.0687,-0.0284406,-0.056512,1.02515,0.307284,1.06918,0.309165,0.175582,0,2.18989,0.205874,1.46837,3.78754,1.471,0.109533,0.0479782,0.975862,1.11652,2.5351,1.1667
OU-III,seed,on,3033,fenton_H8.500,35.4784,-0.0298524,-0.0562756,2.73384,0.769638,2.5493,0.633007,0.365261,0,5.09381,0.421062,3.06624,7.98705,3.08274,0.141671,0.0587865,0.964895,1.08336,2.5298,1.10757
OU-III,seed,on,3033,jonswap_H0.270,31.8377,-0.0175541,-0.0569939,0.00881437,0.00897501,0.00935647,0.00884363,0.00838105,0.00416604,0.160578,0.0131851,0.0534438,0.249777,0.0544531,0.0241194,0.101259,0.0618598,0.296304,3.62801,1.4953
OU-III,seed,on,3033,jonswap_H1.500,31.8377,-0.017664,-0.0569939,0.0948359,0.0678545,0.164757,0.0563251,0.0563703,0.0717971,0.730594,0.0681504,0.390972,1.2398,0.352913,0.0452863,0.0656775,0.163957,1.00877,1.74574,2.85873
OU-III,seed,on,3033,jonswap_H4.000,31.8377,-0.0176871,-0.0569939,0.280971,0.24392,0.588407,0.197859,0.152248,0.311768,1.71034,0.174889,1.04309,2.71143,0.831127,0.0697573,0.0864913,0.238074,0.90296,1.88844,3.27703
OU-III,seed,on,3033,jonswap_H8.500,31.8377,-0.0281063,-0.0569939,0.958331,0.540085,1.3709,0.514041,0.415069,0.834738,2.85044,0.348192,2.15464,5.07314,1.74296,0.154901,0.190675,0.490117,0.792414,2.14611,2.12953
OU-III,seed,on,3033,pmstokes_H0.270,31.8377,-0.0174752,-0.0569939,0.00894566,0.00897414,0.00881326,0.00878217,0.00832347,0.00430301,0.159921,0.0131766,0.0499133,0.255411,0.0498557,0.023952,0.102093,0.0625715,0.288763,3.69943,1.81792
OU-III,seed,on,3033,pmstokes_H1.500,31.8377,-0.0130579,-0.0569939,0.0923491,0.0695812,0.15315,0.0552968,0.0562163,0.0700072,0.735223,0.0686211,0.385566,1.19853,0.347642,0.0464049,0.0770618,0.16437,0.944386,1.91646,2.65759
OU-III,seed,on,3033,pmstokes_H4.000,31.8377,-0.0108649,-0.0569939,0.298071,0.24658,0.560845,0.206561,0.161908,0.299666,1.88028,0.177437,1.04038,3.03543,0.84498,0.0779142,0.0612168,0.222174,0.757048,2.19356,2.17364
OU-III,seed,on,3033,pmstokes_H8.500,31.8377,-0.0269224,-0.0569939,1.10237,0.569852,1.35069,0.606331,0.417086,0.791527,2.88254,0.360481,2.16784,5.32212,1.78784,0.211978,0.254181,0.482268,0.63556,2.58749,1.4726
