method,family,hs,seed,pct_hs,rms_m,cohort,split,segment,scenario,record
OU-III,JONSWAP,0.270000011,11-101-1009,3.97944713,0.0107445074,stationary,eval,,stationary_jonswap_H0_270_L14_047_A30_00_P60_00,records/eval_stationary_jonswap_H0_270_L14_047_A30_00_P60_00_11-101-1009.csv
OU-II,JONSWAP,0.270000011,11-101-1009,5.77089834,0.0155814262,stationary,eval,,stationary_jonswap_H0_270_L14_047_A30_00_P60_00,records/eval_stationary_jonswap_H0_270_L14_047_A30_00_P60_00_11-101-1009.csv
TFG,JONSWAP,0.270000011,11-101-1009,4.11736584,0.0111168874,stationary,eval,,stationary_jonswap_H0_270_L14_047_A30_00_P60_00,records/eval_stationary_jonswap_H0_270_L14_047_A30_00_P60_00_11-101-1009.csv
PII,JONSWAP,0.270000011,11-101-1009,3.52535319,0.00951845385,stationary,eval,,stationary_jonswap_H0_270_L14_047_A30_00_P60_00,records/eval_stationary_jonswap_H0_270_L14_047_A30_00_P60_00_11-101-1009.csv
TVG-NLO,JONSWAP,0.270000011,11-101-1009,6.23182964,0.0168259405,stationary,eval,,stationary_jonswap_H0_270_L14_047_A30_00_P60_00,records/eval_stationary_jonswap_H0_270_L14_047_A30_00_P60_00_11-101-1009.csv
OU-III,JONSWAP,1.5,11-101-1009,5.03414059,0.0755121112,stationary,eval,,stationary_jonswap_H1_500_L50_710_A_30_00_P120_00,records/eval_stationary_jonswap_H1_500_L50_710_A_30_00_P120_00_11-101-1009.csv
OU-II,JONSWAP,1.5,11-101-1009,6.89126396,0.10336896,stationary,eval,,stationary_jonswap_H1_500_L50_710_A_30_00_P120_00,records/eval_stationary_jonswap_H1_500_L50_710_A_30_00_P120_00_11-101-1009.csv
TFG,JONSWAP,1.5,11-101-1009,5.05596018,0.0758394077,stationary,eval,,stationary_jonswap_H1_500_L50_710_A_30_00_P120_00,records/eval_stationary_jonswap_H1_500_L50_710_A_30_00_P120_00_11-101-1009.csv
PII,JONSWAP,1.5,11-101-1009,6.07560873,0.091134131,stationary,eval,,stationary_jonswap_H1_500_L50_710_A_30_00_P120_00,records/eval_stationary_jonswap_H1_500_L50_710_A_30_00_P120_00_11-101-1009.csv
TVG-NLO,JONSWAP,1.5,11-101-1009,7.23857164,0.108578578,stationary,eval,,stationary_jonswap_H1_500_L50_710_A_30_00_P120_00,records/eval_stationary_jonswap_H1_500_L50_710_A_30_00_P120_00_11-101-1009.csv
OU-III,JONSWAP,4,11-101-1009,4.41246128,0.176498443,stationary,eval,,stationary_jonswap_H4_000_L112_766_A30_00_P30_00,records/eval_stationary_jonswap_H4_000_L112_766_A30_00_P30_00_11-101-1009.csv
OU-II,JONSWAP,4,11-101-1009,6.63496113,0.265398443,stationary,eval,,stationary_jonswap_H4_000_L112_766_A30_00_P30_00,records/eval_stationary_jonswap_H4_000_L112_766_A30_00_P30_00_11-101-1009.csv
TFG,JONSWAP,4,11-101-1009,4.40619993,0.176247999,stationary,eval,,stationary_jonswap_H4_000_L112_766_A30_00_P30_00,records/eval_stationary_jonswap_H4_000_L112_766_A30_00_P30_00_11-101-1009.csv
PII,JONSWAP,4,11-101-1009,5.85416317,0.234166533,stationary,eval,,stationary_jonswap_H4_000_L112_766_A30_00_P30_00,records/eval_stationary_jonswap_H4_000_L112_766_A30_00_P30_00_11-101-1009.csv
TVG-NLO,JONSWAP,4,11-101-1009,7.28294325,0.291317731,stationary,eval,,stationary_jonswap_H4_000_L112_766_A30_00_P30_00,records/eval_stationary_jonswap_H4_000_L112_766_A30_00_P30_00_11-101-1009.csv
OU-III,JONSWAP,8.5,11-101-1009,3.97563434,0.337928921,stationary,eval,,stationary_jonswap_H8_500_L202_839_A_30_00_P72_00,records/eval_stationary_jonswap_H8_500_L202_839_A_30_00_P72_00_11-101-1009.csv
OU-II,JONSWAP,8.5,11-101-1009,6.41267157,0.545077085,stationary,eval,,stationary_jonswap_H8_500_L202_839_A_30_00_P72_00,records/eval_stationary_jonswap_H8_500_L202_839_A_30_00_P72_00_11-101-1009.csv
TFG,JONSWAP,8.5,11-101-1009,4.00385666,0.340327829,stationary,eval,,stationary_jonswap_H8_500_L202_839_A_30_00_P72_00,records/eval_stationary_jonswap_H8_500_L202_839_A_30_00_P72_00_11-101-1009.csv
PII,JONSWAP,8.5,11-101-1009,7.33883905,0.623801351,stationary,eval,,stationary_jonswap_H8_500_L202_839_A_30_00_P72_00,records/eval_stationary_jonswap_H8_500_L202_839_A_30_00_P72_00_11-101-1009.csv
TVG-NLO,JONSWAP,8.5,11-101-1009,7.52102327,0.639286995,stationary,eval,,stationary_jonswap_H8_500_L202_839_A_30_00_P72_00,records/eval_stationary_jonswap_H8_500_L202_839_A_30_00_P72_00_11-101-1009.csv
OU-III,PM-Stokes,0.270000011,11-101-1009,4.07381058,0.0109992893,stationary,eval,,stationary_pmstokes_H0_270_L14_047_A30_00_P60_00,records/eval_stationary_pmstokes_H0_270_L14_047_A30_00_P60_00_11-101-1009.csv
OU-II,PM-Stokes,0.270000011,11-101-1009,5.65635252,0.0152721526,stationary,eval,,stationary_pmstokes_H0_270_L14_047_A30_00_P60_00,records/eval_stationary_pmstokes_H0_270_L14_047_A30_00_P60_00_11-101-1009.csv
TFG,PM-Stokes,0.270000011,11-101-1009,4.21322155,0.0113756983,stationary,eval,,stationary_pmstokes_H0_270_L14_047_A30_00_P60_00,records/eval_stationary_pmstokes_H0_270_L14_047_A30_00_P60_00_11-101-1009.csv
PII,PM-Stokes,0.270000011,11-101-1009,3.70040345,0.00999108981,stationary,eval,,stationary_pmstokes_H0_270_L14_047_A30_00_P60_00,records/eval_stationary_pmstokes_H0_270_L14_047_A30_00_P60_00_11-101-1009.csv
TVG-NLO,PM-Stokes,0.270000011,11-101-1009,6.53710318,0.0176501796,stationary,eval,,stationary_pmstokes_H0_270_L14_047_A30_00_P60_00,records/eval_stationary_pmstokes_H0_270_L14_047_A30_00_P60_00_11-101-1009.csv
OU-III,PM-Stokes,1.5,11-101-1009,4.9197073,0.0737956092,stationary,eval,,stationary_pmstokes_H1_500_L50_710_A_30_00_P120_00,records/eval_stationary_pmstokes_H1_500_L50_710_A_30_00_P120_00_11-101-1009.csv
OU-II,PM-Stokes,1.5,11-101-1009,6.67544174,0.100131631,stationary,eval,,stationary_pmstokes_H1_500_L50_710_A_30_00_P120_00,records/eval_stationary_pmstokes_H1_500_L50_710_A_30_00_P120_00_11-101-1009.csv
TFG,PM-Stokes,1.5,11-101-1009,4.95541859,0.0743312836,stationary,eval,,stationary_pmstokes_H1_500_L50_710_A_30_00_P120_00,records/eval_stationary_pmstokes_H1_500_L50_710_A_30_00_P120_00_11-101-1009.csv
PII,PM-Stokes,1.5,11-101-1009,6.04262686,0.090639405,stationary,eval,,stationary_pmstokes_H1_500_L50_710_A_30_00_P120_00,records/eval_stationary_pmstokes_H1_500_L50_710_A_30_00_P120_00_11-101-1009.csv
TVG-NLO,PM-Stokes,1.5,11-101-1009,7.36063528,0.110409535,stationary,eval,,stationary_pmstokes_H1_500_L50_710_A_30_00_P120_00,records/eval_stationary_pmstokes_H1_500_L50_710_A_30_00_P120_00_11-101-1009.csv
OU-III,PM-Stokes,4,11-101-1009,4.17380714,0.166952282,stationary,eval,,stationary_pmstokes_H4_000_L112_766_A30_00_P30_00,records/eval_stationary_pmstokes_H4_000_L112_766_A30_00_P30_00_11-101-1009.csv
OU-II,PM-Stokes,4,11-101-1009,6.39769506,0.255907804,stationary,eval,,stationary_pmstokes_H4_000_L112_766_A30_00_P30_00,records/eval_stationary_pmstokes_H4_000_L112_766_A30_00_P30_00_11-101-1009.csv
TFG,PM-Stokes,4,11-101-1009,4.2053647,0.168214589,stationary,eval,,stationary_pmstokes_H4_000_L112_766_A30_00_P30_00,records/eval_stationary_pmstokes_H4_000_L112_766_A30_00_P30_00_11-101-1009.csv
PII,PM-Stokes,4,11-101-1009,5.73818064,0.22952722,stationary,eval,,stationary_pmstokes_H4_000_L112_766_A30_00_P30_00,records/eval_stationary_pmstokes_H4_000_L112_766_A30_00_P30_00_11-101-1009.csv
TVG-NLO,PM-Stokes,4,11-101-1009,7.19359684,0.287743866,stationary,eval,,stationary_pmstokes_H4_000_L112_766_A30_00_P30_00,records/eval_stationary_pmstokes_H4_000_L112_766_A30_00_P30_00_11-101-1009.csv
OU-III,PM-Stokes,8.5,11-101-1009,3.97022009,0.337468714,stationary,eval,,stationary_pmstokes_H8_500_L202_839_A_30_00_P72_00,records/eval_stationary_pmstokes_H8_500_L202_839_A_30_00_P72_00_11-101-1009.csv
OU-II,PM-Stokes,8.5,11-101-1009,6.31763077,0.53699863,stationary,eval,,stationary_pmstokes_H8_500_L202_839_A_30_00_P72_00,records/eval_stationary_pmstokes_H8_500_L202_839_A_30_00_P72_00_11-101-1009.csv
TFG,PM-Stokes,8.5,11-101-1009,3.99446964,0.339529932,stationary,eval,,stationary_pmstokes_H8_500_L202_839_A_30_00_P72_00,records/eval_stationary_pmstokes_H8_500_L202_839_A_30_00_P72_00_11-101-1009.csv
PII,PM-Stokes,8.5,11-101-1009,8.0726223,0.686172903,stationary,eval,,stationary_pmstokes_H8_500_L202_839_A_30_00_P72_00,records/eval_stationary_pmstokes_H8_500_L202_839_A_30_00_P72_00_11-101-1009.csv
TVG-NLO,PM-Stokes,8.5,11-101-1009,7.50720406,0.638112366,stationary,eval,,stationary_pmstokes_H8_500_L202_839_A_30_00_P72_00,records/eval_stationary_pmstokes_H8_500_L202_839_A_30_00_P72_00_11-101-1009.csv
OU-III,Crossfade,4,11-101-1009,4.81641388,0.192656562,crossfade,eval,,nonstationary_H1_5_to_H4_0_Tp5_7_to_11_4,records/eval_crossfade_11-101-1009.csv
OU-III,Crossfade,4,11-101-1009,1.92161179,0.0768644735,crossfade,eval,start,nonstationary_H1_5_to_H4_0_Tp5_7_to_11_4,records/eval_crossfade_11-101-1009.csv
OU-III,Crossfade,4,11-101-1009,6.1027422,0.24410969,crossfade,eval,blend,nonstationary_H1_5_to_H4_0_Tp5_7_to_11_4,records/eval_crossfade_11-101-1009.csv
OU-III,Crossfade,4,11-101-1009,6.19236612,0.247694641,crossfade,eval,recover,nonstationary_H1_5_to_H4_0_Tp5_7_to_11_4,records/eval_crossfade_11-101-1009.csv
OU-III,Crossfade,4,11-101-1009,5.0993824,0.203975305,crossfade,eval,end,nonstationary_H1_5_to_H4_0_Tp5_7_to_11_4,records/eval_crossfade_11-101-1009.csv
OU-II,Crossfade,4,11-101-1009,6.49085283,0.259634107,crossfade,eval,,nonstationary_H1_5_to_H4_0_Tp5_7_to_11_4,records/eval_crossfade_11-101-1009.csv
OU-II,Crossfade,4,11-101-1009,2.60924816,0.104369923,crossfade,eval,start,nonstationary_H1_5_to_H4_0_Tp5_7_to_11_4,records/eval_crossfade_11-101-1009.csv
OU-II,Crossfade,4,11-101-1009,6.88792038,0.275516808,crossfade,eval,blend,nonstationary_H1_5_to_H4_0_Tp5_7_to_11_4,records/eval_crossfade_11-101-1009.csv
OU-II,Crossfade,4,11-101-1009,8.80679607,0.352271825,crossfade,eval,recover,nonstationary_H1_5_to_H4_0_Tp5_7_to_11_4,records/eval_crossfade_11-101-1009.csv
OU-II,Crossfade,4,11-101-1009,7.11891556,0.284756631,crossfade,eval,end,nonstationary_H1_5_to_H4_0_Tp5_7_to_11_4,records/eval_crossfade_11-101-1009.csv
TFG,Crossfade,4,11-101-1009,4.79399824,0.191759929,crossfade,eval,,nonstationary_H1_5_to_H4_0_Tp5_7_to_11_4,records/eval_crossfade_11-101-1009.csv
TFG,Crossfade,4,11-101-1009,1.90573001,0.0762291998,crossfade,eval,start,nonstationary_H1_5_to_H4_0_Tp5_7_to_11_4,records/eval_crossfade_11-101-1009.csv
TFG,Crossfade,4,11-101-1009,5.95854473,0.238341793,crossfade,eval,blend,nonstationary_H1_5_to_H4_0_Tp5_7_to_11_4,records/eval_crossfade_11-101-1009.csv
TFG,Crossfade,4,11-101-1009,6.25203323,0.250081331,crossfade,eval,recover,nonstationary_H1_5_to_H4_0_Tp5_7_to_11_4,records/eval_crossfade_11-101-1009.csv
TFG,Crossfade,4,11-101-1009,5.08553267,0.20342131,crossfade,eval,end,nonstationary_H1_5_to_H4_0_Tp5_7_to_11_4,records/eval_crossfade_11-101-1009.csv
PII,Crossfade,4,11-101-1009,12.5849361,0.503397465,crossfade,eval,,nonstationary_H1_5_to_H4_0_Tp5_7_to_11_4,records/eval_crossfade_11-101-1009.csv
PII,Crossfade,4,11-101-1009,2.44146013,0.0976584032,crossfade,eval,start,nonstationary_H1_5_to_H4_0_Tp5_7_to_11_4,records/eval_crossfade_11-101-1009.csv
PII,Crossfade,4,11-101-1009,15.9882231,0.63952893,crossfade,eval,blend,nonstationary_H1_5_to_H4_0_Tp5_7_to_11_4,records/eval_crossfade_11-101-1009.csv
PII,Crossfade,4,11-101-1009,16.6581116,0.666324437,crossfade,eval,recover,nonstationary_H1_5_to_H4_0_Tp5_7_to_11_4,records/eval_crossfade_11-101-1009.csv
PII,Crossfade,4,11-101-1009,13.5525379,0.542101502,crossfade,eval,end,nonstationary_H1_5_to_H4_0_Tp5_7_to_11_4,records/eval_crossfade_11-101-1009.csv
TVG-NLO,Crossfade,4,11-101-1009,8.26300812,0.330520332,crossfade,eval,,nonstationary_H1_5_to_H4_0_Tp5_7_to_11_4,records/eval_crossfade_11-101-1009.csv
TVG-NLO,Crossfade,4,11-101-1009,2.61744523,0.104697809,crossfade,eval,start,nonstationary_H1_5_to_H4_0_Tp5_7_to_11_4,records/eval_crossfade_11-101-1009.csv
TVG-NLO,Crossfade,4,11-101-1009,11.2518616,0.450074464,crossfade,eval,blend,nonstationary_H1_5_to_H4_0_Tp5_7_to_11_4,records/eval_crossfade_11-101-1009.csv
TVG-NLO,Crossfade,4,11-101-1009,11.3711624,0.454846501,crossfade,eval,recover,nonstationary_H1_5_to_H4_0_Tp5_7_to_11_4,records/eval_crossfade_11-101-1009.csv
TVG-NLO,Crossfade,4,11-101-1009,8.32337666,0.332935065,crossfade,eval,end,nonstationary_H1_5_to_H4_0_Tp5_7_to_11_4,records/eval_crossfade_11-101-1009.csv
OU-III,LowHighLow,4,11-101-1009,4.35662985,0.174265191,lowhighlow,eval,,roundtrip_H1_5_H4_0_H1_5,records/eval_lowhighlow_11-101-1009.csv
OU-III,LowHighLow,4,11-101-1009,1.9344821,0.0773792863,lowhighlow,eval,low_start,roundtrip_H1_5_H4_0_H1_5,records/eval_lowhighlow_11-101-1009.csv
OU-III,LowHighLow,4,11-101-1009,4.36170006,0.174468011,lowhighlow,eval,rise,roundtrip_H1_5_H4_0_H1_5,records/eval_lowhighlow_11-101-1009.csv
OU-III,LowHighLow,4,11-101-1009,6.88432884,0.275373161,lowhighlow,eval,high_recover,roundtrip_H1_5_H4_0_H1_5,records/eval_lowhighlow_11-101-1009.csv
OU-III,LowHighLow,4,11-101-1009,6.3798666,0.255194664,lowhighlow,eval,high,roundtrip_H1_5_H4_0_H1_5,records/eval_lowhighlow_11-101-1009.csv
OU-III,LowHighLow,4,11-101-1009,3.44767189,0.137906879,lowhighlow,eval,fall,roundtrip_H1_5_H4_0_H1_5,records/eval_lowhighlow_11-101-1009.csv
OU-III,LowHighLow,4,11-101-1009,1.75388122,0.070155248,lowhighlow,eval,low_recover,roundtrip_H1_5_H4_0_H1_5,records/eval_lowhighlow_11-101-1009.csv
OU-III,LowHighLow,4,11-101-1009,1.64131916,0.0656527653,lowhighlow,eval,low_return,roundtrip_H1_5_H4_0_H1_5,records/eval_lowhighlow_11-101-1009.csv
OU-II,LowHighLow,4,11-101-1009,5.90814924,0.236325964,lowhighlow,eval,,roundtrip_H1_5_H4_0_H1_5,records/eval_lowhighlow_11-101-1009.csv
OU-II,LowHighLow,4,11-101-1009,2.52031565,0.100812621,lowhighlow,eval,low_start,roundtrip_H1_5_H4_0_H1_5,records/eval_lowhighlow_11-101-1009.csv
OU-II,LowHighLow,4,11-101-1009,4.1621933,0.166487738,lowhighlow,eval,rise,roundtrip_H1_5_H4_0_H1_5,records/eval_lowhighlow_11-101-1009.csv
OU-II,LowHighLow,4,11-101-1009,9.6736536,0.386946142,lowhighlow,eval,high_recover,roundtrip_H1_5_H4_0_H1_5,records/eval_lowhighlow_11-101-1009.csv
OU-II,LowHighLow,4,11-101-1009,9.23164654,0.369265854,lowhighlow,eval,high,roundtrip_H1_5_H4_0_H1_5,records/eval_lowhighlow_11-101-1009.csv
OU-II,LowHighLow,4,11-101-1009,4.62723732,0.185089484,lowhighlow,eval,fall,roundtrip_H1_5_H4_0_H1_5,records/eval_lowhighlow_11-101-1009.csv
OU-II,LowHighLow,4,11-101-1009,2.29255891,0.0917023569,lowhighlow,eval,low_recover,roundtrip_H1_5_H4_0_H1_5,records/eval_lowhighlow_11-101-1009.csv
OU-II,LowHighLow,4,11-101-1009,2.00082159,0.0800328627,lowhighlow,eval,low_return,roundtrip_H1_5_H4_0_H1_5,records/eval_lowhighlow_11-101-1009.csv
TFG,LowHighLow,4,11-101-1009,4.3415041,0.173660159,lowhighlow,eval,,roundtrip_H1_5_H4_0_H1_5,records/eval_lowhighlow_11-101-1009.csv
TFG,LowHighLow,4,11-101-1009,1.92501998,0.0770007968,lowhighlow,eval,low_start,roundtrip_H1_5_H4_0_H1_5,records/eval_lowhighlow_11-101-1009.csv
TFG,LowHighLow,4,11-101-1009,4.10034084,0.164013639,lowhighlow,eval,rise,roundtrip_H1_5_H4_0_H1_5,records/eval_lowhighlow_11-101-1009.csv
TFG,LowHighLow,4,11-101-1009,6.84852314,0.273940921,lowhighlow,eval,high_recover,roundtrip_H1_5_H4_0_H1_5,records/eval_lowhighlow_11-101-1009.csv
TFG,LowHighLow,4,11-101-1009,6.49347019,0.259738803,lowhighlow,eval,high,roundtrip_H1_5_H4_0_H1_5,records/eval_lowhighlow_11-101-1009.csv
TFG,LowHighLow,4,11-101-1009,3.43617654,0.137447059,lowhighlow,eval,fall,roundtrip_H1_5_H4_0_H1_5,records/eval_lowhighlow_11-101-1009.csv
TFG,LowHighLow,4,11-101-1009,1.72560918,0.0690243691,lowhighlow,eval,low_recover,roundtrip_H1_5_H4_0_H1_5,records/eval_lowhighlow_11-101-1009.csv
TFG,LowHighLow,4,11-101-1009,1.63641667,0.0654566661,lowhighlow,eval,low_return,roundtrip_H1_5_H4_0_H1_5,records/eval_lowhighlow_11-101-1009.csv
PII,LowHighLow,4,11-101-1009,11.3342609,0.453370452,lowhighlow,eval,,roundtrip_H1_5_H4_0_H1_5,records/eval_lowhighlow_11-101-1009.csv
PII,LowHighLow,4,11-101-1009,2.20465612,0.0881862491,lowhighlow,eval,low_start,roundtrip_H1_5_H4_0_H1_5,records/eval_lowhighlow_11-101-1009.csv
PII,LowHighLow,4,11-101-1009,6.62291718,0.264916688,lowhighlow,eval,rise,roundtrip_H1_5_H4_0_H1_5,records/eval_lowhighlow_11-101-1009.csv
PII,LowHighLow,4,11-101-1009,23.4675179,0.938700676,lowhighlow,eval,high_recover,roundtrip_H1_5_H4_0_H1_5,records/eval_lowhighlow_11-101-1009.csv
PII,LowHighLow,4,11-101-1009,15.0854855,0.603419423,lowhighlow,eval,high,roundtrip_H1_5_H4_0_H1_5,records/eval_lowhighlow_11-101-1009.csv
PII,LowHighLow,4,11-101-1009,7.13734722,0.285493881,lowhighlow,eval,fall,roundtrip_H1_5_H4_0_H1_5,records/eval_lowhighlow_11-101-1009.csv
PII,LowHighLow,4,11-101-1009,2.43815064,0.0975260213,lowhighlow,eval,low_recover,roundtrip_H1_5_H4_0_H1_5,records/eval_lowhighlow_11-101-1009.csv
PII,LowHighLow,4,11-101-1009,1.89618111,0.0758472458,lowhighlow,eval,low_return,roundtrip_H1_5_H4_0_H1_5,records/eval_lowhighlow_11-101-1009.csv
TVG-NLO,LowHighLow,4,11-101-1009,7.29124928,0.291649967,lowhighlow,eval,,roundtrip_H1_5_H4_0_H1_5,records/eval_lowhighlow_11-101-1009.csv
TVG-NLO,LowHighLow,4,11-101-1009,2.34529829,0.0938119292,lowhighlow,eval,low_start,roundtrip_H1_5_H4_0_H1_5,records/eval_lowhighlow_11-101-1009.csv
TVG-NLO,LowHighLow,4,11-101-1009,5.3090477,0.212361902,lowhighlow,eval,rise,roundtrip_H1_5_H4_0_H1_5,records/eval_lowhighlow_11-101-1009.csv
TVG-NLO,LowHighLow,4,11-101-1009,13.2395859,0.529583454,lowhighlow,eval,high_recover,roundtrip_H1_5_H4_0_H1_5,records/eval_lowhighlow_11-101-1009.csv
TVG-NLO,LowHighLow,4,11-101-1009,9.9284668,0.397138655,lowhighlow,eval,high,roundtrip_H1_5_H4_0_H1_5,records/eval_lowhighlow_11-101-1009.csv
TVG-NLO,LowHighLow,4,11-101-1009,5.985816,0.239432648,lowhighlow,eval,fall,roundtrip_H1_5_H4_0_H1_5,records/eval_lowhighlow_11-101-1009.csv
TVG-NLO,LowHighLow,4,11-101-1009,4.23135757,0.169254303,lowhighlow,eval,low_recover,roundtrip_H1_5_H4_0_H1_5,records/eval_lowhighlow_11-101-1009.csv
TVG-NLO,LowHighLow,4,11-101-1009,2.03606892,0.0814427584,lowhighlow,eval,low_return,roundtrip_H1_5_H4_0_H1_5,records/eval_lowhighlow_11-101-1009.csv
OU-III,JONSWAP,0.0500000007,11-101-1009,17.5172291,0.00875861477,low_motion,eval,,low_motion_H0_050,records/eval_lowmotion_11-101-1009.csv
OU-II,JONSWAP,0.0500000007,11-101-1009,18.8227234,0.009411362,low_motion,eval,,low_motion_H0_050,records/eval_lowmotion_11-101-1009.csv
TFG,JONSWAP,0.0500000007,11-101-1009,19.8590584,0.00992952939,low_motion,eval,,low_motion_H0_050,records/eval_lowmotion_11-101-1009.csv
PII,JONSWAP,0.0500000007,11-101-1009,12.7068005,0.00635340018,low_motion,eval,,low_motion_H0_050,records/eval_lowmotion_11-101-1009.csv
TVG-NLO,JONSWAP,0.0500000007,11-101-1009,482.910675,0.241455331,low_motion,eval,,low_motion_H0_050,records/eval_lowmotion_11-101-1009.csv
OU-III,Crossfade,4,11-101-1009,5.27360487,0.210944191,ramp,eval,,rapid_H1_5_to_H4_0,records/eval_ramp_11-101-1009.csv
OU-III,Crossfade,4,11-101-1009,1.86847246,0.0747388974,ramp,eval,start,rapid_H1_5_to_H4_0,records/eval_ramp_11-101-1009.csv
OU-III,Crossfade,4,11-101-1009,12.5500383,0.502001524,ramp,eval,blend,rapid_H1_5_to_H4_0,records/eval_ramp_11-101-1009.csv
OU-III,Crossfade,4,11-101-1009,10.1493473,0.405973881,ramp,eval,recover,rapid_H1_5_to_H4_0,records/eval_ramp_11-101-1009.csv
OU-III,Crossfade,4,11-101-1009,5.40600348,0.216240138,ramp,eval,end,rapid_H1_5_to_H4_0,records/eval_ramp_11-101-1009.csv
OU-II,Crossfade,4,11-101-1009,6.61825895,0.264730364,ramp,eval,,rapid_H1_5_to_H4_0,records/eval_ramp_11-101-1009.csv
OU-II,Crossfade,4,11-101-1009,2.48127651,0.0992510617,ramp,eval,start,rapid_H1_5_to_H4_0,records/eval_ramp_11-101-1009.csv
OU-II,Crossfade,4,11-101-1009,8.99615383,0.359846145,ramp,eval,blend,rapid_H1_5_to_H4_0,records/eval_ramp_11-101-1009.csv
OU-II,Crossfade,4,11-101-1009,10.2426481,0.409705937,ramp,eval,recover,rapid_H1_5_to_H4_0,records/eval_ramp_11-101-1009.csv
OU-II,Crossfade,4,11-101-1009,7.60425568,0.304170221,ramp,eval,end,rapid_H1_5_to_H4_0,records/eval_ramp_11-101-1009.csv
TFG,Crossfade,4,11-101-1009,5.33816051,0.213526428,ramp,eval,,rapid_H1_5_to_H4_0,records/eval_ramp_11-101-1009.csv
TFG,Crossfade,4,11-101-1009,1.85833704,0.0743334815,ramp,eval,start,rapid_H1_5_to_H4_0,records/eval_ramp_11-101-1009.csv
TFG,Crossfade,4,11-101-1009,12.6097012,0.504388034,ramp,eval,blend,rapid_H1_5_to_H4_0,records/eval_ramp_11-101-1009.csv
TFG,Crossfade,4,11-101-1009,11.0513678,0.442054719,ramp,eval,recover,rapid_H1_5_to_H4_0,records/eval_ramp_11-101-1009.csv
TFG,Crossfade,4,11-101-1009,5.40735817,0.216294333,ramp,eval,end,rapid_H1_5_to_H4_0,records/eval_ramp_11-101-1009.csv
PII,Crossfade,4,11-101-1009,12.8612518,0.514450073,ramp,eval,,rapid_H1_5_to_H4_0,records/eval_ramp_11-101-1009.csv
PII,Crossfade,4,11-101-1009,2.35622835,0.0942491293,ramp,eval,start,rapid_H1_5_to_H4_0,records/eval_ramp_11-101-1009.csv
PII,Crossfade,4,11-101-1009,22.4043999,0.896175981,ramp,eval,blend,rapid_H1_5_to_H4_0,records/eval_ramp_11-101-1009.csv
PII,Crossfade,4,11-101-1009,21.2531548,0.850126207,ramp,eval,recover,rapid_H1_5_to_H4_0,records/eval_ramp_11-101-1009.csv
PII,Crossfade,4,11-101-1009,14.6231604,0.584926426,ramp,eval,end,rapid_H1_5_to_H4_0,records/eval_ramp_11-101-1009.csv
TVG-NLO,Crossfade,4,11-101-1009,8.58539391,0.343415737,ramp,eval,,rapid_H1_5_to_H4_0,records/eval_ramp_11-101-1009.csv
TVG-NLO,Crossfade,4,11-101-1009,2.48332739,0.0993331,ramp,eval,start,rapid_H1_5_to_H4_0,records/eval_ramp_11-101-1009.csv
TVG-NLO,Crossfade,4,11-101-1009,14.9937229,0.599748909,ramp,eval,blend,rapid_H1_5_to_H4_0,records/eval_ramp_11-101-1009.csv
TVG-NLO,Crossfade,4,11-101-1009,16.1579685,0.646318734,ramp,eval,recover,rapid_H1_5_to_H4_0,records/eval_ramp_11-101-1009.csv
TVG-NLO,Crossfade,4,11-101-1009,9.49198914,0.379679561,ramp,eval,end,rapid_H1_5_to_H4_0,records/eval_ramp_11-101-1009.csv
OU-III,JONSWAP,0.270000011,29-211-1103,4.17685318,0.0112775043,stationary,eval,,stationary_jonswap_H0_270_L14_047_A30_00_P60_00,records/eval_stationary_jonswap_H0_270_L14_047_A30_00_P60_00_29-211-1103.csv
OU-II,JONSWAP,0.270000011,29-211-1103,5.97208881,0.0161246397,stationary,eval,,stationary_jonswap_H0_270_L14_047_A30_00_P60_00,records/eval_stationary_jonswap_H0_270_L14_047_A30_00_P60_00_29-211-1103.csv
TFG,JONSWAP,0.270000011,29-211-1103,4.33848333,0.0117139053,stationary,eval,,stationary_jonswap_H0_270_L14_047_A30_00_P60_00,records/eval_stationary_jonswap_H0_270_L14_047_A30_00_P60_00_29-211-1103.csv
PII,JONSWAP,0.270000011,29-211-1103,3.60555172,0.00973499008,stationary,eval,,stationary_jonswap_H0_270_L14_047_A30_00_P60_00,records/eval_stationary_jonswap_H0_270_L14_047_A30_00_P60_00_29-211-1103.csv
TVG-NLO,JONSWAP,0.270000011,29-211-1103,6.68018055,0.0180364884,stationary,eval,,stationary_jonswap_H0_270_L14_047_A30_00_P60_00,records/eval_stationary_jonswap_H0_270_L14_047_A30_00_P60_00_29-211-1103.csv
OU-III,JONSWAP,1.5,29-211-1103,4.93808746,0.0740713179,stationary,eval,,stationary_jonswap_H1_500_L50_710_A_30_00_P120_00,records/eval_stationary_jonswap_H1_500_L50_710_A_30_00_P120_00_29-211-1103.csv
OU-II,JONSWAP,1.5,29-211-1103,6.58864832,0.0988297313,stationary,eval,,stationary_jonswap_H1_500_L50_710_A_30_00_P120_00,records/eval_stationary_jonswap_H1_500_L50_710_A_30_00_P120_00_29-211-1103.csv
TFG,JONSWAP,1.5,29-211-1103,4.93784142,0.0740676224,stationary,eval,,stationary_jonswap_H1_500_L50_710_A_30_00_P120_00,records/eval_stationary_jonswap_H1_500_L50_710_A_30_00_P120_00_29-211-1103.csv
PII,JONSWAP,1.5,29-211-1103,6.17515135,0.092627272,stationary,eval,,stationary_jonswap_H1_500_L50_710_A_30_00_P120_00,records/eval_stationary_jonswap_H1_500_L50_710_A_30_00_P120_00_29-211-1103.csv
TVG-NLO,JONSWAP,1.5,29-211-1103,6.91129732,0.103669465,stationary,eval,,stationary_jonswap_H1_500_L50_710_A_30_00_P120_00,records/eval_stationary_jonswap_H1_500_L50_710_A_30_00_P120_00_29-211-1103.csv
OU-III,JONSWAP,4,29-211-1103,4.16641331,0.166656524,stationary,eval,,stationary_jonswap_H4_000_L112_766_A30_00_P30_00,records/eval_stationary_jonswap_H4_000_L112_766_A30_00_P30_00_29-211-1103.csv
OU-II,JONSWAP,4,29-211-1103,6.19514513,0.247805804,stationary,eval,,stationary_jonswap_H4_000_L112_766_A30_00_P30_00,records/eval_stationary_jonswap_H4_000_L112_766_A30_00_P30_00_29-211-1103.csv
TFG,JONSWAP,4,29-211-1103,4.19121218,0.167648479,stationary,eval,,stationary_jonswap_H4_000_L112_766_A30_00_P30_00,records/eval_stationary_jonswap_H4_000_L112_766_A30_00_P30_00_29-211-1103.csv
PII,JONSWAP,4,29-211-1103,5.87857103,0.235142842,stationary,eval,,stationary_jonswap_H4_000_L112_766_A30_00_P30_00,records/eval_stationary_jonswap_H4_000_L112_766_A30_00_P30_00_29-211-1103.csv
TVG-NLO,JONSWAP,4,29-211-1103,6.6200695,0.264802784,stationary,eval,,stationary_jonswap_H4_000_L112_766_A30_00_P30_00,records/eval_stationary_jonswap_H4_000_L112_766_A30_00_P30_00_29-211-1103.csv
OU-III,JONSWAP,8.5,29-211-1103,3.96877623,0.337345988,stationary,eval,,stationary_jonswap_H8_500_L202_839_A_30_00_P72_00,records/eval_stationary_jonswap_H8_500_L202_839_A_30_00_P72_00_29-211-1103.csv
OU-II,JONSWAP,8.5,29-211-1103,6.30147076,0.535625041,stationary,eval,,stationary_jonswap_H8_500_L202_839_A_30_00_P72_00,records/eval_stationary_jonswap_H8_500_L202_839_A_30_00_P72_00_29-211-1103.csv
TFG,JONSWAP,8.5,29-211-1103,3.96334624,0.336884439,stationary,eval,,stationary_jonswap_H8_500_L202_839_A_30_00_P72_00,records/eval_stationary_jonswap_H8_500_L202_839_A_30_00_P72_00_29-211-1103.csv
PII,JONSWAP,8.5,29-211-1103,8.33157349,0.708183765,stationary,eval,,stationary_jonswap_H8_500_L202_839_A_30_00_P72_00,records/eval_stationary_jonswap_H8_500_L202_839_A_30_00_P72_00_29-211-1103.csv
TVG-NLO,JONSWAP,8.5,29-211-1103,8.56445122,0.727978349,stationary,eval,,stationary_jonswap_H8_500_L202_839_A_30_00_P72_00,records/eval_stationary_jonswap_H8_500_L202_839_A_30_00_P72_00_29-211-1103.csv
OU-III,PM-Stokes,0.270000011,29-211-1103,4.19609118,0.0113294469,stationary,eval,,stationary_pmstokes_H0_270_L14_047_A30_00_P60_00,records/eval_stationary_pmstokes_H0_270_L14_047_A30_00_P60_00_29-211-1103.csv
OU-II,PM-Stokes,0.270000011,29-211-1103,5.81982994,0.0157135408,stationary,eval,,stationary_pmstokes_H0_270_L14_047_A30_00_P60_00,records/eval_stationary_pmstokes_H0_270_L14_047_A30_00_P60_00_29-211-1103.csv
TFG,PM-Stokes,0.270000011,29-211-1103,4.34584236,0.011733775,stationary,eval,,stationary_pmstokes_H0_270_L14_047_A30_00_P60_00,records/eval_stationary_pmstokes_H0_270_L14_047_A30_00_P60_00_29-211-1103.csv
PII,PM-Stokes,0.270000011,29-211-1103,3.75992894,0.0101518082,stationary,eval,,stationary_pmstokes_H0_270_L14_047_A30_00_P60_00,records/eval_stationary_pmstokes_H0_270_L14_047_A30_00_P60_00_29-211-1103.csv
TVG-NLO,PM-Stokes,0.270000011,29-211-1103,6.75022984,0.0182256214,stationary,eval,,stationary_pmstokes_H0_270_L14_047_A30_00_P60_00,records/eval_stationary_pmstokes_H0_270_L14_047_A30_00_P60_00_29-211-1103.csv
OU-III,PM-Stokes,1.5,29-211-1103,4.84240103,0.0726360157,stationary,eval,,stationary_pmstokes_H1_500_L50_710_A_30_00_P120_00,records/eval_stationary_pmstokes_H1_500_L50_710_A_30_00_P120_00_29-211-1103.csv
OU-II,PM-Stokes,1.5,29-211-1103,6.46951103,0.0970426723,stationary,eval,,stationary_pmstokes_H1_500_L50_710_A_30_00_P120_00,records/eval_stationary_pmstokes_H1_500_L50_710_A_30_00_P120_00_29-211-1103.csv
TFG,PM-Stokes,1.5,29-211-1103,4.84924984,0.0727387518,stationary,eval,,stationary_pmstokes_H1_500_L50_710_A_30_00_P120_00,records/eval_stationary_pmstokes_H1_500_L50_710_A_30_00_P120_00_29-211-1103.csv
PII,PM-Stokes,1.5,29-211-1103,6.1088562,0.091632843,stationary,eval,,stationary_pmstokes_H1_500_L50_710_A_30_00_P120_00,records/eval_stationary_pmstokes_H1_500_L50_710_A_30_00_P120_00_29-211-1103.csv
TVG-NLO,PM-Stokes,1.5,29-211-1103,7.02555418,0.105383314,stationary,eval,,stationary_pmstokes_H1_500_L50_710_A_30_00_P120_00,records/eval_stationary_pmstokes_H1_500_L50_710_A_30_00_P120_00_29-211-1103.csv
OU-III,PM-Stokes,4,29-211-1103,4.01783323,0.16071333,stationary,eval,,stationary_pmstokes_H4_000_L112_766_A30_00_P30_00,records/eval_stationary_pmstokes_H4_000_L112_766_A30_00_P30_00_29-211-1103.csv
OU-II,PM-Stokes,4,29-211-1103,6.14409208,0.245763689,stationary,eval,,stationary_pmstokes_H4_000_L112_766_A30_00_P30_00,records/eval_stationary_pmstokes_H4_000_L112_766_A30_00_P30_00_29-211-1103.csv
TFG,PM-Stokes,4,29-211-1103,4.05588961,0.162235588,stationary,eval,,stationary_pmstokes_H4_000_L112_766_A30_00_P30_00,records/eval_stationary_pmstokes_H4_000_L112_766_A30_00_P30_00_29-211-1103.csv
PII,PM-Stokes,4,29-211-1103,5.8728385,0.234913543,stationary,eval,,stationary_pmstokes_H4_000_L112_766_A30_00_P30_00,records/eval_stationary_pmstokes_H4_000_L112_766_A30_00_P30_00_29-211-1103.csv
TVG-NLO,PM-Stokes,4,29-211-1103,6.93817377,0.277526945,stationary,eval,,stationary_pmstokes_H4_000_L112_766_A30_00_P30_00,records/eval_stationary_pmstokes_H4_000_L112_766_A30_00_P30_00_29-211-1103.csv
OU-III,PM-Stokes,8.5,29-211-1103,3.90575552,0.331989229,stationary,eval,,stationary_pmstokes_H8_500_L202_839_A_30_00_P72_00,records/eval_stationary_pmstokes_H8_500_L202_839_A_30_00_P72_00_29-211-1103.csv
OU-II,PM-Stokes,8.5,29-211-1103,6.10440683,0.518874586,stationary,eval,,stationary_pmstokes_H8_500_L202_839_A_30_00_P72_00,records/eval_stationary_pmstokes_H8_500_L202_839_A_30_00_P72_00_29-211-1103.csv
TFG,PM-Stokes,8.5,29-211-1103,3.90645671,0.332048833,stationary,eval,,stationary_pmstokes_H8_500_L202_839_A_30_00_P72_00,records/eval_stationary_pmstokes_H8_500_L202_839_A_30_00_P72_00_29-211-1103.csv
PII,PM-Stokes,8.5,29-211-1103,8.48803711,0.721483171,stationary,eval,,stationary_pmstokes_H8_500_L202_839_A_30_00_P72_00,records/eval_stationary_pmstokes_H8_500_L202_839_A_30_00_P72_00_29-211-1103.csv
TVG-NLO,PM-Stokes,8.5,29-211-1103,8.27406788,0.703295767,stationary,eval,,stationary_pmstokes_H8_500_L202_839_A_30_00_P72_00,records/eval_stationary_pmstokes_H8_500_L202_839_A_30_00_P72_00_29-211-1103.csv
OU-III,Crossfade,4,29-211-1103,4.68631744,0.187452689,crossfade,eval,,nonstationary_H1_5_to_H4_0_Tp5_7_to_11_4,records/eval_crossfade_29-211-1103.csv
OU-III,Crossfade,4,29-211-1103,2.18878627,0.0875514522,crossfade,eval,start,nonstationary_H1_5_to_H4_0_Tp5_7_to_11_4,records/eval_crossfade_29-211-1103.csv
OU-III,Crossfade,4,29-211-1103,4.04389,0.161755607,crossfade,eval,blend,nonstationary_H1_5_to_H4_0_Tp5_7_to_11_4,records/eval_crossfade_29-211-1103.csv
OU-III,Crossfade,4,29-211-1103,6.81749344,0.272699744,crossfade,eval,recover,nonstationary_H1_5_to_H4_0_Tp5_7_to_11_4,records/eval_crossfade_29-211-1103.csv
OU-III,Crossfade,4,29-211-1103,5.13533783,0.20541352,crossfade,eval,end,nonstationary_H1_5_to_H4_0_Tp5_7_to_11_4,records/eval_crossfade_29-211-1103.csv
OU-II,Crossfade,4,29-211-1103,6.27310658,0.250924259,crossfade,eval,,nonstationary_H1_5_to_H4_0_Tp5_7_to_11_4,records/eval_crossfade_29-211-1103.csv
OU-II,Crossfade,4,29-211-1103,2.68181157,0.107272461,crossfade,eval,start,nonstationary_H1_5_to_H4_0_Tp5_7_to_11_4,records/eval_crossfade_29-211-1103.csv
OU-II,Crossfade,4,29-211-1103,4.601542,0.184061676,crossfade,eval,blend,nonstationary_H1_5_to_H4_0_Tp5_7_to_11_4,records/eval_crossfade_29-211-1103.csv
OU-II,Crossfade,4,29-211-1103,9.90616798,0.396246731,crossfade,eval,recover,nonstationary_H1_5_to_H4_0_Tp5_7_to_11_4,records/eval_crossfade_29-211-1103.csv
OU-II,Crossfade,4,29-211-1103,6.79186869,0.271674752,crossfade,eval,end,nonstationary_H1_5_to_H4_0_Tp5_7_to_11_4,records/eval_crossfade_29-211-1103.csv
TFG,Crossfade,4,29-211-1103,4.64582729,0.185833097,crossfade,eval,,nonstationary_H1_5_to_H4_0_Tp5_7_to_11_4,records/eval_crossfade_29-211-1103.csv
TFG,Crossfade,4,29-211-1103,2.18477821,0.0873911306,crossfade,eval,start,nonstationary_H1_5_to_H4_0_Tp5_7_to_11_4,records/eval_crossfade_29-211-1103.csv
TFG,Crossfade,4,29-211-1103,3.97291923,0.158916771,crossfade,eval,blend,nonstationary_H1_5_to_H4_0_Tp5_7_to_11_4,records/eval_crossfade_29-211-1103.csv
TFG,Crossfade,4,29-211-1103,7.00038433,0.280015379,crossfade,eval,recover,nonstationary_H1_5_to_H4_0_Tp5_7_to_11_4,records/eval_crossfade_29-211-1103.csv
TFG,Crossfade,4,29-211-1103,5.00134182,0.200053677,crossfade,eval,end,nonstationary_H1_5_to_H4_0_Tp5_7_to_11_4,records/eval_crossfade_29-211-1103.csv
PII,Crossfade,4,29-211-1103,13.1551828,0.526207328,crossfade,eval,,nonstationary_H1_5_to_H4_0_Tp5_7_to_11_4,records/eval_crossfade_29-211-1103.csv
PII,Crossfade,4,29-211-1103,2.51682591,0.100673035,crossfade,eval,start,nonstationary_H1_5_to_H4_0_Tp5_7_to_11_4,records/eval_crossfade_29-211-1103.csv
PII,Crossfade,4,29-211-1103,8.70191956,0.348076791,crossfade,eval,blend,nonstationary_H1_5_to_H4_0_Tp5_7_to_11_4,records/eval_crossfade_29-211-1103.csv
PII,Crossfade,4,29-211-1103,22.4344425,0.897377729,crossfade,eval,recover,nonstationary_H1_5_to_H4_0_Tp5_7_to_11_4,records/eval_crossfade_29-211-1103.csv
PII,Crossfade,4,29-211-1103,14.2053127,0.568212509,crossfade,eval,end,nonstationary_H1_5_to_H4_0_Tp5_7_to_11_4,records/eval_crossfade_29-211-1103.csv
TVG-NLO,Crossfade,4,29-211-1103,7.84725904,0.313890368,crossfade,eval,,nonstationary_H1_5_to_H4_0_Tp5_7_to_11_4,records/eval_crossfade_29-211-1103.csv
TVG-NLO,Crossfade,4,29-211-1103,2.78837729,0.111535087,crossfade,eval,start,nonstationary_H1_5_to_H4_0_Tp5_7_to_11_4,records/eval_crossfade_29-211-1103.csv
TVG-NLO,Crossfade,4,29-211-1103,7.19414425,0.287765771,crossfade,eval,blend,nonstationary_H1_5_to_H4_0_Tp5_7_to_11_4,records/eval_crossfade_29-211-1103.csv
TVG-NLO,Crossfade,4,29-211-1103,14.2576609,0.57030642,crossfade,eval,recover,nonstationary_H1_5_to_H4_0_Tp5_7_to_11_4,records/eval_crossfade_29-211-1103.csv
TVG-NLO,Crossfade,4,29-211-1103,7.39238501,0.295695394,crossfade,eval,end,nonstationary_H1_5_to_H4_0_Tp5_7_to_11_4,records/eval_crossfade_29-211-1103.csv
OU-III,LowHighLow,4,29-211-1103,3.99500728,0.159800291,lowhighlow,eval,,roundtrip_H1_5_H4_0_H1_5,records/eval_lowhighlow_29-211-1103.csv
OU-III,LowHighLow,4,29-211-1103,1.60750651,0.0643002614,lowhighlow,eval,low_start,roundtrip_H1_5_H4_0_H1_5,records/eval_lowhighlow_29-211-1103.csv
OU-III,LowHighLow,4,29-211-1103,4.55008221,0.182003289,lowhighlow,eval,rise,roundtrip_H1_5_H4_0_H1_5,records/eval_lowhighlow_29-211-1103.csv
OU-III,LowHighLow,4,29-211-1103,4.7056756,0.188227028,lowhighlow,eval,high_recover,roundtrip_H1_5_H4_0_H1_5,records/eval_lowhighlow_29-211-1103.csv
OU-III,LowHighLow,4,29-211-1103,6.44133663,0.257653475,lowhighlow,eval,high,roundtrip_H1_5_H4_0_H1_5,records/eval_lowhighlow_29-211-1103.csv
OU-III,LowHighLow,4,29-211-1103,2.96146488,0.118458591,lowhighlow,eval,fall,roundtrip_H1_5_H4_0_H1_5,records/eval_lowhighlow_29-211-1103.csv
OU-III,LowHighLow,4,29-211-1103,1.77732801,0.0710931197,lowhighlow,eval,low_recover,roundtrip_H1_5_H4_0_H1_5,records/eval_lowhighlow_29-211-1103.csv
OU-III,LowHighLow,4,29-211-1103,2.36622715,0.0946490839,lowhighlow,eval,low_return,roundtrip_H1_5_H4_0_H1_5,records/eval_lowhighlow_29-211-1103.csv
OU-II,LowHighLow,4,29-211-1103,5.38865232,0.215546086,lowhighlow,eval,,roundtrip_H1_5_H4_0_H1_5,records/eval_lowhighlow_29-211-1103.csv
OU-II,LowHighLow,4,29-211-1103,2.52309275,0.10092371,lowhighlow,eval,low_start,roundtrip_H1_5_H4_0_H1_5,records/eval_lowhighlow_29-211-1103.csv
OU-II,LowHighLow,4,29-211-1103,4.897686,0.195907444,lowhighlow,eval,rise,roundtrip_H1_5_H4_0_H1_5,records/eval_lowhighlow_29-211-1103.csv
OU-II,LowHighLow,4,29-211-1103,6.50954247,0.260381699,lowhighlow,eval,high_recover,roundtrip_H1_5_H4_0_H1_5,records/eval_lowhighlow_29-211-1103.csv
OU-II,LowHighLow,4,29-211-1103,9.3443346,0.373773366,lowhighlow,eval,high,roundtrip_H1_5_H4_0_H1_5,records/eval_lowhighlow_29-211-1103.csv
OU-II,LowHighLow,4,29-211-1103,3.55897021,0.14235881,lowhighlow,eval,fall,roundtrip_H1_5_H4_0_H1_5,records/eval_lowhighlow_29-211-1103.csv
OU-II,LowHighLow,4,29-211-1103,2.70336175,0.108134471,lowhighlow,eval,low_recover,roundtrip_H1_5_H4_0_H1_5,records/eval_lowhighlow_29-211-1103.csv
OU-II,LowHighLow,4,29-211-1103,2.70093465,0.108037382,lowhighlow,eval,low_return,roundtrip_H1_5_H4_0_H1_5,records/eval_lowhighlow_29-211-1103.csv
TFG,LowHighLow,4,29-211-1103,4.00881052,0.160352424,lowhighlow,eval,,roundtrip_H1_5_H4_0_H1_5,records/eval_lowhighlow_29-211-1103.csv
TFG,LowHighLow,4,29-211-1103,1.67827368,0.0671309456,lowhighlow,eval,low_start,roundtrip_H1_5_H4_0_H1_5,records/eval_lowhighlow_29-211-1103.csv
TFG,LowHighLow,4,29-211-1103,4.41827536,0.176731005,lowhighlow,eval,rise,roundtrip_H1_5_H4_0_H1_5,records/eval_lowhighlow_29-211-1103.csv
TFG,LowHighLow,4,29-211-1103,4.76998949,0.190799579,lowhighlow,eval,high_recover,roundtrip_H1_5_H4_0_H1_5,records/eval_lowhighlow_29-211-1103.csv
TFG,LowHighLow,4,29-211-1103,6.54671049,0.261868417,lowhighlow,eval,high,roundtrip_H1_5_H4_0_H1_5,records/eval_lowhighlow_29-211-1103.csv
TFG,LowHighLow,4,29-211-1103,2.89655876,0.115862347,lowhighlow,eval,fall,roundtrip_H1_5_H4_0_H1_5,records/eval_lowhighlow_29-211-1103.csv
TFG,LowHighLow,4,29-211-1103,1.81382859,0.0725531429,lowhighlow,eval,low_recover,roundtrip_H1_5_H4_0_H1_5,records/eval_lowhighlow_29-211-1103.csv
TFG,LowHighLow,4,29-211-1103,2.30630255,0.092252098,lowhighlow,eval,low_return,roundtrip_H1_5_H4_0_H1_5,records/eval_lowhighlow_29-211-1103.csv
PII,LowHighLow,4,29-211-1103,11.0120344,0.440481395,lowhighlow,eval,,roundtrip_H1_5_H4_0_H1_5,records/eval_lowhighlow_29-211-1103.csv
PII,LowHighLow,4,29-211-1103,2.6617043,0.106468171,lowhighlow,eval,low_start,roundtrip_H1_5_H4_0_H1_5,records/eval_lowhighlow_29-211-1103.csv
PII,LowHighLow,4,29-211-1103,8.87845039,0.355138034,lowhighlow,eval,rise,roundtrip_H1_5_H4_0_H1_5,records/eval_lowhighlow_29-211-1103.csv
PII,LowHighLow,4,29-211-1103,15.4250174,0.617000699,lowhighlow,eval,high_recover,roundtrip_H1_5_H4_0_H1_5,records/eval_lowhighlow_29-211-1103.csv
PII,LowHighLow,4,29-211-1103,20.1030025,0.804120123,lowhighlow,eval,high,roundtrip_H1_5_H4_0_H1_5,records/eval_lowhighlow_29-211-1103.csv
PII,LowHighLow,4,29-211-1103,5.43729448,0.217491776,lowhighlow,eval,fall,roundtrip_H1_5_H4_0_H1_5,records/eval_lowhighlow_29-211-1103.csv
PII,LowHighLow,4,29-211-1103,3.04432726,0.121773086,lowhighlow,eval,low_recover,roundtrip_H1_5_H4_0_H1_5,records/eval_lowhighlow_29-211-1103.csv
PII,LowHighLow,4,29-211-1103,2.63887596,0.105555035,lowhighlow,eval,low_return,roundtrip_H1_5_H4_0_H1_5,records/eval_lowhighlow_29-211-1103.csv
TVG-NLO,LowHighLow,4,29-211-1103,7.13693857,0.285477549,lowhighlow,eval,,roundtrip_H1_5_H4_0_H1_5,records/eval_lowhighlow_29-211-1103.csv
TVG-NLO,LowHighLow,4,29-211-1103,2.6734736,0.106938943,lowhighlow,eval,low_start,roundtrip_H1_5_H4_0_H1_5,records/eval_lowhighlow_29-211-1103.csv
TVG-NLO,LowHighLow,4,29-211-1103,7.45406294,0.29816252,lowhighlow,eval,rise,roundtrip_H1_5_H4_0_H1_5,records/eval_lowhighlow_29-211-1103.csv
TVG-NLO,LowHighLow,4,29-211-1103,10.6291685,0.425166756,lowhighlow,eval,high_recover,roundtrip_H1_5_H4_0_H1_5,records/eval_lowhighlow_29-211-1103.csv
TVG-NLO,LowHighLow,4,29-211-1103,10.1381254,0.405525029,lowhighlow,eval,high,roundtrip_H1_5_H4_0_H1_5,records/eval_lowhighlow_29-211-1103.csv
TVG-NLO,LowHighLow,4,29-211-1103,7.01006031,0.280402422,lowhighlow,eval,fall,roundtrip_H1_5_H4_0_H1_5,records/eval_lowhighlow_29-211-1103.csv
TVG-NLO,LowHighLow,4,29-211-1103,3.25390434,0.130156174,lowhighlow,eval,low_recover,roundtrip_H1_5_H4_0_H1_5,records/eval_lowhighlow_29-211-1103.csv
TVG-NLO,LowHighLow,4,29-211-1103,2.84159732,0.113663889,lowhighlow,eval,low_return,roundtrip_H1_5_H4_0_H1_5,records/eval_lowhighlow_29-211-1103.csv
OU-III,JONSWAP,0.0500000007,29-211-1103,18.0585899,0.0090292953,low_motion,eval,,low_motion_H0_050,records/eval_lowmotion_29-211-1103.csv
OU-II,JONSWAP,0.0500000007,29-211-1103,19.0580425,0.00952902157,low_motion,eval,,low_motion_H0_050,records/eval_lowmotion_29-211-1103.csv
TFG,JONSWAP,0.0500000007,29-211-1103,20.7982979,0.0103991488,low_motion,eval,,low_motion_H0_050,records/eval_lowmotion_29-211-1103.csv
PII,JONSWAP,0.0500000007,29-211-1103,12.7309332,0.0063654664,low_motion,eval,,low_motion_H0_050,records/eval_lowmotion_29-211-1103.csv
TVG-NLO,JONSWAP,0.0500000007,29-211-1103,566.513672,0.283256829,low_motion,eval,,low_motion_H0_050,records/eval_lowmotion_29-211-1103.csv
OU-III,Crossfade,4,29-211-1103,4.7255764,0.189023048,ramp,eval,,rapid_H1_5_to_H4_0,records/eval_ramp_29-211-1103.csv
OU-III,Crossfade,4,29-211-1103,2.15327454,0.0861309841,ramp,eval,start,rapid_H1_5_to_H4_0,records/eval_ramp_29-211-1103.csv
OU-III,Crossfade,4,29-211-1103,4.79710484,0.19188419,ramp,eval,blend,rapid_H1_5_to_H4_0,records/eval_ramp_29-211-1103.csv
OU-III,Crossfade,4,29-211-1103,6.05272865,0.24210915,ramp,eval,recover,rapid_H1_5_to_H4_0,records/eval_ramp_29-211-1103.csv
OU-III,Crossfade,4,29-211-1103,5.53241062,0.22129643,ramp,eval,end,rapid_H1_5_to_H4_0,records/eval_ramp_29-211-1103.csv
OU-II,Crossfade,4,29-211-1103,6.29322433,0.251728982,ramp,eval,,rapid_H1_5_to_H4_0,records/eval_ramp_29-211-1103.csv
OU-II,Crossfade,4,29-211-1103,2.62935281,0.105174109,ramp,eval,start,rapid_H1_5_to_H4_0,records/eval_ramp_29-211-1103.csv
OU-II,Crossfade,4,29-211-1103,4.21292019,0.1685168,ramp,eval,blend,rapid_H1_5_to_H4_0,records/eval_ramp_29-211-1103.csv
OU-II,Crossfade,4,29-211-1103,7.16611242,0.286644489,ramp,eval,recover,rapid_H1_5_to_H4_0,records/eval_ramp_29-211-1103.csv
OU-II,Crossfade,4,29-211-1103,7.54577589,0.301831037,ramp,eval,end,rapid_H1_5_to_H4_0,records/eval_ramp_29-211-1103.csv
TFG,Crossfade,4,29-211-1103,4.69200182,0.187680081,ramp,eval,,rapid_H1_5_to_H4_0,records/eval_ramp_29-211-1103.csv
TFG,Crossfade,4,29-211-1103,2.14270139,0.0857080519,ramp,eval,start,rapid_H1_5_to_H4_0,records/eval_ramp_29-211-1103.csv
TFG,Crossfade,4,29-211-1103,4.82834816,0.19313392,ramp,eval,blend,rapid_H1_5_to_H4_0,records/eval_ramp_29-211-1103.csv
TFG,Crossfade,4,29-211-1103,6.15068769,0.246027514,ramp,eval,recover,rapid_H1_5_to_H4_0,records/eval_ramp_29-211-1103.csv
TFG,Crossfade,4,29-211-1103,5.48062944,0.219225183,ramp,eval,end,rapid_H1_5_to_H4_0,records/eval_ramp_29-211-1103.csv
PII,Crossfade,4,29-211-1103,12.8877745,0.515510976,ramp,eval,,rapid_H1_5_to_H4_0,records/eval_ramp_29-211-1103.csv
PII,Crossfade,4,29-211-1103,2.50422573,0.100169025,ramp,eval,start,rapid_H1_5_to_H4_0,records/eval_ramp_29-211-1103.csv
PII,Crossfade,4,29-211-1103,6.37119198,0.254847676,ramp,eval,blend,rapid_H1_5_to_H4_0,records/eval_ramp_29-211-1103.csv
PII,Crossfade,4,29-211-1103,14.1017046,0.564068198,ramp,eval,recover,rapid_H1_5_to_H4_0,records/eval_ramp_29-211-1103.csv
PII,Crossfade,4,29-211-1103,15.9116316,0.636465251,ramp,eval,end,rapid_H1_5_to_H4_0,records/eval_ramp_29-211-1103.csv
TVG-NLO,Crossfade,4,29-211-1103,8.04782677,0.321913064,ramp,eval,,rapid_H1_5_to_H4_0,records/eval_ramp_29-211-1103.csv
TVG-NLO,Crossfade,4,29-211-1103,2.73088431,0.109235376,ramp,eval,start,rapid_H1_5_to_H4_0,records/eval_ramp_29-211-1103.csv
TVG-NLO,Crossfade,4,29-211-1103,5.74903917,0.229961559,ramp,eval,blend,rapid_H1_5_to_H4_0,records/eval_ramp_29-211-1103.csv
TVG-NLO,Crossfade,4,29-211-1103,13.0553837,0.522215366,ramp,eval,recover,rapid_H1_5_to_H4_0,records/eval_ramp_29-211-1103.csv
TVG-NLO,Crossfade,4,29-211-1103,9.49735355,0.379894137,ramp,eval,end,rapid_H1_5_to_H4_0,records/eval_ramp_29-211-1103.csv
OU-III,JONSWAP,0.270000011,47-307-1201,4.0950346,0.0110565936,stationary,eval,,stationary_jonswap_H0_270_L14_047_A30_00_P60_00,records/eval_stationary_jonswap_H0_270_L14_047_A30_00_P60_00_47-307-1201.csv
OU-II,JONSWAP,0.270000011,47-307-1201,5.76452971,0.0155642312,stationary,eval,,stationary_jonswap_H0_270_L14_047_A30_00_P60_00,records/eval_stationary_jonswap_H0_270_L14_047_A30_00_P60_00_47-307-1201.csv
TFG,JONSWAP,0.270000011,47-307-1201,4.23976946,0.0114473775,stationary,eval,,stationary_jonswap_H0_270_L14_047_A30_00_P60_00,records/eval_stationary_jonswap_H0_270_L14_047_A30_00_P60_00_47-307-1201.csv
PII,JONSWAP,0.270000011,47-307-1201,3.53198171,0.00953635108,stationary,eval,,stationary_jonswap_H0_270_L14_047_A30_00_P60_00,records/eval_stationary_jonswap_H0_270_L14_047_A30_00_P60_00_47-307-1201.csv
TVG-NLO,JONSWAP,0.270000011,47-307-1201,22.2882767,0.0601783507,stationary,eval,,stationary_jonswap_H0_270_L14_047_A30_00_P60_00,records/eval_stationary_jonswap_H0_270_L14_047_A30_00_P60_00_47-307-1201.csv
OU-III,JONSWAP,1.5,47-307-1201,4.67160082,0.0700740144,stationary,eval,,stationary_jonswap_H1_500_L50_710_A_30_00_P120_00,records/eval_stationary_jonswap_H1_500_L50_710_A_30_00_P120_00_47-307-1201.csv
OU-II,JONSWAP,1.5,47-307-1201,6.57539177,0.0986308828,stationary,eval,,stationary_jonswap_H1_500_L50_710_A_30_00_P120_00,records/eval_stationary_jonswap_H1_500_L50_710_A_30_00_P120_00_47-307-1201.csv
TFG,JONSWAP,1.5,47-307-1201,4.71888304,0.07078325,stationary,eval,,stationary_jonswap_H1_500_L50_710_A_30_00_P120_00,records/eval_stationary_jonswap_H1_500_L50_710_A_30_00_P120_00_47-307-1201.csv
PII,JONSWAP,1.5,47-307-1201,6.17929745,0.092689462,stationary,eval,,stationary_jonswap_H1_500_L50_710_A_30_00_P120_00,records/eval_stationary_jonswap_H1_500_L50_710_A_30_00_P120_00_47-307-1201.csv
TVG-NLO,JONSWAP,1.5,47-307-1201,7.06119823,0.105917975,stationary,eval,,stationary_jonswap_H1_500_L50_710_A_30_00_P120_00,records/eval_stationary_jonswap_H1_500_L50_710_A_30_00_P120_00_47-307-1201.csv
OU-III,JONSWAP,4,47-307-1201,4.22930813,0.169172317,stationary,eval,,stationary_jonswap_H4_000_L112_766_A30_00_P30_00,records/eval_stationary_jonswap_H4_000_L112_766_A30_00_P30_00_47-307-1201.csv
OU-II,JONSWAP,4,47-307-1201,6.72665596,0.269066244,stationary,eval,,stationary_jonswap_H4_000_L112_766_A30_00_P30_00,records/eval_stationary_jonswap_H4_000_L112_766_A30_00_P30_00_47-307-1201.csv
TFG,JONSWAP,4,47-307-1201,4.25924969,0.170369983,stationary,eval,,stationary_jonswap_H4_000_L112_766_A30_00_P30_00,records/eval_stationary_jonswap_H4_000_L112_766_A30_00_P30_00_47-307-1201.csv
PII,JONSWAP,4,47-307-1201,6.50793743,0.260317504,stationary,eval,,stationary_jonswap_H4_000_L112_766_A30_00_P30_00,records/eval_stationary_jonswap_H4_000_L112_766_A30_00_P30_00_47-307-1201.csv
TVG-NLO,JONSWAP,4,47-307-1201,7.15628338,0.286251336,stationary,eval,,stationary_jonswap_H4_000_L112_766_A30_00_P30_00,records/eval_stationary_jonswap_H4_000_L112_766_A30_00_P30_00_47-307-1201.csv
OU-III,JONSWAP,8.5,47-307-1201,4.12205267,0.35037449,stationary,eval,,stationary_jonswap_H8_500_L202_839_A_30_00_P72_00,records/eval_stationary_jonswap_H8_500_L202_839_A_30_00_P72_00_47-307-1201.csv
OU-II,JONSWAP,8.5,47-307-1201,6.75903702,0.574518144,stationary,eval,,stationary_jonswap_H8_500_L202_839_A_30_00_P72_00,records/eval_stationary_jonswap_H8_500_L202_839_A_30_00_P72_00_47-307-1201.csv
TFG,JONSWAP,8.5,47-307-1201,4.09945297,0.348453492,stationary,eval,,stationary_jonswap_H8_500_L202_839_A_30_00_P72_00,records/eval_stationary_jonswap_H8_500_L202_839_A_30_00_P72_00_47-307-1201.csv
PII,JONSWAP,8.5,47-307-1201,7.78290367,0.661546826,stationary,eval,,stationary_jonswap_H8_500_L202_839_A_30_00_P72_00,records/eval_stationary_jonswap_H8_500_L202_839_A_30_00_P72_00_47-307-1201.csv
TVG-NLO,JONSWAP,8.5,47-307-1201,7.50622034,0.638028741,stationary,eval,,stationary_jonswap_H8_500_L202_839_A_30_00_P72_00,records/eval_stationary_jonswap_H8_500_L202_839_A_30_00_P72_00_47-307-1201.csv
OU-III,PM-Stokes,0.270000011,47-307-1201,4.14892387,0.0112020951,stationary,eval,,stationary_pmstokes_H0_270_L14_047_A30_00_P60_00,records/eval_stationary_pmstokes_H0_270_L14_047_A30_00_P60_00_47-307-1201.csv
OU-II,PM-Stokes,0.270000011,47-307-1201,5.67268038,0.0153162368,stationary,eval,,stationary_pmstokes_H0_270_L14_047_A30_00_P60_00,records/eval_stationary_pmstokes_H0_270_L14_047_A30_00_P60_00_47-307-1201.csv
TFG,PM-Stokes,0.270000011,47-307-1201,4.28891134,0.0115800612,stationary,eval,,stationary_pmstokes_H0_270_L14_047_A30_00_P60_00,records/eval_stationary_pmstokes_H0_270_L14_047_A30_00_P60_00_47-307-1201.csv
PII,PM-Stokes,0.270000011,47-307-1201,3.68653917,0.00995365623,stationary,eval,,stationary_pmstokes_H0_270_L14_047_A30_00_P60_00,records/eval_stationary_pmstokes_H0_270_L14_047_A30_00_P60_00_47-307-1201.csv
TVG-NLO,PM-Stokes,0.270000011,47-307-1201,23.4999676,0.0634499118,stationary,eval,,stationary_pmstokes_H0_270_L14_047_A30_00_P60_00,records/eval_stationary_pmstokes_H0_270_L14_047_A30_00_P60_00_47-307-1201.csv
OU-III,PM-Stokes,1.5,47-307-1201,4.61425304,0.0692138001,stationary,eval,,stationary_pmstokes_H1_500_L50_710_A_30_00_P120_00,records/eval_stationary_pmstokes_H1_500_L50_710_A_30_00_P120_00_47-307-1201.csv
OU-II,PM-Stokes,1.5,47-307-1201,6.42712021,0.09640681,stationary,eval,,stationary_pmstokes_H1_500_L50_710_A_30_00_P120_00,records/eval_stationary_pmstokes_H1_500_L50_710_A_30_00_P120_00_47-307-1201.csv
TFG,PM-Stokes,1.5,47-307-1201,4.67094898,0.0700642392,stationary,eval,,stationary_pmstokes_H1_500_L50_710_A_30_00_P120_00,records/eval_stationary_pmstokes_H1_500_L50_710_A_30_00_P120_00_47-307-1201.csv
PII,PM-Stokes,1.5,47-307-1201,5.77739382,0.0866609141,stationary,eval,,stationary_pmstokes_H1_500_L50_710_A_30_00_P120_00,records/eval_stationary_pmstokes_H1_500_L50_710_A_30_00_P120_00_47-307-1201.csv
TVG-NLO,PM-Stokes,1.5,47-307-1201,6.89452696,0.103417911,stationary,eval,,stationary_pmstokes_H1_500_L50_710_A_30_00_P120_00,records/eval_stationary_pmstokes_H1_500_L50_710_A_30_00_P120_00_47-307-1201.csv
OU-III,PM-Stokes,4,47-307-1201,4.09693384,0.163877353,stationary,eval,,stationary_pmstokes_H4_000_L112_766_A30_00_P30_00,records/eval_stationary_pmstokes_H4_000_L112_766_A30_00_P30_00_47-307-1201.csv
OU-II,PM-Stokes,4,47-307-1201,6.55076408,0.262030572,stationary,eval,,stationary_pmstokes_H4_000_L112_766_A30_00_P30_00,records/eval_stationary_pmstokes_H4_000_L112_766_A30_00_P30_00_47-307-1201.csv
TFG,PM-Stokes,4,47-307-1201,4.11337709,0.16453509,stationary,eval,,stationary_pmstokes_H4_000_L112_766_A30_00_P30_00,records/eval_stationary_pmstokes_H4_000_L112_766_A30_00_P30_00_47-307-1201.csv
PII,PM-Stokes,4,47-307-1201,6.50647354,0.260258943,stationary,eval,,stationary_pmstokes_H4_000_L112_766_A30_00_P30_00,records/eval_stationary_pmstokes_H4_000_L112_766_A30_00_P30_00_47-307-1201.csv
TVG-NLO,PM-Stokes,4,47-307-1201,7.09550142,0.283820063,stationary,eval,,stationary_pmstokes_H4_000_L112_766_A30_00_P30_00,records/eval_stationary_pmstokes_H4_000_L112_766_A30_00_P30_00_47-307-1201.csv
OU-III,PM-Stokes,8.5,47-307-1201,4.07142687,0.346071273,stationary,eval,,stationary_pmstokes_H8_500_L202_839_A_30_00_P72_00,records/eval_stationary_pmstokes_H8_500_L202_839_A_30_00_P72_00_47-307-1201.csv
OU-II,PM-Stokes,8.5,47-307-1201,6.57375526,0.558769226,stationary,eval,,stationary_pmstokes_H8_500_L202_839_A_30_00_P72_00,records/eval_stationary_pmstokes_H8_500_L202_839_A_30_00_P72_00_47-307-1201.csv
TFG,PM-Stokes,8.5,47-307-1201,4.05382776,0.344575375,stationary,eval,,stationary_pmstokes_H8_500_L202_839_A_30_00_P72_00,records/eval_stationary_pmstokes_H8_500_L202_839_A_30_00_P72_00_47-307-1201.csv
PII,PM-Stokes,8.5,47-307-1201,7.76060104,0.659651101,stationary,eval,,stationary_pmstokes_H8_500_L202_839_A_30_00_P72_00,records/eval_stationary_pmstokes_H8_500_L202_839_A_30_00_P72_00_47-307-1201.csv
TVG-NLO,PM-Stokes,8.5,47-307-1201,7.61481142,0.647258997,stationary,eval,,stationary_pmstokes_H8_500_L202_839_A_30_00_P72_00,records/eval_stationary_pmstokes_H8_500_L202_839_A_30_00_P72_00_47-307-1201.csv
OU-III,Crossfade,4,47-307-1201,4.63594866,0.185437948,crossfade,eval,,nonstationary_H1_5_to_H4_0_Tp5_7_to_11_4,records/eval_crossfade_47-307-1201.csv
OU-III,Crossfade,4,47-307-1201,1.84882939,0.0739531741,crossfade,eval,start,nonstationary_H1_5_to_H4_0_Tp5_7_to_11_4,records/eval_crossfade_47-307-1201.csv
OU-III,Crossfade,4,47-307-1201,4.51303101,0.18052125,crossfade,eval,blend,nonstationary_H1_5_to_H4_0_Tp5_7_to_11_4,records/eval_crossfade_47-307-1201.csv
OU-III,Crossfade,4,47-307-1201,4.54205704,0.181682289,crossfade,eval,recover,nonstationary_H1_5_to_H4_0_Tp5_7_to_11_4,records/eval_crossfade_47-307-1201.csv
OU-III,Crossfade,4,47-307-1201,5.69107533,0.227643013,crossfade,eval,end,nonstationary_H1_5_to_H4_0_Tp5_7_to_11_4,records/eval_crossfade_47-307-1201.csv
OU-II,Crossfade,4,47-307-1201,6.33014154,0.253205657,crossfade,eval,,nonstationary_H1_5_to_H4_0_Tp5_7_to_11_4,records/eval_crossfade_47-307-1201.csv
OU-II,Crossfade,4,47-307-1201,2.73076892,0.109230757,crossfade,eval,start,nonstationary_H1_5_to_H4_0_Tp5_7_to_11_4,records/eval_crossfade_47-307-1201.csv
OU-II,Crossfade,4,47-307-1201,5.30676031,0.212270409,crossfade,eval,blend,nonstationary_H1_5_to_H4_0_Tp5_7_to_11_4,records/eval_crossfade_47-307-1201.csv
OU-II,Crossfade,4,47-307-1201,5.69146013,0.227658406,crossfade,eval,recover,nonstationary_H1_5_to_H4_0_Tp5_7_to_11_4,records/eval_crossfade_47-307-1201.csv
OU-II,Crossfade,4,47-307-1201,8.01903534,0.320761412,crossfade,eval,end,nonstationary_H1_5_to_H4_0_Tp5_7_to_11_4,records/eval_crossfade_47-307-1201.csv
TFG,Crossfade,4,47-307-1201,4.6413908,0.185655639,crossfade,eval,,nonstationary_H1_5_to_H4_0_Tp5_7_to_11_4,records/eval_crossfade_47-307-1201.csv
TFG,Crossfade,4,47-307-1201,1.87592781,0.0750371143,crossfade,eval,start,nonstationary_H1_5_to_H4_0_Tp5_7_to_11_4,records/eval_crossfade_47-307-1201.csv
TFG,Crossfade,4,47-307-1201,4.57717133,0.183086857,crossfade,eval,blend,nonstationary_H1_5_to_H4_0_Tp5_7_to_11_4,records/eval_crossfade_47-307-1201.csv
TFG,Crossfade,4,47-307-1201,4.46722269,0.178688899,crossfade,eval,recover,nonstationary_H1_5_to_H4_0_Tp5_7_to_11_4,records/eval_crossfade_47-307-1201.csv
TFG,Crossfade,4,47-307-1201,5.6977582,0.227910325,crossfade,eval,end,nonstationary_H1_5_to_H4_0_Tp5_7_to_11_4,records/eval_crossfade_47-307-1201.csv
PII,Crossfade,4,47-307-1201,12.2703094,0.490812391,crossfade,eval,,nonstationary_H1_5_to_H4_0_Tp5_7_to_11_4,records/eval_crossfade_47-307-1201.csv
PII,Crossfade,4,47-307-1201,2.29520655,0.0918082595,crossfade,eval,start,nonstationary_H1_5_to_H4_0_Tp5_7_to_11_4,records/eval_crossfade_47-307-1201.csv
PII,Crossfade,4,47-307-1201,9.35179615,0.374071836,crossfade,eval,blend,nonstationary_H1_5_to_H4_0_Tp5_7_to_11_4,records/eval_crossfade_47-307-1201.csv
PII,Crossfade,4,47-307-1201,11.514905,0.460596204,crossfade,eval,recover,nonstationary_H1_5_to_H4_0_Tp5_7_to_11_4,records/eval_crossfade_47-307-1201.csv
PII,Crossfade,4,47-307-1201,16.0234089,0.640936375,crossfade,eval,end,nonstationary_H1_5_to_H4_0_Tp5_7_to_11_4,records/eval_crossfade_47-307-1201.csv
TVG-NLO,Crossfade,4,47-307-1201,7.0848999,0.283396006,crossfade,eval,,nonstationary_H1_5_to_H4_0_Tp5_7_to_11_4,records/eval_crossfade_47-307-1201.csv
TVG-NLO,Crossfade,4,47-307-1201,2.99495244,0.119798094,crossfade,eval,start,nonstationary_H1_5_to_H4_0_Tp5_7_to_11_4,records/eval_crossfade_47-307-1201.csv
TVG-NLO,Crossfade,4,47-307-1201,7.92754984,0.317101985,crossfade,eval,blend,nonstationary_H1_5_to_H4_0_Tp5_7_to_11_4,records/eval_crossfade_47-307-1201.csv
TVG-NLO,Crossfade,4,47-307-1201,8.09231567,0.32369262,crossfade,eval,recover,nonstationary_H1_5_to_H4_0_Tp5_7_to_11_4,records/eval_crossfade_47-307-1201.csv
TVG-NLO,Crossfade,4,47-307-1201,8.11004543,0.324401826,crossfade,eval,end,nonstationary_H1_5_to_H4_0_Tp5_7_to_11_4,records/eval_crossfade_47-307-1201.csv
OU-III,LowHighLow,4,47-307-1201,3.9649992,0.158599973,lowhighlow,eval,,roundtrip_H1_5_H4_0_H1_5,records/eval_lowhighlow_47-307-1201.csv
OU-III,LowHighLow,4,47-307-1201,1.92490423,0.07699617,lowhighlow,eval,low_start,roundtrip_H1_5_H4_0_H1_5,records/eval_lowhighlow_47-307-1201.csv
OU-III,LowHighLow,4,47-307-1201,4.64004135,0.185601652,lowhighlow,eval,rise,roundtrip_H1_5_H4_0_H1_5,records/eval_lowhighlow_47-307-1201.csv
OU-III,LowHighLow,4,47-307-1201,5.98288536,0.239315405,lowhighlow,eval,high_recover,roundtrip_H1_5_H4_0_H1_5,records/eval_lowhighlow_47-307-1201.csv
OU-III,LowHighLow,4,47-307-1201,4.70893764,0.188357502,lowhighlow,eval,high,roundtrip_H1_5_H4_0_H1_5,records/eval_lowhighlow_47-307-1201.csv
OU-III,LowHighLow,4,47-307-1201,4.22515202,0.169006079,lowhighlow,eval,fall,roundtrip_H1_5_H4_0_H1_5,records/eval_lowhighlow_47-307-1201.csv
OU-III,LowHighLow,4,47-307-1201,2.55365872,0.10214635,lowhighlow,eval,low_recover,roundtrip_H1_5_H4_0_H1_5,records/eval_lowhighlow_47-307-1201.csv
OU-III,LowHighLow,4,47-307-1201,1.63612366,0.0654449463,lowhighlow,eval,low_return,roundtrip_H1_5_H4_0_H1_5,records/eval_lowhighlow_47-307-1201.csv
OU-II,LowHighLow,4,47-307-1201,5.11602163,0.204640865,lowhighlow,eval,,roundtrip_H1_5_H4_0_H1_5,records/eval_lowhighlow_47-307-1201.csv
OU-II,LowHighLow,4,47-307-1201,3.08793306,0.123517327,lowhighlow,eval,low_start,roundtrip_H1_5_H4_0_H1_5,records/eval_lowhighlow_47-307-1201.csv
OU-II,LowHighLow,4,47-307-1201,4.84372711,0.193749085,lowhighlow,eval,rise,roundtrip_H1_5_H4_0_H1_5,records/eval_lowhighlow_47-307-1201.csv
OU-II,LowHighLow,4,47-307-1201,8.16629791,0.326651931,lowhighlow,eval,high_recover,roundtrip_H1_5_H4_0_H1_5,records/eval_lowhighlow_47-307-1201.csv
OU-II,LowHighLow,4,47-307-1201,6.43299007,0.257319599,lowhighlow,eval,high,roundtrip_H1_5_H4_0_H1_5,records/eval_lowhighlow_47-307-1201.csv
OU-II,LowHighLow,4,47-307-1201,5.19760084,0.207904041,lowhighlow,eval,fall,roundtrip_H1_5_H4_0_H1_5,records/eval_lowhighlow_47-307-1201.csv
OU-II,LowHighLow,4,47-307-1201,2.55853844,0.102341533,lowhighlow,eval,low_recover,roundtrip_H1_5_H4_0_H1_5,records/eval_lowhighlow_47-307-1201.csv
OU-II,LowHighLow,4,47-307-1201,2.66633606,0.106653444,lowhighlow,eval,low_return,roundtrip_H1_5_H4_0_H1_5,records/eval_lowhighlow_47-307-1201.csv
TFG,LowHighLow,4,47-307-1201,3.96528292,0.158611313,lowhighlow,eval,,roundtrip_H1_5_H4_0_H1_5,records/eval_lowhighlow_47-307-1201.csv
TFG,LowHighLow,4,47-307-1201,1.96185219,0.0784740895,lowhighlow,eval,low_start,roundtrip_H1_5_H4_0_H1_5,records/eval_lowhighlow_47-307-1201.csv
TFG,LowHighLow,4,47-307-1201,4.65351391,0.186140552,lowhighlow,eval,rise,roundtrip_H1_5_H4_0_H1_5,records/eval_lowhighlow_47-307-1201.csv
TFG,LowHighLow,4,47-307-1201,6.01431465,0.240572587,lowhighlow,eval,high_recover,roundtrip_H1_5_H4_0_H1_5,records/eval_lowhighlow_47-307-1201.csv
TFG,LowHighLow,4,47-307-1201,4.67192268,0.186876908,lowhighlow,eval,high,roundtrip_H1_5_H4_0_H1_5,records/eval_lowhighlow_47-307-1201.csv
TFG,LowHighLow,4,47-307-1201,4.20661783,0.168264717,lowhighlow,eval,fall,roundtrip_H1_5_H4_0_H1_5,records/eval_lowhighlow_47-307-1201.csv
TFG,LowHighLow,4,47-307-1201,2.52394772,0.100957908,lowhighlow,eval,low_recover,roundtrip_H1_5_H4_0_H1_5,records/eval_lowhighlow_47-307-1201.csv
TFG,LowHighLow,4,47-307-1201,1.6737597,0.0669503883,lowhighlow,eval,low_return,roundtrip_H1_5_H4_0_H1_5,records/eval_lowhighlow_47-307-1201.csv
PII,LowHighLow,4,47-307-1201,9.56338215,0.382535279,lowhighlow,eval,,roundtrip_H1_5_H4_0_H1_5,records/eval_lowhighlow_47-307-1201.csv
PII,LowHighLow,4,47-307-1201,2.16076422,0.086430572,lowhighlow,eval,low_start,roundtrip_H1_5_H4_0_H1_5,records/eval_lowhighlow_47-307-1201.csv
PII,LowHighLow,4,47-307-1201,8.3972168,0.335888684,lowhighlow,eval,rise,roundtrip_H1_5_H4_0_H1_5,records/eval_lowhighlow_47-307-1201.csv
PII,LowHighLow,4,47-307-1201,18.4362717,0.737450898,lowhighlow,eval,high_recover,roundtrip_H1_5_H4_0_H1_5,records/eval_lowhighlow_47-307-1201.csv
PII,LowHighLow,4,47-307-1201,12.3836584,0.495346338,lowhighlow,eval,high,roundtrip_H1_5_H4_0_H1_5,records/eval_lowhighlow_47-307-1201.csv
PII,LowHighLow,4,47-307-1201,6.86810827,0.274724334,lowhighlow,eval,fall,roundtrip_H1_5_H4_0_H1_5,records/eval_lowhighlow_47-307-1201.csv
PII,LowHighLow,4,47-307-1201,3.40612411,0.136244968,lowhighlow,eval,low_recover,roundtrip_H1_5_H4_0_H1_5,records/eval_lowhighlow_47-307-1201.csv
PII,LowHighLow,4,47-307-1201,2.51726413,0.100690566,lowhighlow,eval,low_return,roundtrip_H1_5_H4_0_H1_5,records/eval_lowhighlow_47-307-1201.csv
TVG-NLO,LowHighLow,4,47-307-1201,7.37841225,0.295136482,lowhighlow,eval,,roundtrip_H1_5_H4_0_H1_5,records/eval_lowhighlow_47-307-1201.csv
TVG-NLO,LowHighLow,4,47-307-1201,3.07285523,0.12291421,lowhighlow,eval,low_start,roundtrip_H1_5_H4_0_H1_5,records/eval_lowhighlow_47-307-1201.csv
TVG-NLO,LowHighLow,4,47-307-1201,7.7463398,0.309853584,lowhighlow,eval,rise,roundtrip_H1_5_H4_0_H1_5,records/eval_lowhighlow_47-307-1201.csv
TVG-NLO,LowHighLow,4,47-307-1201,14.0290527,0.561162114,lowhighlow,eval,high_recover,roundtrip_H1_5_H4_0_H1_5,records/eval_lowhighlow_47-307-1201.csv
TVG-NLO,LowHighLow,4,47-307-1201,6.77234077,0.270893633,lowhighlow,eval,high,roundtrip_H1_5_H4_0_H1_5,records/eval_lowhighlow_47-307-1201.csv
TVG-NLO,LowHighLow,4,47-307-1201,7.24401903,0.289760768,lowhighlow,eval,fall,roundtrip_H1_5_H4_0_H1_5,records/eval_lowhighlow_47-307-1201.csv
TVG-NLO,LowHighLow,4,47-307-1201,4.26642942,0.170657173,lowhighlow,eval,low_recover,roundtrip_H1_5_H4_0_H1_5,records/eval_lowhighlow_47-307-1201.csv
TVG-NLO,LowHighLow,4,47-307-1201,2.97548866,0.119019546,lowhighlow,eval,low_return,roundtrip_H1_5_H4_0_H1_5,records/eval_lowhighlow_47-307-1201.csv
OU-III,JONSWAP,0.0500000007,47-307-1201,18.8081837,0.0094040921,low_motion,eval,,low_motion_H0_050,records/eval_lowmotion_47-307-1201.csv
OU-II,JONSWAP,0.0500000007,47-307-1201,17.8770065,0.00893850345,low_motion,eval,,low_motion_H0_050,records/eval_lowmotion_47-307-1201.csv
TFG,JONSWAP,0.0500000007,47-307-1201,35.8750992,0.0179375503,low_motion,eval,,low_motion_H0_050,records/eval_lowmotion_47-307-1201.csv
PII,JONSWAP,0.0500000007,47-307-1201,12.9342165,0.00646710815,low_motion,eval,,low_motion_H0_050,records/eval_lowmotion_47-307-1201.csv
TVG-NLO,JONSWAP,0.0500000007,47-307-1201,282.825867,0.141412929,low_motion,eval,,low_motion_H0_050,records/eval_lowmotion_47-307-1201.csv
OU-III,Crossfade,4,47-307-1201,4.73081589,0.189232633,ramp,eval,,rapid_H1_5_to_H4_0,records/eval_ramp_47-307-1201.csv
OU-III,Crossfade,4,47-307-1201,1.81396437,0.0725585744,ramp,eval,start,rapid_H1_5_to_H4_0,records/eval_ramp_47-307-1201.csv
OU-III,Crossfade,4,47-307-1201,7.47599316,0.299039721,ramp,eval,blend,rapid_H1_5_to_H4_0,records/eval_ramp_47-307-1201.csv
OU-III,Crossfade,4,47-307-1201,4.50359297,0.180143714,ramp,eval,recover,rapid_H1_5_to_H4_0,records/eval_ramp_47-307-1201.csv
OU-III,Crossfade,4,47-307-1201,5.52142239,0.22085689,ramp,eval,end,rapid_H1_5_to_H4_0,records/eval_ramp_47-307-1201.csv
OU-II,Crossfade,4,47-307-1201,6.31880999,0.252752393,ramp,eval,,rapid_H1_5_to_H4_0,records/eval_ramp_47-307-1201.csv
OU-II,Crossfade,4,47-307-1201,2.68357396,0.107342958,ramp,eval,start,rapid_H1_5_to_H4_0,records/eval_ramp_47-307-1201.csv
OU-II,Crossfade,4,47-307-1201,5.36807013,0.214722812,ramp,eval,blend,rapid_H1_5_to_H4_0,records/eval_ramp_47-307-1201.csv
OU-II,Crossfade,4,47-307-1201,4.85606718,0.194242686,ramp,eval,recover,rapid_H1_5_to_H4_0,records/eval_ramp_47-307-1201.csv
OU-II,Crossfade,4,47-307-1201,7.63002729,0.305201083,ramp,eval,end,rapid_H1_5_to_H4_0,records/eval_ramp_47-307-1201.csv
TFG,Crossfade,4,47-307-1201,4.7377882,0.189511538,ramp,eval,,rapid_H1_5_to_H4_0,records/eval_ramp_47-307-1201.csv
TFG,Crossfade,4,47-307-1201,1.84228194,0.0736912787,ramp,eval,start,rapid_H1_5_to_H4_0,records/eval_ramp_47-307-1201.csv
TFG,Crossfade,4,47-307-1201,7.54571199,0.301828474,ramp,eval,blend,rapid_H1_5_to_H4_0,records/eval_ramp_47-307-1201.csv
TFG,Crossfade,4,47-307-1201,4.52034235,0.1808137,ramp,eval,recover,rapid_H1_5_to_H4_0,records/eval_ramp_47-307-1201.csv
TFG,Crossfade,4,47-307-1201,5.52041912,0.220816761,ramp,eval,end,rapid_H1_5_to_H4_0,records/eval_ramp_47-307-1201.csv
PII,Crossfade,4,47-307-1201,12.1878042,0.487512171,ramp,eval,,rapid_H1_5_to_H4_0,records/eval_ramp_47-307-1201.csv
PII,Crossfade,4,47-307-1201,2.31369948,0.0925479755,ramp,eval,start,rapid_H1_5_to_H4_0,records/eval_ramp_47-307-1201.csv
PII,Crossfade,4,47-307-1201,7.59420538,0.303768218,ramp,eval,blend,rapid_H1_5_to_H4_0,records/eval_ramp_47-307-1201.csv
PII,Crossfade,4,47-307-1201,9.17545223,0.367018104,ramp,eval,recover,rapid_H1_5_to_H4_0,records/eval_ramp_47-307-1201.csv
PII,Crossfade,4,47-307-1201,15.1810493,0.607241988,ramp,eval,end,rapid_H1_5_to_H4_0,records/eval_ramp_47-307-1201.csv
TVG-NLO,Crossfade,4,47-307-1201,7.22249079,0.28889963,ramp,eval,,rapid_H1_5_to_H4_0,records/eval_ramp_47-307-1201.csv
TVG-NLO,Crossfade,4,47-307-1201,2.88634682,0.115453877,ramp,eval,start,rapid_H1_5_to_H4_0,records/eval_ramp_47-307-1201.csv
TVG-NLO,Crossfade,4,47-307-1201,7.55283546,0.302113414,ramp,eval,blend,rapid_H1_5_to_H4_0,records/eval_ramp_47-307-1201.csv
TVG-NLO,Crossfade,4,47-307-1201,8.61430359,0.344572157,ramp,eval,recover,rapid_H1_5_to_H4_0,records/eval_ramp_47-307-1201.csv
TVG-NLO,Crossfade,4,47-307-1201,8.55679321,0.342271745,ramp,eval,end,rapid_H1_5_to_H4_0,records/eval_ramp_47-307-1201.csv
OU-III,JONSWAP,0.270000011,71-401-1301,4.12950802,0.0111496719,stationary,eval,,stationary_jonswap_H0_270_L14_047_A30_00_P60_00,records/eval_stationary_jonswap_H0_270_L14_047_A30_00_P60_00_71-401-1301.csv
OU-II,JONSWAP,0.270000011,71-401-1301,5.73185301,0.0154760033,stationary,eval,,stationary_jonswap_H0_270_L14_047_A30_00_P60_00,records/eval_stationary_jonswap_H0_270_L14_047_A30_00_P60_00_71-401-1301.csv
TFG,JONSWAP,0.270000011,71-401-1301,4.28540993,0.0115706073,stationary,eval,,stationary_jonswap_H0_270_L14_047_A30_00_P60_00,records/eval_stationary_jonswap_H0_270_L14_047_A30_00_P60_00_71-401-1301.csv
PII,JONSWAP,0.270000011,71-401-1301,3.44305658,0.00929625332,stationary,eval,,stationary_jonswap_H0_270_L14_047_A30_00_P60_00,records/eval_stationary_jonswap_H0_270_L14_047_A30_00_P60_00_71-401-1301.csv
TVG-NLO,JONSWAP,0.270000011,71-401-1301,6.35887527,0.0171689633,stationary,eval,,stationary_jonswap_H0_270_L14_047_A30_00_P60_00,records/eval_stationary_jonswap_H0_270_L14_047_A30_00_P60_00_71-401-1301.csv
OU-III,JONSWAP,1.5,71-401-1301,4.98907995,0.074836202,stationary,eval,,stationary_jonswap_H1_500_L50_710_A_30_00_P120_00,records/eval_stationary_jonswap_H1_500_L50_710_A_30_00_P120_00_71-401-1301.csv
OU-II,JONSWAP,1.5,71-401-1301,6.72168541,0.100825287,stationary,eval,,stationary_jonswap_H1_500_L50_710_A_30_00_P120_00,records/eval_stationary_jonswap_H1_500_L50_710_A_30_00_P120_00_71-401-1301.csv
TFG,JONSWAP,1.5,71-401-1301,5.00907516,0.0751361325,stationary,eval,,stationary_jonswap_H1_500_L50_710_A_30_00_P120_00,records/eval_stationary_jonswap_H1_500_L50_710_A_30_00_P120_00_71-401-1301.csv
PII,JONSWAP,1.5,71-401-1301,6.58665562,0.0987998396,stationary,eval,,stationary_jonswap_H1_500_L50_710_A_30_00_P120_00,records/eval_stationary_jonswap_H1_500_L50_710_A_30_00_P120_00_71-401-1301.csv
TVG-NLO,JONSWAP,1.5,71-401-1301,7.18699598,0.107804947,stationary,eval,,stationary_jonswap_H1_500_L50_710_A_30_00_P120_00,records/eval_stationary_jonswap_H1_500_L50_710_A_30_00_P120_00_71-401-1301.csv
OU-III,JONSWAP,4,71-401-1301,4.09473801,0.163789511,stationary,eval,,stationary_jonswap_H4_000_L112_766_A30_00_P30_00,records/eval_stationary_jonswap_H4_000_L112_766_A30_00_P30_00_71-401-1301.csv
OU-II,JONSWAP,4,71-401-1301,6.02419806,0.240967929,stationary,eval,,stationary_jonswap_H4_000_L112_766_A30_00_P30_00,records/eval_stationary_jonswap_H4_000_L112_766_A30_00_P30_00_71-401-1301.csv
TFG,JONSWAP,4,71-401-1301,4.10623407,0.164249361,stationary,eval,,stationary_jonswap_H4_000_L112_766_A30_00_P30_00,records/eval_stationary_jonswap_H4_000_L112_766_A30_00_P30_00_71-401-1301.csv
PII,JONSWAP,4,71-401-1301,6.13959932,0.245583981,stationary,eval,,stationary_jonswap_H4_000_L112_766_A30_00_P30_00,records/eval_stationary_jonswap_H4_000_L112_766_A30_00_P30_00_71-401-1301.csv
TVG-NLO,JONSWAP,4,71-401-1301,7.21344423,0.288537771,stationary,eval,,stationary_jonswap_H4_000_L112_766_A30_00_P30_00,records/eval_stationary_jonswap_H4_000_L112_766_A30_00_P30_00_71-401-1301.csv
OU-III,JONSWAP,8.5,71-401-1301,3.50539184,0.297958314,stationary,eval,,stationary_jonswap_H8_500_L202_839_A_30_00_P72_00,records/eval_stationary_jonswap_H8_500_L202_839_A_30_00_P72_00_71-401-1301.csv
OU-II,JONSWAP,8.5,71-401-1301,5.63277626,0.478785992,stationary,eval,,stationary_jonswap_H8_500_L202_839_A_30_00_P72_00,records/eval_stationary_jonswap_H8_500_L202_839_A_30_00_P72_00_71-401-1301.csv
TFG,JONSWAP,8.5,71-401-1301,3.52616477,0.299724013,stationary,eval,,stationary_jonswap_H8_500_L202_839_A_30_00_P72_00,records/eval_stationary_jonswap_H8_500_L202_839_A_30_00_P72_00_71-401-1301.csv
PII,JONSWAP,8.5,71-401-1301,7.54276848,0.641135335,stationary,eval,,stationary_jonswap_H8_500_L202_839_A_30_00_P72_00,records/eval_stationary_jonswap_H8_500_L202_839_A_30_00_P72_00_71-401-1301.csv
TVG-NLO,JONSWAP,8.5,71-401-1301,7.61557245,0.647323668,stationary,eval,,stationary_jonswap_H8_500_L202_839_A_30_00_P72_00,records/eval_stationary_jonswap_H8_500_L202_839_A_30_00_P72_00_71-401-1301.csv
OU-III,PM-Stokes,0.270000011,71-401-1301,4.23902512,0.0114453677,stationary,eval,,stationary_pmstokes_H0_270_L14_047_A30_00_P60_00,records/eval_stationary_pmstokes_H0_270_L14_047_A30_00_P60_00_71-401-1301.csv
OU-II,PM-Stokes,0.270000011,71-401-1301,5.64769411,0.0152487746,stationary,eval,,stationary_pmstokes_H0_270_L14_047_A30_00_P60_00,records/eval_stationary_pmstokes_H0_270_L14_047_A30_00_P60_00_71-401-1301.csv
TFG,PM-Stokes,0.270000011,71-401-1301,4.38484812,0.0118390908,stationary,eval,,stationary_pmstokes_H0_270_L14_047_A30_00_P60_00,records/eval_stationary_pmstokes_H0_270_L14_047_A30_00_P60_00_71-401-1301.csv
PII,PM-Stokes,0.270000011,71-401-1301,3.6414187,0.00983183086,stationary,eval,,stationary_pmstokes_H0_270_L14_047_A30_00_P60_00,records/eval_stationary_pmstokes_H0_270_L14_047_A30_00_P60_00_71-401-1301.csv
TVG-NLO,PM-Stokes,0.270000011,71-401-1301,6.50624561,0.0175668634,stationary,eval,,stationary_pmstokes_H0_270_L14_047_A30_00_P60_00,records/eval_stationary_pmstokes_H0_270_L14_047_A30_00_P60_00_71-401-1301.csv
OU-III,PM-Stokes,1.5,71-401-1301,4.89726686,0.0734590068,stationary,eval,,stationary_pmstokes_H1_500_L50_710_A_30_00_P120_00,records/eval_stationary_pmstokes_H1_500_L50_710_A_30_00_P120_00_71-401-1301.csv
OU-II,PM-Stokes,1.5,71-401-1301,6.49604368,0.09744066,stationary,eval,,stationary_pmstokes_H1_500_L50_710_A_30_00_P120_00,records/eval_stationary_pmstokes_H1_500_L50_710_A_30_00_P120_00_71-401-1301.csv
TFG,PM-Stokes,1.5,71-401-1301,4.90154934,0.0735232458,stationary,eval,,stationary_pmstokes_H1_500_L50_710_A_30_00_P120_00,records/eval_stationary_pmstokes_H1_500_L50_710_A_30_00_P120_00_71-401-1301.csv
PII,PM-Stokes,1.5,71-401-1301,6.63920069,0.0995880142,stationary,eval,,stationary_pmstokes_H1_500_L50_710_A_30_00_P120_00,records/eval_stationary_pmstokes_H1_500_L50_710_A_30_00_P120_00_71-401-1301.csv
TVG-NLO,PM-Stokes,1.5,71-401-1301,7.05340958,0.10580115,stationary,eval,,stationary_pmstokes_H1_500_L50_710_A_30_00_P120_00,records/eval_stationary_pmstokes_H1_500_L50_710_A_30_00_P120_00_71-401-1301.csv
OU-III,PM-Stokes,4,71-401-1301,3.91777158,0.156710863,stationary,eval,,stationary_pmstokes_H4_000_L112_766_A30_00_P30_00,records/eval_stationary_pmstokes_H4_000_L112_766_A30_00_P30_00_71-401-1301.csv
OU-II,PM-Stokes,4,71-401-1301,5.89574385,0.235829756,stationary,eval,,stationary_pmstokes_H4_000_L112_766_A30_00_P30_00,records/eval_stationary_pmstokes_H4_000_L112_766_A30_00_P30_00_71-401-1301.csv
TFG,PM-Stokes,4,71-401-1301,3.93586278,0.157434508,stationary,eval,,stationary_pmstokes_H4_000_L112_766_A30_00_P30_00,records/eval_stationary_pmstokes_H4_000_L112_766_A30_00_P30_00_71-401-1301.csv
PII,PM-Stokes,4,71-401-1301,6.00636768,0.240254715,stationary,eval,,stationary_pmstokes_H4_000_L112_766_A30_00_P30_00,records/eval_stationary_pmstokes_H4_000_L112_766_A30_00_P30_00_71-401-1301.csv
TVG-NLO,PM-Stokes,4,71-401-1301,7.610672,0.304426879,stationary,eval,,stationary_pmstokes_H4_000_L112_766_A30_00_P30_00,records/eval_stationary_pmstokes_H4_000_L112_766_A30_00_P30_00_71-401-1301.csv
OU-III,PM-Stokes,8.5,71-401-1301,3.61234093,0.307048976,stationary,eval,,stationary_pmstokes_H8_500_L202_839_A_30_00_P72_00,records/eval_stationary_pmstokes_H8_500_L202_839_A_30_00_P72_00_71-401-1301.csv
OU-II,PM-Stokes,8.5,71-401-1301,5.62353277,0.478000283,stationary,eval,,stationary_pmstokes_H8_500_L202_839_A_30_00_P72_00,records/eval_stationary_pmstokes_H8_500_L202_839_A_30_00_P72_00_71-401-1301.csv
TFG,PM-Stokes,8.5,71-401-1301,3.61751485,0.307488769,stationary,eval,,stationary_pmstokes_H8_500_L202_839_A_30_00_P72_00,records/eval_stationary_pmstokes_H8_500_L202_839_A_30_00_P72_00_71-401-1301.csv
PII,PM-Stokes,8.5,71-401-1301,9.60902691,0.816767275,stationary,eval,,stationary_pmstokes_H8_500_L202_839_A_30_00_P72_00,records/eval_stationary_pmstokes_H8_500_L202_839_A_30_00_P72_00_71-401-1301.csv
TVG-NLO,PM-Stokes,8.5,71-401-1301,8.12812424,0.690890551,stationary,eval,,stationary_pmstokes_H8_500_L202_839_A_30_00_P72_00,records/eval_stationary_pmstokes_H8_500_L202_839_A_30_00_P72_00_71-401-1301.csv
OU-III,Crossfade,4,71-401-1301,4.74791241,0.189916492,crossfade,eval,,nonstationary_H1_5_to_H4_0_Tp5_7_to_11_4,records/eval_crossfade_71-401-1301.csv
OU-III,Crossfade,4,71-401-1301,1.77700949,0.0710803792,crossfade,eval,start,nonstationary_H1_5_to_H4_0_Tp5_7_to_11_4,records/eval_crossfade_71-401-1301.csv
OU-III,Crossfade,4,71-401-1301,4.10653782,0.16426152,crossfade,eval,blend,nonstationary_H1_5_to_H4_0_Tp5_7_to_11_4,records/eval_crossfade_71-401-1301.csv
OU-III,Crossfade,4,71-401-1301,6.10913134,0.24436526,crossfade,eval,recover,nonstationary_H1_5_to_H4_0_Tp5_7_to_11_4,records/eval_crossfade_71-401-1301.csv
OU-III,Crossfade,4,71-401-1301,5.56959248,0.2227837,crossfade,eval,end,nonstationary_H1_5_to_H4_0_Tp5_7_to_11_4,records/eval_crossfade_71-401-1301.csv
OU-II,Crossfade,4,71-401-1301,6.41002274,0.256400913,crossfade,eval,,nonstationary_H1_5_to_H4_0_Tp5_7_to_11_4,records/eval_crossfade_71-401-1301.csv
OU-II,Crossfade,4,71-401-1301,2.52977395,0.101190962,crossfade,eval,start,nonstationary_H1_5_to_H4_0_Tp5_7_to_11_4,records/eval_crossfade_71-401-1301.csv
OU-II,Crossfade,4,71-401-1301,4.11966324,0.164786533,crossfade,eval,blend,nonstationary_H1_5_to_H4_0_Tp5_7_to_11_4,records/eval_crossfade_71-401-1301.csv
OU-II,Crossfade,4,71-401-1301,8.5219965,0.340879858,crossfade,eval,recover,nonstationary_H1_5_to_H4_0_Tp5_7_to_11_4,records/eval_crossfade_71-401-1301.csv
OU-II,Crossfade,4,71-401-1301,7.66755056,0.306702018,crossfade,eval,end,nonstationary_H1_5_to_H4_0_Tp5_7_to_11_4,records/eval_crossfade_71-401-1301.csv
TFG,Crossfade,4,71-401-1301,4.7823534,0.191294134,crossfade,eval,,nonstationary_H1_5_to_H4_0_Tp5_7_to_11_4,records/eval_crossfade_71-401-1301.csv
TFG,Crossfade,4,71-401-1301,1.81003749,0.0724015012,crossfade,eval,start,nonstationary_H1_5_to_H4_0_Tp5_7_to_11_4,records/eval_crossfade_71-401-1301.csv
TFG,Crossfade,4,71-401-1301,4.19685173,0.167874068,crossfade,eval,blend,nonstationary_H1_5_to_H4_0_Tp5_7_to_11_4,records/eval_crossfade_71-401-1301.csv
TFG,Crossfade,4,71-401-1301,6.29505301,0.251802117,crossfade,eval,recover,nonstationary_H1_5_to_H4_0_Tp5_7_to_11_4,records/eval_crossfade_71-401-1301.csv
TFG,Crossfade,4,71-401-1301,5.54824734,0.221929893,crossfade,eval,end,nonstationary_H1_5_to_H4_0_Tp5_7_to_11_4,records/eval_crossfade_71-401-1301.csv
PII,Crossfade,4,71-401-1301,13.7705564,0.550822258,crossfade,eval,,nonstationary_H1_5_to_H4_0_Tp5_7_to_11_4,records/eval_crossfade_71-401-1301.csv
PII,Crossfade,4,71-401-1301,2.21400023,0.0885600075,crossfade,eval,start,nonstationary_H1_5_to_H4_0_Tp5_7_to_11_4,records/eval_crossfade_71-401-1301.csv
PII,Crossfade,4,71-401-1301,7.04777527,0.281911016,crossfade,eval,blend,nonstationary_H1_5_to_H4_0_Tp5_7_to_11_4,records/eval_crossfade_71-401-1301.csv
PII,Crossfade,4,71-401-1301,19.3819828,0.775279343,crossfade,eval,recover,nonstationary_H1_5_to_H4_0_Tp5_7_to_11_4,records/eval_crossfade_71-401-1301.csv
PII,Crossfade,4,71-401-1301,16.79356,0.67174238,crossfade,eval,end,nonstationary_H1_5_to_H4_0_Tp5_7_to_11_4,records/eval_crossfade_71-401-1301.csv
TVG-NLO,Crossfade,4,71-401-1301,7.6796236,0.307184935,crossfade,eval,,nonstationary_H1_5_to_H4_0_Tp5_7_to_11_4,records/eval_crossfade_71-401-1301.csv
TVG-NLO,Crossfade,4,71-401-1301,2.61777163,0.104710862,crossfade,eval,start,nonstationary_H1_5_to_H4_0_Tp5_7_to_11_4,records/eval_crossfade_71-401-1301.csv
TVG-NLO,Crossfade,4,71-401-1301,6.16504383,0.24660176,crossfade,eval,blend,nonstationary_H1_5_to_H4_0_Tp5_7_to_11_4,records/eval_crossfade_71-401-1301.csv
TVG-NLO,Crossfade,4,71-401-1301,12.0174723,0.480698884,crossfade,eval,recover,nonstationary_H1_5_to_H4_0_Tp5_7_to_11_4,records/eval_crossfade_71-401-1301.csv
TVG-NLO,Crossfade,4,71-401-1301,8.38707256,0.335482895,crossfade,eval,end,nonstationary_H1_5_to_H4_0_Tp5_7_to_11_4,records/eval_crossfade_71-401-1301.csv
OU-III,LowHighLow,4,71-401-1301,4.07086897,0.162834764,lowhighlow,eval,,roundtrip_H1_5_H4_0_H1_5,records/eval_lowhighlow_71-401-1301.csv
OU-III,LowHighLow,4,71-401-1301,1.57292628,0.0629170537,lowhighlow,eval,low_start,roundtrip_H1_5_H4_0_H1_5,records/eval_lowhighlow_71-401-1301.csv
OU-III,LowHighLow,4,71-401-1301,5.60911131,0.22436446,lowhighlow,eval,rise,roundtrip_H1_5_H4_0_H1_5,records/eval_lowhighlow_71-401-1301.csv
OU-III,LowHighLow,4,71-401-1301,3.98040628,0.159216255,lowhighlow,eval,high_recover,roundtrip_H1_5_H4_0_H1_5,records/eval_lowhighlow_71-401-1301.csv
OU-III,LowHighLow,4,71-401-1301,5.81420326,0.23256813,lowhighlow,eval,high,roundtrip_H1_5_H4_0_H1_5,records/eval_lowhighlow_71-401-1301.csv
OU-III,LowHighLow,4,71-401-1301,4.84149361,0.193659738,lowhighlow,eval,fall,roundtrip_H1_5_H4_0_H1_5,records/eval_lowhighlow_71-401-1301.csv
OU-III,LowHighLow,4,71-401-1301,1.3925159,0.0557006337,lowhighlow,eval,low_recover,roundtrip_H1_5_H4_0_H1_5,records/eval_lowhighlow_71-401-1301.csv
OU-III,LowHighLow,4,71-401-1301,1.83339775,0.0733359084,lowhighlow,eval,low_return,roundtrip_H1_5_H4_0_H1_5,records/eval_lowhighlow_71-401-1301.csv
OU-II,LowHighLow,4,71-401-1301,5.25535011,0.210214004,lowhighlow,eval,,roundtrip_H1_5_H4_0_H1_5,records/eval_lowhighlow_71-401-1301.csv
OU-II,LowHighLow,4,71-401-1301,2.31227326,0.0924909338,lowhighlow,eval,low_start,roundtrip_H1_5_H4_0_H1_5,records/eval_lowhighlow_71-401-1301.csv
OU-II,LowHighLow,4,71-401-1301,6.2039423,0.248157695,lowhighlow,eval,rise,roundtrip_H1_5_H4_0_H1_5,records/eval_lowhighlow_71-401-1301.csv
OU-II,LowHighLow,4,71-401-1301,5.35544014,0.214217603,lowhighlow,eval,high_recover,roundtrip_H1_5_H4_0_H1_5,records/eval_lowhighlow_71-401-1301.csv
OU-II,LowHighLow,4,71-401-1301,7.87285137,0.314914048,lowhighlow,eval,high,roundtrip_H1_5_H4_0_H1_5,records/eval_lowhighlow_71-401-1301.csv
OU-II,LowHighLow,4,71-401-1301,6.42475033,0.256990016,lowhighlow,eval,fall,roundtrip_H1_5_H4_0_H1_5,records/eval_lowhighlow_71-401-1301.csv
OU-II,LowHighLow,4,71-401-1301,2.02534032,0.0810136124,lowhighlow,eval,low_recover,roundtrip_H1_5_H4_0_H1_5,records/eval_lowhighlow_71-401-1301.csv
OU-II,LowHighLow,4,71-401-1301,2.37278891,0.0949115604,lowhighlow,eval,low_return,roundtrip_H1_5_H4_0_H1_5,records/eval_lowhighlow_71-401-1301.csv
TFG,LowHighLow,4,71-401-1301,4.07871628,0.163148642,lowhighlow,eval,,roundtrip_H1_5_H4_0_H1_5,records/eval_lowhighlow_71-401-1301.csv
TFG,LowHighLow,4,71-401-1301,1.59596467,0.0638385862,lowhighlow,eval,low_start,roundtrip_H1_5_H4_0_H1_5,records/eval_lowhighlow_71-401-1301.csv
TFG,LowHighLow,4,71-401-1301,5.40268517,0.216107413,lowhighlow,eval,rise,roundtrip_H1_5_H4_0_H1_5,records/eval_lowhighlow_71-401-1301.csv
TFG,LowHighLow,4,71-401-1301,3.93100715,0.157240286,lowhighlow,eval,high_recover,roundtrip_H1_5_H4_0_H1_5,records/eval_lowhighlow_71-401-1301.csv
TFG,LowHighLow,4,71-401-1301,6.01578522,0.240631402,lowhighlow,eval,high,roundtrip_H1_5_H4_0_H1_5,records/eval_lowhighlow_71-401-1301.csv
TFG,LowHighLow,4,71-401-1301,4.826087,0.19304347,lowhighlow,eval,fall,roundtrip_H1_5_H4_0_H1_5,records/eval_lowhighlow_71-401-1301.csv
TFG,LowHighLow,4,71-401-1301,1.40054357,0.0560217425,lowhighlow,eval,low_recover,roundtrip_H1_5_H4_0_H1_5,records/eval_lowhighlow_71-401-1301.csv
TFG,LowHighLow,4,71-401-1301,1.84001756,0.073600702,lowhighlow,eval,low_return,roundtrip_H1_5_H4_0_H1_5,records/eval_lowhighlow_71-401-1301.csv
PII,LowHighLow,4,71-401-1301,10.8632126,0.4345285,lowhighlow,eval,,roundtrip_H1_5_H4_0_H1_5,records/eval_lowhighlow_71-401-1301.csv
PII,LowHighLow,4,71-401-1301,2.00712204,0.0802848786,lowhighlow,eval,low_start,roundtrip_H1_5_H4_0_H1_5,records/eval_lowhighlow_71-401-1301.csv
PII,LowHighLow,4,71-401-1301,11.4437828,0.457751304,lowhighlow,eval,rise,roundtrip_H1_5_H4_0_H1_5,records/eval_lowhighlow_71-401-1301.csv
PII,LowHighLow,4,71-401-1301,10.9391642,0.437566549,lowhighlow,eval,high_recover,roundtrip_H1_5_H4_0_H1_5,records/eval_lowhighlow_71-401-1301.csv
PII,LowHighLow,4,71-401-1301,17.5925369,0.703701496,lowhighlow,eval,high,roundtrip_H1_5_H4_0_H1_5,records/eval_lowhighlow_71-401-1301.csv
PII,LowHighLow,4,71-401-1301,14.3418417,0.573673666,lowhighlow,eval,fall,roundtrip_H1_5_H4_0_H1_5,records/eval_lowhighlow_71-401-1301.csv
PII,LowHighLow,4,71-401-1301,2.44645834,0.0978583321,lowhighlow,eval,low_recover,roundtrip_H1_5_H4_0_H1_5,records/eval_lowhighlow_71-401-1301.csv
PII,LowHighLow,4,71-401-1301,2.2835114,0.0913404599,lowhighlow,eval,low_return,roundtrip_H1_5_H4_0_H1_5,records/eval_lowhighlow_71-401-1301.csv
TVG-NLO,LowHighLow,4,71-401-1301,6.4438014,0.257752061,lowhighlow,eval,,roundtrip_H1_5_H4_0_H1_5,records/eval_lowhighlow_71-401-1301.csv
TVG-NLO,LowHighLow,4,71-401-1301,2.48559165,0.0994236618,lowhighlow,eval,low_start,roundtrip_H1_5_H4_0_H1_5,records/eval_lowhighlow_71-401-1301.csv
TVG-NLO,LowHighLow,4,71-401-1301,9.21186256,0.368474513,lowhighlow,eval,rise,roundtrip_H1_5_H4_0_H1_5,records/eval_lowhighlow_71-401-1301.csv
TVG-NLO,LowHighLow,4,71-401-1301,6.75251055,0.270100415,lowhighlow,eval,high_recover,roundtrip_H1_5_H4_0_H1_5,records/eval_lowhighlow_71-401-1301.csv
TVG-NLO,LowHighLow,4,71-401-1301,8.85666084,0.354266435,lowhighlow,eval,high,roundtrip_H1_5_H4_0_H1_5,records/eval_lowhighlow_71-401-1301.csv
TVG-NLO,LowHighLow,4,71-401-1301,6.72377586,0.268951029,lowhighlow,eval,fall,roundtrip_H1_5_H4_0_H1_5,records/eval_lowhighlow_71-401-1301.csv
TVG-NLO,LowHighLow,4,71-401-1301,4.35443163,0.174177274,lowhighlow,eval,low_recover,roundtrip_H1_5_H4_0_H1_5,records/eval_lowhighlow_71-401-1301.csv
TVG-NLO,LowHighLow,4,71-401-1301,2.3056283,0.0922251344,lowhighlow,eval,low_return,roundtrip_H1_5_H4_0_H1_5,records/eval_lowhighlow_71-401-1301.csv
OU-III,JONSWAP,0.0500000007,71-401-1301,18.3894138,0.00919470657,low_motion,eval,,low_motion_H0_050,records/eval_lowmotion_71-401-1301.csv
OU-II,JONSWAP,0.0500000007,71-401-1301,18.3876247,0.0091938125,low_motion,eval,,low_motion_H0_050,records/eval_lowmotion_71-401-1301.csv
TFG,JONSWAP,0.0500000007,71-401-1301,21.0114689,0.010505734,low_motion,eval,,low_motion_H0_050,records/eval_lowmotion_71-401-1301.csv
PII,JONSWAP,0.0500000007,71-401-1301,12.0112333,0.00600561686,low_motion,eval,,low_motion_H0_050,records/eval_lowmotion_71-401-1301.csv
TVG-NLO,JONSWAP,0.0500000007,71-401-1301,604.683411,0.3023417,low_motion,eval,,low_motion_H0_050,records/eval_lowmotion_71-401-1301.csv
OU-III,Crossfade,4,71-401-1301,4.83998156,0.193599254,ramp,eval,,rapid_H1_5_to_H4_0,records/eval_ramp_71-401-1301.csv
OU-III,Crossfade,4,71-401-1301,1.77533424,0.0710133687,ramp,eval,start,rapid_H1_5_to_H4_0,records/eval_ramp_71-401-1301.csv
OU-III,Crossfade,4,71-401-1301,6.45557117,0.258222848,ramp,eval,blend,rapid_H1_5_to_H4_0,records/eval_ramp_71-401-1301.csv
OU-III,Crossfade,4,71-401-1301,5.62330675,0.224932268,ramp,eval,recover,rapid_H1_5_to_H4_0,records/eval_ramp_71-401-1301.csv
OU-III,Crossfade,4,71-401-1301,5.69274521,0.2277098,ramp,eval,end,rapid_H1_5_to_H4_0,records/eval_ramp_71-401-1301.csv
OU-II,Crossfade,4,71-401-1301,6.4402647,0.257610589,ramp,eval,,rapid_H1_5_to_H4_0,records/eval_ramp_71-401-1301.csv
OU-II,Crossfade,4,71-401-1301,2.43857813,0.0975431278,ramp,eval,start,rapid_H1_5_to_H4_0,records/eval_ramp_71-401-1301.csv
OU-II,Crossfade,4,71-401-1301,4.76475,0.190589994,ramp,eval,blend,rapid_H1_5_to_H4_0,records/eval_ramp_71-401-1301.csv
OU-II,Crossfade,4,71-401-1301,5.73053551,0.229221418,ramp,eval,recover,rapid_H1_5_to_H4_0,records/eval_ramp_71-401-1301.csv
OU-II,Crossfade,4,71-401-1301,7.82338762,0.312935501,ramp,eval,end,rapid_H1_5_to_H4_0,records/eval_ramp_71-401-1301.csv
TFG,Crossfade,4,71-401-1301,4.87024355,0.19480975,ramp,eval,,rapid_H1_5_to_H4_0,records/eval_ramp_71-401-1301.csv
TFG,Crossfade,4,71-401-1301,1.80360115,0.0721440464,ramp,eval,start,rapid_H1_5_to_H4_0,records/eval_ramp_71-401-1301.csv
TFG,Crossfade,4,71-401-1301,6.65286875,0.266114742,ramp,eval,blend,rapid_H1_5_to_H4_0,records/eval_ramp_71-401-1301.csv
TFG,Crossfade,4,71-401-1301,5.44972849,0.217989147,ramp,eval,recover,rapid_H1_5_to_H4_0,records/eval_ramp_71-401-1301.csv
TFG,Crossfade,4,71-401-1301,5.72680044,0.229072019,ramp,eval,end,rapid_H1_5_to_H4_0,records/eval_ramp_71-401-1301.csv
PII,Crossfade,4,71-401-1301,13.6611357,0.546445429,ramp,eval,,rapid_H1_5_to_H4_0,records/eval_ramp_71-401-1301.csv
PII,Crossfade,4,71-401-1301,2.17648935,0.0870595723,ramp,eval,start,rapid_H1_5_to_H4_0,records/eval_ramp_71-401-1301.csv
PII,Crossfade,4,71-401-1301,6.92590904,0.277036369,ramp,eval,blend,rapid_H1_5_to_H4_0,records/eval_ramp_71-401-1301.csv
PII,Crossfade,4,71-401-1301,11.0079651,0.440318584,ramp,eval,recover,rapid_H1_5_to_H4_0,records/eval_ramp_71-401-1301.csv
PII,Crossfade,4,71-401-1301,17.0605717,0.682422876,ramp,eval,end,rapid_H1_5_to_H4_0,records/eval_ramp_71-401-1301.csv
TVG-NLO,Crossfade,4,71-401-1301,7.76969433,0.310787767,ramp,eval,,rapid_H1_5_to_H4_0,records/eval_ramp_71-401-1301.csv
TVG-NLO,Crossfade,4,71-401-1301,2.60708284,0.10428331,ramp,eval,start,rapid_H1_5_to_H4_0,records/eval_ramp_71-401-1301.csv
TVG-NLO,Crossfade,4,71-401-1301,6.51198864,0.26047954,ramp,eval,blend,rapid_H1_5_to_H4_0,records/eval_ramp_71-401-1301.csv
TVG-NLO,Crossfade,4,71-401-1301,9.42543411,0.377017349,ramp,eval,recover,rapid_H1_5_to_H4_0,records/eval_ramp_71-401-1301.csv
TVG-NLO,Crossfade,4,71-401-1301,9.34399986,0.373759985,ramp,eval,end,rapid_H1_5_to_H4_0,records/eval_ramp_71-401-1301.csv
OU-III,JONSWAP,0.270000011,97-503-1409,4.19913673,0.0113376696,stationary,eval,,stationary_jonswap_H0_270_L14_047_A30_00_P60_00,records/eval_stationary_jonswap_H0_270_L14_047_A30_00_P60_00_97-503-1409.csv
OU-II,JONSWAP,0.270000011,97-503-1409,6.1383028,0.0165734179,stationary,eval,,stationary_jonswap_H0_270_L14_047_A30_00_P60_00,records/eval_stationary_jonswap_H0_270_L14_047_A30_00_P60_00_97-503-1409.csv
TFG,JONSWAP,0.270000011,97-503-1409,4.37403202,0.0118098864,stationary,eval,,stationary_jonswap_H0_270_L14_047_A30_00_P60_00,records/eval_stationary_jonswap_H0_270_L14_047_A30_00_P60_00_97-503-1409.csv
PII,JONSWAP,0.270000011,97-503-1409,3.67275643,0.00991644245,stationary,eval,,stationary_jonswap_H0_270_L14_047_A30_00_P60_00,records/eval_stationary_jonswap_H0_270_L14_047_A30_00_P60_00_97-503-1409.csv
TVG-NLO,JONSWAP,0.270000011,97-503-1409,6.84580851,0.0184836835,stationary,eval,,stationary_jonswap_H0_270_L14_047_A30_00_P60_00,records/eval_stationary_jonswap_H0_270_L14_047_A30_00_P60_00_97-503-1409.csv
OU-III,JONSWAP,1.5,97-503-1409,5.25591755,0.0788387656,stationary,eval,,stationary_jonswap_H1_500_L50_710_A_30_00_P120_00,records/eval_stationary_jonswap_H1_500_L50_710_A_30_00_P120_00_97-503-1409.csv
OU-II,JONSWAP,1.5,97-503-1409,6.75449324,0.101317406,stationary,eval,,stationary_jonswap_H1_500_L50_710_A_30_00_P120_00,records/eval_stationary_jonswap_H1_500_L50_710_A_30_00_P120_00_97-503-1409.csv
TFG,JONSWAP,1.5,97-503-1409,5.21576357,0.0782364532,stationary,eval,,stationary_jonswap_H1_500_L50_710_A_30_00_P120_00,records/eval_stationary_jonswap_H1_500_L50_710_A_30_00_P120_00_97-503-1409.csv
PII,JONSWAP,1.5,97-503-1409,5.80433178,0.0870649815,stationary,eval,,stationary_jonswap_H1_500_L50_710_A_30_00_P120_00,records/eval_stationary_jonswap_H1_500_L50_710_A_30_00_P120_00_97-503-1409.csv
TVG-NLO,JONSWAP,1.5,97-503-1409,7.19098997,0.107864857,stationary,eval,,stationary_jonswap_H1_500_L50_710_A_30_00_P120_00,records/eval_stationary_jonswap_H1_500_L50_710_A_30_00_P120_00_97-503-1409.csv
OU-III,JONSWAP,4,97-503-1409,4.5695467,0.182781875,stationary,eval,,stationary_jonswap_H4_000_L112_766_A30_00_P30_00,records/eval_stationary_jonswap_H4_000_L112_766_A30_00_P30_00_97-503-1409.csv
OU-II,JONSWAP,4,97-503-1409,6.39817476,0.255926996,stationary,eval,,stationary_jonswap_H4_000_L112_766_A30_00_P30_00,records/eval_stationary_jonswap_H4_000_L112_766_A30_00_P30_00_97-503-1409.csv
TFG,JONSWAP,4,97-503-1409,4.58169937,0.183267981,stationary,eval,,stationary_jonswap_H4_000_L112_766_A30_00_P30_00,records/eval_stationary_jonswap_H4_000_L112_766_A30_00_P30_00_97-503-1409.csv
PII,JONSWAP,4,97-503-1409,5.92408419,0.236963376,stationary,eval,,stationary_jonswap_H4_000_L112_766_A30_00_P30_00,records/eval_stationary_jonswap_H4_000_L112_766_A30_00_P30_00_97-503-1409.csv
TVG-NLO,JONSWAP,4,97-503-1409,6.88467407,0.275386959,stationary,eval,,stationary_jonswap_H4_000_L112_766_A30_00_P30_00,records/eval_stationary_jonswap_H4_000_L112_766_A30_00_P30_00_97-503-1409.csv
OU-III,JONSWAP,8.5,97-503-1409,4.02312803,0.341965884,stationary,eval,,stationary_jonswap_H8_500_L202_839_A_30_00_P72_00,records/eval_stationary_jonswap_H8_500_L202_839_A_30_00_P72_00_97-503-1409.csv
OU-II,JONSWAP,8.5,97-503-1409,6.43983841,0.547386289,stationary,eval,,stationary_jonswap_H8_500_L202_839_A_30_00_P72_00,records/eval_stationary_jonswap_H8_500_L202_839_A_30_00_P72_00_97-503-1409.csv
TFG,JONSWAP,8.5,97-503-1409,4.02740431,0.342329353,stationary,eval,,stationary_jonswap_H8_500_L202_839_A_30_00_P72_00,records/eval_stationary_jonswap_H8_500_L202_839_A_30_00_P72_00_97-503-1409.csv
PII,JONSWAP,8.5,97-503-1409,7.46581268,0.634594083,stationary,eval,,stationary_jonswap_H8_500_L202_839_A_30_00_P72_00,records/eval_stationary_jonswap_H8_500_L202_839_A_30_00_P72_00_97-503-1409.csv
TVG-NLO,JONSWAP,8.5,97-503-1409,7.40829849,0.629705369,stationary,eval,,stationary_jonswap_H8_500_L202_839_A_30_00_P72_00,records/eval_stationary_jonswap_H8_500_L202_839_A_30_00_P72_00_97-503-1409.csv
OU-III,PM-Stokes,0.270000011,97-503-1409,4.28134918,0.0115596429,stationary,eval,,stationary_pmstokes_H0_270_L14_047_A30_00_P60_00,records/eval_stationary_pmstokes_H0_270_L14_047_A30_00_P60_00_97-503-1409.csv
OU-II,PM-Stokes,0.270000011,97-503-1409,5.92883158,0.0160078462,stationary,eval,,stationary_pmstokes_H0_270_L14_047_A30_00_P60_00,records/eval_stationary_pmstokes_H0_270_L14_047_A30_00_P60_00_97-503-1409.csv
TFG,PM-Stokes,0.270000011,97-503-1409,4.4312315,0.0119643258,stationary,eval,,stationary_pmstokes_H0_270_L14_047_A30_00_P60_00,records/eval_stationary_pmstokes_H0_270_L14_047_A30_00_P60_00_97-503-1409.csv
PII,PM-Stokes,0.270000011,97-503-1409,3.87100554,0.0104517154,stationary,eval,,stationary_pmstokes_H0_270_L14_047_A30_00_P60_00,records/eval_stationary_pmstokes_H0_270_L14_047_A30_00_P60_00_97-503-1409.csv
TVG-NLO,PM-Stokes,0.270000011,97-503-1409,7.1355505,0.019265987,stationary,eval,,stationary_pmstokes_H0_270_L14_047_A30_00_P60_00,records/eval_stationary_pmstokes_H0_270_L14_047_A30_00_P60_00_97-503-1409.csv
OU-III,PM-Stokes,1.5,97-503-1409,5.14406776,0.0771610215,stationary,eval,,stationary_pmstokes_H1_500_L50_710_A_30_00_P120_00,records/eval_stationary_pmstokes_H1_500_L50_710_A_30_00_P120_00_97-503-1409.csv
OU-II,PM-Stokes,1.5,97-503-1409,6.62752771,0.0994129181,stationary,eval,,stationary_pmstokes_H1_500_L50_710_A_30_00_P120_00,records/eval_stationary_pmstokes_H1_500_L50_710_A_30_00_P120_00_97-503-1409.csv
TFG,PM-Stokes,1.5,97-503-1409,5.10670328,0.0766005516,stationary,eval,,stationary_pmstokes_H1_500_L50_710_A_30_00_P120_00,records/eval_stationary_pmstokes_H1_500_L50_710_A_30_00_P120_00_97-503-1409.csv
PII,PM-Stokes,1.5,97-503-1409,5.7371769,0.0860576555,stationary,eval,,stationary_pmstokes_H1_500_L50_710_A_30_00_P120_00,records/eval_stationary_pmstokes_H1_500_L50_710_A_30_00_P120_00_97-503-1409.csv
TVG-NLO,PM-Stokes,1.5,97-503-1409,7.23112965,0.108466946,stationary,eval,,stationary_pmstokes_H1_500_L50_710_A_30_00_P120_00,records/eval_stationary_pmstokes_H1_500_L50_710_A_30_00_P120_00_97-503-1409.csv
OU-III,PM-Stokes,4,97-503-1409,4.29117584,0.171647027,stationary,eval,,stationary_pmstokes_H4_000_L112_766_A30_00_P30_00,records/eval_stationary_pmstokes_H4_000_L112_766_A30_00_P30_00_97-503-1409.csv
OU-II,PM-Stokes,4,97-503-1409,6.23383856,0.249353543,stationary,eval,,stationary_pmstokes_H4_000_L112_766_A30_00_P30_00,records/eval_stationary_pmstokes_H4_000_L112_766_A30_00_P30_00_97-503-1409.csv
TFG,PM-Stokes,4,97-503-1409,4.31750965,0.17270039,stationary,eval,,stationary_pmstokes_H4_000_L112_766_A30_00_P30_00,records/eval_stationary_pmstokes_H4_000_L112_766_A30_00_P30_00_97-503-1409.csv
PII,PM-Stokes,4,97-503-1409,5.80999994,0.2324,stationary,eval,,stationary_pmstokes_H4_000_L112_766_A30_00_P30_00,records/eval_stationary_pmstokes_H4_000_L112_766_A30_00_P30_00_97-503-1409.csv
TVG-NLO,PM-Stokes,4,97-503-1409,6.91985321,0.276794136,stationary,eval,,stationary_pmstokes_H4_000_L112_766_A30_00_P30_00,records/eval_stationary_pmstokes_H4_000_L112_766_A30_00_P30_00_97-503-1409.csv
OU-III,PM-Stokes,8.5,97-503-1409,3.96011257,0.336609572,stationary,eval,,stationary_pmstokes_H8_500_L202_839_A_30_00_P72_00,records/eval_stationary_pmstokes_H8_500_L202_839_A_30_00_P72_00_97-503-1409.csv
OU-II,PM-Stokes,8.5,97-503-1409,6.22242451,0.528906107,stationary,eval,,stationary_pmstokes_H8_500_L202_839_A_30_00_P72_00,records/eval_stationary_pmstokes_H8_500_L202_839_A_30_00_P72_00_97-503-1409.csv
TFG,PM-Stokes,8.5,97-503-1409,3.95477748,0.3361561,stationary,eval,,stationary_pmstokes_H8_500_L202_839_A_30_00_P72_00,records/eval_stationary_pmstokes_H8_500_L202_839_A_30_00_P72_00_97-503-1409.csv
PII,PM-Stokes,8.5,97-503-1409,7.88865566,0.670535743,stationary,eval,,stationary_pmstokes_H8_500_L202_839_A_30_00_P72_00,records/eval_stationary_pmstokes_H8_500_L202_839_A_30_00_P72_00_97-503-1409.csv
TVG-NLO,PM-Stokes,8.5,97-503-1409,7.29111052,0.61974442,stationary,eval,,stationary_pmstokes_H8_500_L202_839_A_30_00_P72_00,records/eval_stationary_pmstokes_H8_500_L202_839_A_30_00_P72_00_97-503-1409.csv
OU-III,Crossfade,4,97-503-1409,4.541574,0.181662962,crossfade,eval,,nonstationary_H1_5_to_H4_0_Tp5_7_to_11_4,records/eval_crossfade_97-503-1409.csv
OU-III,Crossfade,4,97-503-1409,2.01842618,0.0807370469,crossfade,eval,start,nonstationary_H1_5_to_H4_0_Tp5_7_to_11_4,records/eval_crossfade_97-503-1409.csv
OU-III,Crossfade,4,97-503-1409,4.94333124,0.197733253,crossfade,eval,blend,nonstationary_H1_5_to_H4_0_Tp5_7_to_11_4,records/eval_crossfade_97-503-1409.csv
OU-III,Crossfade,4,97-503-1409,4.32625484,0.173050195,crossfade,eval,recover,nonstationary_H1_5_to_H4_0_Tp5_7_to_11_4,records/eval_crossfade_97-503-1409.csv
OU-III,Crossfade,4,97-503-1409,5.43530464,0.217412189,crossfade,eval,end,nonstationary_H1_5_to_H4_0_Tp5_7_to_11_4,records/eval_crossfade_97-503-1409.csv
OU-II,Crossfade,4,97-503-1409,5.94354773,0.237741902,crossfade,eval,,nonstationary_H1_5_to_H4_0_Tp5_7_to_11_4,records/eval_crossfade_97-503-1409.csv
OU-II,Crossfade,4,97-503-1409,2.70332599,0.10813304,crossfade,eval,start,nonstationary_H1_5_to_H4_0_Tp5_7_to_11_4,records/eval_crossfade_97-503-1409.csv
OU-II,Crossfade,4,97-503-1409,5.21378136,0.208551258,crossfade,eval,blend,nonstationary_H1_5_to_H4_0_Tp5_7_to_11_4,records/eval_crossfade_97-503-1409.csv
OU-II,Crossfade,4,97-503-1409,5.65244246,0.226097703,crossfade,eval,recover,nonstationary_H1_5_to_H4_0_Tp5_7_to_11_4,records/eval_crossfade_97-503-1409.csv
OU-II,Crossfade,4,97-503-1409,7.39097881,0.295639157,crossfade,eval,end,nonstationary_H1_5_to_H4_0_Tp5_7_to_11_4,records/eval_crossfade_97-503-1409.csv
TFG,Crossfade,4,97-503-1409,4.52824879,0.181129947,crossfade,eval,,nonstationary_H1_5_to_H4_0_Tp5_7_to_11_4,records/eval_crossfade_97-503-1409.csv
TFG,Crossfade,4,97-503-1409,1.99128067,0.0796512291,crossfade,eval,start,nonstationary_H1_5_to_H4_0_Tp5_7_to_11_4,records/eval_crossfade_97-503-1409.csv
TFG,Crossfade,4,97-503-1409,4.87317276,0.194926903,crossfade,eval,blend,nonstationary_H1_5_to_H4_0_Tp5_7_to_11_4,records/eval_crossfade_97-503-1409.csv
TFG,Crossfade,4,97-503-1409,4.30894613,0.172357842,crossfade,eval,recover,nonstationary_H1_5_to_H4_0_Tp5_7_to_11_4,records/eval_crossfade_97-503-1409.csv
TFG,Crossfade,4,97-503-1409,5.43917227,0.217566893,crossfade,eval,end,nonstationary_H1_5_to_H4_0_Tp5_7_to_11_4,records/eval_crossfade_97-503-1409.csv
PII,Crossfade,4,97-503-1409,11.2327251,0.449309021,crossfade,eval,,nonstationary_H1_5_to_H4_0_Tp5_7_to_11_4,records/eval_crossfade_97-503-1409.csv
PII,Crossfade,4,97-503-1409,2.23149467,0.0892597884,crossfade,eval,start,nonstationary_H1_5_to_H4_0_Tp5_7_to_11_4,records/eval_crossfade_97-503-1409.csv
PII,Crossfade,4,97-503-1409,9.44456577,0.377782613,crossfade,eval,blend,nonstationary_H1_5_to_H4_0_Tp5_7_to_11_4,records/eval_crossfade_97-503-1409.csv
PII,Crossfade,4,97-503-1409,11.1390285,0.445561141,crossfade,eval,recover,nonstationary_H1_5_to_H4_0_Tp5_7_to_11_4,records/eval_crossfade_97-503-1409.csv
PII,Crossfade,4,97-503-1409,14.3733368,0.574933469,crossfade,eval,end,nonstationary_H1_5_to_H4_0_Tp5_7_to_11_4,records/eval_crossfade_97-503-1409.csv
TVG-NLO,Crossfade,4,97-503-1409,6.95144844,0.278057933,crossfade,eval,,nonstationary_H1_5_to_H4_0_Tp5_7_to_11_4,records/eval_crossfade_97-503-1409.csv
TVG-NLO,Crossfade,4,97-503-1409,2.7822485,0.111289941,crossfade,eval,start,nonstationary_H1_5_to_H4_0_Tp5_7_to_11_4,records/eval_crossfade_97-503-1409.csv
TVG-NLO,Crossfade,4,97-503-1409,8.2507658,0.33003065,crossfade,eval,blend,nonstationary_H1_5_to_H4_0_Tp5_7_to_11_4,records/eval_crossfade_97-503-1409.csv
TVG-NLO,Crossfade,4,97-503-1409,6.96847725,0.278739095,crossfade,eval,recover,nonstationary_H1_5_to_H4_0_Tp5_7_to_11_4,records/eval_crossfade_97-503-1409.csv
TVG-NLO,Crossfade,4,97-503-1409,8.11190987,0.324476391,crossfade,eval,end,nonstationary_H1_5_to_H4_0_Tp5_7_to_11_4,records/eval_crossfade_97-503-1409.csv
OU-III,LowHighLow,4,97-503-1409,3.97907019,0.159162804,lowhighlow,eval,,roundtrip_H1_5_H4_0_H1_5,records/eval_lowhighlow_97-503-1409.csv
OU-III,LowHighLow,4,97-503-1409,2.15263557,0.0861054212,lowhighlow,eval,low_start,roundtrip_H1_5_H4_0_H1_5,records/eval_lowhighlow_97-503-1409.csv
OU-III,LowHighLow,4,97-503-1409,4.68910694,0.187564269,lowhighlow,eval,rise,roundtrip_H1_5_H4_0_H1_5,records/eval_lowhighlow_97-503-1409.csv
OU-III,LowHighLow,4,97-503-1409,5.41766787,0.216706708,lowhighlow,eval,high_recover,roundtrip_H1_5_H4_0_H1_5,records/eval_lowhighlow_97-503-1409.csv
OU-III,LowHighLow,4,97-503-1409,4.24031448,0.169612572,lowhighlow,eval,high,roundtrip_H1_5_H4_0_H1_5,records/eval_lowhighlow_97-503-1409.csv
OU-III,LowHighLow,4,97-503-1409,5.43220949,0.217288375,lowhighlow,eval,fall,roundtrip_H1_5_H4_0_H1_5,records/eval_lowhighlow_97-503-1409.csv
OU-III,LowHighLow,4,97-503-1409,2.01653671,0.0806614682,lowhighlow,eval,low_recover,roundtrip_H1_5_H4_0_H1_5,records/eval_lowhighlow_97-503-1409.csv
OU-III,LowHighLow,4,97-503-1409,2.12420011,0.0849680081,lowhighlow,eval,low_return,roundtrip_H1_5_H4_0_H1_5,records/eval_lowhighlow_97-503-1409.csv
OU-II,LowHighLow,4,97-503-1409,5.09356356,0.203742549,lowhighlow,eval,,roundtrip_H1_5_H4_0_H1_5,records/eval_lowhighlow_97-503-1409.csv
OU-II,LowHighLow,4,97-503-1409,2.94455767,0.11778231,lowhighlow,eval,low_start,roundtrip_H1_5_H4_0_H1_5,records/eval_lowhighlow_97-503-1409.csv
OU-II,LowHighLow,4,97-503-1409,4.91378975,0.196551591,lowhighlow,eval,rise,roundtrip_H1_5_H4_0_H1_5,records/eval_lowhighlow_97-503-1409.csv
OU-II,LowHighLow,4,97-503-1409,7.82957363,0.31318295,lowhighlow,eval,high_recover,roundtrip_H1_5_H4_0_H1_5,records/eval_lowhighlow_97-503-1409.csv
OU-II,LowHighLow,4,97-503-1409,5.79648781,0.231859505,lowhighlow,eval,high,roundtrip_H1_5_H4_0_H1_5,records/eval_lowhighlow_97-503-1409.csv
OU-II,LowHighLow,4,97-503-1409,6.53022242,0.261208892,lowhighlow,eval,fall,roundtrip_H1_5_H4_0_H1_5,records/eval_lowhighlow_97-503-1409.csv
OU-II,LowHighLow,4,97-503-1409,2.67364359,0.106945746,lowhighlow,eval,low_recover,roundtrip_H1_5_H4_0_H1_5,records/eval_lowhighlow_97-503-1409.csv
OU-II,LowHighLow,4,97-503-1409,2.34461474,0.093784593,lowhighlow,eval,low_return,roundtrip_H1_5_H4_0_H1_5,records/eval_lowhighlow_97-503-1409.csv
TFG,LowHighLow,4,97-503-1409,3.9262321,0.157049283,lowhighlow,eval,,roundtrip_H1_5_H4_0_H1_5,records/eval_lowhighlow_97-503-1409.csv
TFG,LowHighLow,4,97-503-1409,2.14508772,0.0858035088,lowhighlow,eval,low_start,roundtrip_H1_5_H4_0_H1_5,records/eval_lowhighlow_97-503-1409.csv
TFG,LowHighLow,4,97-503-1409,4.26528597,0.170611441,lowhighlow,eval,rise,roundtrip_H1_5_H4_0_H1_5,records/eval_lowhighlow_97-503-1409.csv
TFG,LowHighLow,4,97-503-1409,5.45426702,0.218170673,lowhighlow,eval,high_recover,roundtrip_H1_5_H4_0_H1_5,records/eval_lowhighlow_97-503-1409.csv
TFG,LowHighLow,4,97-503-1409,4.2449832,0.169799328,lowhighlow,eval,high,roundtrip_H1_5_H4_0_H1_5,records/eval_lowhighlow_97-503-1409.csv
TFG,LowHighLow,4,97-503-1409,5.483778,0.219351128,lowhighlow,eval,fall,roundtrip_H1_5_H4_0_H1_5,records/eval_lowhighlow_97-503-1409.csv
TFG,LowHighLow,4,97-503-1409,1.99948084,0.0799792334,lowhighlow,eval,low_recover,roundtrip_H1_5_H4_0_H1_5,records/eval_lowhighlow_97-503-1409.csv
TFG,LowHighLow,4,97-503-1409,2.0770998,0.0830839947,lowhighlow,eval,low_return,roundtrip_H1_5_H4_0_H1_5,records/eval_lowhighlow_97-503-1409.csv
PII,LowHighLow,4,97-503-1409,9.5831852,0.383327395,lowhighlow,eval,,roundtrip_H1_5_H4_0_H1_5,records/eval_lowhighlow_97-503-1409.csv
PII,LowHighLow,4,97-503-1409,2.57661986,0.10306479,lowhighlow,eval,low_start,roundtrip_H1_5_H4_0_H1_5,records/eval_lowhighlow_97-503-1409.csv
PII,LowHighLow,4,97-503-1409,9.3836832,0.375347316,lowhighlow,eval,rise,roundtrip_H1_5_H4_0_H1_5,records/eval_lowhighlow_97-503-1409.csv
PII,LowHighLow,4,97-503-1409,17.8016624,0.712066472,lowhighlow,eval,high_recover,roundtrip_H1_5_H4_0_H1_5,records/eval_lowhighlow_97-503-1409.csv
PII,LowHighLow,4,97-503-1409,11.2783337,0.451133341,lowhighlow,eval,high,roundtrip_H1_5_H4_0_H1_5,records/eval_lowhighlow_97-503-1409.csv
PII,LowHighLow,4,97-503-1409,9.6724968,0.386899859,lowhighlow,eval,fall,roundtrip_H1_5_H4_0_H1_5,records/eval_lowhighlow_97-503-1409.csv
PII,LowHighLow,4,97-503-1409,2.6449616,0.105798461,lowhighlow,eval,low_recover,roundtrip_H1_5_H4_0_H1_5,records/eval_lowhighlow_97-503-1409.csv
PII,LowHighLow,4,97-503-1409,2.48054242,0.0992216989,lowhighlow,eval,low_return,roundtrip_H1_5_H4_0_H1_5,records/eval_lowhighlow_97-503-1409.csv
TVG-NLO,LowHighLow,4,97-503-1409,6.83482885,0.273393154,lowhighlow,eval,,roundtrip_H1_5_H4_0_H1_5,records/eval_lowhighlow_97-503-1409.csv
TVG-NLO,LowHighLow,4,97-503-1409,3.28638339,0.131455332,lowhighlow,eval,low_start,roundtrip_H1_5_H4_0_H1_5,records/eval_lowhighlow_97-503-1409.csv
TVG-NLO,LowHighLow,4,97-503-1409,7.08049965,0.283219993,lowhighlow,eval,rise,roundtrip_H1_5_H4_0_H1_5,records/eval_lowhighlow_97-503-1409.csv
TVG-NLO,LowHighLow,4,97-503-1409,11.9726963,0.478907853,lowhighlow,eval,high_recover,roundtrip_H1_5_H4_0_H1_5,records/eval_lowhighlow_97-503-1409.csv
TVG-NLO,LowHighLow,4,97-503-1409,5.64239597,0.225695834,lowhighlow,eval,high,roundtrip_H1_5_H4_0_H1_5,records/eval_lowhighlow_97-503-1409.csv
TVG-NLO,LowHighLow,4,97-503-1409,7.99584389,0.319833755,lowhighlow,eval,fall,roundtrip_H1_5_H4_0_H1_5,records/eval_lowhighlow_97-503-1409.csv
TVG-NLO,LowHighLow,4,97-503-1409,5.77682972,0.231073186,lowhighlow,eval,low_recover,roundtrip_H1_5_H4_0_H1_5,records/eval_lowhighlow_97-503-1409.csv
TVG-NLO,LowHighLow,4,97-503-1409,2.47347617,0.0989390463,lowhighlow,eval,low_return,roundtrip_H1_5_H4_0_H1_5,records/eval_lowhighlow_97-503-1409.csv
OU-III,JONSWAP,0.0500000007,97-503-1409,18.6714611,0.00933573022,low_motion,eval,,low_motion_H0_050,records/eval_lowmotion_97-503-1409.csv
OU-II,JONSWAP,0.0500000007,97-503-1409,18.6035423,0.00930177141,low_motion,eval,,low_motion_H0_050,records/eval_lowmotion_97-503-1409.csv
TFG,JONSWAP,0.0500000007,97-503-1409,30.2605934,0.0151302963,low_motion,eval,,low_motion_H0_050,records/eval_lowmotion_97-503-1409.csv
PII,JONSWAP,0.0500000007,97-503-1409,13.5509291,0.0067754644,low_motion,eval,,low_motion_H0_050,records/eval_lowmotion_97-503-1409.csv
TVG-NLO,JONSWAP,0.0500000007,97-503-1409,515.79834,0.257899165,low_motion,eval,,low_motion_H0_050,records/eval_lowmotion_97-503-1409.csv
OU-III,Crossfade,4,97-503-1409,4.61608315,0.184643328,ramp,eval,,rapid_H1_5_to_H4_0,records/eval_ramp_97-503-1409.csv
OU-III,Crossfade,4,97-503-1409,2.06380796,0.0825523213,ramp,eval,start,rapid_H1_5_to_H4_0,records/eval_ramp_97-503-1409.csv
OU-III,Crossfade,4,97-503-1409,4.19464302,0.167785719,ramp,eval,blend,rapid_H1_5_to_H4_0,records/eval_ramp_97-503-1409.csv
OU-III,Crossfade,4,97-503-1409,9.07087803,0.362835139,ramp,eval,recover,rapid_H1_5_to_H4_0,records/eval_ramp_97-503-1409.csv
OU-III,Crossfade,4,97-503-1409,5.19311523,0.207724601,ramp,eval,end,rapid_H1_5_to_H4_0,records/eval_ramp_97-503-1409.csv
OU-II,Crossfade,4,97-503-1409,5.99046183,0.239618465,ramp,eval,,rapid_H1_5_to_H4_0,records/eval_ramp_97-503-1409.csv
OU-II,Crossfade,4,97-503-1409,2.75049067,0.110019624,ramp,eval,start,rapid_H1_5_to_H4_0,records/eval_ramp_97-503-1409.csv
OU-II,Crossfade,4,97-503-1409,4.62514639,0.185005859,ramp,eval,blend,rapid_H1_5_to_H4_0,records/eval_ramp_97-503-1409.csv
OU-II,Crossfade,4,97-503-1409,8.64830875,0.345932364,ramp,eval,recover,rapid_H1_5_to_H4_0,records/eval_ramp_97-503-1409.csv
OU-II,Crossfade,4,97-503-1409,7.00779724,0.280311882,ramp,eval,end,rapid_H1_5_to_H4_0,records/eval_ramp_97-503-1409.csv
TFG,Crossfade,4,97-503-1409,4.65383434,0.186153367,ramp,eval,,rapid_H1_5_to_H4_0,records/eval_ramp_97-503-1409.csv
TFG,Crossfade,4,97-503-1409,2.03020048,0.0812080204,ramp,eval,start,rapid_H1_5_to_H4_0,records/eval_ramp_97-503-1409.csv
TFG,Crossfade,4,97-503-1409,4.28041744,0.171216697,ramp,eval,blend,rapid_H1_5_to_H4_0,records/eval_ramp_97-503-1409.csv
TFG,Crossfade,4,97-503-1409,9.48009586,0.379203826,ramp,eval,recover,rapid_H1_5_to_H4_0,records/eval_ramp_97-503-1409.csv
TFG,Crossfade,4,97-503-1409,5.21124792,0.208449915,ramp,eval,end,rapid_H1_5_to_H4_0,records/eval_ramp_97-503-1409.csv
PII,Crossfade,4,97-503-1409,11.1487703,0.445950806,ramp,eval,,rapid_H1_5_to_H4_0,records/eval_ramp_97-503-1409.csv
PII,Crossfade,4,97-503-1409,2.43164849,0.0972659439,ramp,eval,start,rapid_H1_5_to_H4_0,records/eval_ramp_97-503-1409.csv
PII,Crossfade,4,97-503-1409,6.50833321,0.260333329,ramp,eval,blend,rapid_H1_5_to_H4_0,records/eval_ramp_97-503-1409.csv
PII,Crossfade,4,97-503-1409,16.5480461,0.661921859,ramp,eval,recover,rapid_H1_5_to_H4_0,records/eval_ramp_97-503-1409.csv
PII,Crossfade,4,97-503-1409,13.4696722,0.538786888,ramp,eval,end,rapid_H1_5_to_H4_0,records/eval_ramp_97-503-1409.csv
TVG-NLO,Crossfade,4,97-503-1409,7.03953075,0.281581223,ramp,eval,,rapid_H1_5_to_H4_0,records/eval_ramp_97-503-1409.csv
TVG-NLO,Crossfade,4,97-503-1409,2.90035963,0.116014384,ramp,eval,start,rapid_H1_5_to_H4_0,records/eval_ramp_97-503-1409.csv
TVG-NLO,Crossfade,4,97-503-1409,6.18497562,0.247399017,ramp,eval,blend,rapid_H1_5_to_H4_0,records/eval_ramp_97-503-1409.csv
TVG-NLO,Crossfade,4,97-503-1409,15.6636019,0.626544058,ramp,eval,recover,rapid_H1_5_to_H4_0,records/eval_ramp_97-503-1409.csv
TVG-NLO,Crossfade,4,97-503-1409,7.79164934,0.311665982,ramp,eval,end,rapid_H1_5_to_H4_0,records/eval_ramp_97-503-1409.csv
OU-III,JONSWAP,0.270000011,131-601-1511,4.33086014,0.0116933221,stationary,eval,,stationary_jonswap_H0_270_L14_047_A30_00_P60_00,records/eval_stationary_jonswap_H0_270_L14_047_A30_00_P60_00_131-601-1511.csv
OU-II,JONSWAP,0.270000011,131-601-1511,6.10908985,0.0164945424,stationary,eval,,stationary_jonswap_H0_270_L14_047_A30_00_P60_00,records/eval_stationary_jonswap_H0_270_L14_047_A30_00_P60_00_131-601-1511.csv
TFG,JONSWAP,0.270000011,131-601-1511,4.4858923,0.0121119097,stationary,eval,,stationary_jonswap_H0_270_L14_047_A30_00_P60_00,records/eval_stationary_jonswap_H0_270_L14_047_A30_00_P60_00_131-601-1511.csv
PII,JONSWAP,0.270000011,131-601-1511,3.69938898,0.00998835079,stationary,eval,,stationary_jonswap_H0_270_L14_047_A30_00_P60_00,records/eval_stationary_jonswap_H0_270_L14_047_A30_00_P60_00_131-601-1511.csv
TVG-NLO,JONSWAP,0.270000011,131-601-1511,7.16345501,0.0193413291,stationary,eval,,stationary_jonswap_H0_270_L14_047_A30_00_P60_00,records/eval_stationary_jonswap_H0_270_L14_047_A30_00_P60_00_131-601-1511.csv
OU-III,JONSWAP,1.5,131-601-1511,5.04182291,0.0756273493,stationary,eval,,stationary_jonswap_H1_500_L50_710_A_30_00_P120_00,records/eval_stationary_jonswap_H1_500_L50_710_A_30_00_P120_00_131-601-1511.csv
OU-II,JONSWAP,1.5,131-601-1511,6.9764266,0.1046464,stationary,eval,,stationary_jonswap_H1_500_L50_710_A_30_00_P120_00,records/eval_stationary_jonswap_H1_500_L50_710_A_30_00_P120_00_131-601-1511.csv
TFG,JONSWAP,1.5,131-601-1511,5.09693623,0.0764540434,stationary,eval,,stationary_jonswap_H1_500_L50_710_A_30_00_P120_00,records/eval_stationary_jonswap_H1_500_L50_710_A_30_00_P120_00_131-601-1511.csv
PII,JONSWAP,1.5,131-601-1511,6.65267849,0.0997901782,stationary,eval,,stationary_jonswap_H1_500_L50_710_A_30_00_P120_00,records/eval_stationary_jonswap_H1_500_L50_710_A_30_00_P120_00_131-601-1511.csv
TVG-NLO,JONSWAP,1.5,131-601-1511,7.4448266,0.111672401,stationary,eval,,stationary_jonswap_H1_500_L50_710_A_30_00_P120_00,records/eval_stationary_jonswap_H1_500_L50_710_A_30_00_P120_00_131-601-1511.csv
OU-III,JONSWAP,4,131-601-1511,4.44545984,0.177818388,stationary,eval,,stationary_jonswap_H4_000_L112_766_A30_00_P30_00,records/eval_stationary_jonswap_H4_000_L112_766_A30_00_P30_00_131-601-1511.csv
OU-II,JONSWAP,4,131-601-1511,6.54863548,0.261945426,stationary,eval,,stationary_jonswap_H4_000_L112_766_A30_00_P30_00,records/eval_stationary_jonswap_H4_000_L112_766_A30_00_P30_00_131-601-1511.csv
TFG,JONSWAP,4,131-601-1511,4.44155884,0.177662358,stationary,eval,,stationary_jonswap_H4_000_L112_766_A30_00_P30_00,records/eval_stationary_jonswap_H4_000_L112_766_A30_00_P30_00_131-601-1511.csv
PII,JONSWAP,4,131-601-1511,6.29653358,0.251861334,stationary,eval,,stationary_jonswap_H4_000_L112_766_A30_00_P30_00,records/eval_stationary_jonswap_H4_000_L112_766_A30_00_P30_00_131-601-1511.csv
TVG-NLO,JONSWAP,4,131-601-1511,7.29073381,0.291629344,stationary,eval,,stationary_jonswap_H4_000_L112_766_A30_00_P30_00,records/eval_stationary_jonswap_H4_000_L112_766_A30_00_P30_00_131-601-1511.csv
OU-III,JONSWAP,8.5,131-601-1511,4.25468206,0.361647993,stationary,eval,,stationary_jonswap_H8_500_L202_839_A_30_00_P72_00,records/eval_stationary_jonswap_H8_500_L202_839_A_30_00_P72_00_131-601-1511.csv
OU-II,JONSWAP,8.5,131-601-1511,6.54476738,0.55630523,stationary,eval,,stationary_jonswap_H8_500_L202_839_A_30_00_P72_00,records/eval_stationary_jonswap_H8_500_L202_839_A_30_00_P72_00_131-601-1511.csv
TFG,JONSWAP,8.5,131-601-1511,4.23122931,0.359654516,stationary,eval,,stationary_jonswap_H8_500_L202_839_A_30_00_P72_00,records/eval_stationary_jonswap_H8_500_L202_839_A_30_00_P72_00_131-601-1511.csv
PII,JONSWAP,8.5,131-601-1511,8.29659939,0.705210924,stationary,eval,,stationary_jonswap_H8_500_L202_839_A_30_00_P72_00,records/eval_stationary_jonswap_H8_500_L202_839_A_30_00_P72_00_131-601-1511.csv
TVG-NLO,JONSWAP,8.5,131-601-1511,8.52386856,0.724528849,stationary,eval,,stationary_jonswap_H8_500_L202_839_A_30_00_P72_00,records/eval_stationary_jonswap_H8_500_L202_839_A_30_00_P72_00_131-601-1511.csv
OU-III,PM-Stokes,0.270000011,131-601-1511,4.38413143,0.0118371546,stationary,eval,,stationary_pmstokes_H0_270_L14_047_A30_00_P60_00,records/eval_stationary_pmstokes_H0_270_L14_047_A30_00_P60_00_131-601-1511.csv
OU-II,PM-Stokes,0.270000011,131-601-1511,5.96106195,0.0160948671,stationary,eval,,stationary_pmstokes_H0_270_L14_047_A30_00_P60_00,records/eval_stationary_pmstokes_H0_270_L14_047_A30_00_P60_00_131-601-1511.csv
TFG,PM-Stokes,0.270000011,131-601-1511,4.53093576,0.0122335264,stationary,eval,,stationary_pmstokes_H0_270_L14_047_A30_00_P60_00,records/eval_stationary_pmstokes_H0_270_L14_047_A30_00_P60_00_131-601-1511.csv
PII,PM-Stokes,0.270000011,131-601-1511,3.89057279,0.0105045466,stationary,eval,,stationary_pmstokes_H0_270_L14_047_A30_00_P60_00,records/eval_stationary_pmstokes_H0_270_L14_047_A30_00_P60_00_131-601-1511.csv
TVG-NLO,PM-Stokes,0.270000011,131-601-1511,7.44133806,0.0200916138,stationary,eval,,stationary_pmstokes_H0_270_L14_047_A30_00_P60_00,records/eval_stationary_pmstokes_H0_270_L14_047_A30_00_P60_00_131-601-1511.csv
OU-III,PM-Stokes,1.5,131-601-1511,4.97392416,0.0746088624,stationary,eval,,stationary_pmstokes_H1_500_L50_710_A_30_00_P120_00,records/eval_stationary_pmstokes_H1_500_L50_710_A_30_00_P120_00_131-601-1511.csv
OU-II,PM-Stokes,1.5,131-601-1511,6.81067371,0.102160111,stationary,eval,,stationary_pmstokes_H1_500_L50_710_A_30_00_P120_00,records/eval_stationary_pmstokes_H1_500_L50_710_A_30_00_P120_00_131-601-1511.csv
TFG,PM-Stokes,1.5,131-601-1511,5.03063679,0.0754595548,stationary,eval,,stationary_pmstokes_H1_500_L50_710_A_30_00_P120_00,records/eval_stationary_pmstokes_H1_500_L50_710_A_30_00_P120_00_131-601-1511.csv
PII,PM-Stokes,1.5,131-601-1511,6.72689581,0.100903444,stationary,eval,,stationary_pmstokes_H1_500_L50_710_A_30_00_P120_00,records/eval_stationary_pmstokes_H1_500_L50_710_A_30_00_P120_00_131-601-1511.csv
TVG-NLO,PM-Stokes,1.5,131-601-1511,7.14983511,0.107247531,stationary,eval,,stationary_pmstokes_H1_500_L50_710_A_30_00_P120_00,records/eval_stationary_pmstokes_H1_500_L50_710_A_30_00_P120_00_131-601-1511.csv
OU-III,PM-Stokes,4,131-601-1511,4.26353741,0.170541495,stationary,eval,,stationary_pmstokes_H4_000_L112_766_A30_00_P30_00,records/eval_stationary_pmstokes_H4_000_L112_766_A30_00_P30_00_131-601-1511.csv
OU-II,PM-Stokes,4,131-601-1511,6.4504118,0.258016467,stationary,eval,,stationary_pmstokes_H4_000_L112_766_A30_00_P30_00,records/eval_stationary_pmstokes_H4_000_L112_766_A30_00_P30_00_131-601-1511.csv
TFG,PM-Stokes,4,131-601-1511,4.28089571,0.17123583,stationary,eval,,stationary_pmstokes_H4_000_L112_766_A30_00_P30_00,records/eval_stationary_pmstokes_H4_000_L112_766_A30_00_P30_00_131-601-1511.csv
PII,PM-Stokes,4,131-601-1511,6.25095272,0.250038117,stationary,eval,,stationary_pmstokes_H4_000_L112_766_A30_00_P30_00,records/eval_stationary_pmstokes_H4_000_L112_766_A30_00_P30_00_131-601-1511.csv
TVG-NLO,PM-Stokes,4,131-601-1511,7.07011223,0.282804489,stationary,eval,,stationary_pmstokes_H4_000_L112_766_A30_00_P30_00,records/eval_stationary_pmstokes_H4_000_L112_766_A30_00_P30_00_131-601-1511.csv
OU-III,PM-Stokes,8.5,131-601-1511,4.14426994,0.352262944,stationary,eval,,stationary_pmstokes_H8_500_L202_839_A_30_00_P72_00,records/eval_stationary_pmstokes_H8_500_L202_839_A_30_00_P72_00_131-601-1511.csv
OU-II,PM-Stokes,8.5,131-601-1511,6.32446146,0.537579238,stationary,eval,,stationary_pmstokes_H8_500_L202_839_A_30_00_P72_00,records/eval_stationary_pmstokes_H8_500_L202_839_A_30_00_P72_00_131-601-1511.csv
TFG,PM-Stokes,8.5,131-601-1511,4.11757326,0.349993736,stationary,eval,,stationary_pmstokes_H8_500_L202_839_A_30_00_P72_00,records/eval_stationary_pmstokes_H8_500_L202_839_A_30_00_P72_00_131-601-1511.csv
PII,PM-Stokes,8.5,131-601-1511,9.34683514,0.794481039,stationary,eval,,stationary_pmstokes_H8_500_L202_839_A_30_00_P72_00,records/eval_stationary_pmstokes_H8_500_L202_839_A_30_00_P72_00_131-601-1511.csv
TVG-NLO,PM-Stokes,8.5,131-601-1511,8.28934479,0.704594314,stationary,eval,,stationary_pmstokes_H8_500_L202_839_A_30_00_P72_00,records/eval_stationary_pmstokes_H8_500_L202_839_A_30_00_P72_00_131-601-1511.csv
OU-III,Crossfade,4,131-601-1511,4.88057518,0.195223004,crossfade,eval,,nonstationary_H1_5_to_H4_0_Tp5_7_to_11_4,records/eval_crossfade_131-601-1511.csv
OU-III,Crossfade,4,131-601-1511,1.90171862,0.0760687441,crossfade,eval,start,nonstationary_H1_5_to_H4_0_Tp5_7_to_11_4,records/eval_crossfade_131-601-1511.csv
OU-III,Crossfade,4,131-601-1511,4.64126301,0.185650513,crossfade,eval,blend,nonstationary_H1_5_to_H4_0_Tp5_7_to_11_4,records/eval_crossfade_131-601-1511.csv
OU-III,Crossfade,4,131-601-1511,5.74830532,0.229932219,crossfade,eval,recover,nonstationary_H1_5_to_H4_0_Tp5_7_to_11_4,records/eval_crossfade_131-601-1511.csv
OU-III,Crossfade,4,131-601-1511,5.77763367,0.231105343,crossfade,eval,end,nonstationary_H1_5_to_H4_0_Tp5_7_to_11_4,records/eval_crossfade_131-601-1511.csv
OU-II,Crossfade,4,131-601-1511,6.81951189,0.272780478,crossfade,eval,,nonstationary_H1_5_to_H4_0_Tp5_7_to_11_4,records/eval_crossfade_131-601-1511.csv
OU-II,Crossfade,4,131-601-1511,2.67395067,0.106958032,crossfade,eval,start,nonstationary_H1_5_to_H4_0_Tp5_7_to_11_4,records/eval_crossfade_131-601-1511.csv
OU-II,Crossfade,4,131-601-1511,5.79844904,0.23193796,crossfade,eval,blend,nonstationary_H1_5_to_H4_0_Tp5_7_to_11_4,records/eval_crossfade_131-601-1511.csv
OU-II,Crossfade,4,131-601-1511,7.91051626,0.316420645,crossfade,eval,recover,nonstationary_H1_5_to_H4_0_Tp5_7_to_11_4,records/eval_crossfade_131-601-1511.csv
OU-II,Crossfade,4,131-601-1511,8.25128078,0.330051214,crossfade,eval,end,nonstationary_H1_5_to_H4_0_Tp5_7_to_11_4,records/eval_crossfade_131-601-1511.csv
TFG,Crossfade,4,131-601-1511,4.85183096,0.194073245,crossfade,eval,,nonstationary_H1_5_to_H4_0_Tp5_7_to_11_4,records/eval_crossfade_131-601-1511.csv
TFG,Crossfade,4,131-601-1511,1.91268516,0.0765074044,crossfade,eval,start,nonstationary_H1_5_to_H4_0_Tp5_7_to_11_4,records/eval_crossfade_131-601-1511.csv
TFG,Crossfade,4,131-601-1511,4.6486969,0.18594788,crossfade,eval,blend,nonstationary_H1_5_to_H4_0_Tp5_7_to_11_4,records/eval_crossfade_131-601-1511.csv
TFG,Crossfade,4,131-601-1511,5.53037548,0.22121501,crossfade,eval,recover,nonstationary_H1_5_to_H4_0_Tp5_7_to_11_4,records/eval_crossfade_131-601-1511.csv
TFG,Crossfade,4,131-601-1511,5.78274488,0.231309801,crossfade,eval,end,nonstationary_H1_5_to_H4_0_Tp5_7_to_11_4,records/eval_crossfade_131-601-1511.csv
PII,Crossfade,4,131-601-1511,13.5167408,0.54066962,crossfade,eval,,nonstationary_H1_5_to_H4_0_Tp5_7_to_11_4,records/eval_crossfade_131-601-1511.csv
PII,Crossfade,4,131-601-1511,2.11565018,0.0846260041,crossfade,eval,start,nonstationary_H1_5_to_H4_0_Tp5_7_to_11_4,records/eval_crossfade_131-601-1511.csv
PII,Crossfade,4,131-601-1511,12.9292784,0.517171144,crossfade,eval,blend,nonstationary_H1_5_to_H4_0_Tp5_7_to_11_4,records/eval_crossfade_131-601-1511.csv
PII,Crossfade,4,131-601-1511,19.0297165,0.761188686,crossfade,eval,recover,nonstationary_H1_5_to_H4_0_Tp5_7_to_11_4,records/eval_crossfade_131-601-1511.csv
PII,Crossfade,4,131-601-1511,15.4184046,0.616736174,crossfade,eval,end,nonstationary_H1_5_to_H4_0_Tp5_7_to_11_4,records/eval_crossfade_131-601-1511.csv
TVG-NLO,Crossfade,4,131-601-1511,8.11576462,0.324630588,crossfade,eval,,nonstationary_H1_5_to_H4_0_Tp5_7_to_11_4,records/eval_crossfade_131-601-1511.csv
TVG-NLO,Crossfade,4,131-601-1511,2.67067194,0.106826879,crossfade,eval,start,nonstationary_H1_5_to_H4_0_Tp5_7_to_11_4,records/eval_crossfade_131-601-1511.csv
TVG-NLO,Crossfade,4,131-601-1511,11.1313772,0.445255101,crossfade,eval,blend,nonstationary_H1_5_to_H4_0_Tp5_7_to_11_4,records/eval_crossfade_131-601-1511.csv
TVG-NLO,Crossfade,4,131-601-1511,11.4135542,0.456542164,crossfade,eval,recover,nonstationary_H1_5_to_H4_0_Tp5_7_to_11_4,records/eval_crossfade_131-601-1511.csv
TVG-NLO,Crossfade,4,131-601-1511,8.02811718,0.321124673,crossfade,eval,end,nonstationary_H1_5_to_H4_0_Tp5_7_to_11_4,records/eval_crossfade_131-601-1511.csv
OU-III,LowHighLow,4,131-601-1511,4.28309345,0.171323732,lowhighlow,eval,,roundtrip_H1_5_H4_0_H1_5,records/eval_lowhighlow_131-601-1511.csv
OU-III,LowHighLow,4,131-601-1511,1.95715368,0.0782861486,lowhighlow,eval,low_start,roundtrip_H1_5_H4_0_H1_5,records/eval_lowhighlow_131-601-1511.csv
OU-III,LowHighLow,4,131-601-1511,5.62211561,0.224884629,lowhighlow,eval,rise,roundtrip_H1_5_H4_0_H1_5,records/eval_lowhighlow_131-601-1511.csv
OU-III,LowHighLow,4,131-601-1511,5.41829443,0.216731772,lowhighlow,eval,high_recover,roundtrip_H1_5_H4_0_H1_5,records/eval_lowhighlow_131-601-1511.csv
OU-III,LowHighLow,4,131-601-1511,5.28927612,0.211571053,lowhighlow,eval,high,roundtrip_H1_5_H4_0_H1_5,records/eval_lowhighlow_131-601-1511.csv
OU-III,LowHighLow,4,131-601-1511,5.02078629,0.200831443,lowhighlow,eval,fall,roundtrip_H1_5_H4_0_H1_5,records/eval_lowhighlow_131-601-1511.csv
OU-III,LowHighLow,4,131-601-1511,2.52408481,0.100963391,lowhighlow,eval,low_recover,roundtrip_H1_5_H4_0_H1_5,records/eval_lowhighlow_131-601-1511.csv
OU-III,LowHighLow,4,131-601-1511,1.84910023,0.0739640072,lowhighlow,eval,low_return,roundtrip_H1_5_H4_0_H1_5,records/eval_lowhighlow_131-601-1511.csv
OU-II,LowHighLow,4,131-601-1511,5.8287077,0.233148307,lowhighlow,eval,,roundtrip_H1_5_H4_0_H1_5,records/eval_lowhighlow_131-601-1511.csv
OU-II,LowHighLow,4,131-601-1511,2.72854519,0.109141804,lowhighlow,eval,low_start,roundtrip_H1_5_H4_0_H1_5,records/eval_lowhighlow_131-601-1511.csv
OU-II,LowHighLow,4,131-601-1511,6.66886044,0.266754419,lowhighlow,eval,rise,roundtrip_H1_5_H4_0_H1_5,records/eval_lowhighlow_131-601-1511.csv
OU-II,LowHighLow,4,131-601-1511,8.10480976,0.324192405,lowhighlow,eval,high_recover,roundtrip_H1_5_H4_0_H1_5,records/eval_lowhighlow_131-601-1511.csv
OU-II,LowHighLow,4,131-601-1511,7.53829765,0.301531911,lowhighlow,eval,high,roundtrip_H1_5_H4_0_H1_5,records/eval_lowhighlow_131-601-1511.csv
OU-II,LowHighLow,4,131-601-1511,6.7692399,0.270769596,lowhighlow,eval,fall,roundtrip_H1_5_H4_0_H1_5,records/eval_lowhighlow_131-601-1511.csv
OU-II,LowHighLow,4,131-601-1511,3.01313496,0.120525397,lowhighlow,eval,low_recover,roundtrip_H1_5_H4_0_H1_5,records/eval_lowhighlow_131-601-1511.csv
OU-II,LowHighLow,4,131-601-1511,2.41862082,0.0967448354,lowhighlow,eval,low_return,roundtrip_H1_5_H4_0_H1_5,records/eval_lowhighlow_131-601-1511.csv
TFG,LowHighLow,4,131-601-1511,4.30052519,0.172021016,lowhighlow,eval,,roundtrip_H1_5_H4_0_H1_5,records/eval_lowhighlow_131-601-1511.csv
TFG,LowHighLow,4,131-601-1511,1.96569896,0.0786279589,lowhighlow,eval,low_start,roundtrip_H1_5_H4_0_H1_5,records/eval_lowhighlow_131-601-1511.csv
TFG,LowHighLow,4,131-601-1511,5.76131439,0.230452567,lowhighlow,eval,rise,roundtrip_H1_5_H4_0_H1_5,records/eval_lowhighlow_131-601-1511.csv
TFG,LowHighLow,4,131-601-1511,5.46910381,0.218764156,lowhighlow,eval,high_recover,roundtrip_H1_5_H4_0_H1_5,records/eval_lowhighlow_131-601-1511.csv
TFG,LowHighLow,4,131-601-1511,5.12331581,0.20493263,lowhighlow,eval,high,roundtrip_H1_5_H4_0_H1_5,records/eval_lowhighlow_131-601-1511.csv
TFG,LowHighLow,4,131-601-1511,5.14968395,0.205987364,lowhighlow,eval,fall,roundtrip_H1_5_H4_0_H1_5,records/eval_lowhighlow_131-601-1511.csv
TFG,LowHighLow,4,131-601-1511,2.53243923,0.101297565,lowhighlow,eval,low_recover,roundtrip_H1_5_H4_0_H1_5,records/eval_lowhighlow_131-601-1511.csv
TFG,LowHighLow,4,131-601-1511,1.83106959,0.0732427835,lowhighlow,eval,low_return,roundtrip_H1_5_H4_0_H1_5,records/eval_lowhighlow_131-601-1511.csv
PII,LowHighLow,4,131-601-1511,11.1140165,0.444560647,lowhighlow,eval,,roundtrip_H1_5_H4_0_H1_5,records/eval_lowhighlow_131-601-1511.csv
PII,LowHighLow,4,131-601-1511,2.29055667,0.0916222706,lowhighlow,eval,low_start,roundtrip_H1_5_H4_0_H1_5,records/eval_lowhighlow_131-601-1511.csv
PII,LowHighLow,4,131-601-1511,10.859683,0.434387326,lowhighlow,eval,rise,roundtrip_H1_5_H4_0_H1_5,records/eval_lowhighlow_131-601-1511.csv
PII,LowHighLow,4,131-601-1511,17.9818897,0.719275594,lowhighlow,eval,high_recover,roundtrip_H1_5_H4_0_H1_5,records/eval_lowhighlow_131-601-1511.csv
PII,LowHighLow,4,131-601-1511,16.3339787,0.653359115,lowhighlow,eval,high,roundtrip_H1_5_H4_0_H1_5,records/eval_lowhighlow_131-601-1511.csv
PII,LowHighLow,4,131-601-1511,10.4470119,0.417880476,lowhighlow,eval,fall,roundtrip_H1_5_H4_0_H1_5,records/eval_lowhighlow_131-601-1511.csv
PII,LowHighLow,4,131-601-1511,2.71681881,0.108672753,lowhighlow,eval,low_recover,roundtrip_H1_5_H4_0_H1_5,records/eval_lowhighlow_131-601-1511.csv
PII,LowHighLow,4,131-601-1511,2.55830002,0.102331996,lowhighlow,eval,low_return,roundtrip_H1_5_H4_0_H1_5,records/eval_lowhighlow_131-601-1511.csv
TVG-NLO,LowHighLow,4,131-601-1511,7.07127666,0.28285107,lowhighlow,eval,,roundtrip_H1_5_H4_0_H1_5,records/eval_lowhighlow_131-601-1511.csv
TVG-NLO,LowHighLow,4,131-601-1511,2.71965981,0.108786397,lowhighlow,eval,low_start,roundtrip_H1_5_H4_0_H1_5,records/eval_lowhighlow_131-601-1511.csv
TVG-NLO,LowHighLow,4,131-601-1511,8.49225903,0.339690357,lowhighlow,eval,rise,roundtrip_H1_5_H4_0_H1_5,records/eval_lowhighlow_131-601-1511.csv
TVG-NLO,LowHighLow,4,131-601-1511,11.2036581,0.448146313,lowhighlow,eval,high_recover,roundtrip_H1_5_H4_0_H1_5,records/eval_lowhighlow_131-601-1511.csv
TVG-NLO,LowHighLow,4,131-601-1511,8.19720554,0.327888221,lowhighlow,eval,high,roundtrip_H1_5_H4_0_H1_5,records/eval_lowhighlow_131-601-1511.csv
TVG-NLO,LowHighLow,4,131-601-1511,7.66271353,0.306508541,lowhighlow,eval,fall,roundtrip_H1_5_H4_0_H1_5,records/eval_lowhighlow_131-601-1511.csv
TVG-NLO,LowHighLow,4,131-601-1511,3.75049496,0.150019795,lowhighlow,eval,low_recover,roundtrip_H1_5_H4_0_H1_5,records/eval_lowhighlow_131-601-1511.csv
TVG-NLO,LowHighLow,4,131-601-1511,2.57823372,0.10312935,lowhighlow,eval,low_return,roundtrip_H1_5_H4_0_H1_5,records/eval_lowhighlow_131-601-1511.csv
OU-III,JONSWAP,0.0500000007,131-601-1511,19.9585896,0.00997929461,low_motion,eval,,low_motion_H0_050,records/eval_lowmotion_131-601-1511.csv
OU-II,JONSWAP,0.0500000007,131-601-1511,18.4229012,0.00921145082,low_motion,eval,,low_motion_H0_050,records/eval_lowmotion_131-601-1511.csv
TFG,JONSWAP,0.0500000007,131-601-1511,30.4771271,0.0152385635,low_motion,eval,,low_motion_H0_050,records/eval_lowmotion_131-601-1511.csv
PII,JONSWAP,0.0500000007,131-601-1511,14.0566349,0.00702831754,low_motion,eval,,low_motion_H0_050,records/eval_lowmotion_131-601-1511.csv
TVG-NLO,JONSWAP,0.0500000007,131-601-1511,800.731201,0.400365591,low_motion,eval,,low_motion_H0_050,records/eval_lowmotion_131-601-1511.csv
OU-III,Crossfade,4,131-601-1511,4.99365807,0.199746326,ramp,eval,,rapid_H1_5_to_H4_0,records/eval_ramp_131-601-1511.csv
OU-III,Crossfade,4,131-601-1511,1.89934635,0.0759738535,ramp,eval,start,rapid_H1_5_to_H4_0,records/eval_ramp_131-601-1511.csv
OU-III,Crossfade,4,131-601-1511,8.81796932,0.352718771,ramp,eval,blend,rapid_H1_5_to_H4_0,records/eval_ramp_131-601-1511.csv
OU-III,Crossfade,4,131-601-1511,5.16528988,0.206611589,ramp,eval,recover,rapid_H1_5_to_H4_0,records/eval_ramp_131-601-1511.csv
OU-III,Crossfade,4,131-601-1511,5.7393837,0.229575351,ramp,eval,end,rapid_H1_5_to_H4_0,records/eval_ramp_131-601-1511.csv
OU-II,Crossfade,4,131-601-1511,6.8913641,0.275654554,ramp,eval,,rapid_H1_5_to_H4_0,records/eval_ramp_131-601-1511.csv
OU-II,Crossfade,4,131-601-1511,2.69272804,0.107709117,ramp,eval,start,rapid_H1_5_to_H4_0,records/eval_ramp_131-601-1511.csv
OU-II,Crossfade,4,131-601-1511,8.13820744,0.325528294,ramp,eval,blend,rapid_H1_5_to_H4_0,records/eval_ramp_131-601-1511.csv
OU-II,Crossfade,4,131-601-1511,8.45283318,0.338113308,ramp,eval,recover,rapid_H1_5_to_H4_0,records/eval_ramp_131-601-1511.csv
OU-II,Crossfade,4,131-601-1511,8.11462975,0.324585199,ramp,eval,end,rapid_H1_5_to_H4_0,records/eval_ramp_131-601-1511.csv
TFG,Crossfade,4,131-601-1511,4.9822278,0.199289113,ramp,eval,,rapid_H1_5_to_H4_0,records/eval_ramp_131-601-1511.csv
TFG,Crossfade,4,131-601-1511,1.91084039,0.0764336139,ramp,eval,start,rapid_H1_5_to_H4_0,records/eval_ramp_131-601-1511.csv
TFG,Crossfade,4,131-601-1511,8.90450001,0.356179982,ramp,eval,blend,rapid_H1_5_to_H4_0,records/eval_ramp_131-601-1511.csv
TFG,Crossfade,4,131-601-1511,5.28960466,0.211584181,ramp,eval,recover,rapid_H1_5_to_H4_0,records/eval_ramp_131-601-1511.csv
TFG,Crossfade,4,131-601-1511,5.70786953,0.228314787,ramp,eval,end,rapid_H1_5_to_H4_0,records/eval_ramp_131-601-1511.csv
PII,Crossfade,4,131-601-1511,13.5480928,0.541923702,ramp,eval,,rapid_H1_5_to_H4_0,records/eval_ramp_131-601-1511.csv
PII,Crossfade,4,131-601-1511,2.18067265,0.0872269049,ramp,eval,start,rapid_H1_5_to_H4_0,records/eval_ramp_131-601-1511.csv
PII,Crossfade,4,131-601-1511,15.6844358,0.62737745,ramp,eval,blend,rapid_H1_5_to_H4_0,records/eval_ramp_131-601-1511.csv
PII,Crossfade,4,131-601-1511,24.4685001,0.978740036,ramp,eval,recover,rapid_H1_5_to_H4_0,records/eval_ramp_131-601-1511.csv
PII,Crossfade,4,131-601-1511,15.7971191,0.631884754,ramp,eval,end,rapid_H1_5_to_H4_0,records/eval_ramp_131-601-1511.csv
TVG-NLO,Crossfade,4,131-601-1511,8.50053215,0.340021282,ramp,eval,,rapid_H1_5_to_H4_0,records/eval_ramp_131-601-1511.csv
TVG-NLO,Crossfade,4,131-601-1511,2.74342251,0.109736905,ramp,eval,start,rapid_H1_5_to_H4_0,records/eval_ramp_131-601-1511.csv
TVG-NLO,Crossfade,4,131-601-1511,14.1463442,0.565853775,ramp,eval,blend,rapid_H1_5_to_H4_0,records/eval_ramp_131-601-1511.csv
TVG-NLO,Crossfade,4,131-601-1511,21.0305023,0.841220081,ramp,eval,recover,rapid_H1_5_to_H4_0,records/eval_ramp_131-601-1511.csv
TVG-NLO,Crossfade,4,131-601-1511,8.86517906,0.354607165,ramp,eval,end,rapid_H1_5_to_H4_0,records/eval_ramp_131-601-1511.csv
OU-III,JONSWAP,0.270000011,173-701-1601,4.27844048,0.0115517899,stationary,eval,,stationary_jonswap_H0_270_L14_047_A30_00_P60_00,records/eval_stationary_jonswap_H0_270_L14_047_A30_00_P60_00_173-701-1601.csv
OU-II,JONSWAP,0.270000011,173-701-1601,6.08227015,0.0164221302,stationary,eval,,stationary_jonswap_H0_270_L14_047_A30_00_P60_00,records/eval_stationary_jonswap_H0_270_L14_047_A30_00_P60_00_173-701-1601.csv
TFG,JONSWAP,0.270000011,173-701-1601,4.43999624,0.0119879907,stationary,eval,,stationary_jonswap_H0_270_L14_047_A30_00_P60_00,records/eval_stationary_jonswap_H0_270_L14_047_A30_00_P60_00_173-701-1601.csv
PII,JONSWAP,0.270000011,173-701-1601,3.71823764,0.010039242,stationary,eval,,stationary_jonswap_H0_270_L14_047_A30_00_P60_00,records/eval_stationary_jonswap_H0_270_L14_047_A30_00_P60_00_173-701-1601.csv
TVG-NLO,JONSWAP,0.270000011,173-701-1601,13.5831423,0.0366744846,stationary,eval,,stationary_jonswap_H0_270_L14_047_A30_00_P60_00,records/eval_stationary_jonswap_H0_270_L14_047_A30_00_P60_00_173-701-1601.csv
OU-III,JONSWAP,1.5,173-701-1601,4.84978437,0.0727467686,stationary,eval,,stationary_jonswap_H1_500_L50_710_A_30_00_P120_00,records/eval_stationary_jonswap_H1_500_L50_710_A_30_00_P120_00_173-701-1601.csv
OU-II,JONSWAP,1.5,173-701-1601,6.46535873,0.0969803855,stationary,eval,,stationary_jonswap_H1_500_L50_710_A_30_00_P120_00,records/eval_stationary_jonswap_H1_500_L50_710_A_30_00_P120_00_173-701-1601.csv
TFG,JONSWAP,1.5,173-701-1601,4.81745863,0.0722618848,stationary,eval,,stationary_jonswap_H1_500_L50_710_A_30_00_P120_00,records/eval_stationary_jonswap_H1_500_L50_710_A_30_00_P120_00_173-701-1601.csv
PII,JONSWAP,1.5,173-701-1601,6.38447285,0.0957670957,stationary,eval,,stationary_jonswap_H1_500_L50_710_A_30_00_P120_00,records/eval_stationary_jonswap_H1_500_L50_710_A_30_00_P120_00_173-701-1601.csv
TVG-NLO,JONSWAP,1.5,173-701-1601,7.01938391,0.105290763,stationary,eval,,stationary_jonswap_H1_500_L50_710_A_30_00_P120_00,records/eval_stationary_jonswap_H1_500_L50_710_A_30_00_P120_00_173-701-1601.csv
OU-III,JONSWAP,4,173-701-1601,4.19714928,0.167885974,stationary,eval,,stationary_jonswap_H4_000_L112_766_A30_00_P30_00,records/eval_stationary_jonswap_H4_000_L112_766_A30_00_P30_00_173-701-1601.csv
OU-II,JONSWAP,4,173-701-1601,6.35428429,0.254171371,stationary,eval,,stationary_jonswap_H4_000_L112_766_A30_00_P30_00,records/eval_stationary_jonswap_H4_000_L112_766_A30_00_P30_00_173-701-1601.csv
TFG,JONSWAP,4,173-701-1601,4.21409655,0.168563858,stationary,eval,,stationary_jonswap_H4_000_L112_766_A30_00_P30_00,records/eval_stationary_jonswap_H4_000_L112_766_A30_00_P30_00_173-701-1601.csv
PII,JONSWAP,4,173-701-1601,6.0724082,0.242896333,stationary,eval,,stationary_jonswap_H4_000_L112_766_A30_00_P30_00,records/eval_stationary_jonswap_H4_000_L112_766_A30_00_P30_00_173-701-1601.csv
TVG-NLO,JONSWAP,4,173-701-1601,6.72836876,0.26913476,stationary,eval,,stationary_jonswap_H4_000_L112_766_A30_00_P30_00,records/eval_stationary_jonswap_H4_000_L112_766_A30_00_P30_00_173-701-1601.csv
OU-III,JONSWAP,8.5,173-701-1601,4.07523203,0.346394718,stationary,eval,,stationary_jonswap_H8_500_L202_839_A_30_00_P72_00,records/eval_stationary_jonswap_H8_500_L202_839_A_30_00_P72_00_173-701-1601.csv
OU-II,JONSWAP,8.5,173-701-1601,6.37663317,0.542013824,stationary,eval,,stationary_jonswap_H8_500_L202_839_A_30_00_P72_00,records/eval_stationary_jonswap_H8_500_L202_839_A_30_00_P72_00_173-701-1601.csv
TFG,JONSWAP,8.5,173-701-1601,4.08127689,0.34690854,stationary,eval,,stationary_jonswap_H8_500_L202_839_A_30_00_P72_00,records/eval_stationary_jonswap_H8_500_L202_839_A_30_00_P72_00_173-701-1601.csv
PII,JONSWAP,8.5,173-701-1601,7.22358227,0.614004493,stationary,eval,,stationary_jonswap_H8_500_L202_839_A_30_00_P72_00,records/eval_stationary_jonswap_H8_500_L202_839_A_30_00_P72_00_173-701-1601.csv
TVG-NLO,JONSWAP,8.5,173-701-1601,6.99802065,0.594831765,stationary,eval,,stationary_jonswap_H8_500_L202_839_A_30_00_P72_00,records/eval_stationary_jonswap_H8_500_L202_839_A_30_00_P72_00_173-701-1601.csv
OU-III,PM-Stokes,0.270000011,173-701-1601,4.36007309,0.0117721977,stationary,eval,,stationary_pmstokes_H0_270_L14_047_A30_00_P60_00,records/eval_stationary_pmstokes_H0_270_L14_047_A30_00_P60_00_173-701-1601.csv
OU-II,PM-Stokes,0.270000011,173-701-1601,5.89115715,0.0159061253,stationary,eval,,stationary_pmstokes_H0_270_L14_047_A30_00_P60_00,records/eval_stationary_pmstokes_H0_270_L14_047_A30_00_P60_00_173-701-1601.csv
TFG,PM-Stokes,0.270000011,173-701-1601,4.49720716,0.0121424599,stationary,eval,,stationary_pmstokes_H0_270_L14_047_A30_00_P60_00,records/eval_stationary_pmstokes_H0_270_L14_047_A30_00_P60_00_173-701-1601.csv
PII,PM-Stokes,0.270000011,173-701-1601,3.85673857,0.0104131941,stationary,eval,,stationary_pmstokes_H0_270_L14_047_A30_00_P60_00,records/eval_stationary_pmstokes_H0_270_L14_047_A30_00_P60_00_173-701-1601.csv
TVG-NLO,PM-Stokes,0.270000011,173-701-1601,11.5348864,0.0311441943,stationary,eval,,stationary_pmstokes_H0_270_L14_047_A30_00_P60_00,records/eval_stationary_pmstokes_H0_270_L14_047_A30_00_P60_00_173-701-1601.csv
OU-III,PM-Stokes,1.5,173-701-1601,4.81085682,0.0721628517,stationary,eval,,stationary_pmstokes_H1_500_L50_710_A_30_00_P120_00,records/eval_stationary_pmstokes_H1_500_L50_710_A_30_00_P120_00_173-701-1601.csv
OU-II,PM-Stokes,1.5,173-701-1601,6.39248323,0.0958872512,stationary,eval,,stationary_pmstokes_H1_500_L50_710_A_30_00_P120_00,records/eval_stationary_pmstokes_H1_500_L50_710_A_30_00_P120_00_173-701-1601.csv
TFG,PM-Stokes,1.5,173-701-1601,4.79123163,0.0718684793,stationary,eval,,stationary_pmstokes_H1_500_L50_710_A_30_00_P120_00,records/eval_stationary_pmstokes_H1_500_L50_710_A_30_00_P120_00_173-701-1601.csv
PII,PM-Stokes,1.5,173-701-1601,6.17602634,0.0926403999,stationary,eval,,stationary_pmstokes_H1_500_L50_710_A_30_00_P120_00,records/eval_stationary_pmstokes_H1_500_L50_710_A_30_00_P120_00_173-701-1601.csv
TVG-NLO,PM-Stokes,1.5,173-701-1601,7.04257059,0.105638564,stationary,eval,,stationary_pmstokes_H1_500_L50_710_A_30_00_P120_00,records/eval_stationary_pmstokes_H1_500_L50_710_A_30_00_P120_00_173-701-1601.csv
OU-III,PM-Stokes,4,173-701-1601,4.0383606,0.161534429,stationary,eval,,stationary_pmstokes_H4_000_L112_766_A30_00_P30_00,records/eval_stationary_pmstokes_H4_000_L112_766_A30_00_P30_00_173-701-1601.csv
OU-II,PM-Stokes,4,173-701-1601,6.25150108,0.250060052,stationary,eval,,stationary_pmstokes_H4_000_L112_766_A30_00_P30_00,records/eval_stationary_pmstokes_H4_000_L112_766_A30_00_P30_00_173-701-1601.csv
TFG,PM-Stokes,4,173-701-1601,4.05635214,0.16225408,stationary,eval,,stationary_pmstokes_H4_000_L112_766_A30_00_P30_00,records/eval_stationary_pmstokes_H4_000_L112_766_A30_00_P30_00_173-701-1601.csv
PII,PM-Stokes,4,173-701-1601,6.32374716,0.252949893,stationary,eval,,stationary_pmstokes_H4_000_L112_766_A30_00_P30_00,records/eval_stationary_pmstokes_H4_000_L112_766_A30_00_P30_00_173-701-1601.csv
TVG-NLO,PM-Stokes,4,173-701-1601,6.95163536,0.278065413,stationary,eval,,stationary_pmstokes_H4_000_L112_766_A30_00_P30_00,records/eval_stationary_pmstokes_H4_000_L112_766_A30_00_P30_00_173-701-1601.csv
OU-III,PM-Stokes,8.5,173-701-1601,4.09906244,0.348420322,stationary,eval,,stationary_pmstokes_H8_500_L202_839_A_30_00_P72_00,records/eval_stationary_pmstokes_H8_500_L202_839_A_30_00_P72_00_173-701-1601.csv
OU-II,PM-Stokes,8.5,173-701-1601,6.2938633,0.53497839,stationary,eval,,stationary_pmstokes_H8_500_L202_839_A_30_00_P72_00,records/eval_stationary_pmstokes_H8_500_L202_839_A_30_00_P72_00_173-701-1601.csv
TFG,PM-Stokes,8.5,173-701-1601,4.07825661,0.346651822,stationary,eval,,stationary_pmstokes_H8_500_L202_839_A_30_00_P72_00,records/eval_stationary_pmstokes_H8_500_L202_839_A_30_00_P72_00_173-701-1601.csv
PII,PM-Stokes,8.5,173-701-1601,7.59141445,0.645270228,stationary,eval,,stationary_pmstokes_H8_500_L202_839_A_30_00_P72_00,records/eval_stationary_pmstokes_H8_500_L202_839_A_30_00_P72_00_173-701-1601.csv
TVG-NLO,PM-Stokes,8.5,173-701-1601,7.05620384,0.599777341,stationary,eval,,stationary_pmstokes_H8_500_L202_839_A_30_00_P72_00,records/eval_stationary_pmstokes_H8_500_L202_839_A_30_00_P72_00_173-701-1601.csv
OU-III,Crossfade,4,173-701-1601,4.84397793,0.193759114,crossfade,eval,,nonstationary_H1_5_to_H4_0_Tp5_7_to_11_4,records/eval_crossfade_173-701-1601.csv
OU-III,Crossfade,4,173-701-1601,1.70305824,0.0681223273,crossfade,eval,start,nonstationary_H1_5_to_H4_0_Tp5_7_to_11_4,records/eval_crossfade_173-701-1601.csv
OU-III,Crossfade,4,173-701-1601,4.06635046,0.162654027,crossfade,eval,blend,nonstationary_H1_5_to_H4_0_Tp5_7_to_11_4,records/eval_crossfade_173-701-1601.csv
OU-III,Crossfade,4,173-701-1601,5.68184948,0.227273971,crossfade,eval,recover,nonstationary_H1_5_to_H4_0_Tp5_7_to_11_4,records/eval_crossfade_173-701-1601.csv
OU-III,Crossfade,4,173-701-1601,5.88854885,0.235541955,crossfade,eval,end,nonstationary_H1_5_to_H4_0_Tp5_7_to_11_4,records/eval_crossfade_173-701-1601.csv
OU-II,Crossfade,4,173-701-1601,6.60446882,0.264178753,crossfade,eval,,nonstationary_H1_5_to_H4_0_Tp5_7_to_11_4,records/eval_crossfade_173-701-1601.csv
OU-II,Crossfade,4,173-701-1601,2.50108266,0.100043304,crossfade,eval,start,nonstationary_H1_5_to_H4_0_Tp5_7_to_11_4,records/eval_crossfade_173-701-1601.csv
OU-II,Crossfade,4,173-701-1601,4.9144063,0.196576253,crossfade,eval,blend,nonstationary_H1_5_to_H4_0_Tp5_7_to_11_4,records/eval_crossfade_173-701-1601.csv
OU-II,Crossfade,4,173-701-1601,7.72151184,0.308860481,crossfade,eval,recover,nonstationary_H1_5_to_H4_0_Tp5_7_to_11_4,records/eval_crossfade_173-701-1601.csv
OU-II,Crossfade,4,173-701-1601,8.12170506,0.324868202,crossfade,eval,end,nonstationary_H1_5_to_H4_0_Tp5_7_to_11_4,records/eval_crossfade_173-701-1601.csv
TFG,Crossfade,4,173-701-1601,4.82145452,0.192858174,crossfade,eval,,nonstationary_H1_5_to_H4_0_Tp5_7_to_11_4,records/eval_crossfade_173-701-1601.csv
TFG,Crossfade,4,173-701-1601,1.70932841,0.0683731362,crossfade,eval,start,nonstationary_H1_5_to_H4_0_Tp5_7_to_11_4,records/eval_crossfade_173-701-1601.csv
TFG,Crossfade,4,173-701-1601,4.10121298,0.164048523,crossfade,eval,blend,nonstationary_H1_5_to_H4_0_Tp5_7_to_11_4,records/eval_crossfade_173-701-1601.csv
TFG,Crossfade,4,173-701-1601,5.69732094,0.227892831,crossfade,eval,recover,nonstationary_H1_5_to_H4_0_Tp5_7_to_11_4,records/eval_crossfade_173-701-1601.csv
TFG,Crossfade,4,173-701-1601,5.83664465,0.233465791,crossfade,eval,end,nonstationary_H1_5_to_H4_0_Tp5_7_to_11_4,records/eval_crossfade_173-701-1601.csv
PII,Crossfade,4,173-701-1601,12.418252,0.496730089,crossfade,eval,,nonstationary_H1_5_to_H4_0_Tp5_7_to_11_4,records/eval_crossfade_173-701-1601.csv
PII,Crossfade,4,173-701-1601,2.20067859,0.088027142,crossfade,eval,start,nonstationary_H1_5_to_H4_0_Tp5_7_to_11_4,records/eval_crossfade_173-701-1601.csv
PII,Crossfade,4,173-701-1601,9.62470531,0.384988219,crossfade,eval,blend,nonstationary_H1_5_to_H4_0_Tp5_7_to_11_4,records/eval_crossfade_173-701-1601.csv
PII,Crossfade,4,173-701-1601,17.2603512,0.690414071,crossfade,eval,recover,nonstationary_H1_5_to_H4_0_Tp5_7_to_11_4,records/eval_crossfade_173-701-1601.csv
PII,Crossfade,4,173-701-1601,14.7006931,0.588027716,crossfade,eval,end,nonstationary_H1_5_to_H4_0_Tp5_7_to_11_4,records/eval_crossfade_173-701-1601.csv
TVG-NLO,Crossfade,4,173-701-1601,7.42444897,0.296977967,crossfade,eval,,nonstationary_H1_5_to_H4_0_Tp5_7_to_11_4,records/eval_crossfade_173-701-1601.csv
TVG-NLO,Crossfade,4,173-701-1601,2.69126844,0.107650734,crossfade,eval,start,nonstationary_H1_5_to_H4_0_Tp5_7_to_11_4,records/eval_crossfade_173-701-1601.csv
TVG-NLO,Crossfade,4,173-701-1601,8.19206333,0.327682525,crossfade,eval,blend,nonstationary_H1_5_to_H4_0_Tp5_7_to_11_4,records/eval_crossfade_173-701-1601.csv
TVG-NLO,Crossfade,4,173-701-1601,11.5525608,0.462102413,crossfade,eval,recover,nonstationary_H1_5_to_H4_0_Tp5_7_to_11_4,records/eval_crossfade_173-701-1601.csv
TVG-NLO,Crossfade,4,173-701-1601,7.52850533,0.301140219,crossfade,eval,end,nonstationary_H1_5_to_H4_0_Tp5_7_to_11_4,records/eval_crossfade_173-701-1601.csv
OU-III,LowHighLow,4,173-701-1601,4.15204,0.166081607,lowhighlow,eval,,roundtrip_H1_5_H4_0_H1_5,records/eval_lowhighlow_173-701-1601.csv
OU-III,LowHighLow,4,173-701-1601,1.88936424,0.0755745694,lowhighlow,eval,low_start,roundtrip_H1_5_H4_0_H1_5,records/eval_lowhighlow_173-701-1601.csv
OU-III,LowHighLow,4,173-701-1601,4.00079584,0.16003184,lowhighlow,eval,rise,roundtrip_H1_5_H4_0_H1_5,records/eval_lowhighlow_173-701-1601.csv
OU-III,LowHighLow,4,173-701-1601,5.45564985,0.218226001,lowhighlow,eval,high_recover,roundtrip_H1_5_H4_0_H1_5,records/eval_lowhighlow_173-701-1601.csv
OU-III,LowHighLow,4,173-701-1601,5.92184305,0.236873731,lowhighlow,eval,high,roundtrip_H1_5_H4_0_H1_5,records/eval_lowhighlow_173-701-1601.csv
OU-III,LowHighLow,4,173-701-1601,5.04240894,0.201696351,lowhighlow,eval,fall,roundtrip_H1_5_H4_0_H1_5,records/eval_lowhighlow_173-701-1601.csv
OU-III,LowHighLow,4,173-701-1601,1.87524688,0.075009875,lowhighlow,eval,low_recover,roundtrip_H1_5_H4_0_H1_5,records/eval_lowhighlow_173-701-1601.csv
OU-III,LowHighLow,4,173-701-1601,1.90912914,0.0763651654,lowhighlow,eval,low_return,roundtrip_H1_5_H4_0_H1_5,records/eval_lowhighlow_173-701-1601.csv
OU-II,LowHighLow,4,173-701-1601,5.74532318,0.22981292,lowhighlow,eval,,roundtrip_H1_5_H4_0_H1_5,records/eval_lowhighlow_173-701-1601.csv
OU-II,LowHighLow,4,173-701-1601,2.71259594,0.108503841,lowhighlow,eval,low_start,roundtrip_H1_5_H4_0_H1_5,records/eval_lowhighlow_173-701-1601.csv
OU-II,LowHighLow,4,173-701-1601,4.99161816,0.199664727,lowhighlow,eval,rise,roundtrip_H1_5_H4_0_H1_5,records/eval_lowhighlow_173-701-1601.csv
OU-II,LowHighLow,4,173-701-1601,6.95863438,0.278345376,lowhighlow,eval,high_recover,roundtrip_H1_5_H4_0_H1_5,records/eval_lowhighlow_173-701-1601.csv
OU-II,LowHighLow,4,173-701-1601,7.9539547,0.31815818,lowhighlow,eval,high,roundtrip_H1_5_H4_0_H1_5,records/eval_lowhighlow_173-701-1601.csv
OU-II,LowHighLow,4,173-701-1601,8.18220711,0.32728827,lowhighlow,eval,fall,roundtrip_H1_5_H4_0_H1_5,records/eval_lowhighlow_173-701-1601.csv
OU-II,LowHighLow,4,173-701-1601,2.82848001,0.113139197,lowhighlow,eval,low_recover,roundtrip_H1_5_H4_0_H1_5,records/eval_lowhighlow_173-701-1601.csv
OU-II,LowHighLow,4,173-701-1601,2.5714004,0.102856018,lowhighlow,eval,low_return,roundtrip_H1_5_H4_0_H1_5,records/eval_lowhighlow_173-701-1601.csv
TFG,LowHighLow,4,173-701-1601,4.23261452,0.169304579,lowhighlow,eval,,roundtrip_H1_5_H4_0_H1_5,records/eval_lowhighlow_173-701-1601.csv
TFG,LowHighLow,4,173-701-1601,1.87015164,0.0748060644,lowhighlow,eval,low_start,roundtrip_H1_5_H4_0_H1_5,records/eval_lowhighlow_173-701-1601.csv
TFG,LowHighLow,4,173-701-1601,3.92872047,0.157148823,lowhighlow,eval,rise,roundtrip_H1_5_H4_0_H1_5,records/eval_lowhighlow_173-701-1601.csv
TFG,LowHighLow,4,173-701-1601,5.62275553,0.224910215,lowhighlow,eval,high_recover,roundtrip_H1_5_H4_0_H1_5,records/eval_lowhighlow_173-701-1601.csv
TFG,LowHighLow,4,173-701-1601,6.00117254,0.240046903,lowhighlow,eval,high,roundtrip_H1_5_H4_0_H1_5,records/eval_lowhighlow_173-701-1601.csv
TFG,LowHighLow,4,173-701-1601,5.27402878,0.210961148,lowhighlow,eval,fall,roundtrip_H1_5_H4_0_H1_5,records/eval_lowhighlow_173-701-1601.csv
TFG,LowHighLow,4,173-701-1601,1.93255937,0.0773023739,lowhighlow,eval,low_recover,roundtrip_H1_5_H4_0_H1_5,records/eval_lowhighlow_173-701-1601.csv
TFG,LowHighLow,4,173-701-1601,1.90599787,0.0762399137,lowhighlow,eval,low_return,roundtrip_H1_5_H4_0_H1_5,records/eval_lowhighlow_173-701-1601.csv
PII,LowHighLow,4,173-701-1601,10.2989302,0.411957204,lowhighlow,eval,,roundtrip_H1_5_H4_0_H1_5,records/eval_lowhighlow_173-701-1601.csv
PII,LowHighLow,4,173-701-1601,2.09836268,0.0839345083,lowhighlow,eval,low_start,roundtrip_H1_5_H4_0_H1_5,records/eval_lowhighlow_173-701-1601.csv
PII,LowHighLow,4,173-701-1601,9.5485096,0.381940395,lowhighlow,eval,rise,roundtrip_H1_5_H4_0_H1_5,records/eval_lowhighlow_173-701-1601.csv
PII,LowHighLow,4,173-701-1601,13.5438118,0.541752458,lowhighlow,eval,high_recover,roundtrip_H1_5_H4_0_H1_5,records/eval_lowhighlow_173-701-1601.csv
PII,LowHighLow,4,173-701-1601,16.3209591,0.652838349,lowhighlow,eval,high,roundtrip_H1_5_H4_0_H1_5,records/eval_lowhighlow_173-701-1601.csv
PII,LowHighLow,4,173-701-1601,12.140255,0.485610217,lowhighlow,eval,fall,roundtrip_H1_5_H4_0_H1_5,records/eval_lowhighlow_173-701-1601.csv
PII,LowHighLow,4,173-701-1601,2.55313444,0.102125376,lowhighlow,eval,low_recover,roundtrip_H1_5_H4_0_H1_5,records/eval_lowhighlow_173-701-1601.csv
PII,LowHighLow,4,173-701-1601,2.48511553,0.0994046181,lowhighlow,eval,low_return,roundtrip_H1_5_H4_0_H1_5,records/eval_lowhighlow_173-701-1601.csv
TVG-NLO,LowHighLow,4,173-701-1601,6.64874983,0.265949994,lowhighlow,eval,,roundtrip_H1_5_H4_0_H1_5,records/eval_lowhighlow_173-701-1601.csv
TVG-NLO,LowHighLow,4,173-701-1601,2.81981993,0.112792797,lowhighlow,eval,low_start,roundtrip_H1_5_H4_0_H1_5,records/eval_lowhighlow_173-701-1601.csv
TVG-NLO,LowHighLow,4,173-701-1601,8.93393898,0.357357562,lowhighlow,eval,rise,roundtrip_H1_5_H4_0_H1_5,records/eval_lowhighlow_173-701-1601.csv
TVG-NLO,LowHighLow,4,173-701-1601,8.54657555,0.341863036,lowhighlow,eval,high_recover,roundtrip_H1_5_H4_0_H1_5,records/eval_lowhighlow_173-701-1601.csv
TVG-NLO,LowHighLow,4,173-701-1601,8.8409481,0.353637934,lowhighlow,eval,high,roundtrip_H1_5_H4_0_H1_5,records/eval_lowhighlow_173-701-1601.csv
TVG-NLO,LowHighLow,4,173-701-1601,6.4715066,0.25886026,lowhighlow,eval,fall,roundtrip_H1_5_H4_0_H1_5,records/eval_lowhighlow_173-701-1601.csv
TVG-NLO,LowHighLow,4,173-701-1601,4.06137419,0.162454963,lowhighlow,eval,low_recover,roundtrip_H1_5_H4_0_H1_5,records/eval_lowhighlow_173-701-1601.csv
TVG-NLO,LowHighLow,4,173-701-1601,2.66807556,0.106723018,lowhighlow,eval,low_return,roundtrip_H1_5_H4_0_H1_5,records/eval_lowhighlow_173-701-1601.csv
OU-III,JONSWAP,0.0500000007,173-701-1601,19.2207108,0.0096103549,low_motion,eval,,low_motion_H0_050,records/eval_lowmotion_173-701-1601.csv
OU-II,JONSWAP,0.0500000007,173-701-1601,18.762331,0.00938116573,low_motion,eval,,low_motion_H0_050,records/eval_lowmotion_173-701-1601.csv
TFG,JONSWAP,0.0500000007,173-701-1601,24.4609909,0.0122304959,low_motion,eval,,low_motion_H0_050,records/eval_lowmotion_173-701-1601.csv
PII,JONSWAP,0.0500000007,173-701-1601,13.7112131,0.00685560657,low_motion,eval,,low_motion_H0_050,records/eval_lowmotion_173-701-1601.csv
TVG-NLO,JONSWAP,0.0500000007,173-701-1601,109.566414,0.0547832064,low_motion,eval,,low_motion_H0_050,records/eval_lowmotion_173-701-1601.csv
OU-III,Crossfade,4,173-701-1601,4.88895416,0.195558175,ramp,eval,,rapid_H1_5_to_H4_0,records/eval_ramp_173-701-1601.csv
OU-III,Crossfade,4,173-701-1601,1.67102182,0.0668408722,ramp,eval,start,rapid_H1_5_to_H4_0,records/eval_ramp_173-701-1601.csv
OU-III,Crossfade,4,173-701-1601,6.73064899,0.269225955,ramp,eval,blend,rapid_H1_5_to_H4_0,records/eval_ramp_173-701-1601.csv
OU-III,Crossfade,4,173-701-1601,4.94909048,0.197963625,ramp,eval,recover,rapid_H1_5_to_H4_0,records/eval_ramp_173-701-1601.csv
OU-III,Crossfade,4,173-701-1601,5.79251814,0.231700733,ramp,eval,end,rapid_H1_5_to_H4_0,records/eval_ramp_173-701-1601.csv
OU-II,Crossfade,4,173-701-1601,6.63930035,0.265572011,ramp,eval,,rapid_H1_5_to_H4_0,records/eval_ramp_173-701-1601.csv
OU-II,Crossfade,4,173-701-1601,2.48195791,0.0992783159,ramp,eval,start,rapid_H1_5_to_H4_0,records/eval_ramp_173-701-1601.csv
OU-II,Crossfade,4,173-701-1601,6.59190416,0.263676167,ramp,eval,blend,rapid_H1_5_to_H4_0,records/eval_ramp_173-701-1601.csv
OU-II,Crossfade,4,173-701-1601,6.26353121,0.25054124,ramp,eval,recover,rapid_H1_5_to_H4_0,records/eval_ramp_173-701-1601.csv
OU-II,Crossfade,4,173-701-1601,7.99055672,0.319622278,ramp,eval,end,rapid_H1_5_to_H4_0,records/eval_ramp_173-701-1601.csv
TFG,Crossfade,4,173-701-1601,4.92416143,0.196966454,ramp,eval,,rapid_H1_5_to_H4_0,records/eval_ramp_173-701-1601.csv
TFG,Crossfade,4,173-701-1601,1.67679596,0.0670718402,ramp,eval,start,rapid_H1_5_to_H4_0,records/eval_ramp_173-701-1601.csv
TFG,Crossfade,4,173-701-1601,6.70332098,0.268132836,ramp,eval,blend,rapid_H1_5_to_H4_0,records/eval_ramp_173-701-1601.csv
TFG,Crossfade,4,173-701-1601,6.52667141,0.261066854,ramp,eval,recover,rapid_H1_5_to_H4_0,records/eval_ramp_173-701-1601.csv
TFG,Crossfade,4,173-701-1601,5.75716066,0.230286434,ramp,eval,end,rapid_H1_5_to_H4_0,records/eval_ramp_173-701-1601.csv
PII,Crossfade,4,173-701-1601,12.2815342,0.491261363,ramp,eval,,rapid_H1_5_to_H4_0,records/eval_ramp_173-701-1601.csv
PII,Crossfade,4,173-701-1601,2.21694136,0.0886776522,ramp,eval,start,rapid_H1_5_to_H4_0,records/eval_ramp_173-701-1601.csv
PII,Crossfade,4,173-701-1601,10.5555124,0.422220498,ramp,eval,blend,rapid_H1_5_to_H4_0,records/eval_ramp_173-701-1601.csv
PII,Crossfade,4,173-701-1601,13.2628183,0.53051275,ramp,eval,recover,rapid_H1_5_to_H4_0,records/eval_ramp_173-701-1601.csv
PII,Crossfade,4,173-701-1601,15.0514317,0.602057278,ramp,eval,end,rapid_H1_5_to_H4_0,records/eval_ramp_173-701-1601.csv
TVG-NLO,Crossfade,4,173-701-1601,7.77317381,0.310926944,ramp,eval,,rapid_H1_5_to_H4_0,records/eval_ramp_173-701-1601.csv
TVG-NLO,Crossfade,4,173-701-1601,2.65501165,0.106200464,ramp,eval,start,rapid_H1_5_to_H4_0,records/eval_ramp_173-701-1601.csv
TVG-NLO,Crossfade,4,173-701-1601,10.0385818,0.40154326,ramp,eval,blend,rapid_H1_5_to_H4_0,records/eval_ramp_173-701-1601.csv
TVG-NLO,Crossfade,4,173-701-1601,12.3352385,0.493409544,ramp,eval,recover,rapid_H1_5_to_H4_0,records/eval_ramp_173-701-1601.csv
TVG-NLO,Crossfade,4,173-701-1601,8.98282814,0.35931313,ramp,eval,end,rapid_H1_5_to_H4_0,records/eval_ramp_173-701-1601.csv
OU-III,JONSWAP,0.270000011,211-809-1709,4.21918201,0.0113917915,stationary,eval,,stationary_jonswap_H0_270_L14_047_A30_00_P60_00,records/eval_stationary_jonswap_H0_270_L14_047_A30_00_P60_00_211-809-1709.csv
OU-II,JONSWAP,0.270000011,211-809-1709,5.87953424,0.0158747435,stationary,eval,,stationary_jonswap_H0_270_L14_047_A30_00_P60_00,records/eval_stationary_jonswap_H0_270_L14_047_A30_00_P60_00_211-809-1709.csv
TFG,JONSWAP,0.270000011,211-809-1709,4.3518095,0.011749886,stationary,eval,,stationary_jonswap_H0_270_L14_047_A30_00_P60_00,records/eval_stationary_jonswap_H0_270_L14_047_A30_00_P60_00_211-809-1709.csv
PII,JONSWAP,0.270000011,211-809-1709,3.6545403,0.0098672593,stationary,eval,,stationary_jonswap_H0_270_L14_047_A30_00_P60_00,records/eval_stationary_jonswap_H0_270_L14_047_A30_00_P60_00_211-809-1709.csv
TVG-NLO,JONSWAP,0.270000011,211-809-1709,6.25588131,0.0168908797,stationary,eval,,stationary_jonswap_H0_270_L14_047_A30_00_P60_00,records/eval_stationary_jonswap_H0_270_L14_047_A30_00_P60_00_211-809-1709.csv
OU-III,JONSWAP,1.5,211-809-1709,5.16470861,0.0774706304,stationary,eval,,stationary_jonswap_H1_500_L50_710_A_30_00_P120_00,records/eval_stationary_jonswap_H1_500_L50_710_A_30_00_P120_00_211-809-1709.csv
OU-II,JONSWAP,1.5,211-809-1709,7.00154543,0.105023183,stationary,eval,,stationary_jonswap_H1_500_L50_710_A_30_00_P120_00,records/eval_stationary_jonswap_H1_500_L50_710_A_30_00_P120_00_211-809-1709.csv
TFG,JONSWAP,1.5,211-809-1709,5.13522911,0.0770284384,stationary,eval,,stationary_jonswap_H1_500_L50_710_A_30_00_P120_00,records/eval_stationary_jonswap_H1_500_L50_710_A_30_00_P120_00_211-809-1709.csv
PII,JONSWAP,1.5,211-809-1709,5.95401049,0.0893101618,stationary,eval,,stationary_jonswap_H1_500_L50_710_A_30_00_P120_00,records/eval_stationary_jonswap_H1_500_L50_710_A_30_00_P120_00_211-809-1709.csv
TVG-NLO,JONSWAP,1.5,211-809-1709,7.03270435,0.105490573,stationary,eval,,stationary_jonswap_H1_500_L50_710_A_30_00_P120_00,records/eval_stationary_jonswap_H1_500_L50_710_A_30_00_P120_00_211-809-1709.csv
OU-III,JONSWAP,4,211-809-1709,4.28767729,0.17150709,stationary,eval,,stationary_jonswap_H4_000_L112_766_A30_00_P30_00,records/eval_stationary_jonswap_H4_000_L112_766_A30_00_P30_00_211-809-1709.csv
OU-II,JONSWAP,4,211-809-1709,6.81586123,0.272634447,stationary,eval,,stationary_jonswap_H4_000_L112_766_A30_00_P30_00,records/eval_stationary_jonswap_H4_000_L112_766_A30_00_P30_00_211-809-1709.csv
TFG,JONSWAP,4,211-809-1709,4.32500982,0.173000395,stationary,eval,,stationary_jonswap_H4_000_L112_766_A30_00_P30_00,records/eval_stationary_jonswap_H4_000_L112_766_A30_00_P30_00_211-809-1709.csv
PII,JONSWAP,4,211-809-1709,6.00859642,0.240343854,stationary,eval,,stationary_jonswap_H4_000_L112_766_A30_00_P30_00,records/eval_stationary_jonswap_H4_000_L112_766_A30_00_P30_00_211-809-1709.csv
TVG-NLO,JONSWAP,4,211-809-1709,6.62771845,0.265108734,stationary,eval,,stationary_jonswap_H4_000_L112_766_A30_00_P30_00,records/eval_stationary_jonswap_H4_000_L112_766_A30_00_P30_00_211-809-1709.csv
OU-III,JONSWAP,8.5,211-809-1709,3.84889984,0.327156484,stationary,eval,,stationary_jonswap_H8_500_L202_839_A_30_00_P72_00,records/eval_stationary_jonswap_H8_500_L202_839_A_30_00_P72_00_211-809-1709.csv
OU-II,JONSWAP,8.5,211-809-1709,6.27771664,0.533605933,stationary,eval,,stationary_jonswap_H8_500_L202_839_A_30_00_P72_00,records/eval_stationary_jonswap_H8_500_L202_839_A_30_00_P72_00_211-809-1709.csv
TFG,JONSWAP,8.5,211-809-1709,3.81347156,0.324145079,stationary,eval,,stationary_jonswap_H8_500_L202_839_A_30_00_P72_00,records/eval_stationary_jonswap_H8_500_L202_839_A_30_00_P72_00_211-809-1709.csv
PII,JONSWAP,8.5,211-809-1709,7.33931255,0.623841584,stationary,eval,,stationary_jonswap_H8_500_L202_839_A_30_00_P72_00,records/eval_stationary_jonswap_H8_500_L202_839_A_30_00_P72_00_211-809-1709.csv
TVG-NLO,JONSWAP,8.5,211-809-1709,7.09480667,0.603058577,stationary,eval,,stationary_jonswap_H8_500_L202_839_A_30_00_P72_00,records/eval_stationary_jonswap_H8_500_L202_839_A_30_00_P72_00_211-809-1709.csv
OU-III,PM-Stokes,0.270000011,211-809-1709,4.31904221,0.0116614141,stationary,eval,,stationary_pmstokes_H0_270_L14_047_A30_00_P60_00,records/eval_stationary_pmstokes_H0_270_L14_047_A30_00_P60_00_211-809-1709.csv
OU-II,PM-Stokes,0.270000011,211-809-1709,5.77598095,0.0155951483,stationary,eval,,stationary_pmstokes_H0_270_L14_047_A30_00_P60_00,records/eval_stationary_pmstokes_H0_270_L14_047_A30_00_P60_00_211-809-1709.csv
TFG,PM-Stokes,0.270000011,211-809-1709,4.4471221,0.01200723,stationary,eval,,stationary_pmstokes_H0_270_L14_047_A30_00_P60_00,records/eval_stationary_pmstokes_H0_270_L14_047_A30_00_P60_00_211-809-1709.csv
PII,PM-Stokes,0.270000011,211-809-1709,3.85174251,0.0103997048,stationary,eval,,stationary_pmstokes_H0_270_L14_047_A30_00_P60_00,records/eval_stationary_pmstokes_H0_270_L14_047_A30_00_P60_00_211-809-1709.csv
TVG-NLO,PM-Stokes,0.270000011,211-809-1709,6.88188601,0.0185810924,stationary,eval,,stationary_pmstokes_H0_270_L14_047_A30_00_P60_00,records/eval_stationary_pmstokes_H0_270_L14_047_A30_00_P60_00_211-809-1709.csv
OU-III,PM-Stokes,1.5,211-809-1709,5.07439184,0.0761158839,stationary,eval,,stationary_pmstokes_H1_500_L50_710_A_30_00_P120_00,records/eval_stationary_pmstokes_H1_500_L50_710_A_30_00_P120_00_211-809-1709.csv
OU-II,PM-Stokes,1.5,211-809-1709,6.77506733,0.101626016,stationary,eval,,stationary_pmstokes_H1_500_L50_710_A_30_00_P120_00,records/eval_stationary_pmstokes_H1_500_L50_710_A_30_00_P120_00_211-809-1709.csv
TFG,PM-Stokes,1.5,211-809-1709,5.03916645,0.0755874962,stationary,eval,,stationary_pmstokes_H1_500_L50_710_A_30_00_P120_00,records/eval_stationary_pmstokes_H1_500_L50_710_A_30_00_P120_00_211-809-1709.csv
PII,PM-Stokes,1.5,211-809-1709,5.6507206,0.0847608149,stationary,eval,,stationary_pmstokes_H1_500_L50_710_A_30_00_P120_00,records/eval_stationary_pmstokes_H1_500_L50_710_A_30_00_P120_00_211-809-1709.csv
TVG-NLO,PM-Stokes,1.5,211-809-1709,7.16675282,0.107501298,stationary,eval,,stationary_pmstokes_H1_500_L50_710_A_30_00_P120_00,records/eval_stationary_pmstokes_H1_500_L50_710_A_30_00_P120_00_211-809-1709.csv
OU-III,PM-Stokes,4,211-809-1709,4.04863405,0.161945358,stationary,eval,,stationary_pmstokes_H4_000_L112_766_A30_00_P30_00,records/eval_stationary_pmstokes_H4_000_L112_766_A30_00_P30_00_211-809-1709.csv
OU-II,PM-Stokes,4,211-809-1709,6.57379246,0.262951702,stationary,eval,,stationary_pmstokes_H4_000_L112_766_A30_00_P30_00,records/eval_stationary_pmstokes_H4_000_L112_766_A30_00_P30_00_211-809-1709.csv
TFG,PM-Stokes,4,211-809-1709,4.06478405,0.162591368,stationary,eval,,stationary_pmstokes_H4_000_L112_766_A30_00_P30_00,records/eval_stationary_pmstokes_H4_000_L112_766_A30_00_P30_00_211-809-1709.csv
PII,PM-Stokes,4,211-809-1709,5.66600513,0.22664021,stationary,eval,,stationary_pmstokes_H4_000_L112_766_A30_00_P30_00,records/eval_stationary_pmstokes_H4_000_L112_766_A30_00_P30_00_211-809-1709.csv
TVG-NLO,PM-Stokes,4,211-809-1709,6.74312687,0.269725084,stationary,eval,,stationary_pmstokes_H4_000_L112_766_A30_00_P30_00,records/eval_stationary_pmstokes_H4_000_L112_766_A30_00_P30_00_211-809-1709.csv
OU-III,PM-Stokes,8.5,211-809-1709,3.8464241,0.32694605,stationary,eval,,stationary_pmstokes_H8_500_L202_839_A_30_00_P72_00,records/eval_stationary_pmstokes_H8_500_L202_839_A_30_00_P72_00_211-809-1709.csv
OU-II,PM-Stokes,8.5,211-809-1709,6.22034979,0.528729737,stationary,eval,,stationary_pmstokes_H8_500_L202_839_A_30_00_P72_00,records/eval_stationary_pmstokes_H8_500_L202_839_A_30_00_P72_00_211-809-1709.csv
TFG,PM-Stokes,8.5,211-809-1709,3.83277464,0.325785846,stationary,eval,,stationary_pmstokes_H8_500_L202_839_A_30_00_P72_00,records/eval_stationary_pmstokes_H8_500_L202_839_A_30_00_P72_00_211-809-1709.csv
PII,PM-Stokes,8.5,211-809-1709,7.82670975,0.665270329,stationary,eval,,stationary_pmstokes_H8_500_L202_839_A_30_00_P72_00,records/eval_stationary_pmstokes_H8_500_L202_839_A_30_00_P72_00_211-809-1709.csv
TVG-NLO,PM-Stokes,8.5,211-809-1709,7.02260065,0.596921086,stationary,eval,,stationary_pmstokes_H8_500_L202_839_A_30_00_P72_00,records/eval_stationary_pmstokes_H8_500_L202_839_A_30_00_P72_00_211-809-1709.csv
OU-III,Crossfade,4,211-809-1709,4.62241697,0.184896678,crossfade,eval,,nonstationary_H1_5_to_H4_0_Tp5_7_to_11_4,records/eval_crossfade_211-809-1709.csv
OU-III,Crossfade,4,211-809-1709,1.81272483,0.0725089908,crossfade,eval,start,nonstationary_H1_5_to_H4_0_Tp5_7_to_11_4,records/eval_crossfade_211-809-1709.csv
OU-III,Crossfade,4,211-809-1709,5.09396362,0.203758553,crossfade,eval,blend,nonstationary_H1_5_to_H4_0_Tp5_7_to_11_4,records/eval_crossfade_211-809-1709.csv
OU-III,Crossfade,4,211-809-1709,5.76595068,0.230638027,crossfade,eval,recover,nonstationary_H1_5_to_H4_0_Tp5_7_to_11_4,records/eval_crossfade_211-809-1709.csv
OU-III,Crossfade,4,211-809-1709,5.19579172,0.207831666,crossfade,eval,end,nonstationary_H1_5_to_H4_0_Tp5_7_to_11_4,records/eval_crossfade_211-809-1709.csv
OU-II,Crossfade,4,211-809-1709,6.46377134,0.258550853,crossfade,eval,,nonstationary_H1_5_to_H4_0_Tp5_7_to_11_4,records/eval_crossfade_211-809-1709.csv
OU-II,Crossfade,4,211-809-1709,2.49216843,0.0996867344,crossfade,eval,start,nonstationary_H1_5_to_H4_0_Tp5_7_to_11_4,records/eval_crossfade_211-809-1709.csv
OU-II,Crossfade,4,211-809-1709,6.79649401,0.271859765,crossfade,eval,blend,nonstationary_H1_5_to_H4_0_Tp5_7_to_11_4,records/eval_crossfade_211-809-1709.csv
OU-II,Crossfade,4,211-809-1709,8.25875664,0.33035028,crossfade,eval,recover,nonstationary_H1_5_to_H4_0_Tp5_7_to_11_4,records/eval_crossfade_211-809-1709.csv
OU-II,Crossfade,4,211-809-1709,7.30057001,0.292022794,crossfade,eval,end,nonstationary_H1_5_to_H4_0_Tp5_7_to_11_4,records/eval_crossfade_211-809-1709.csv
TFG,Crossfade,4,211-809-1709,4.66801548,0.18672061,crossfade,eval,,nonstationary_H1_5_to_H4_0_Tp5_7_to_11_4,records/eval_crossfade_211-809-1709.csv
TFG,Crossfade,4,211-809-1709,1.81566441,0.0726265758,crossfade,eval,start,nonstationary_H1_5_to_H4_0_Tp5_7_to_11_4,records/eval_crossfade_211-809-1709.csv
TFG,Crossfade,4,211-809-1709,5.12656927,0.205062762,crossfade,eval,blend,nonstationary_H1_5_to_H4_0_Tp5_7_to_11_4,records/eval_crossfade_211-809-1709.csv
TFG,Crossfade,4,211-809-1709,5.94374084,0.237749636,crossfade,eval,recover,nonstationary_H1_5_to_H4_0_Tp5_7_to_11_4,records/eval_crossfade_211-809-1709.csv
TFG,Crossfade,4,211-809-1709,5.2161293,0.208645165,crossfade,eval,end,nonstationary_H1_5_to_H4_0_Tp5_7_to_11_4,records/eval_crossfade_211-809-1709.csv
PII,Crossfade,4,211-809-1709,11.4143095,0.456572384,crossfade,eval,,nonstationary_H1_5_to_H4_0_Tp5_7_to_11_4,records/eval_crossfade_211-809-1709.csv
PII,Crossfade,4,211-809-1709,2.22801042,0.0891204178,crossfade,eval,start,nonstationary_H1_5_to_H4_0_Tp5_7_to_11_4,records/eval_crossfade_211-809-1709.csv
PII,Crossfade,4,211-809-1709,12.3762932,0.495051742,crossfade,eval,blend,nonstationary_H1_5_to_H4_0_Tp5_7_to_11_4,records/eval_crossfade_211-809-1709.csv
PII,Crossfade,4,211-809-1709,12.8707647,0.514830589,crossfade,eval,recover,nonstationary_H1_5_to_H4_0_Tp5_7_to_11_4,records/eval_crossfade_211-809-1709.csv
PII,Crossfade,4,211-809-1709,13.6109238,0.544436932,crossfade,eval,end,nonstationary_H1_5_to_H4_0_Tp5_7_to_11_4,records/eval_crossfade_211-809-1709.csv
TVG-NLO,Crossfade,4,211-809-1709,7.53057241,0.301222891,crossfade,eval,,nonstationary_H1_5_to_H4_0_Tp5_7_to_11_4,records/eval_crossfade_211-809-1709.csv
TVG-NLO,Crossfade,4,211-809-1709,2.79485798,0.111794323,crossfade,eval,start,nonstationary_H1_5_to_H4_0_Tp5_7_to_11_4,records/eval_crossfade_211-809-1709.csv
TVG-NLO,Crossfade,4,211-809-1709,11.6959791,0.467839181,crossfade,eval,blend,nonstationary_H1_5_to_H4_0_Tp5_7_to_11_4,records/eval_crossfade_211-809-1709.csv
TVG-NLO,Crossfade,4,211-809-1709,9.33690548,0.373476207,crossfade,eval,recover,nonstationary_H1_5_to_H4_0_Tp5_7_to_11_4,records/eval_crossfade_211-809-1709.csv
TVG-NLO,Crossfade,4,211-809-1709,7.28470469,0.291388184,crossfade,eval,end,nonstationary_H1_5_to_H4_0_Tp5_7_to_11_4,records/eval_crossfade_211-809-1709.csv
OU-III,LowHighLow,4,211-809-1709,4.29122305,0.17164892,lowhighlow,eval,,roundtrip_H1_5_H4_0_H1_5,records/eval_lowhighlow_211-809-1709.csv
OU-III,LowHighLow,4,211-809-1709,1.84462643,0.0737850592,lowhighlow,eval,low_start,roundtrip_H1_5_H4_0_H1_5,records/eval_lowhighlow_211-809-1709.csv
OU-III,LowHighLow,4,211-809-1709,4.49156809,0.179662719,lowhighlow,eval,rise,roundtrip_H1_5_H4_0_H1_5,records/eval_lowhighlow_211-809-1709.csv
OU-III,LowHighLow,4,211-809-1709,6.54628706,0.26185149,lowhighlow,eval,high_recover,roundtrip_H1_5_H4_0_H1_5,records/eval_lowhighlow_211-809-1709.csv
OU-III,LowHighLow,4,211-809-1709,6.10921192,0.244368479,lowhighlow,eval,high,roundtrip_H1_5_H4_0_H1_5,records/eval_lowhighlow_211-809-1709.csv
OU-III,LowHighLow,4,211-809-1709,4.03944349,0.161577731,lowhighlow,eval,fall,roundtrip_H1_5_H4_0_H1_5,records/eval_lowhighlow_211-809-1709.csv
OU-III,LowHighLow,4,211-809-1709,1.60781479,0.0643125921,lowhighlow,eval,low_recover,roundtrip_H1_5_H4_0_H1_5,records/eval_lowhighlow_211-809-1709.csv
OU-III,LowHighLow,4,211-809-1709,1.64145589,0.0656582341,lowhighlow,eval,low_return,roundtrip_H1_5_H4_0_H1_5,records/eval_lowhighlow_211-809-1709.csv
OU-II,LowHighLow,4,211-809-1709,6.21104479,0.2484418,lowhighlow,eval,,roundtrip_H1_5_H4_0_H1_5,records/eval_lowhighlow_211-809-1709.csv
OU-II,LowHighLow,4,211-809-1709,2.5601573,0.102406293,lowhighlow,eval,low_start,roundtrip_H1_5_H4_0_H1_5,records/eval_lowhighlow_211-809-1709.csv
OU-II,LowHighLow,4,211-809-1709,5.01366854,0.200546741,lowhighlow,eval,rise,roundtrip_H1_5_H4_0_H1_5,records/eval_lowhighlow_211-809-1709.csv
OU-II,LowHighLow,4,211-809-1709,9.85050774,0.394020319,lowhighlow,eval,high_recover,roundtrip_H1_5_H4_0_H1_5,records/eval_lowhighlow_211-809-1709.csv
OU-II,LowHighLow,4,211-809-1709,9.24687576,0.369875014,lowhighlow,eval,high,roundtrip_H1_5_H4_0_H1_5,records/eval_lowhighlow_211-809-1709.csv
OU-II,LowHighLow,4,211-809-1709,5.81989193,0.232795686,lowhighlow,eval,fall,roundtrip_H1_5_H4_0_H1_5,records/eval_lowhighlow_211-809-1709.csv
OU-II,LowHighLow,4,211-809-1709,2.31052399,0.092420958,lowhighlow,eval,low_recover,roundtrip_H1_5_H4_0_H1_5,records/eval_lowhighlow_211-809-1709.csv
OU-II,LowHighLow,4,211-809-1709,2.52613807,0.101045519,lowhighlow,eval,low_return,roundtrip_H1_5_H4_0_H1_5,records/eval_lowhighlow_211-809-1709.csv
TFG,LowHighLow,4,211-809-1709,4.34659433,0.173863769,lowhighlow,eval,,roundtrip_H1_5_H4_0_H1_5,records/eval_lowhighlow_211-809-1709.csv
TFG,LowHighLow,4,211-809-1709,1.84683299,0.0738733187,lowhighlow,eval,low_start,roundtrip_H1_5_H4_0_H1_5,records/eval_lowhighlow_211-809-1709.csv
TFG,LowHighLow,4,211-809-1709,4.46879959,0.17875199,lowhighlow,eval,rise,roundtrip_H1_5_H4_0_H1_5,records/eval_lowhighlow_211-809-1709.csv
TFG,LowHighLow,4,211-809-1709,6.48568344,0.259427339,lowhighlow,eval,high_recover,roundtrip_H1_5_H4_0_H1_5,records/eval_lowhighlow_211-809-1709.csv
TFG,LowHighLow,4,211-809-1709,6.41387701,0.25655508,lowhighlow,eval,high,roundtrip_H1_5_H4_0_H1_5,records/eval_lowhighlow_211-809-1709.csv
TFG,LowHighLow,4,211-809-1709,3.95865989,0.1583464,lowhighlow,eval,fall,roundtrip_H1_5_H4_0_H1_5,records/eval_lowhighlow_211-809-1709.csv
TFG,LowHighLow,4,211-809-1709,1.61212587,0.0644850358,lowhighlow,eval,low_recover,roundtrip_H1_5_H4_0_H1_5,records/eval_lowhighlow_211-809-1709.csv
TFG,LowHighLow,4,211-809-1709,1.67025399,0.0668101609,lowhighlow,eval,low_return,roundtrip_H1_5_H4_0_H1_5,records/eval_lowhighlow_211-809-1709.csv
PII,LowHighLow,4,211-809-1709,10.7753944,0.43101576,lowhighlow,eval,,roundtrip_H1_5_H4_0_H1_5,records/eval_lowhighlow_211-809-1709.csv
PII,LowHighLow,4,211-809-1709,2.28439569,0.0913758278,lowhighlow,eval,low_start,roundtrip_H1_5_H4_0_H1_5,records/eval_lowhighlow_211-809-1709.csv
PII,LowHighLow,4,211-809-1709,10.1771393,0.407085568,lowhighlow,eval,rise,roundtrip_H1_5_H4_0_H1_5,records/eval_lowhighlow_211-809-1709.csv
PII,LowHighLow,4,211-809-1709,21.984581,0.879383206,lowhighlow,eval,high_recover,roundtrip_H1_5_H4_0_H1_5,records/eval_lowhighlow_211-809-1709.csv
PII,LowHighLow,4,211-809-1709,11.3878813,0.455515236,lowhighlow,eval,high,roundtrip_H1_5_H4_0_H1_5,records/eval_lowhighlow_211-809-1709.csv
PII,LowHighLow,4,211-809-1709,9.78491116,0.391396433,lowhighlow,eval,fall,roundtrip_H1_5_H4_0_H1_5,records/eval_lowhighlow_211-809-1709.csv
PII,LowHighLow,4,211-809-1709,2.13732719,0.0854930878,lowhighlow,eval,low_recover,roundtrip_H1_5_H4_0_H1_5,records/eval_lowhighlow_211-809-1709.csv
PII,LowHighLow,4,211-809-1709,2.22750902,0.0891003609,lowhighlow,eval,low_return,roundtrip_H1_5_H4_0_H1_5,records/eval_lowhighlow_211-809-1709.csv
TVG-NLO,LowHighLow,4,211-809-1709,7.40125847,0.29605034,lowhighlow,eval,,roundtrip_H1_5_H4_0_H1_5,records/eval_lowhighlow_211-809-1709.csv
TVG-NLO,LowHighLow,4,211-809-1709,2.68441963,0.107376784,lowhighlow,eval,low_start,roundtrip_H1_5_H4_0_H1_5,records/eval_lowhighlow_211-809-1709.csv
TVG-NLO,LowHighLow,4,211-809-1709,9.14041996,0.365616798,lowhighlow,eval,rise,roundtrip_H1_5_H4_0_H1_5,records/eval_lowhighlow_211-809-1709.csv
TVG-NLO,LowHighLow,4,211-809-1709,14.3546553,0.574186206,lowhighlow,eval,high_recover,roundtrip_H1_5_H4_0_H1_5,records/eval_lowhighlow_211-809-1709.csv
TVG-NLO,LowHighLow,4,211-809-1709,7.19193363,0.287677348,lowhighlow,eval,high,roundtrip_H1_5_H4_0_H1_5,records/eval_lowhighlow_211-809-1709.csv
TVG-NLO,LowHighLow,4,211-809-1709,5.17606592,0.207042634,lowhighlow,eval,fall,roundtrip_H1_5_H4_0_H1_5,records/eval_lowhighlow_211-809-1709.csv
TVG-NLO,LowHighLow,4,211-809-1709,3.35686469,0.134274587,lowhighlow,eval,low_recover,roundtrip_H1_5_H4_0_H1_5,records/eval_lowhighlow_211-809-1709.csv
TVG-NLO,LowHighLow,4,211-809-1709,2.48464584,0.0993858352,lowhighlow,eval,low_return,roundtrip_H1_5_H4_0_H1_5,records/eval_lowhighlow_211-809-1709.csv
OU-III,JONSWAP,0.0500000007,211-809-1709,18.1627998,0.0090814,low_motion,eval,,low_motion_H0_050,records/eval_lowmotion_211-809-1709.csv
OU-II,JONSWAP,0.0500000007,211-809-1709,17.7620106,0.00888100546,low_motion,eval,,low_motion_H0_050,records/eval_lowmotion_211-809-1709.csv
TFG,JONSWAP,0.0500000007,211-809-1709,23.0394688,0.0115197347,low_motion,eval,,low_motion_H0_050,records/eval_lowmotion_211-809-1709.csv
PII,JONSWAP,0.0500000007,211-809-1709,13.7046223,0.00685231108,low_motion,eval,,low_motion_H0_050,records/eval_lowmotion_211-809-1709.csv
TVG-NLO,JONSWAP,0.0500000007,211-809-1709,654.690125,0.327345073,low_motion,eval,,low_motion_H0_050,records/eval_lowmotion_211-809-1709.csv
OU-III,Crossfade,4,211-809-1709,5.08191967,0.203276783,ramp,eval,,rapid_H1_5_to_H4_0,records/eval_ramp_211-809-1709.csv
OU-III,Crossfade,4,211-809-1709,1.86380243,0.0745520964,ramp,eval,start,rapid_H1_5_to_H4_0,records/eval_ramp_211-809-1709.csv
OU-III,Crossfade,4,211-809-1709,10.6759968,0.427039862,ramp,eval,blend,rapid_H1_5_to_H4_0,records/eval_ramp_211-809-1709.csv
OU-III,Crossfade,4,211-809-1709,9.00490379,0.360196143,ramp,eval,recover,rapid_H1_5_to_H4_0,records/eval_ramp_211-809-1709.csv
OU-III,Crossfade,4,211-809-1709,5.43629694,0.217451885,ramp,eval,end,rapid_H1_5_to_H4_0,records/eval_ramp_211-809-1709.csv
OU-II,Crossfade,4,211-809-1709,6.66105652,0.266442269,ramp,eval,,rapid_H1_5_to_H4_0,records/eval_ramp_211-809-1709.csv
OU-II,Crossfade,4,211-809-1709,2.57798982,0.103119597,ramp,eval,start,rapid_H1_5_to_H4_0,records/eval_ramp_211-809-1709.csv
OU-II,Crossfade,4,211-809-1709,8.94934654,0.357973844,ramp,eval,blend,rapid_H1_5_to_H4_0,records/eval_ramp_211-809-1709.csv
OU-II,Crossfade,4,211-809-1709,8.7192421,0.348769695,ramp,eval,recover,rapid_H1_5_to_H4_0,records/eval_ramp_211-809-1709.csv
OU-II,Crossfade,4,211-809-1709,7.75241041,0.310096413,ramp,eval,end,rapid_H1_5_to_H4_0,records/eval_ramp_211-809-1709.csv
TFG,Crossfade,4,211-809-1709,5.07314444,0.202925771,ramp,eval,,rapid_H1_5_to_H4_0,records/eval_ramp_211-809-1709.csv
TFG,Crossfade,4,211-809-1709,1.8705312,0.0748212487,ramp,eval,start,rapid_H1_5_to_H4_0,records/eval_ramp_211-809-1709.csv
TFG,Crossfade,4,211-809-1709,10.4714804,0.418859214,ramp,eval,blend,rapid_H1_5_to_H4_0,records/eval_ramp_211-809-1709.csv
TFG,Crossfade,4,211-809-1709,8.40300465,0.336120188,ramp,eval,recover,rapid_H1_5_to_H4_0,records/eval_ramp_211-809-1709.csv
TFG,Crossfade,4,211-809-1709,5.49502516,0.219801009,ramp,eval,end,rapid_H1_5_to_H4_0,records/eval_ramp_211-809-1709.csv
PII,Crossfade,4,211-809-1709,11.5524664,0.462098658,ramp,eval,,rapid_H1_5_to_H4_0,records/eval_ramp_211-809-1709.csv
PII,Crossfade,4,211-809-1709,2.2719593,0.0908783749,ramp,eval,start,rapid_H1_5_to_H4_0,records/eval_ramp_211-809-1709.csv
PII,Crossfade,4,211-809-1709,16.3182487,0.652729928,ramp,eval,blend,rapid_H1_5_to_H4_0,records/eval_ramp_211-809-1709.csv
PII,Crossfade,4,211-809-1709,23.3320675,0.933282673,ramp,eval,recover,rapid_H1_5_to_H4_0,records/eval_ramp_211-809-1709.csv
PII,Crossfade,4,211-809-1709,13.0366144,0.521464586,ramp,eval,end,rapid_H1_5_to_H4_0,records/eval_ramp_211-809-1709.csv
TVG-NLO,Crossfade,4,211-809-1709,8.09261608,0.32370463,ramp,eval,,rapid_H1_5_to_H4_0,records/eval_ramp_211-809-1709.csv
TVG-NLO,Crossfade,4,211-809-1709,2.80315781,0.112126313,ramp,eval,start,rapid_H1_5_to_H4_0,records/eval_ramp_211-809-1709.csv
TVG-NLO,Crossfade,4,211-809-1709,14.635643,0.585425735,ramp,eval,blend,rapid_H1_5_to_H4_0,records/eval_ramp_211-809-1709.csv
TVG-NLO,Crossfade,4,211-809-1709,23.4364758,0.937459052,ramp,eval,recover,rapid_H1_5_to_H4_0,records/eval_ramp_211-809-1709.csv
TVG-NLO,Crossfade,4,211-809-1709,7.8038106,0.312152416,ramp,eval,end,rapid_H1_5_to_H4_0,records/eval_ramp_211-809-1709.csv
OU-III,JONSWAP,0.270000011,257-907-1801,4.16280127,0.0112395631,stationary,eval,,stationary_jonswap_H0_270_L14_047_A30_00_P60_00,records/eval_stationary_jonswap_H0_270_L14_047_A30_00_P60_00_257-907-1801.csv
OU-II,JONSWAP,0.270000011,257-907-1801,5.87752438,0.0158693157,stationary,eval,,stationary_jonswap_H0_270_L14_047_A30_00_P60_00,records/eval_stationary_jonswap_H0_270_L14_047_A30_00_P60_00_257-907-1801.csv
TFG,JONSWAP,0.270000011,257-907-1801,4.33281708,0.0116986064,stationary,eval,,stationary_jonswap_H0_270_L14_047_A30_00_P60_00,records/eval_stationary_jonswap_H0_270_L14_047_A30_00_P60_00_257-907-1801.csv
PII,JONSWAP,0.270000011,257-907-1801,3.62443733,0.00978598092,stationary,eval,,stationary_jonswap_H0_270_L14_047_A30_00_P60_00,records/eval_stationary_jonswap_H0_270_L14_047_A30_00_P60_00_257-907-1801.csv
TVG-NLO,JONSWAP,0.270000011,257-907-1801,6.76072836,0.0182539672,stationary,eval,,stationary_jonswap_H0_270_L14_047_A30_00_P60_00,records/eval_stationary_jonswap_H0_270_L14_047_A30_00_P60_00_257-907-1801.csv
OU-III,JONSWAP,1.5,257-907-1801,4.97131824,0.0745697767,stationary,eval,,stationary_jonswap_H1_500_L50_710_A_30_00_P120_00,records/eval_stationary_jonswap_H1_500_L50_710_A_30_00_P120_00_257-907-1801.csv
OU-II,JONSWAP,1.5,257-907-1801,6.68184185,0.100227632,stationary,eval,,stationary_jonswap_H1_500_L50_710_A_30_00_P120_00,records/eval_stationary_jonswap_H1_500_L50_710_A_30_00_P120_00_257-907-1801.csv
TFG,JONSWAP,1.5,257-907-1801,4.96231699,0.0744347572,stationary,eval,,stationary_jonswap_H1_500_L50_710_A_30_00_P120_00,records/eval_stationary_jonswap_H1_500_L50_710_A_30_00_P120_00_257-907-1801.csv
PII,JONSWAP,1.5,257-907-1801,5.96061325,0.0894092023,stationary,eval,,stationary_jonswap_H1_500_L50_710_A_30_00_P120_00,records/eval_stationary_jonswap_H1_500_L50_710_A_30_00_P120_00_257-907-1801.csv
TVG-NLO,JONSWAP,1.5,257-907-1801,6.96441317,0.1044662,stationary,eval,,stationary_jonswap_H1_500_L50_710_A_30_00_P120_00,records/eval_stationary_jonswap_H1_500_L50_710_A_30_00_P120_00_257-907-1801.csv
OU-III,JONSWAP,4,257-907-1801,4.17391491,0.166956589,stationary,eval,,stationary_jonswap_H4_000_L112_766_A30_00_P30_00,records/eval_stationary_jonswap_H4_000_L112_766_A30_00_P30_00_257-907-1801.csv
OU-II,JONSWAP,4,257-907-1801,6.43476534,0.257390618,stationary,eval,,stationary_jonswap_H4_000_L112_766_A30_00_P30_00,records/eval_stationary_jonswap_H4_000_L112_766_A30_00_P30_00_257-907-1801.csv
TFG,JONSWAP,4,257-907-1801,4.24744081,0.169897631,stationary,eval,,stationary_jonswap_H4_000_L112_766_A30_00_P30_00,records/eval_stationary_jonswap_H4_000_L112_766_A30_00_P30_00_257-907-1801.csv
PII,JONSWAP,4,257-907-1801,6.36220264,0.254488111,stationary,eval,,stationary_jonswap_H4_000_L112_766_A30_00_P30_00,records/eval_stationary_jonswap_H4_000_L112_766_A30_00_P30_00_257-907-1801.csv
TVG-NLO,JONSWAP,4,257-907-1801,6.90526819,0.276210725,stationary,eval,,stationary_jonswap_H4_000_L112_766_A30_00_P30_00,records/eval_stationary_jonswap_H4_000_L112_766_A30_00_P30_00_257-907-1801.csv
OU-III,JONSWAP,8.5,257-907-1801,3.88110065,0.329893559,stationary,eval,,stationary_jonswap_H8_500_L202_839_A_30_00_P72_00,records/eval_stationary_jonswap_H8_500_L202_839_A_30_00_P72_00_257-907-1801.csv
OU-II,JONSWAP,8.5,257-907-1801,6.03765917,0.513201058,stationary,eval,,stationary_jonswap_H8_500_L202_839_A_30_00_P72_00,records/eval_stationary_jonswap_H8_500_L202_839_A_30_00_P72_00_257-907-1801.csv
TFG,JONSWAP,8.5,257-907-1801,3.90407681,0.331846535,stationary,eval,,stationary_jonswap_H8_500_L202_839_A_30_00_P72_00,records/eval_stationary_jonswap_H8_500_L202_839_A_30_00_P72_00_257-907-1801.csv
PII,JONSWAP,8.5,257-907-1801,7.98161507,0.678437293,stationary,eval,,stationary_jonswap_H8_500_L202_839_A_30_00_P72_00,records/eval_stationary_jonswap_H8_500_L202_839_A_30_00_P72_00_257-907-1801.csv
TVG-NLO,JONSWAP,8.5,257-907-1801,6.98688507,0.593885243,stationary,eval,,stationary_jonswap_H8_500_L202_839_A_30_00_P72_00,records/eval_stationary_jonswap_H8_500_L202_839_A_30_00_P72_00_257-907-1801.csv
OU-III,PM-Stokes,0.270000011,257-907-1801,4.23575449,0.0114365378,stationary,eval,,stationary_pmstokes_H0_270_L14_047_A30_00_P60_00,records/eval_stationary_pmstokes_H0_270_L14_047_A30_00_P60_00_257-907-1801.csv
OU-II,PM-Stokes,0.270000011,257-907-1801,5.79396391,0.0156437028,stationary,eval,,stationary_pmstokes_H0_270_L14_047_A30_00_P60_00,records/eval_stationary_pmstokes_H0_270_L14_047_A30_00_P60_00_257-907-1801.csv
TFG,PM-Stokes,0.270000011,257-907-1801,4.39286852,0.011860745,stationary,eval,,stationary_pmstokes_H0_270_L14_047_A30_00_P60_00,records/eval_stationary_pmstokes_H0_270_L14_047_A30_00_P60_00_257-907-1801.csv
PII,PM-Stokes,0.270000011,257-907-1801,3.81608176,0.0103034209,stationary,eval,,stationary_pmstokes_H0_270_L14_047_A30_00_P60_00,records/eval_stationary_pmstokes_H0_270_L14_047_A30_00_P60_00_257-907-1801.csv
TVG-NLO,PM-Stokes,0.270000011,257-907-1801,6.89286709,0.0186107419,stationary,eval,,stationary_pmstokes_H0_270_L14_047_A30_00_P60_00,records/eval_stationary_pmstokes_H0_270_L14_047_A30_00_P60_00_257-907-1801.csv
OU-III,PM-Stokes,1.5,257-907-1801,4.87896824,0.0731845275,stationary,eval,,stationary_pmstokes_H1_500_L50_710_A_30_00_P120_00,records/eval_stationary_pmstokes_H1_500_L50_710_A_30_00_P120_00_257-907-1801.csv
OU-II,PM-Stokes,1.5,257-907-1801,6.52136564,0.0978204906,stationary,eval,,stationary_pmstokes_H1_500_L50_710_A_30_00_P120_00,records/eval_stationary_pmstokes_H1_500_L50_710_A_30_00_P120_00_257-907-1801.csv
TFG,PM-Stokes,1.5,257-907-1801,4.8910408,0.0733656138,stationary,eval,,stationary_pmstokes_H1_500_L50_710_A_30_00_P120_00,records/eval_stationary_pmstokes_H1_500_L50_710_A_30_00_P120_00_257-907-1801.csv
PII,PM-Stokes,1.5,257-907-1801,5.6949954,0.0854249373,stationary,eval,,stationary_pmstokes_H1_500_L50_710_A_30_00_P120_00,records/eval_stationary_pmstokes_H1_500_L50_710_A_30_00_P120_00_257-907-1801.csv
TVG-NLO,PM-Stokes,1.5,257-907-1801,6.93985605,0.104097843,stationary,eval,,stationary_pmstokes_H1_500_L50_710_A_30_00_P120_00,records/eval_stationary_pmstokes_H1_500_L50_710_A_30_00_P120_00_257-907-1801.csv
OU-III,PM-Stokes,4,257-907-1801,4.01387739,0.160555094,stationary,eval,,stationary_pmstokes_H4_000_L112_766_A30_00_P30_00,records/eval_stationary_pmstokes_H4_000_L112_766_A30_00_P30_00_257-907-1801.csv
OU-II,PM-Stokes,4,257-907-1801,6.29213667,0.25168547,stationary,eval,,stationary_pmstokes_H4_000_L112_766_A30_00_P30_00,records/eval_stationary_pmstokes_H4_000_L112_766_A30_00_P30_00_257-907-1801.csv
TFG,PM-Stokes,4,257-907-1801,4.07895136,0.163158059,stationary,eval,,stationary_pmstokes_H4_000_L112_766_A30_00_P30_00,records/eval_stationary_pmstokes_H4_000_L112_766_A30_00_P30_00_257-907-1801.csv
PII,PM-Stokes,4,257-907-1801,6.21039724,0.248415887,stationary,eval,,stationary_pmstokes_H4_000_L112_766_A30_00_P30_00,records/eval_stationary_pmstokes_H4_000_L112_766_A30_00_P30_00_257-907-1801.csv
TVG-NLO,PM-Stokes,4,257-907-1801,7.05984592,0.282393843,stationary,eval,,stationary_pmstokes_H4_000_L112_766_A30_00_P30_00,records/eval_stationary_pmstokes_H4_000_L112_766_A30_00_P30_00_257-907-1801.csv
OU-III,PM-Stokes,8.5,257-907-1801,3.89874053,0.331392944,stationary,eval,,stationary_pmstokes_H8_500_L202_839_A_30_00_P72_00,records/eval_stationary_pmstokes_H8_500_L202_839_A_30_00_P72_00_257-907-1801.csv
OU-II,PM-Stokes,8.5,257-907-1801,5.98568058,0.508782864,stationary,eval,,stationary_pmstokes_H8_500_L202_839_A_30_00_P72_00,records/eval_stationary_pmstokes_H8_500_L202_839_A_30_00_P72_00_257-907-1801.csv
TFG,PM-Stokes,8.5,257-907-1801,3.93441129,0.334424973,stationary,eval,,stationary_pmstokes_H8_500_L202_839_A_30_00_P72_00,records/eval_stationary_pmstokes_H8_500_L202_839_A_30_00_P72_00_257-907-1801.csv
PII,PM-Stokes,8.5,257-907-1801,9.05556297,0.769722879,stationary,eval,,stationary_pmstokes_H8_500_L202_839_A_30_00_P72_00,records/eval_stationary_pmstokes_H8_500_L202_839_A_30_00_P72_00_257-907-1801.csv
TVG-NLO,PM-Stokes,8.5,257-907-1801,7.12317753,0.605470121,stationary,eval,,stationary_pmstokes_H8_500_L202_839_A_30_00_P72_00,records/eval_stationary_pmstokes_H8_500_L202_839_A_30_00_P72_00_257-907-1801.csv
OU-III,Crossfade,4,257-907-1801,4.70955467,0.188382179,crossfade,eval,,nonstationary_H1_5_to_H4_0_Tp5_7_to_11_4,records/eval_crossfade_257-907-1801.csv
OU-III,Crossfade,4,257-907-1801,2.14104438,0.085641779,crossfade,eval,start,nonstationary_H1_5_to_H4_0_Tp5_7_to_11_4,records/eval_crossfade_257-907-1801.csv
OU-III,Crossfade,4,257-907-1801,4.31107283,0.172442913,crossfade,eval,blend,nonstationary_H1_5_to_H4_0_Tp5_7_to_11_4,records/eval_crossfade_257-907-1801.csv
OU-III,Crossfade,4,257-907-1801,5.62214375,0.224885747,crossfade,eval,recover,nonstationary_H1_5_to_H4_0_Tp5_7_to_11_4,records/eval_crossfade_257-907-1801.csv
OU-III,Crossfade,4,257-907-1801,5.5289526,0.221158102,crossfade,eval,end,nonstationary_H1_5_to_H4_0_Tp5_7_to_11_4,records/eval_crossfade_257-907-1801.csv
OU-II,Crossfade,4,257-907-1801,6.47166443,0.258866578,crossfade,eval,,nonstationary_H1_5_to_H4_0_Tp5_7_to_11_4,records/eval_crossfade_257-907-1801.csv
OU-II,Crossfade,4,257-907-1801,2.66340494,0.106536195,crossfade,eval,start,nonstationary_H1_5_to_H4_0_Tp5_7_to_11_4,records/eval_crossfade_257-907-1801.csv
OU-II,Crossfade,4,257-907-1801,5.19747829,0.207899123,crossfade,eval,blend,nonstationary_H1_5_to_H4_0_Tp5_7_to_11_4,records/eval_crossfade_257-907-1801.csv
OU-II,Crossfade,4,257-907-1801,8.17691708,0.327076674,crossfade,eval,recover,nonstationary_H1_5_to_H4_0_Tp5_7_to_11_4,records/eval_crossfade_257-907-1801.csv
OU-II,Crossfade,4,257-907-1801,7.67298841,0.306919545,crossfade,eval,end,nonstationary_H1_5_to_H4_0_Tp5_7_to_11_4,records/eval_crossfade_257-907-1801.csv
TFG,Crossfade,4,257-907-1801,4.73592186,0.189436868,crossfade,eval,,nonstationary_H1_5_to_H4_0_Tp5_7_to_11_4,records/eval_crossfade_257-907-1801.csv
TFG,Crossfade,4,257-907-1801,2.16468191,0.08658728,crossfade,eval,start,nonstationary_H1_5_to_H4_0_Tp5_7_to_11_4,records/eval_crossfade_257-907-1801.csv
TFG,Crossfade,4,257-907-1801,4.4385767,0.177543074,crossfade,eval,blend,nonstationary_H1_5_to_H4_0_Tp5_7_to_11_4,records/eval_crossfade_257-907-1801.csv
TFG,Crossfade,4,257-907-1801,5.61124706,0.224449873,crossfade,eval,recover,nonstationary_H1_5_to_H4_0_Tp5_7_to_11_4,records/eval_crossfade_257-907-1801.csv
TFG,Crossfade,4,257-907-1801,5.5462513,0.221850052,crossfade,eval,end,nonstationary_H1_5_to_H4_0_Tp5_7_to_11_4,records/eval_crossfade_257-907-1801.csv
PII,Crossfade,4,257-907-1801,12.7809839,0.51123935,crossfade,eval,,nonstationary_H1_5_to_H4_0_Tp5_7_to_11_4,records/eval_crossfade_257-907-1801.csv
PII,Crossfade,4,257-907-1801,2.76456714,0.110582687,crossfade,eval,start,nonstationary_H1_5_to_H4_0_Tp5_7_to_11_4,records/eval_crossfade_257-907-1801.csv
PII,Crossfade,4,257-907-1801,10.6744566,0.42697826,crossfade,eval,blend,nonstationary_H1_5_to_H4_0_Tp5_7_to_11_4,records/eval_crossfade_257-907-1801.csv
PII,Crossfade,4,257-907-1801,16.7965355,0.67186141,crossfade,eval,recover,nonstationary_H1_5_to_H4_0_Tp5_7_to_11_4,records/eval_crossfade_257-907-1801.csv
PII,Crossfade,4,257-907-1801,15.2485962,0.609943867,crossfade,eval,end,nonstationary_H1_5_to_H4_0_Tp5_7_to_11_4,records/eval_crossfade_257-907-1801.csv
TVG-NLO,Crossfade,4,257-907-1801,7.40308762,0.296123505,crossfade,eval,,nonstationary_H1_5_to_H4_0_Tp5_7_to_11_4,records/eval_crossfade_257-907-1801.csv
TVG-NLO,Crossfade,4,257-907-1801,2.80931735,0.112372696,crossfade,eval,start,nonstationary_H1_5_to_H4_0_Tp5_7_to_11_4,records/eval_crossfade_257-907-1801.csv
TVG-NLO,Crossfade,4,257-907-1801,9.03645992,0.361458391,crossfade,eval,blend,nonstationary_H1_5_to_H4_0_Tp5_7_to_11_4,records/eval_crossfade_257-907-1801.csv
TVG-NLO,Crossfade,4,257-907-1801,9.40233421,0.376093388,crossfade,eval,recover,nonstationary_H1_5_to_H4_0_Tp5_7_to_11_4,records/eval_crossfade_257-907-1801.csv
TVG-NLO,Crossfade,4,257-907-1801,8.02147198,0.320858866,crossfade,eval,end,nonstationary_H1_5_to_H4_0_Tp5_7_to_11_4,records/eval_crossfade_257-907-1801.csv
OU-III,LowHighLow,4,257-907-1801,4.1893301,0.167573199,lowhighlow,eval,,roundtrip_H1_5_H4_0_H1_5,records/eval_lowhighlow_257-907-1801.csv
OU-III,LowHighLow,4,257-907-1801,2.08999181,0.0835996717,lowhighlow,eval,low_start,roundtrip_H1_5_H4_0_H1_5,records/eval_lowhighlow_257-907-1801.csv
OU-III,LowHighLow,4,257-907-1801,3.88673735,0.155469492,lowhighlow,eval,rise,roundtrip_H1_5_H4_0_H1_5,records/eval_lowhighlow_257-907-1801.csv
OU-III,LowHighLow,4,257-907-1801,5.59402514,0.223761007,lowhighlow,eval,high_recover,roundtrip_H1_5_H4_0_H1_5,records/eval_lowhighlow_257-907-1801.csv
OU-III,LowHighLow,4,257-907-1801,5.56662512,0.222665012,lowhighlow,eval,high,roundtrip_H1_5_H4_0_H1_5,records/eval_lowhighlow_257-907-1801.csv
OU-III,LowHighLow,4,257-907-1801,5.67480946,0.226992369,lowhighlow,eval,fall,roundtrip_H1_5_H4_0_H1_5,records/eval_lowhighlow_257-907-1801.csv
OU-III,LowHighLow,4,257-907-1801,1.79273164,0.0717092678,lowhighlow,eval,low_recover,roundtrip_H1_5_H4_0_H1_5,records/eval_lowhighlow_257-907-1801.csv
OU-III,LowHighLow,4,257-907-1801,1.91024518,0.0764098093,lowhighlow,eval,low_return,roundtrip_H1_5_H4_0_H1_5,records/eval_lowhighlow_257-907-1801.csv
OU-II,LowHighLow,4,257-907-1801,5.64012003,0.225604802,lowhighlow,eval,,roundtrip_H1_5_H4_0_H1_5,records/eval_lowhighlow_257-907-1801.csv
OU-II,LowHighLow,4,257-907-1801,2.93008113,0.117203243,lowhighlow,eval,low_start,roundtrip_H1_5_H4_0_H1_5,records/eval_lowhighlow_257-907-1801.csv
OU-II,LowHighLow,4,257-907-1801,4.47814178,0.179125667,lowhighlow,eval,rise,roundtrip_H1_5_H4_0_H1_5,records/eval_lowhighlow_257-907-1801.csv
OU-II,LowHighLow,4,257-907-1801,8.40539265,0.336215705,lowhighlow,eval,high_recover,roundtrip_H1_5_H4_0_H1_5,records/eval_lowhighlow_257-907-1801.csv
OU-II,LowHighLow,4,257-907-1801,7.54644775,0.301857919,lowhighlow,eval,high,roundtrip_H1_5_H4_0_H1_5,records/eval_lowhighlow_257-907-1801.csv
OU-II,LowHighLow,4,257-907-1801,7.06979322,0.282791734,lowhighlow,eval,fall,roundtrip_H1_5_H4_0_H1_5,records/eval_lowhighlow_257-907-1801.csv
OU-II,LowHighLow,4,257-907-1801,2.347363,0.0938945189,lowhighlow,eval,low_recover,roundtrip_H1_5_H4_0_H1_5,records/eval_lowhighlow_257-907-1801.csv
OU-II,LowHighLow,4,257-907-1801,2.64340758,0.105736308,lowhighlow,eval,low_return,roundtrip_H1_5_H4_0_H1_5,records/eval_lowhighlow_257-907-1801.csv
TFG,LowHighLow,4,257-907-1801,4.19301367,0.167720541,lowhighlow,eval,,roundtrip_H1_5_H4_0_H1_5,records/eval_lowhighlow_257-907-1801.csv
TFG,LowHighLow,4,257-907-1801,2.10960984,0.0843843967,lowhighlow,eval,low_start,roundtrip_H1_5_H4_0_H1_5,records/eval_lowhighlow_257-907-1801.csv
TFG,LowHighLow,4,257-907-1801,3.79188871,0.151675552,lowhighlow,eval,rise,roundtrip_H1_5_H4_0_H1_5,records/eval_lowhighlow_257-907-1801.csv
TFG,LowHighLow,4,257-907-1801,5.52952099,0.221180841,lowhighlow,eval,high_recover,roundtrip_H1_5_H4_0_H1_5,records/eval_lowhighlow_257-907-1801.csv
TFG,LowHighLow,4,257-907-1801,5.56954622,0.222781852,lowhighlow,eval,high,roundtrip_H1_5_H4_0_H1_5,records/eval_lowhighlow_257-907-1801.csv
TFG,LowHighLow,4,257-907-1801,5.80503511,0.232201412,lowhighlow,eval,fall,roundtrip_H1_5_H4_0_H1_5,records/eval_lowhighlow_257-907-1801.csv
TFG,LowHighLow,4,257-907-1801,1.79697633,0.0718790516,lowhighlow,eval,low_recover,roundtrip_H1_5_H4_0_H1_5,records/eval_lowhighlow_257-907-1801.csv
TFG,LowHighLow,4,257-907-1801,1.92179477,0.07687179,lowhighlow,eval,low_return,roundtrip_H1_5_H4_0_H1_5,records/eval_lowhighlow_257-907-1801.csv
PII,LowHighLow,4,257-907-1801,10.3240976,0.412963897,lowhighlow,eval,,roundtrip_H1_5_H4_0_H1_5,records/eval_lowhighlow_257-907-1801.csv
PII,LowHighLow,4,257-907-1801,2.68870378,0.107548155,lowhighlow,eval,low_start,roundtrip_H1_5_H4_0_H1_5,records/eval_lowhighlow_257-907-1801.csv
PII,LowHighLow,4,257-907-1801,8.45942974,0.338377178,lowhighlow,eval,rise,roundtrip_H1_5_H4_0_H1_5,records/eval_lowhighlow_257-907-1801.csv
PII,LowHighLow,4,257-907-1801,17.5304508,0.701218069,lowhighlow,eval,high_recover,roundtrip_H1_5_H4_0_H1_5,records/eval_lowhighlow_257-907-1801.csv
PII,LowHighLow,4,257-907-1801,13.9206018,0.556824088,lowhighlow,eval,high,roundtrip_H1_5_H4_0_H1_5,records/eval_lowhighlow_257-907-1801.csv
PII,LowHighLow,4,257-907-1801,12.0097942,0.480391771,lowhighlow,eval,fall,roundtrip_H1_5_H4_0_H1_5,records/eval_lowhighlow_257-907-1801.csv
PII,LowHighLow,4,257-907-1801,2.1863091,0.0874523669,lowhighlow,eval,low_recover,roundtrip_H1_5_H4_0_H1_5,records/eval_lowhighlow_257-907-1801.csv
PII,LowHighLow,4,257-907-1801,2.32217574,0.0928870291,lowhighlow,eval,low_return,roundtrip_H1_5_H4_0_H1_5,records/eval_lowhighlow_257-907-1801.csv
TVG-NLO,LowHighLow,4,257-907-1801,6.46235561,0.258494228,lowhighlow,eval,,roundtrip_H1_5_H4_0_H1_5,records/eval_lowhighlow_257-907-1801.csv
TVG-NLO,LowHighLow,4,257-907-1801,2.86472058,0.114588827,lowhighlow,eval,low_start,roundtrip_H1_5_H4_0_H1_5,records/eval_lowhighlow_257-907-1801.csv
TVG-NLO,LowHighLow,4,257-907-1801,6.77514744,0.271005899,lowhighlow,eval,rise,roundtrip_H1_5_H4_0_H1_5,records/eval_lowhighlow_257-907-1801.csv
TVG-NLO,LowHighLow,4,257-907-1801,10.5229473,0.420917898,lowhighlow,eval,high_recover,roundtrip_H1_5_H4_0_H1_5,records/eval_lowhighlow_257-907-1801.csv
TVG-NLO,LowHighLow,4,257-907-1801,7.69836521,0.307934612,lowhighlow,eval,high,roundtrip_H1_5_H4_0_H1_5,records/eval_lowhighlow_257-907-1801.csv
TVG-NLO,LowHighLow,4,257-907-1801,7.31537104,0.292614847,lowhighlow,eval,fall,roundtrip_H1_5_H4_0_H1_5,records/eval_lowhighlow_257-907-1801.csv
TVG-NLO,LowHighLow,4,257-907-1801,2.64032102,0.105612844,lowhighlow,eval,low_recover,roundtrip_H1_5_H4_0_H1_5,records/eval_lowhighlow_257-907-1801.csv
TVG-NLO,LowHighLow,4,257-907-1801,2.77447391,0.110978954,lowhighlow,eval,low_return,roundtrip_H1_5_H4_0_H1_5,records/eval_lowhighlow_257-907-1801.csv
OU-III,JONSWAP,0.0500000007,257-907-1801,19.311903,0.00965595152,low_motion,eval,,low_motion_H0_050,records/eval_lowmotion_257-907-1801.csv
OU-II,JONSWAP,0.0500000007,257-907-1801,18.1090431,0.00905452203,low_motion,eval,,low_motion_H0_050,records/eval_lowmotion_257-907-1801.csv
TFG,JONSWAP,0.0500000007,257-907-1801,30.8433475,0.0154216737,low_motion,eval,,low_motion_H0_050,records/eval_lowmotion_257-907-1801.csv
PII,JONSWAP,0.0500000007,257-907-1801,12.928997,0.00646449858,low_motion,eval,,low_motion_H0_050,records/eval_lowmotion_257-907-1801.csv
TVG-NLO,JONSWAP,0.0500000007,257-907-1801,284.277832,0.142138913,low_motion,eval,,low_motion_H0_050,records/eval_lowmotion_257-907-1801.csv
OU-III,Crossfade,4,257-907-1801,4.77736998,0.191094801,ramp,eval,,rapid_H1_5_to_H4_0,records/eval_ramp_257-907-1801.csv
OU-III,Crossfade,4,257-907-1801,2.08992147,0.0835968554,ramp,eval,start,rapid_H1_5_to_H4_0,records/eval_ramp_257-907-1801.csv
OU-III,Crossfade,4,257-907-1801,5.79947186,0.231978878,ramp,eval,blend,rapid_H1_5_to_H4_0,records/eval_ramp_257-907-1801.csv
OU-III,Crossfade,4,257-907-1801,5.48961878,0.219584748,ramp,eval,recover,rapid_H1_5_to_H4_0,records/eval_ramp_257-907-1801.csv
OU-III,Crossfade,4,257-907-1801,5.59649801,0.223859921,ramp,eval,end,rapid_H1_5_to_H4_0,records/eval_ramp_257-907-1801.csv
OU-II,Crossfade,4,257-907-1801,6.51470327,0.260588139,ramp,eval,,rapid_H1_5_to_H4_0,records/eval_ramp_257-907-1801.csv
OU-II,Crossfade,4,257-907-1801,2.68024158,0.10720966,ramp,eval,start,rapid_H1_5_to_H4_0,records/eval_ramp_257-907-1801.csv
OU-II,Crossfade,4,257-907-1801,6.26840687,0.250736266,ramp,eval,blend,rapid_H1_5_to_H4_0,records/eval_ramp_257-907-1801.csv
OU-II,Crossfade,4,257-907-1801,7.55975008,0.302390009,ramp,eval,recover,rapid_H1_5_to_H4_0,records/eval_ramp_257-907-1801.csv
OU-II,Crossfade,4,257-907-1801,7.74094629,0.309637845,ramp,eval,end,rapid_H1_5_to_H4_0,records/eval_ramp_257-907-1801.csv
TFG,Crossfade,4,257-907-1801,4.78660488,0.191464201,ramp,eval,,rapid_H1_5_to_H4_0,records/eval_ramp_257-907-1801.csv
TFG,Crossfade,4,257-907-1801,2.11526179,0.0846104696,ramp,eval,start,rapid_H1_5_to_H4_0,records/eval_ramp_257-907-1801.csv
TFG,Crossfade,4,257-907-1801,5.76407433,0.23056297,ramp,eval,blend,rapid_H1_5_to_H4_0,records/eval_ramp_257-907-1801.csv
TFG,Crossfade,4,257-907-1801,5.37490177,0.21499607,ramp,eval,recover,rapid_H1_5_to_H4_0,records/eval_ramp_257-907-1801.csv
TFG,Crossfade,4,257-907-1801,5.61239624,0.224495858,ramp,eval,end,rapid_H1_5_to_H4_0,records/eval_ramp_257-907-1801.csv
PII,Crossfade,4,257-907-1801,12.8938141,0.515752554,ramp,eval,,rapid_H1_5_to_H4_0,records/eval_ramp_257-907-1801.csv
PII,Crossfade,4,257-907-1801,2.66720867,0.10668835,ramp,eval,start,rapid_H1_5_to_H4_0,records/eval_ramp_257-907-1801.csv
PII,Crossfade,4,257-907-1801,9.76091194,0.390436471,ramp,eval,blend,rapid_H1_5_to_H4_0,records/eval_ramp_257-907-1801.csv
PII,Crossfade,4,257-907-1801,22.3763924,0.895055711,ramp,eval,recover,rapid_H1_5_to_H4_0,records/eval_ramp_257-907-1801.csv
PII,Crossfade,4,257-907-1801,15.2881861,0.611527443,ramp,eval,end,rapid_H1_5_to_H4_0,records/eval_ramp_257-907-1801.csv
TVG-NLO,Crossfade,4,257-907-1801,7.65019369,0.306007743,ramp,eval,,rapid_H1_5_to_H4_0,records/eval_ramp_257-907-1801.csv
TVG-NLO,Crossfade,4,257-907-1801,2.77346158,0.11093846,ramp,eval,start,rapid_H1_5_to_H4_0,records/eval_ramp_257-907-1801.csv
TVG-NLO,Crossfade,4,257-907-1801,9.17901802,0.367160738,ramp,eval,blend,rapid_H1_5_to_H4_0,records/eval_ramp_257-907-1801.csv
TVG-NLO,Crossfade,4,257-907-1801,18.2078171,0.728312671,ramp,eval,recover,rapid_H1_5_to_H4_0,records/eval_ramp_257-907-1801.csv
TVG-NLO,Crossfade,4,257-907-1801,8.27545929,0.331018388,ramp,eval,end,rapid_H1_5_to_H4_0,records/eval_ramp_257-907-1801.csv
OU-III,JONSWAP,0.270000011,307-1009-1901,4.04202461,0.0109134661,stationary,eval,,stationary_jonswap_H0_270_L14_047_A30_00_P60_00,records/eval_stationary_jonswap_H0_270_L14_047_A30_00_P60_00_307-1009-1901.csv
OU-II,JONSWAP,0.270000011,307-1009-1901,5.67116022,0.0153121334,stationary,eval,,stationary_jonswap_H0_270_L14_047_A30_00_P60_00,records/eval_stationary_jonswap_H0_270_L14_047_A30_00_P60_00_307-1009-1901.csv
TFG,JONSWAP,0.270000011,307-1009-1901,4.15740442,0.0112249916,stationary,eval,,stationary_jonswap_H0_270_L14_047_A30_00_P60_00,records/eval_stationary_jonswap_H0_270_L14_047_A30_00_P60_00_307-1009-1901.csv
PII,JONSWAP,0.270000011,307-1009-1901,3.46405435,0.00935294665,stationary,eval,,stationary_jonswap_H0_270_L14_047_A30_00_P60_00,records/eval_stationary_jonswap_H0_270_L14_047_A30_00_P60_00_307-1009-1901.csv
TVG-NLO,JONSWAP,0.270000011,307-1009-1901,13.7268267,0.0370624326,stationary,eval,,stationary_jonswap_H0_270_L14_047_A30_00_P60_00,records/eval_stationary_jonswap_H0_270_L14_047_A30_00_P60_00_307-1009-1901.csv
OU-III,JONSWAP,1.5,307-1009-1901,5.07273817,0.0760910735,stationary,eval,,stationary_jonswap_H1_500_L50_710_A_30_00_P120_00,records/eval_stationary_jonswap_H1_500_L50_710_A_30_00_P120_00_307-1009-1901.csv
OU-II,JONSWAP,1.5,307-1009-1901,6.60931396,0.0991397128,stationary,eval,,stationary_jonswap_H1_500_L50_710_A_30_00_P120_00,records/eval_stationary_jonswap_H1_500_L50_710_A_30_00_P120_00_307-1009-1901.csv
TFG,JONSWAP,1.5,307-1009-1901,5.0782342,0.0761735141,stationary,eval,,stationary_jonswap_H1_500_L50_710_A_30_00_P120_00,records/eval_stationary_jonswap_H1_500_L50_710_A_30_00_P120_00_307-1009-1901.csv
PII,JONSWAP,1.5,307-1009-1901,5.87410021,0.0881115049,stationary,eval,,stationary_jonswap_H1_500_L50_710_A_30_00_P120_00,records/eval_stationary_jonswap_H1_500_L50_710_A_30_00_P120_00_307-1009-1901.csv
TVG-NLO,JONSWAP,1.5,307-1009-1901,7.00774336,0.105116151,stationary,eval,,stationary_jonswap_H1_500_L50_710_A_30_00_P120_00,records/eval_stationary_jonswap_H1_500_L50_710_A_30_00_P120_00_307-1009-1901.csv
OU-III,JONSWAP,4,307-1009-1901,4.36240196,0.174496084,stationary,eval,,stationary_jonswap_H4_000_L112_766_A30_00_P30_00,records/eval_stationary_jonswap_H4_000_L112_766_A30_00_P30_00_307-1009-1901.csv
OU-II,JONSWAP,4,307-1009-1901,6.20128775,0.248051509,stationary,eval,,stationary_jonswap_H4_000_L112_766_A30_00_P30_00,records/eval_stationary_jonswap_H4_000_L112_766_A30_00_P30_00_307-1009-1901.csv
TFG,JONSWAP,4,307-1009-1901,4.35144806,0.174057916,stationary,eval,,stationary_jonswap_H4_000_L112_766_A30_00_P30_00,records/eval_stationary_jonswap_H4_000_L112_766_A30_00_P30_00_307-1009-1901.csv
PII,JONSWAP,4,307-1009-1901,6.38905478,0.255562186,stationary,eval,,stationary_jonswap_H4_000_L112_766_A30_00_P30_00,records/eval_stationary_jonswap_H4_000_L112_766_A30_00_P30_00_307-1009-1901.csv
TVG-NLO,JONSWAP,4,307-1009-1901,6.79508448,0.271803379,stationary,eval,,stationary_jonswap_H4_000_L112_766_A30_00_P30_00,records/eval_stationary_jonswap_H4_000_L112_766_A30_00_P30_00_307-1009-1901.csv
OU-III,JONSWAP,8.5,307-1009-1901,3.88586688,0.330298692,stationary,eval,,stationary_jonswap_H8_500_L202_839_A_30_00_P72_00,records/eval_stationary_jonswap_H8_500_L202_839_A_30_00_P72_00_307-1009-1901.csv
OU-II,JONSWAP,8.5,307-1009-1901,6.05782413,0.514915049,stationary,eval,,stationary_jonswap_H8_500_L202_839_A_30_00_P72_00,records/eval_stationary_jonswap_H8_500_L202_839_A_30_00_P72_00_307-1009-1901.csv
TFG,JONSWAP,8.5,307-1009-1901,3.99282432,0.339390069,stationary,eval,,stationary_jonswap_H8_500_L202_839_A_30_00_P72_00,records/eval_stationary_jonswap_H8_500_L202_839_A_30_00_P72_00_307-1009-1901.csv
PII,JONSWAP,8.5,307-1009-1901,8.79615688,0.747673333,stationary,eval,,stationary_jonswap_H8_500_L202_839_A_30_00_P72_00,records/eval_stationary_jonswap_H8_500_L202_839_A_30_00_P72_00_307-1009-1901.csv
TVG-NLO,JONSWAP,8.5,307-1009-1901,7.29914618,0.62042743,stationary,eval,,stationary_jonswap_H8_500_L202_839_A_30_00_P72_00,records/eval_stationary_jonswap_H8_500_L202_839_A_30_00_P72_00_307-1009-1901.csv
OU-III,PM-Stokes,0.270000011,307-1009-1901,4.15453625,0.0112172486,stationary,eval,,stationary_pmstokes_H0_270_L14_047_A30_00_P60_00,records/eval_stationary_pmstokes_H0_270_L14_047_A30_00_P60_00_307-1009-1901.csv
OU-II,PM-Stokes,0.270000011,307-1009-1901,5.59231615,0.0150992544,stationary,eval,,stationary_pmstokes_H0_270_L14_047_A30_00_P60_00,records/eval_stationary_pmstokes_H0_270_L14_047_A30_00_P60_00_307-1009-1901.csv
TFG,PM-Stokes,0.270000011,307-1009-1901,4.24846697,0.0114708608,stationary,eval,,stationary_pmstokes_H0_270_L14_047_A30_00_P60_00,records/eval_stationary_pmstokes_H0_270_L14_047_A30_00_P60_00_307-1009-1901.csv
PII,PM-Stokes,0.270000011,307-1009-1901,3.69682932,0.00998143945,stationary,eval,,stationary_pmstokes_H0_270_L14_047_A30_00_P60_00,records/eval_stationary_pmstokes_H0_270_L14_047_A30_00_P60_00_307-1009-1901.csv
TVG-NLO,PM-Stokes,0.270000011,307-1009-1901,6.70974207,0.0181163047,stationary,eval,,stationary_pmstokes_H0_270_L14_047_A30_00_P60_00,records/eval_stationary_pmstokes_H0_270_L14_047_A30_00_P60_00_307-1009-1901.csv
OU-III,PM-Stokes,1.5,307-1009-1901,4.97070312,0.0745605528,stationary,eval,,stationary_pmstokes_H1_500_L50_710_A_30_00_P120_00,records/eval_stationary_pmstokes_H1_500_L50_710_A_30_00_P120_00_307-1009-1901.csv
OU-II,PM-Stokes,1.5,307-1009-1901,6.47391558,0.0971087366,stationary,eval,,stationary_pmstokes_H1_500_L50_710_A_30_00_P120_00,records/eval_stationary_pmstokes_H1_500_L50_710_A_30_00_P120_00_307-1009-1901.csv
TFG,PM-Stokes,1.5,307-1009-1901,4.99669266,0.0749503896,stationary,eval,,stationary_pmstokes_H1_500_L50_710_A_30_00_P120_00,records/eval_stationary_pmstokes_H1_500_L50_710_A_30_00_P120_00_307-1009-1901.csv
PII,PM-Stokes,1.5,307-1009-1901,5.70970011,0.0856455043,stationary,eval,,stationary_pmstokes_H1_500_L50_710_A_30_00_P120_00,records/eval_stationary_pmstokes_H1_500_L50_710_A_30_00_P120_00_307-1009-1901.csv
TVG-NLO,PM-Stokes,1.5,307-1009-1901,7.11422157,0.106713325,stationary,eval,,stationary_pmstokes_H1_500_L50_710_A_30_00_P120_00,records/eval_stationary_pmstokes_H1_500_L50_710_A_30_00_P120_00_307-1009-1901.csv
OU-III,PM-Stokes,4,307-1009-1901,4.08986092,0.16359444,stationary,eval,,stationary_pmstokes_H4_000_L112_766_A30_00_P30_00,records/eval_stationary_pmstokes_H4_000_L112_766_A30_00_P30_00_307-1009-1901.csv
OU-II,PM-Stokes,4,307-1009-1901,6.06935501,0.242774203,stationary,eval,,stationary_pmstokes_H4_000_L112_766_A30_00_P30_00,records/eval_stationary_pmstokes_H4_000_L112_766_A30_00_P30_00_307-1009-1901.csv
TFG,PM-Stokes,4,307-1009-1901,4.10926056,0.164370418,stationary,eval,,stationary_pmstokes_H4_000_L112_766_A30_00_P30_00,records/eval_stationary_pmstokes_H4_000_L112_766_A30_00_P30_00_307-1009-1901.csv
PII,PM-Stokes,4,307-1009-1901,6.03857994,0.241543189,stationary,eval,,stationary_pmstokes_H4_000_L112_766_A30_00_P30_00,records/eval_stationary_pmstokes_H4_000_L112_766_A30_00_P30_00_307-1009-1901.csv
TVG-NLO,PM-Stokes,4,307-1009-1901,7.15166712,0.286066681,stationary,eval,,stationary_pmstokes_H4_000_L112_766_A30_00_P30_00,records/eval_stationary_pmstokes_H4_000_L112_766_A30_00_P30_00_307-1009-1901.csv
OU-III,PM-Stokes,8.5,307-1009-1901,3.92367983,0.333512783,stationary,eval,,stationary_pmstokes_H8_500_L202_839_A_30_00_P72_00,records/eval_stationary_pmstokes_H8_500_L202_839_A_30_00_P72_00_307-1009-1901.csv
OU-II,PM-Stokes,8.5,307-1009-1901,5.92294025,0.503449917,stationary,eval,,stationary_pmstokes_H8_500_L202_839_A_30_00_P72_00,records/eval_stationary_pmstokes_H8_500_L202_839_A_30_00_P72_00_307-1009-1901.csv
TFG,PM-Stokes,8.5,307-1009-1901,3.89200997,0.330820858,stationary,eval,,stationary_pmstokes_H8_500_L202_839_A_30_00_P72_00,records/eval_stationary_pmstokes_H8_500_L202_839_A_30_00_P72_00_307-1009-1901.csv
PII,PM-Stokes,8.5,307-1009-1901,9.65501499,0.820676327,stationary,eval,,stationary_pmstokes_H8_500_L202_839_A_30_00_P72_00,records/eval_stationary_pmstokes_H8_500_L202_839_A_30_00_P72_00_307-1009-1901.csv
TVG-NLO,PM-Stokes,8.5,307-1009-1901,7.51963568,0.639169037,stationary,eval,,stationary_pmstokes_H8_500_L202_839_A_30_00_P72_00,records/eval_stationary_pmstokes_H8_500_L202_839_A_30_00_P72_00_307-1009-1901.csv
OU-III,Crossfade,4,307-1009-1901,4.56891298,0.182756528,crossfade,eval,,nonstationary_H1_5_to_H4_0_Tp5_7_to_11_4,records/eval_crossfade_307-1009-1901.csv
OU-III,Crossfade,4,307-1009-1901,1.99660957,0.0798643827,crossfade,eval,start,nonstationary_H1_5_to_H4_0_Tp5_7_to_11_4,records/eval_crossfade_307-1009-1901.csv
OU-III,Crossfade,4,307-1009-1901,2.90532684,0.116213076,crossfade,eval,blend,nonstationary_H1_5_to_H4_0_Tp5_7_to_11_4,records/eval_crossfade_307-1009-1901.csv
OU-III,Crossfade,4,307-1009-1901,6.28111887,0.251244754,crossfade,eval,recover,nonstationary_H1_5_to_H4_0_Tp5_7_to_11_4,records/eval_crossfade_307-1009-1901.csv
OU-III,Crossfade,4,307-1009-1901,5.36382246,0.214552894,crossfade,eval,end,nonstationary_H1_5_to_H4_0_Tp5_7_to_11_4,records/eval_crossfade_307-1009-1901.csv
OU-II,Crossfade,4,307-1009-1901,6.3966794,0.255867183,crossfade,eval,,nonstationary_H1_5_to_H4_0_Tp5_7_to_11_4,records/eval_crossfade_307-1009-1901.csv
OU-II,Crossfade,4,307-1009-1901,2.47296929,0.0989187732,crossfade,eval,start,nonstationary_H1_5_to_H4_0_Tp5_7_to_11_4,records/eval_crossfade_307-1009-1901.csv
OU-II,Crossfade,4,307-1009-1901,3.63477349,0.145390943,crossfade,eval,blend,nonstationary_H1_5_to_H4_0_Tp5_7_to_11_4,records/eval_crossfade_307-1009-1901.csv
OU-II,Crossfade,4,307-1009-1901,8.2107029,0.328428119,crossfade,eval,recover,nonstationary_H1_5_to_H4_0_Tp5_7_to_11_4,records/eval_crossfade_307-1009-1901.csv
OU-II,Crossfade,4,307-1009-1901,7.81990147,0.312796056,crossfade,eval,end,nonstationary_H1_5_to_H4_0_Tp5_7_to_11_4,records/eval_crossfade_307-1009-1901.csv
TFG,Crossfade,4,307-1009-1901,4.57070971,0.182828397,crossfade,eval,,nonstationary_H1_5_to_H4_0_Tp5_7_to_11_4,records/eval_crossfade_307-1009-1901.csv
TFG,Crossfade,4,307-1009-1901,1.98004603,0.0792018399,crossfade,eval,start,nonstationary_H1_5_to_H4_0_Tp5_7_to_11_4,records/eval_crossfade_307-1009-1901.csv
TFG,Crossfade,4,307-1009-1901,2.84964371,0.113985747,crossfade,eval,blend,nonstationary_H1_5_to_H4_0_Tp5_7_to_11_4,records/eval_crossfade_307-1009-1901.csv
TFG,Crossfade,4,307-1009-1901,6.30424404,0.252169758,crossfade,eval,recover,nonstationary_H1_5_to_H4_0_Tp5_7_to_11_4,records/eval_crossfade_307-1009-1901.csv
TFG,Crossfade,4,307-1009-1901,5.37141705,0.214856684,crossfade,eval,end,nonstationary_H1_5_to_H4_0_Tp5_7_to_11_4,records/eval_crossfade_307-1009-1901.csv
PII,Crossfade,4,307-1009-1901,12.7349157,0.509396613,crossfade,eval,,nonstationary_H1_5_to_H4_0_Tp5_7_to_11_4,records/eval_crossfade_307-1009-1901.csv
PII,Crossfade,4,307-1009-1901,2.38548017,0.0954192057,crossfade,eval,start,nonstationary_H1_5_to_H4_0_Tp5_7_to_11_4,records/eval_crossfade_307-1009-1901.csv
PII,Crossfade,4,307-1009-1901,4.99394035,0.199757621,crossfade,eval,blend,nonstationary_H1_5_to_H4_0_Tp5_7_to_11_4,records/eval_crossfade_307-1009-1901.csv
PII,Crossfade,4,307-1009-1901,19.9198589,0.796794355,crossfade,eval,recover,nonstationary_H1_5_to_H4_0_Tp5_7_to_11_4,records/eval_crossfade_307-1009-1901.csv
PII,Crossfade,4,307-1009-1901,14.9594574,0.598378301,crossfade,eval,end,nonstationary_H1_5_to_H4_0_Tp5_7_to_11_4,records/eval_crossfade_307-1009-1901.csv
TVG-NLO,Crossfade,4,307-1009-1901,7.43556118,0.297422439,crossfade,eval,,nonstationary_H1_5_to_H4_0_Tp5_7_to_11_4,records/eval_crossfade_307-1009-1901.csv
TVG-NLO,Crossfade,4,307-1009-1901,2.59650898,0.103860363,crossfade,eval,start,nonstationary_H1_5_to_H4_0_Tp5_7_to_11_4,records/eval_crossfade_307-1009-1901.csv
TVG-NLO,Crossfade,4,307-1009-1901,4.5191102,0.180764407,crossfade,eval,blend,nonstationary_H1_5_to_H4_0_Tp5_7_to_11_4,records/eval_crossfade_307-1009-1901.csv
TVG-NLO,Crossfade,4,307-1009-1901,12.1340446,0.485361785,crossfade,eval,recover,nonstationary_H1_5_to_H4_0_Tp5_7_to_11_4,records/eval_crossfade_307-1009-1901.csv
TVG-NLO,Crossfade,4,307-1009-1901,8.16825485,0.326730192,crossfade,eval,end,nonstationary_H1_5_to_H4_0_Tp5_7_to_11_4,records/eval_crossfade_307-1009-1901.csv
OU-III,LowHighLow,4,307-1009-1901,4.08766031,0.163506404,lowhighlow,eval,,roundtrip_H1_5_H4_0_H1_5,records/eval_lowhighlow_307-1009-1901.csv
OU-III,LowHighLow,4,307-1009-1901,2.18628383,0.0874513537,lowhighlow,eval,low_start,roundtrip_H1_5_H4_0_H1_5,records/eval_lowhighlow_307-1009-1901.csv
OU-III,LowHighLow,4,307-1009-1901,5.5155406,0.220621631,lowhighlow,eval,rise,roundtrip_H1_5_H4_0_H1_5,records/eval_lowhighlow_307-1009-1901.csv
OU-III,LowHighLow,4,307-1009-1901,4.60446215,0.184178486,lowhighlow,eval,high_recover,roundtrip_H1_5_H4_0_H1_5,records/eval_lowhighlow_307-1009-1901.csv
OU-III,LowHighLow,4,307-1009-1901,5.93629694,0.237451881,lowhighlow,eval,high,roundtrip_H1_5_H4_0_H1_5,records/eval_lowhighlow_307-1009-1901.csv
OU-III,LowHighLow,4,307-1009-1901,4.01150417,0.160460159,lowhighlow,eval,fall,roundtrip_H1_5_H4_0_H1_5,records/eval_lowhighlow_307-1009-1901.csv
OU-III,LowHighLow,4,307-1009-1901,1.66108382,0.0664433539,lowhighlow,eval,low_recover,roundtrip_H1_5_H4_0_H1_5,records/eval_lowhighlow_307-1009-1901.csv
OU-III,LowHighLow,4,307-1009-1901,1.7079314,0.0683172569,lowhighlow,eval,low_return,roundtrip_H1_5_H4_0_H1_5,records/eval_lowhighlow_307-1009-1901.csv
OU-II,LowHighLow,4,307-1009-1901,5.08636618,0.203454643,lowhighlow,eval,,roundtrip_H1_5_H4_0_H1_5,records/eval_lowhighlow_307-1009-1901.csv
OU-II,LowHighLow,4,307-1009-1901,2.62352705,0.104941085,lowhighlow,eval,low_start,roundtrip_H1_5_H4_0_H1_5,records/eval_lowhighlow_307-1009-1901.csv
OU-II,LowHighLow,4,307-1009-1901,5.10019684,0.204007864,lowhighlow,eval,rise,roundtrip_H1_5_H4_0_H1_5,records/eval_lowhighlow_307-1009-1901.csv
OU-II,LowHighLow,4,307-1009-1901,5.65009975,0.22600399,lowhighlow,eval,high_recover,roundtrip_H1_5_H4_0_H1_5,records/eval_lowhighlow_307-1009-1901.csv
OU-II,LowHighLow,4,307-1009-1901,7.98155499,0.319262207,lowhighlow,eval,high,roundtrip_H1_5_H4_0_H1_5,records/eval_lowhighlow_307-1009-1901.csv
OU-II,LowHighLow,4,307-1009-1901,5.73613787,0.229445517,lowhighlow,eval,fall,roundtrip_H1_5_H4_0_H1_5,records/eval_lowhighlow_307-1009-1901.csv
OU-II,LowHighLow,4,307-1009-1901,2.12833071,0.0851332322,lowhighlow,eval,low_recover,roundtrip_H1_5_H4_0_H1_5,records/eval_lowhighlow_307-1009-1901.csv
OU-II,LowHighLow,4,307-1009-1901,2.44985008,0.0979940072,lowhighlow,eval,low_return,roundtrip_H1_5_H4_0_H1_5,records/eval_lowhighlow_307-1009-1901.csv
TFG,LowHighLow,4,307-1009-1901,3.90609574,0.156243831,lowhighlow,eval,,roundtrip_H1_5_H4_0_H1_5,records/eval_lowhighlow_307-1009-1901.csv
TFG,LowHighLow,4,307-1009-1901,2.14772081,0.0859088302,lowhighlow,eval,low_start,roundtrip_H1_5_H4_0_H1_5,records/eval_lowhighlow_307-1009-1901.csv
TFG,LowHighLow,4,307-1009-1901,4.39970398,0.175988168,lowhighlow,eval,rise,roundtrip_H1_5_H4_0_H1_5,records/eval_lowhighlow_307-1009-1901.csv
TFG,LowHighLow,4,307-1009-1901,4.59693766,0.183877498,lowhighlow,eval,high_recover,roundtrip_H1_5_H4_0_H1_5,records/eval_lowhighlow_307-1009-1901.csv
TFG,LowHighLow,4,307-1009-1901,5.9443922,0.237775683,lowhighlow,eval,high,roundtrip_H1_5_H4_0_H1_5,records/eval_lowhighlow_307-1009-1901.csv
TFG,LowHighLow,4,307-1009-1901,4.03297997,0.161319196,lowhighlow,eval,fall,roundtrip_H1_5_H4_0_H1_5,records/eval_lowhighlow_307-1009-1901.csv
TFG,LowHighLow,4,307-1009-1901,1.65420794,0.0661683157,lowhighlow,eval,low_recover,roundtrip_H1_5_H4_0_H1_5,records/eval_lowhighlow_307-1009-1901.csv
TFG,LowHighLow,4,307-1009-1901,1.73128903,0.0692515597,lowhighlow,eval,low_return,roundtrip_H1_5_H4_0_H1_5,records/eval_lowhighlow_307-1009-1901.csv
PII,LowHighLow,4,307-1009-1901,9.8041563,0.392166257,lowhighlow,eval,,roundtrip_H1_5_H4_0_H1_5,records/eval_lowhighlow_307-1009-1901.csv
PII,LowHighLow,4,307-1009-1901,2.61231995,0.104492798,lowhighlow,eval,low_start,roundtrip_H1_5_H4_0_H1_5,records/eval_lowhighlow_307-1009-1901.csv
PII,LowHighLow,4,307-1009-1901,8.40680504,0.33627221,lowhighlow,eval,rise,roundtrip_H1_5_H4_0_H1_5,records/eval_lowhighlow_307-1009-1901.csv
PII,LowHighLow,4,307-1009-1901,10.8442659,0.433770627,lowhighlow,eval,high_recover,roundtrip_H1_5_H4_0_H1_5,records/eval_lowhighlow_307-1009-1901.csv
PII,LowHighLow,4,307-1009-1901,18.1092911,0.724371672,lowhighlow,eval,high,roundtrip_H1_5_H4_0_H1_5,records/eval_lowhighlow_307-1009-1901.csv
PII,LowHighLow,4,307-1009-1901,8.6921196,0.347684771,lowhighlow,eval,fall,roundtrip_H1_5_H4_0_H1_5,records/eval_lowhighlow_307-1009-1901.csv
PII,LowHighLow,4,307-1009-1901,2.38122463,0.0952489823,lowhighlow,eval,low_recover,roundtrip_H1_5_H4_0_H1_5,records/eval_lowhighlow_307-1009-1901.csv
PII,LowHighLow,4,307-1009-1901,2.52867293,0.101146914,lowhighlow,eval,low_return,roundtrip_H1_5_H4_0_H1_5,records/eval_lowhighlow_307-1009-1901.csv
TVG-NLO,LowHighLow,4,307-1009-1901,6.53176546,0.261270612,lowhighlow,eval,,roundtrip_H1_5_H4_0_H1_5,records/eval_lowhighlow_307-1009-1901.csv
TVG-NLO,LowHighLow,4,307-1009-1901,2.80250502,0.112100199,lowhighlow,eval,low_start,roundtrip_H1_5_H4_0_H1_5,records/eval_lowhighlow_307-1009-1901.csv
TVG-NLO,LowHighLow,4,307-1009-1901,8.32427311,0.332970917,lowhighlow,eval,rise,roundtrip_H1_5_H4_0_H1_5,records/eval_lowhighlow_307-1009-1901.csv
TVG-NLO,LowHighLow,4,307-1009-1901,8.07714367,0.323085755,lowhighlow,eval,high_recover,roundtrip_H1_5_H4_0_H1_5,records/eval_lowhighlow_307-1009-1901.csv
TVG-NLO,LowHighLow,4,307-1009-1901,9.6091547,0.384366184,lowhighlow,eval,high,roundtrip_H1_5_H4_0_H1_5,records/eval_lowhighlow_307-1009-1901.csv
TVG-NLO,LowHighLow,4,307-1009-1901,5.98350859,0.239340335,lowhighlow,eval,fall,roundtrip_H1_5_H4_0_H1_5,records/eval_lowhighlow_307-1009-1901.csv
TVG-NLO,LowHighLow,4,307-1009-1901,3.01706743,0.120682694,lowhighlow,eval,low_recover,roundtrip_H1_5_H4_0_H1_5,records/eval_lowhighlow_307-1009-1901.csv
TVG-NLO,LowHighLow,4,307-1009-1901,2.85954523,0.114381805,lowhighlow,eval,low_return,roundtrip_H1_5_H4_0_H1_5,records/eval_lowhighlow_307-1009-1901.csv
OU-III,JONSWAP,0.0500000007,307-1009-1901,17.2997532,0.00864987634,low_motion,eval,,low_motion_H0_050,records/eval_lowmotion_307-1009-1901.csv
OU-II,JONSWAP,0.0500000007,307-1009-1901,17.9007416,0.00895037036,low_motion,eval,,low_motion_H0_050,records/eval_lowmotion_307-1009-1901.csv
TFG,JONSWAP,0.0500000007,307-1009-1901,25.6964493,0.0128482245,low_motion,eval,,low_motion_H0_050,records/eval_lowmotion_307-1009-1901.csv
PII,JONSWAP,0.0500000007,307-1009-1901,12.0003014,0.00600015046,low_motion,eval,,low_motion_H0_050,records/eval_lowmotion_307-1009-1901.csv
TVG-NLO,JONSWAP,0.0500000007,307-1009-1901,285.950653,0.14297533,low_motion,eval,,low_motion_H0_050,records/eval_lowmotion_307-1009-1901.csv
OU-III,Crossfade,4,307-1009-1901,4.57932663,0.18317306,ramp,eval,,rapid_H1_5_to_H4_0,records/eval_ramp_307-1009-1901.csv
OU-III,Crossfade,4,307-1009-1901,1.92113626,0.0768454522,ramp,eval,start,rapid_H1_5_to_H4_0,records/eval_ramp_307-1009-1901.csv
OU-III,Crossfade,4,307-1009-1901,3.45214891,0.138085961,ramp,eval,blend,rapid_H1_5_to_H4_0,records/eval_ramp_307-1009-1901.csv
OU-III,Crossfade,4,307-1009-1901,4.44688702,0.177875474,ramp,eval,recover,rapid_H1_5_to_H4_0,records/eval_ramp_307-1009-1901.csv
OU-III,Crossfade,4,307-1009-1901,5.51342249,0.220536903,ramp,eval,end,rapid_H1_5_to_H4_0,records/eval_ramp_307-1009-1901.csv
OU-II,Crossfade,4,307-1009-1901,6.41172457,0.256468982,ramp,eval,,rapid_H1_5_to_H4_0,records/eval_ramp_307-1009-1901.csv
OU-II,Crossfade,4,307-1009-1901,2.47844243,0.0991376936,ramp,eval,start,rapid_H1_5_to_H4_0,records/eval_ramp_307-1009-1901.csv
OU-II,Crossfade,4,307-1009-1901,3.98493338,0.159397334,ramp,eval,blend,rapid_H1_5_to_H4_0,records/eval_ramp_307-1009-1901.csv
OU-II,Crossfade,4,307-1009-1901,5.2748723,0.210994884,ramp,eval,recover,rapid_H1_5_to_H4_0,records/eval_ramp_307-1009-1901.csv
OU-II,Crossfade,4,307-1009-1901,7.81979132,0.312791646,ramp,eval,end,rapid_H1_5_to_H4_0,records/eval_ramp_307-1009-1901.csv
TFG,Crossfade,4,307-1009-1901,4.57973003,0.183189198,ramp,eval,,rapid_H1_5_to_H4_0,records/eval_ramp_307-1009-1901.csv
TFG,Crossfade,4,307-1009-1901,1.9075073,0.0763002932,ramp,eval,start,rapid_H1_5_to_H4_0,records/eval_ramp_307-1009-1901.csv
TFG,Crossfade,4,307-1009-1901,3.38351655,0.135340661,ramp,eval,blend,rapid_H1_5_to_H4_0,records/eval_ramp_307-1009-1901.csv
TFG,Crossfade,4,307-1009-1901,4.38911486,0.175564602,ramp,eval,recover,rapid_H1_5_to_H4_0,records/eval_ramp_307-1009-1901.csv
TFG,Crossfade,4,307-1009-1901,5.52122164,0.220848858,ramp,eval,end,rapid_H1_5_to_H4_0,records/eval_ramp_307-1009-1901.csv
PII,Crossfade,4,307-1009-1901,12.5284805,0.501139224,ramp,eval,,rapid_H1_5_to_H4_0,records/eval_ramp_307-1009-1901.csv
PII,Crossfade,4,307-1009-1901,2.36082578,0.094433032,ramp,eval,start,rapid_H1_5_to_H4_0,records/eval_ramp_307-1009-1901.csv
PII,Crossfade,4,307-1009-1901,4.90728664,0.196291462,ramp,eval,blend,rapid_H1_5_to_H4_0,records/eval_ramp_307-1009-1901.csv
PII,Crossfade,4,307-1009-1901,7.63971567,0.305588633,ramp,eval,recover,rapid_H1_5_to_H4_0,records/eval_ramp_307-1009-1901.csv
PII,Crossfade,4,307-1009-1901,15.7231512,0.628926039,ramp,eval,end,rapid_H1_5_to_H4_0,records/eval_ramp_307-1009-1901.csv
TVG-NLO,Crossfade,4,307-1009-1901,7.47371101,0.298948437,ramp,eval,,rapid_H1_5_to_H4_0,records/eval_ramp_307-1009-1901.csv
TVG-NLO,Crossfade,4,307-1009-1901,2.60133362,0.104053348,ramp,eval,start,rapid_H1_5_to_H4_0,records/eval_ramp_307-1009-1901.csv
TVG-NLO,Crossfade,4,307-1009-1901,4.96487045,0.198594823,ramp,eval,blend,rapid_H1_5_to_H4_0,records/eval_ramp_307-1009-1901.csv
TVG-NLO,Crossfade,4,307-1009-1901,7.21280813,0.288512319,ramp,eval,recover,rapid_H1_5_to_H4_0,records/eval_ramp_307-1009-1901.csv
TVG-NLO,Crossfade,4,307-1009-1901,9.10815239,0.36432609,ramp,eval,end,rapid_H1_5_to_H4_0,records/eval_ramp_307-1009-1901.csv
OU-III,JONSWAP,0.270000011,draw-default,4.24936533,0.0114732869,dev,dev,,stationary_jonswap_H0_270_L14_047_A30_00_P60_00,records/dev_stationary_jonswap_H0_270_L14_047_A30_00_P60_00_default.csv
OU-II,JONSWAP,0.270000011,draw-default,6.01838207,0.0162496325,dev,dev,,stationary_jonswap_H0_270_L14_047_A30_00_P60_00,records/dev_stationary_jonswap_H0_270_L14_047_A30_00_P60_00_default.csv
TFG,JONSWAP,0.270000011,draw-default,4.38296366,0.0118340021,dev,dev,,stationary_jonswap_H0_270_L14_047_A30_00_P60_00,records/dev_stationary_jonswap_H0_270_L14_047_A30_00_P60_00_default.csv
PII,JONSWAP,0.270000011,draw-default,3.72863722,0.0100673204,dev,dev,,stationary_jonswap_H0_270_L14_047_A30_00_P60_00,records/dev_stationary_jonswap_H0_270_L14_047_A30_00_P60_00_default.csv
TVG-NLO,JONSWAP,0.270000011,draw-default,6.92119551,0.0186872277,dev,dev,,stationary_jonswap_H0_270_L14_047_A30_00_P60_00,records/dev_stationary_jonswap_H0_270_L14_047_A30_00_P60_00_default.csv
OU-III,JONSWAP,1.5,draw-default,4.09914303,0.0614871494,dev,dev,,stationary_jonswap_H1_500_L50_710_A_30_00_P120_00,records/dev_stationary_jonswap_H1_500_L50_710_A_30_00_P120_00_default.csv
OU-II,JONSWAP,1.5,draw-default,6.62894773,0.0994342193,dev,dev,,stationary_jonswap_H1_500_L50_710_A_30_00_P120_00,records/dev_stationary_jonswap_H1_500_L50_710_A_30_00_P120_00_default.csv
TFG,JONSWAP,1.5,draw-default,4.188241,0.062823616,dev,dev,,stationary_jonswap_H1_500_L50_710_A_30_00_P120_00,records/dev_stationary_jonswap_H1_500_L50_710_A_30_00_P120_00_default.csv
PII,JONSWAP,1.5,draw-default,5.56540108,0.0834810212,dev,dev,,stationary_jonswap_H1_500_L50_710_A_30_00_P120_00,records/dev_stationary_jonswap_H1_500_L50_710_A_30_00_P120_00_default.csv
TVG-NLO,JONSWAP,1.5,draw-default,6.90068531,0.103510283,dev,dev,,stationary_jonswap_H1_500_L50_710_A_30_00_P120_00,records/dev_stationary_jonswap_H1_500_L50_710_A_30_00_P120_00_default.csv
OU-III,JONSWAP,4,draw-default,4.01766729,0.160706699,dev,dev,,stationary_jonswap_H4_000_L112_766_A30_00_P30_00,records/dev_stationary_jonswap_H4_000_L112_766_A30_00_P30_00_default.csv
OU-II,JONSWAP,4,draw-default,6.3496089,0.253984362,dev,dev,,stationary_jonswap_H4_000_L112_766_A30_00_P30_00,records/dev_stationary_jonswap_H4_000_L112_766_A30_00_P30_00_default.csv
TFG,JONSWAP,4,draw-default,4.03442955,0.161377177,dev,dev,,stationary_jonswap_H4_000_L112_766_A30_00_P30_00,records/dev_stationary_jonswap_H4_000_L112_766_A30_00_P30_00_default.csv
PII,JONSWAP,4,draw-default,6.13619232,0.245447695,dev,dev,,stationary_jonswap_H4_000_L112_766_A30_00_P30_00,records/dev_stationary_jonswap_H4_000_L112_766_A30_00_P30_00_default.csv
TVG-NLO,JONSWAP,4,draw-default,6.88389397,0.275355756,dev,dev,,stationary_jonswap_H4_000_L112_766_A30_00_P30_00,records/dev_stationary_jonswap_H4_000_L112_766_A30_00_P30_00_default.csv
OU-III,JONSWAP,8.5,draw-default,3.70914507,0.315277338,dev,dev,,stationary_jonswap_H8_500_L202_839_A_30_00_P72_00,records/dev_stationary_jonswap_H8_500_L202_839_A_30_00_P72_00_default.csv
OU-II,JONSWAP,8.5,draw-default,6.04702377,0.513997018,dev,dev,,stationary_jonswap_H8_500_L202_839_A_30_00_P72_00,records/dev_stationary_jonswap_H8_500_L202_839_A_30_00_P72_00_default.csv
TFG,JONSWAP,8.5,draw-default,3.7294383,0.317002267,dev,dev,,stationary_jonswap_H8_500_L202_839_A_30_00_P72_00,records/dev_stationary_jonswap_H8_500_L202_839_A_30_00_P72_00_default.csv
PII,JONSWAP,8.5,draw-default,7.53874111,0.640793025,dev,dev,,stationary_jonswap_H8_500_L202_839_A_30_00_P72_00,records/dev_stationary_jonswap_H8_500_L202_839_A_30_00_P72_00_default.csv
TVG-NLO,JONSWAP,8.5,draw-default,6.93877363,0.589795768,dev,dev,,stationary_jonswap_H8_500_L202_839_A_30_00_P72_00,records/dev_stationary_jonswap_H8_500_L202_839_A_30_00_P72_00_default.csv
OU-III,PM-Stokes,0.270000011,draw-default,4.21294451,0.0113749504,dev,dev,,stationary_pmstokes_H0_270_L14_047_A30_00_P60_00,records/dev_stationary_pmstokes_H0_270_L14_047_A30_00_P60_00_default.csv
OU-II,PM-Stokes,0.270000011,draw-default,5.80693674,0.0156787299,dev,dev,,stationary_pmstokes_H0_270_L14_047_A30_00_P60_00,records/dev_stationary_pmstokes_H0_270_L14_047_A30_00_P60_00_default.csv
TFG,PM-Stokes,0.270000011,draw-default,4.33426523,0.0117025161,dev,dev,,stationary_pmstokes_H0_270_L14_047_A30_00_P60_00,records/dev_stationary_pmstokes_H0_270_L14_047_A30_00_P60_00_default.csv
PII,PM-Stokes,0.270000011,draw-default,3.81733966,0.0103068175,dev,dev,,stationary_pmstokes_H0_270_L14_047_A30_00_P60_00,records/dev_stationary_pmstokes_H0_270_L14_047_A30_00_P60_00_default.csv
TVG-NLO,PM-Stokes,0.270000011,draw-default,7.3213625,0.0197676793,dev,dev,,stationary_pmstokes_H0_270_L14_047_A30_00_P60_00,records/dev_stationary_pmstokes_H0_270_L14_047_A30_00_P60_00_default.csv
OU-III,PM-Stokes,1.5,draw-default,4.02340984,0.060351152,dev,dev,,stationary_pmstokes_H1_500_L50_710_A_30_00_P120_00,records/dev_stationary_pmstokes_H1_500_L50_710_A_30_00_P120_00_default.csv
OU-II,PM-Stokes,1.5,draw-default,6.43146181,0.0964719281,dev,dev,,stationary_pmstokes_H1_500_L50_710_A_30_00_P120_00,records/dev_stationary_pmstokes_H1_500_L50_710_A_30_00_P120_00_default.csv
TFG,PM-Stokes,1.5,draw-default,4.09151316,0.0613727011,dev,dev,,stationary_pmstokes_H1_500_L50_710_A_30_00_P120_00,records/dev_stationary_pmstokes_H1_500_L50_710_A_30_00_P120_00_default.csv
PII,PM-Stokes,1.5,draw-default,5.53426218,0.0830139369,dev,dev,,stationary_pmstokes_H1_500_L50_710_A_30_00_P120_00,records/dev_stationary_pmstokes_H1_500_L50_710_A_30_00_P120_00_default.csv
TVG-NLO,PM-Stokes,1.5,draw-default,6.82505941,0.102375895,dev,dev,,stationary_pmstokes_H1_500_L50_710_A_30_00_P120_00,records/dev_stationary_pmstokes_H1_500_L50_710_A_30_00_P120_00_default.csv
OU-III,PM-Stokes,4,draw-default,3.95517302,0.158206925,dev,dev,,stationary_pmstokes_H4_000_L112_766_A30_00_P30_00,records/dev_stationary_pmstokes_H4_000_L112_766_A30_00_P30_00_default.csv
OU-II,PM-Stokes,4,draw-default,6.19853258,0.2479413,dev,dev,,stationary_pmstokes_H4_000_L112_766_A30_00_P30_00,records/dev_stationary_pmstokes_H4_000_L112_766_A30_00_P30_00_default.csv
TFG,PM-Stokes,4,draw-default,3.97704983,0.159081995,dev,dev,,stationary_pmstokes_H4_000_L112_766_A30_00_P30_00,records/dev_stationary_pmstokes_H4_000_L112_766_A30_00_P30_00_default.csv
PII,PM-Stokes,4,draw-default,6.11105728,0.244442284,dev,dev,,stationary_pmstokes_H4_000_L112_766_A30_00_P30_00,records/dev_stationary_pmstokes_H4_000_L112_766_A30_00_P30_00_default.csv
TVG-NLO,PM-Stokes,4,draw-default,6.85818577,0.274327427,dev,dev,,stationary_pmstokes_H4_000_L112_766_A30_00_P30_00,records/dev_stationary_pmstokes_H4_000_L112_766_A30_00_P30_00_default.csv
OU-III,PM-Stokes,8.5,draw-default,3.70280886,0.31473875,dev,dev,,stationary_pmstokes_H8_500_L202_839_A_30_00_P72_00,records/dev_stationary_pmstokes_H8_500_L202_839_A_30_00_P72_00_default.csv
OU-II,PM-Stokes,8.5,draw-default,5.97941494,0.508250296,dev,dev,,stationary_pmstokes_H8_500_L202_839_A_30_00_P72_00,records/dev_stationary_pmstokes_H8_500_L202_839_A_30_00_P72_00_default.csv
TFG,PM-Stokes,8.5,draw-default,3.73448348,0.317431092,dev,dev,,stationary_pmstokes_H8_500_L202_839_A_30_00_P72_00,records/dev_stationary_pmstokes_H8_500_L202_839_A_30_00_P72_00_default.csv
PII,PM-Stokes,8.5,draw-default,8.74888515,0.743655264,dev,dev,,stationary_pmstokes_H8_500_L202_839_A_30_00_P72_00,records/dev_stationary_pmstokes_H8_500_L202_839_A_30_00_P72_00_default.csv
TVG-NLO,PM-Stokes,8.5,draw-default,6.98741102,0.593929946,dev,dev,,stationary_pmstokes_H8_500_L202_839_A_30_00_P72_00,records/dev_stationary_pmstokes_H8_500_L202_839_A_30_00_P72_00_default.csv
OU-III,JONSWAP,0.270000011,draw-11,4.08888531,0.01103999,dev,dev,,stationary_jonswap_H0_270_L14_047_A30_00_P60_00,records/dev_stationary_jonswap_H0_270_L14_047_A30_00_P60_00_11.csv
OU-II,JONSWAP,0.270000011,draw-11,5.77712345,0.0155982338,dev,dev,,stationary_jonswap_H0_270_L14_047_A30_00_P60_00,records/dev_stationary_jonswap_H0_270_L14_047_A30_00_P60_00_11.csv
TFG,JONSWAP,0.270000011,draw-11,4.21552563,0.0113819195,dev,dev,,stationary_jonswap_H0_270_L14_047_A30_00_P60_00,records/dev_stationary_jonswap_H0_270_L14_047_A30_00_P60_00_11.csv
PII,JONSWAP,0.270000011,draw-11,3.49564219,0.00943823438,dev,dev,,stationary_jonswap_H0_270_L14_047_A30_00_P60_00,records/dev_stationary_jonswap_H0_270_L14_047_A30_00_P60_00_11.csv
TVG-NLO,JONSWAP,0.270000011,draw-11,6.26464415,0.016914539,dev,dev,,stationary_jonswap_H0_270_L14_047_A30_00_P60_00,records/dev_stationary_jonswap_H0_270_L14_047_A30_00_P60_00_11.csv
OU-III,JONSWAP,1.5,draw-11,3.7901957,0.0568529367,dev,dev,,stationary_jonswap_H1_500_L50_710_A_30_00_P120_00,records/dev_stationary_jonswap_H1_500_L50_710_A_30_00_P120_00_11.csv
OU-II,JONSWAP,1.5,draw-11,6.20122957,0.0930184498,dev,dev,,stationary_jonswap_H1_500_L50_710_A_30_00_P120_00,records/dev_stationary_jonswap_H1_500_L50_710_A_30_00_P120_00_11.csv
TFG,JONSWAP,1.5,draw-11,3.87524438,0.0581286661,dev,dev,,stationary_jonswap_H1_500_L50_710_A_30_00_P120_00,records/dev_stationary_jonswap_H1_500_L50_710_A_30_00_P120_00_11.csv
PII,JONSWAP,1.5,draw-11,5.40793467,0.0811190233,dev,dev,,stationary_jonswap_H1_500_L50_710_A_30_00_P120_00,records/dev_stationary_jonswap_H1_500_L50_710_A_30_00_P120_00_11.csv
TVG-NLO,JONSWAP,1.5,draw-11,6.5570569,0.0983558595,dev,dev,,stationary_jonswap_H1_500_L50_710_A_30_00_P120_00,records/dev_stationary_jonswap_H1_500_L50_710_A_30_00_P120_00_11.csv
OU-III,JONSWAP,4,draw-11,3.74582934,0.149833173,dev,dev,,stationary_jonswap_H4_000_L112_766_A30_00_P30_00,records/dev_stationary_jonswap_H4_000_L112_766_A30_00_P30_00_11.csv
OU-II,JONSWAP,4,draw-11,6.2077179,0.248308718,dev,dev,,stationary_jonswap_H4_000_L112_766_A30_00_P30_00,records/dev_stationary_jonswap_H4_000_L112_766_A30_00_P30_00_11.csv
TFG,JONSWAP,4,draw-11,3.77491045,0.150996417,dev,dev,,stationary_jonswap_H4_000_L112_766_A30_00_P30_00,records/dev_stationary_jonswap_H4_000_L112_766_A30_00_P30_00_11.csv
PII,JONSWAP,4,draw-11,5.83020496,0.233208194,dev,dev,,stationary_jonswap_H4_000_L112_766_A30_00_P30_00,records/dev_stationary_jonswap_H4_000_L112_766_A30_00_P30_00_11.csv
TVG-NLO,JONSWAP,4,draw-11,6.85821772,0.274328709,dev,dev,,stationary_jonswap_H4_000_L112_766_A30_00_P30_00,records/dev_stationary_jonswap_H4_000_L112_766_A30_00_P30_00_11.csv
OU-III,JONSWAP,8.5,draw-11,3.64826393,0.310102433,dev,dev,,stationary_jonswap_H8_500_L202_839_A_30_00_P72_00,records/dev_stationary_jonswap_H8_500_L202_839_A_30_00_P72_00_11.csv
OU-II,JONSWAP,8.5,draw-11,5.82145691,0.494823843,dev,dev,,stationary_jonswap_H8_500_L202_839_A_30_00_P72_00,records/dev_stationary_jonswap_H8_500_L202_839_A_30_00_P72_00_11.csv
TFG,JONSWAP,8.5,draw-11,3.67764544,0.312599868,dev,dev,,stationary_jonswap_H8_500_L202_839_A_30_00_P72_00,records/dev_stationary_jonswap_H8_500_L202_839_A_30_00_P72_00_11.csv
PII,JONSWAP,8.5,draw-11,7.15364218,0.608059585,dev,dev,,stationary_jonswap_H8_500_L202_839_A_30_00_P72_00,records/dev_stationary_jonswap_H8_500_L202_839_A_30_00_P72_00_11.csv
TVG-NLO,JONSWAP,8.5,draw-11,7.33564663,0.623529971,dev,dev,,stationary_jonswap_H8_500_L202_839_A_30_00_P72_00,records/dev_stationary_jonswap_H8_500_L202_839_A_30_00_P72_00_11.csv
OU-III,PM-Stokes,0.270000011,draw-11,4.06494045,0.0109753394,dev,dev,,stationary_pmstokes_H0_270_L14_047_A30_00_P60_00,records/dev_stationary_pmstokes_H0_270_L14_047_A30_00_P60_00_11.csv
OU-II,PM-Stokes,0.270000011,draw-11,5.64119053,0.0152312145,dev,dev,,stationary_pmstokes_H0_270_L14_047_A30_00_P60_00,records/dev_stationary_pmstokes_H0_270_L14_047_A30_00_P60_00_11.csv
TFG,PM-Stokes,0.270000011,draw-11,4.19240284,0.0113194883,dev,dev,,stationary_pmstokes_H0_270_L14_047_A30_00_P60_00,records/dev_stationary_pmstokes_H0_270_L14_047_A30_00_P60_00_11.csv
PII,PM-Stokes,0.270000011,draw-11,3.59491158,0.00970626157,dev,dev,,stationary_pmstokes_H0_270_L14_047_A30_00_P60_00,records/dev_stationary_pmstokes_H0_270_L14_047_A30_00_P60_00_11.csv
TVG-NLO,PM-Stokes,0.270000011,draw-11,6.50649691,0.0175675415,dev,dev,,stationary_pmstokes_H0_270_L14_047_A30_00_P60_00,records/dev_stationary_pmstokes_H0_270_L14_047_A30_00_P60_00_11.csv
OU-III,PM-Stokes,1.5,draw-11,3.76241302,0.056436196,dev,dev,,stationary_pmstokes_H1_500_L50_710_A_30_00_P120_00,records/dev_stationary_pmstokes_H1_500_L50_710_A_30_00_P120_00_11.csv
OU-II,PM-Stokes,1.5,draw-11,6.0243535,0.0903653055,dev,dev,,stationary_pmstokes_H1_500_L50_710_A_30_00_P120_00,records/dev_stationary_pmstokes_H1_500_L50_710_A_30_00_P120_00_11.csv
TFG,PM-Stokes,1.5,draw-11,3.81188893,0.0571783371,dev,dev,,stationary_pmstokes_H1_500_L50_710_A_30_00_P120_00,records/dev_stationary_pmstokes_H1_500_L50_710_A_30_00_P120_00_11.csv
PII,PM-Stokes,1.5,draw-11,5.39710903,0.0809566379,dev,dev,,stationary_pmstokes_H1_500_L50_710_A_30_00_P120_00,records/dev_stationary_pmstokes_H1_500_L50_710_A_30_00_P120_00_11.csv
TVG-NLO,PM-Stokes,1.5,draw-11,6.51855135,0.0977782756,dev,dev,,stationary_pmstokes_H1_500_L50_710_A_30_00_P120_00,records/dev_stationary_pmstokes_H1_500_L50_710_A_30_00_P120_00_11.csv
OU-III,PM-Stokes,4,draw-11,3.72712541,0.149085015,dev,dev,,stationary_pmstokes_H4_000_L112_766_A30_00_P30_00,records/dev_stationary_pmstokes_H4_000_L112_766_A30_00_P30_00_11.csv
OU-II,PM-Stokes,4,draw-11,6.07967281,0.243186906,dev,dev,,stationary_pmstokes_H4_000_L112_766_A30_00_P30_00,records/dev_stationary_pmstokes_H4_000_L112_766_A30_00_P30_00_11.csv
TFG,PM-Stokes,4,draw-11,3.76251864,0.150500745,dev,dev,,stationary_pmstokes_H4_000_L112_766_A30_00_P30_00,records/dev_stationary_pmstokes_H4_000_L112_766_A30_00_P30_00_11.csv
PII,PM-Stokes,4,draw-11,5.61908531,0.224763408,dev,dev,,stationary_pmstokes_H4_000_L112_766_A30_00_P30_00,records/dev_stationary_pmstokes_H4_000_L112_766_A30_00_P30_00_11.csv
TVG-NLO,PM-Stokes,4,draw-11,6.81270361,0.272508144,dev,dev,,stationary_pmstokes_H4_000_L112_766_A30_00_P30_00,records/dev_stationary_pmstokes_H4_000_L112_766_A30_00_P30_00_11.csv
OU-III,PM-Stokes,8.5,draw-11,3.6814239,0.312921047,dev,dev,,stationary_pmstokes_H8_500_L202_839_A_30_00_P72_00,records/dev_stationary_pmstokes_H8_500_L202_839_A_30_00_P72_00_11.csv
OU-II,PM-Stokes,8.5,draw-11,5.77519131,0.490891278,dev,dev,,stationary_pmstokes_H8_500_L202_839_A_30_00_P72_00,records/dev_stationary_pmstokes_H8_500_L202_839_A_30_00_P72_00_11.csv
TFG,PM-Stokes,8.5,draw-11,3.71853852,0.316075772,dev,dev,,stationary_pmstokes_H8_500_L202_839_A_30_00_P72_00,records/dev_stationary_pmstokes_H8_500_L202_839_A_30_00_P72_00_11.csv
PII,PM-Stokes,8.5,draw-11,8.12799644,0.690879703,dev,dev,,stationary_pmstokes_H8_500_L202_839_A_30_00_P72_00,records/dev_stationary_pmstokes_H8_500_L202_839_A_30_00_P72_00_11.csv
TVG-NLO,PM-Stokes,8.5,draw-11,7.46948433,0.634906173,dev,dev,,stationary_pmstokes_H8_500_L202_839_A_30_00_P72_00,records/dev_stationary_pmstokes_H8_500_L202_839_A_30_00_P72_00_11.csv
OU-III,JONSWAP,0.270000011,draw-23,4.14007139,0.0111781936,dev,dev,,stationary_jonswap_H0_270_L14_047_A30_00_P60_00,records/dev_stationary_jonswap_H0_270_L14_047_A30_00_P60_00_23.csv
OU-II,JONSWAP,0.270000011,draw-23,5.90290022,0.0159378313,dev,dev,,stationary_jonswap_H0_270_L14_047_A30_00_P60_00,records/dev_stationary_jonswap_H0_270_L14_047_A30_00_P60_00_23.csv
TFG,JONSWAP,0.270000011,draw-23,4.29226303,0.0115891108,dev,dev,,stationary_jonswap_H0_270_L14_047_A30_00_P60_00,records/dev_stationary_jonswap_H0_270_L14_047_A30_00_P60_00_23.csv
PII,JONSWAP,0.270000011,draw-23,3.64270425,0.0098353019,dev,dev,,stationary_jonswap_H0_270_L14_047_A30_00_P60_00,records/dev_stationary_jonswap_H0_270_L14_047_A30_00_P60_00_23.csv
TVG-NLO,JONSWAP,0.270000011,draw-23,6.88297367,0.0185840297,dev,dev,,stationary_jonswap_H0_270_L14_047_A30_00_P60_00,records/dev_stationary_jonswap_H0_270_L14_047_A30_00_P60_00_23.csv
OU-III,JONSWAP,1.5,draw-23,4.10393,0.0615589507,dev,dev,,stationary_jonswap_H1_500_L50_710_A_30_00_P120_00,records/dev_stationary_jonswap_H1_500_L50_710_A_30_00_P120_00_23.csv
OU-II,JONSWAP,1.5,draw-23,6.66364288,0.0999546498,dev,dev,,stationary_jonswap_H1_500_L50_710_A_30_00_P120_00,records/dev_stationary_jonswap_H1_500_L50_710_A_30_00_P120_00_23.csv
TFG,JONSWAP,1.5,draw-23,4.1872077,0.0628081188,dev,dev,,stationary_jonswap_H1_500_L50_710_A_30_00_P120_00,records/dev_stationary_jonswap_H1_500_L50_710_A_30_00_P120_00_23.csv
PII,JONSWAP,1.5,draw-23,5.38379955,0.0807569996,dev,dev,,stationary_jonswap_H1_500_L50_710_A_30_00_P120_00,records/dev_stationary_jonswap_H1_500_L50_710_A_30_00_P120_00_23.csv
TVG-NLO,JONSWAP,1.5,draw-23,6.80779409,0.102116913,dev,dev,,stationary_jonswap_H1_500_L50_710_A_30_00_P120_00,records/dev_stationary_jonswap_H1_500_L50_710_A_30_00_P120_00_23.csv
OU-III,JONSWAP,4,draw-23,4.00445509,0.160178199,dev,dev,,stationary_jonswap_H4_000_L112_766_A30_00_P30_00,records/dev_stationary_jonswap_H4_000_L112_766_A30_00_P30_00_23.csv
OU-II,JONSWAP,4,draw-23,6.28328323,0.251331329,dev,dev,,stationary_jonswap_H4_000_L112_766_A30_00_P30_00,records/dev_stationary_jonswap_H4_000_L112_766_A30_00_P30_00_23.csv
TFG,JONSWAP,4,draw-23,4.01541948,0.16061677,dev,dev,,stationary_jonswap_H4_000_L112_766_A30_00_P30_00,records/dev_stationary_jonswap_H4_000_L112_766_A30_00_P30_00_23.csv
PII,JONSWAP,4,draw-23,5.86243248,0.234497294,dev,dev,,stationary_jonswap_H4_000_L112_766_A30_00_P30_00,records/dev_stationary_jonswap_H4_000_L112_766_A30_00_P30_00_23.csv
TVG-NLO,JONSWAP,4,draw-23,6.93205833,0.277282327,dev,dev,,stationary_jonswap_H4_000_L112_766_A30_00_P30_00,records/dev_stationary_jonswap_H4_000_L112_766_A30_00_P30_00_23.csv
OU-III,JONSWAP,8.5,draw-23,3.75630522,0.319285959,dev,dev,,stationary_jonswap_H8_500_L202_839_A_30_00_P72_00,records/dev_stationary_jonswap_H8_500_L202_839_A_30_00_P72_00_23.csv
OU-II,JONSWAP,8.5,draw-23,5.99536943,0.509606421,dev,dev,,stationary_jonswap_H8_500_L202_839_A_30_00_P72_00,records/dev_stationary_jonswap_H8_500_L202_839_A_30_00_P72_00_23.csv
TFG,JONSWAP,8.5,draw-23,3.75220418,0.318937361,dev,dev,,stationary_jonswap_H8_500_L202_839_A_30_00_P72_00,records/dev_stationary_jonswap_H8_500_L202_839_A_30_00_P72_00_23.csv
PII,JONSWAP,8.5,draw-23,7.39140844,0.628269732,dev,dev,,stationary_jonswap_H8_500_L202_839_A_30_00_P72_00,records/dev_stationary_jonswap_H8_500_L202_839_A_30_00_P72_00_23.csv
TVG-NLO,JONSWAP,8.5,draw-23,7.37631941,0.626987159,dev,dev,,stationary_jonswap_H8_500_L202_839_A_30_00_P72_00,records/dev_stationary_jonswap_H8_500_L202_839_A_30_00_P72_00_23.csv
OU-III,PM-Stokes,0.270000011,draw-23,4.11975193,0.0111233303,dev,dev,,stationary_pmstokes_H0_270_L14_047_A30_00_P60_00,records/dev_stationary_pmstokes_H0_270_L14_047_A30_00_P60_00_23.csv
OU-II,PM-Stokes,0.270000011,draw-23,5.71772146,0.0154378479,dev,dev,,stationary_pmstokes_H0_270_L14_047_A30_00_P60_00,records/dev_stationary_pmstokes_H0_270_L14_047_A30_00_P60_00_23.csv
TFG,PM-Stokes,0.270000011,draw-23,4.25710344,0.0114941802,dev,dev,,stationary_pmstokes_H0_270_L14_047_A30_00_P60_00,records/dev_stationary_pmstokes_H0_270_L14_047_A30_00_P60_00_23.csv
PII,PM-Stokes,0.270000011,draw-23,3.75148559,0.0101290112,dev,dev,,stationary_pmstokes_H0_270_L14_047_A30_00_P60_00,records/dev_stationary_pmstokes_H0_270_L14_047_A30_00_P60_00_23.csv
TVG-NLO,PM-Stokes,0.270000011,draw-23,7.78649378,0.0210235342,dev,dev,,stationary_pmstokes_H0_270_L14_047_A30_00_P60_00,records/dev_stationary_pmstokes_H0_270_L14_047_A30_00_P60_00_23.csv
OU-III,PM-Stokes,1.5,draw-23,4.03071833,0.0604607761,dev,dev,,stationary_pmstokes_H1_500_L50_710_A_30_00_P120_00,records/dev_stationary_pmstokes_H1_500_L50_710_A_30_00_P120_00_23.csv
OU-II,PM-Stokes,1.5,draw-23,6.45227289,0.0967840999,dev,dev,,stationary_pmstokes_H1_500_L50_710_A_30_00_P120_00,records/dev_stationary_pmstokes_H1_500_L50_710_A_30_00_P120_00_23.csv
TFG,PM-Stokes,1.5,draw-23,4.0822506,0.0612337589,dev,dev,,stationary_pmstokes_H1_500_L50_710_A_30_00_P120_00,records/dev_stationary_pmstokes_H1_500_L50_710_A_30_00_P120_00_23.csv
PII,PM-Stokes,1.5,draw-23,5.31067705,0.0796601623,dev,dev,,stationary_pmstokes_H1_500_L50_710_A_30_00_P120_00,records/dev_stationary_pmstokes_H1_500_L50_710_A_30_00_P120_00_23.csv
TVG-NLO,PM-Stokes,1.5,draw-23,6.94681787,0.104202271,dev,dev,,stationary_pmstokes_H1_500_L50_710_A_30_00_P120_00,records/dev_stationary_pmstokes_H1_500_L50_710_A_30_00_P120_00_23.csv
OU-III,PM-Stokes,4,draw-23,3.94243813,0.157697529,dev,dev,,stationary_pmstokes_H4_000_L112_766_A30_00_P30_00,records/dev_stationary_pmstokes_H4_000_L112_766_A30_00_P30_00_23.csv
OU-II,PM-Stokes,4,draw-23,6.12721825,0.245088726,dev,dev,,stationary_pmstokes_H4_000_L112_766_A30_00_P30_00,records/dev_stationary_pmstokes_H4_000_L112_766_A30_00_P30_00_23.csv
TFG,PM-Stokes,4,draw-23,3.95113158,0.158045262,dev,dev,,stationary_pmstokes_H4_000_L112_766_A30_00_P30_00,records/dev_stationary_pmstokes_H4_000_L112_766_A30_00_P30_00_23.csv
PII,PM-Stokes,4,draw-23,5.72168398,0.228867367,dev,dev,,stationary_pmstokes_H4_000_L112_766_A30_00_P30_00,records/dev_stationary_pmstokes_H4_000_L112_766_A30_00_P30_00_23.csv
TVG-NLO,PM-Stokes,4,draw-23,6.75459957,0.27018398,dev,dev,,stationary_pmstokes_H4_000_L112_766_A30_00_P30_00,records/dev_stationary_pmstokes_H4_000_L112_766_A30_00_P30_00_23.csv
OU-III,PM-Stokes,8.5,draw-23,3.77204227,0.320623606,dev,dev,,stationary_pmstokes_H8_500_L202_839_A_30_00_P72_00,records/dev_stationary_pmstokes_H8_500_L202_839_A_30_00_P72_00_23.csv
OU-II,PM-Stokes,8.5,draw-23,5.93947315,0.504855216,dev,dev,,stationary_pmstokes_H8_500_L202_839_A_30_00_P72_00,records/dev_stationary_pmstokes_H8_500_L202_839_A_30_00_P72_00_23.csv
TFG,PM-Stokes,8.5,draw-23,3.77645731,0.320998877,dev,dev,,stationary_pmstokes_H8_500_L202_839_A_30_00_P72_00,records/dev_stationary_pmstokes_H8_500_L202_839_A_30_00_P72_00_23.csv
PII,PM-Stokes,8.5,draw-23,8.56167412,0.727742314,dev,dev,,stationary_pmstokes_H8_500_L202_839_A_30_00_P72_00,records/dev_stationary_pmstokes_H8_500_L202_839_A_30_00_P72_00_23.csv
TVG-NLO,PM-Stokes,8.5,draw-23,7.46724224,0.634715617,dev,dev,,stationary_pmstokes_H8_500_L202_839_A_30_00_P72_00,records/dev_stationary_pmstokes_H8_500_L202_839_A_30_00_P72_00_23.csv
OU-III,JONSWAP,0.270000011,draw-61001,4.2682209,0.0115241967,dev,dev,,stationary_jonswap_H0_270_L14_047_A30_00_P60_00,records/dev_stationary_jonswap_H0_270_L14_047_A30_00_P60_00_61001.csv
OU-II,JONSWAP,0.270000011,draw-61001,6.00215769,0.0162058268,dev,dev,,stationary_jonswap_H0_270_L14_047_A30_00_P60_00,records/dev_stationary_jonswap_H0_270_L14_047_A30_00_P60_00_61001.csv
TFG,JONSWAP,0.270000011,draw-61001,4.3715992,0.0118033187,dev,dev,,stationary_jonswap_H0_270_L14_047_A30_00_P60_00,records/dev_stationary_jonswap_H0_270_L14_047_A30_00_P60_00_61001.csv
PII,JONSWAP,0.270000011,draw-61001,3.61300898,0.00975512434,dev,dev,,stationary_jonswap_H0_270_L14_047_A30_00_P60_00,records/dev_stationary_jonswap_H0_270_L14_047_A30_00_P60_00_61001.csv
TVG-NLO,JONSWAP,0.270000011,draw-61001,6.58548307,0.017780805,dev,dev,,stationary_jonswap_H0_270_L14_047_A30_00_P60_00,records/dev_stationary_jonswap_H0_270_L14_047_A30_00_P60_00_61001.csv
OU-III,JONSWAP,1.5,draw-61001,3.89391065,0.0584086627,dev,dev,,stationary_jonswap_H1_500_L50_710_A_30_00_P120_00,records/dev_stationary_jonswap_H1_500_L50_710_A_30_00_P120_00_61001.csv
OU-II,JONSWAP,1.5,draw-61001,6.48842573,0.0973263904,dev,dev,,stationary_jonswap_H1_500_L50_710_A_30_00_P120_00,records/dev_stationary_jonswap_H1_500_L50_710_A_30_00_P120_00_61001.csv
TFG,JONSWAP,1.5,draw-61001,3.94804215,0.0592206344,dev,dev,,stationary_jonswap_H1_500_L50_710_A_30_00_P120_00,records/dev_stationary_jonswap_H1_500_L50_710_A_30_00_P120_00_61001.csv
PII,JONSWAP,1.5,draw-61001,5.44107819,0.0816161782,dev,dev,,stationary_jonswap_H1_500_L50_710_A_30_00_P120_00,records/dev_stationary_jonswap_H1_500_L50_710_A_30_00_P120_00_61001.csv
TVG-NLO,JONSWAP,1.5,draw-61001,6.74666262,0.10119994,dev,dev,,stationary_jonswap_H1_500_L50_710_A_30_00_P120_00,records/dev_stationary_jonswap_H1_500_L50_710_A_30_00_P120_00_61001.csv
OU-III,JONSWAP,4,draw-61001,3.77140641,0.150856256,dev,dev,,stationary_jonswap_H4_000_L112_766_A30_00_P30_00,records/dev_stationary_jonswap_H4_000_L112_766_A30_00_P30_00_61001.csv
OU-II,JONSWAP,4,draw-61001,6.23778629,0.249511451,dev,dev,,stationary_jonswap_H4_000_L112_766_A30_00_P30_00,records/dev_stationary_jonswap_H4_000_L112_766_A30_00_P30_00_61001.csv
TFG,JONSWAP,4,draw-61001,3.76311207,0.150524482,dev,dev,,stationary_jonswap_H4_000_L112_766_A30_00_P30_00,records/dev_stationary_jonswap_H4_000_L112_766_A30_00_P30_00_61001.csv
PII,JONSWAP,4,draw-61001,5.97088051,0.238835216,dev,dev,,stationary_jonswap_H4_000_L112_766_A30_00_P30_00,records/dev_stationary_jonswap_H4_000_L112_766_A30_00_P30_00_61001.csv
TVG-NLO,JONSWAP,4,draw-61001,6.85028267,0.274011314,dev,dev,,stationary_jonswap_H4_000_L112_766_A30_00_P30_00,records/dev_stationary_jonswap_H4_000_L112_766_A30_00_P30_00_61001.csv
OU-III,JONSWAP,8.5,draw-61001,3.68297648,0.313053012,dev,dev,,stationary_jonswap_H8_500_L202_839_A_30_00_P72_00,records/dev_stationary_jonswap_H8_500_L202_839_A_30_00_P72_00_61001.csv
OU-II,JONSWAP,8.5,draw-61001,6.03365612,0.512860775,dev,dev,,stationary_jonswap_H8_500_L202_839_A_30_00_P72_00,records/dev_stationary_jonswap_H8_500_L202_839_A_30_00_P72_00_61001.csv
TFG,JONSWAP,8.5,draw-61001,3.66786051,0.311768144,dev,dev,,stationary_jonswap_H8_500_L202_839_A_30_00_P72_00,records/dev_stationary_jonswap_H8_500_L202_839_A_30_00_P72_00_61001.csv
PII,JONSWAP,8.5,draw-61001,7.33980989,0.623883843,dev,dev,,stationary_jonswap_H8_500_L202_839_A_30_00_P72_00,records/dev_stationary_jonswap_H8_500_L202_839_A_30_00_P72_00_61001.csv
TVG-NLO,JONSWAP,8.5,draw-61001,7.01002645,0.595852256,dev,dev,,stationary_jonswap_H8_500_L202_839_A_30_00_P72_00,records/dev_stationary_jonswap_H8_500_L202_839_A_30_00_P72_00_61001.csv
OU-III,PM-Stokes,0.270000011,draw-61001,4.23678589,0.0114393216,dev,dev,,stationary_pmstokes_H0_270_L14_047_A30_00_P60_00,records/dev_stationary_pmstokes_H0_270_L14_047_A30_00_P60_00_61001.csv
OU-II,PM-Stokes,0.270000011,draw-61001,5.84577703,0.0157835986,dev,dev,,stationary_pmstokes_H0_270_L14_047_A30_00_P60_00,records/dev_stationary_pmstokes_H0_270_L14_047_A30_00_P60_00_61001.csv
TFG,PM-Stokes,0.270000011,draw-61001,4.32715034,0.0116833057,dev,dev,,stationary_pmstokes_H0_270_L14_047_A30_00_P60_00,records/dev_stationary_pmstokes_H0_270_L14_047_A30_00_P60_00_61001.csv
PII,PM-Stokes,0.270000011,draw-61001,3.71763206,0.0100376066,dev,dev,,stationary_pmstokes_H0_270_L14_047_A30_00_P60_00,records/dev_stationary_pmstokes_H0_270_L14_047_A30_00_P60_00_61001.csv
TVG-NLO,PM-Stokes,0.270000011,draw-61001,7.11839151,0.0192196574,dev,dev,,stationary_pmstokes_H0_270_L14_047_A30_00_P60_00,records/dev_stationary_pmstokes_H0_270_L14_047_A30_00_P60_00_61001.csv
OU-III,PM-Stokes,1.5,draw-61001,3.85374188,0.0578061305,dev,dev,,stationary_pmstokes_H1_500_L50_710_A_30_00_P120_00,records/dev_stationary_pmstokes_H1_500_L50_710_A_30_00_P120_00_61001.csv
OU-II,PM-Stokes,1.5,draw-61001,6.32174349,0.0948261544,dev,dev,,stationary_pmstokes_H1_500_L50_710_A_30_00_P120_00,records/dev_stationary_pmstokes_H1_500_L50_710_A_30_00_P120_00_61001.csv
TFG,PM-Stokes,1.5,draw-61001,3.88988495,0.0583482757,dev,dev,,stationary_pmstokes_H1_500_L50_710_A_30_00_P120_00,records/dev_stationary_pmstokes_H1_500_L50_710_A_30_00_P120_00_61001.csv
PII,PM-Stokes,1.5,draw-61001,5.32581091,0.0798871666,dev,dev,,stationary_pmstokes_H1_500_L50_710_A_30_00_P120_00,records/dev_stationary_pmstokes_H1_500_L50_710_A_30_00_P120_00_61001.csv
TVG-NLO,PM-Stokes,1.5,draw-61001,6.66642904,0.0999964401,dev,dev,,stationary_pmstokes_H1_500_L50_710_A_30_00_P120_00,records/dev_stationary_pmstokes_H1_500_L50_710_A_30_00_P120_00_61001.csv
OU-III,PM-Stokes,4,draw-61001,3.76834917,0.150733963,dev,dev,,stationary_pmstokes_H4_000_L112_766_A30_00_P30_00,records/dev_stationary_pmstokes_H4_000_L112_766_A30_00_P30_00_61001.csv
OU-II,PM-Stokes,4,draw-61001,6.13164043,0.245265618,dev,dev,,stationary_pmstokes_H4_000_L112_766_A30_00_P30_00,records/dev_stationary_pmstokes_H4_000_L112_766_A30_00_P30_00_61001.csv
TFG,PM-Stokes,4,draw-61001,3.78568649,0.151427463,dev,dev,,stationary_pmstokes_H4_000_L112_766_A30_00_P30_00,records/dev_stationary_pmstokes_H4_000_L112_766_A30_00_P30_00_61001.csv
PII,PM-Stokes,4,draw-61001,5.84695101,0.233878031,dev,dev,,stationary_pmstokes_H4_000_L112_766_A30_00_P30_00,records/dev_stationary_pmstokes_H4_000_L112_766_A30_00_P30_00_61001.csv
TVG-NLO,PM-Stokes,4,draw-61001,7.07961178,0.283184469,dev,dev,,stationary_pmstokes_H4_000_L112_766_A30_00_P30_00,records/dev_stationary_pmstokes_H4_000_L112_766_A30_00_P30_00_61001.csv
OU-III,PM-Stokes,8.5,draw-61001,3.68463326,0.313193828,dev,dev,,stationary_pmstokes_H8_500_L202_839_A_30_00_P72_00,records/dev_stationary_pmstokes_H8_500_L202_839_A_30_00_P72_00_61001.csv
OU-II,PM-Stokes,8.5,draw-61001,5.93339968,0.50433898,dev,dev,,stationary_pmstokes_H8_500_L202_839_A_30_00_P72_00,records/dev_stationary_pmstokes_H8_500_L202_839_A_30_00_P72_00_61001.csv
TFG,PM-Stokes,8.5,draw-61001,3.69093561,0.313729525,dev,dev,,stationary_pmstokes_H8_500_L202_839_A_30_00_P72_00,records/dev_stationary_pmstokes_H8_500_L202_839_A_30_00_P72_00_61001.csv
PII,PM-Stokes,8.5,draw-61001,8.43503857,0.716978312,dev,dev,,stationary_pmstokes_H8_500_L202_839_A_30_00_P72_00,records/dev_stationary_pmstokes_H8_500_L202_839_A_30_00_P72_00_61001.csv
TVG-NLO,PM-Stokes,8.5,draw-61001,7.12339115,0.605488241,dev,dev,,stationary_pmstokes_H8_500_L202_839_A_30_00_P72_00,records/dev_stationary_pmstokes_H8_500_L202_839_A_30_00_P72_00_61001.csv
OU-III,JONSWAP,0.270000011,draw-62003,3.96010423,0.0106922816,dev,dev,,stationary_jonswap_H0_270_L14_047_A30_00_P60_00,records/dev_stationary_jonswap_H0_270_L14_047_A30_00_P60_00_62003.csv
OU-II,JONSWAP,0.270000011,draw-62003,5.59135771,0.0150966663,dev,dev,,stationary_jonswap_H0_270_L14_047_A30_00_P60_00,records/dev_stationary_jonswap_H0_270_L14_047_A30_00_P60_00_62003.csv
TFG,JONSWAP,0.270000011,draw-62003,4.04586124,0.0109238252,dev,dev,,stationary_jonswap_H0_270_L14_047_A30_00_P60_00,records/dev_stationary_jonswap_H0_270_L14_047_A30_00_P60_00_62003.csv
PII,JONSWAP,0.270000011,draw-62003,3.33348799,0.00900041778,dev,dev,,stationary_jonswap_H0_270_L14_047_A30_00_P60_00,records/dev_stationary_jonswap_H0_270_L14_047_A30_00_P60_00_62003.csv
TVG-NLO,JONSWAP,0.270000011,draw-62003,7.87573338,0.0212644804,dev,dev,,stationary_jonswap_H0_270_L14_047_A30_00_P60_00,records/dev_stationary_jonswap_H0_270_L14_047_A30_00_P60_00_62003.csv
OU-III,JONSWAP,1.5,draw-62003,3.71312428,0.0556968674,dev,dev,,stationary_jonswap_H1_500_L50_710_A_30_00_P120_00,records/dev_stationary_jonswap_H1_500_L50_710_A_30_00_P120_00_62003.csv
OU-II,JONSWAP,1.5,draw-62003,6.02586842,0.0903880298,dev,dev,,stationary_jonswap_H1_500_L50_710_A_30_00_P120_00,records/dev_stationary_jonswap_H1_500_L50_710_A_30_00_P120_00_62003.csv
TFG,JONSWAP,1.5,draw-62003,3.75673151,0.0563509762,dev,dev,,stationary_jonswap_H1_500_L50_710_A_30_00_P120_00,records/dev_stationary_jonswap_H1_500_L50_710_A_30_00_P120_00_62003.csv
PII,JONSWAP,1.5,draw-62003,5.45008802,0.0817513242,dev,dev,,stationary_jonswap_H1_500_L50_710_A_30_00_P120_00,records/dev_stationary_jonswap_H1_500_L50_710_A_30_00_P120_00_62003.csv
TVG-NLO,JONSWAP,1.5,draw-62003,6.4735527,0.0971032977,dev,dev,,stationary_jonswap_H1_500_L50_710_A_30_00_P120_00,records/dev_stationary_jonswap_H1_500_L50_710_A_30_00_P120_00_62003.csv
OU-III,JONSWAP,4,draw-62003,3.61120963,0.144448385,dev,dev,,stationary_jonswap_H4_000_L112_766_A30_00_P30_00,records/dev_stationary_jonswap_H4_000_L112_766_A30_00_P30_00_62003.csv
OU-II,JONSWAP,4,draw-62003,6.0120368,0.240481481,dev,dev,,stationary_jonswap_H4_000_L112_766_A30_00_P30_00,records/dev_stationary_jonswap_H4_000_L112_766_A30_00_P30_00_62003.csv
TFG,JONSWAP,4,draw-62003,3.60018086,0.144007236,dev,dev,,stationary_jonswap_H4_000_L112_766_A30_00_P30_00,records/dev_stationary_jonswap_H4_000_L112_766_A30_00_P30_00_62003.csv
PII,JONSWAP,4,draw-62003,6.09533501,0.243813396,dev,dev,,stationary_jonswap_H4_000_L112_766_A30_00_P30_00,records/dev_stationary_jonswap_H4_000_L112_766_A30_00_P30_00_62003.csv
TVG-NLO,JONSWAP,4,draw-62003,6.67836666,0.267134666,dev,dev,,stationary_jonswap_H4_000_L112_766_A30_00_P30_00,records/dev_stationary_jonswap_H4_000_L112_766_A30_00_P30_00_62003.csv
OU-III,JONSWAP,8.5,draw-62003,3.48624444,0.29633078,dev,dev,,stationary_jonswap_H8_500_L202_839_A_30_00_P72_00,records/dev_stationary_jonswap_H8_500_L202_839_A_30_00_P72_00_62003.csv
OU-II,JONSWAP,8.5,draw-62003,6.13890314,0.521806777,dev,dev,,stationary_jonswap_H8_500_L202_839_A_30_00_P72_00,records/dev_stationary_jonswap_H8_500_L202_839_A_30_00_P72_00_62003.csv
TFG,JONSWAP,8.5,draw-62003,3.51694989,0.298940748,dev,dev,,stationary_jonswap_H8_500_L202_839_A_30_00_P72_00,records/dev_stationary_jonswap_H8_500_L202_839_A_30_00_P72_00_62003.csv
PII,JONSWAP,8.5,draw-62003,7.62283516,0.647940993,dev,dev,,stationary_jonswap_H8_500_L202_839_A_30_00_P72_00,records/dev_stationary_jonswap_H8_500_L202_839_A_30_00_P72_00_62003.csv
TVG-NLO,JONSWAP,8.5,draw-62003,7.00575924,0.595489562,dev,dev,,stationary_jonswap_H8_500_L202_839_A_30_00_P72_00,records/dev_stationary_jonswap_H8_500_L202_839_A_30_00_P72_00_62003.csv
OU-III,PM-Stokes,0.270000011,draw-62003,3.94235039,0.0106443465,dev,dev,,stationary_pmstokes_H0_270_L14_047_A30_00_P60_00,records/dev_stationary_pmstokes_H0_270_L14_047_A30_00_P60_00_62003.csv
OU-II,PM-Stokes,0.270000011,draw-62003,5.43559074,0.0146760959,dev,dev,,stationary_pmstokes_H0_270_L14_047_A30_00_P60_00,records/dev_stationary_pmstokes_H0_270_L14_047_A30_00_P60_00_62003.csv
TFG,PM-Stokes,0.270000011,draw-62003,4.03408241,0.0108920224,dev,dev,,stationary_pmstokes_H0_270_L14_047_A30_00_P60_00,records/dev_stationary_pmstokes_H0_270_L14_047_A30_00_P60_00_62003.csv
PII,PM-Stokes,0.270000011,draw-62003,3.4432168,0.00929668546,dev,dev,,stationary_pmstokes_H0_270_L14_047_A30_00_P60_00,records/dev_stationary_pmstokes_H0_270_L14_047_A30_00_P60_00_62003.csv
TVG-NLO,PM-Stokes,0.270000011,draw-62003,8.539855,0.0230576098,dev,dev,,stationary_pmstokes_H0_270_L14_047_A30_00_P60_00,records/dev_stationary_pmstokes_H0_270_L14_047_A30_00_P60_00_62003.csv
OU-III,PM-Stokes,1.5,draw-62003,3.69415569,0.0554123372,dev,dev,,stationary_pmstokes_H1_500_L50_710_A_30_00_P120_00,records/dev_stationary_pmstokes_H1_500_L50_710_A_30_00_P120_00_62003.csv
OU-II,PM-Stokes,1.5,draw-62003,5.8612299,0.0879184529,dev,dev,,stationary_pmstokes_H1_500_L50_710_A_30_00_P120_00,records/dev_stationary_pmstokes_H1_500_L50_710_A_30_00_P120_00_62003.csv
TFG,PM-Stokes,1.5,draw-62003,3.7180872,0.0557713099,dev,dev,,stationary_pmstokes_H1_500_L50_710_A_30_00_P120_00,records/dev_stationary_pmstokes_H1_500_L50_710_A_30_00_P120_00_62003.csv
PII,PM-Stokes,1.5,draw-62003,5.37322521,0.0805983841,dev,dev,,stationary_pmstokes_H1_500_L50_710_A_30_00_P120_00,records/dev_stationary_pmstokes_H1_500_L50_710_A_30_00_P120_00_62003.csv
TVG-NLO,PM-Stokes,1.5,draw-62003,6.40129328,0.0960194021,dev,dev,,stationary_pmstokes_H1_500_L50_710_A_30_00_P120_00,records/dev_stationary_pmstokes_H1_500_L50_710_A_30_00_P120_00_62003.csv
OU-III,PM-Stokes,4,draw-62003,3.61322975,0.144529194,dev,dev,,stationary_pmstokes_H4_000_L112_766_A30_00_P30_00,records/dev_stationary_pmstokes_H4_000_L112_766_A30_00_P30_00_62003.csv
OU-II,PM-Stokes,4,draw-62003,5.89576006,0.235830396,dev,dev,,stationary_pmstokes_H4_000_L112_766_A30_00_P30_00,records/dev_stationary_pmstokes_H4_000_L112_766_A30_00_P30_00_62003.csv
TFG,PM-Stokes,4,draw-62003,3.63328719,0.145331487,dev,dev,,stationary_pmstokes_H4_000_L112_766_A30_00_P30_00,records/dev_stationary_pmstokes_H4_000_L112_766_A30_00_P30_00_62003.csv
PII,PM-Stokes,4,draw-62003,6.00583506,0.240233406,dev,dev,,stationary_pmstokes_H4_000_L112_766_A30_00_P30_00,records/dev_stationary_pmstokes_H4_000_L112_766_A30_00_P30_00_62003.csv
TVG-NLO,PM-Stokes,4,draw-62003,6.78697443,0.271478981,dev,dev,,stationary_pmstokes_H4_000_L112_766_A30_00_P30_00,records/dev_stationary_pmstokes_H4_000_L112_766_A30_00_P30_00_62003.csv
OU-III,PM-Stokes,8.5,draw-62003,3.53383374,0.300375879,dev,dev,,stationary_pmstokes_H8_500_L202_839_A_30_00_P72_00,records/dev_stationary_pmstokes_H8_500_L202_839_A_30_00_P72_00_62003.csv
OU-II,PM-Stokes,8.5,draw-62003,5.98487568,0.508714437,dev,dev,,stationary_pmstokes_H8_500_L202_839_A_30_00_P72_00,records/dev_stationary_pmstokes_H8_500_L202_839_A_30_00_P72_00_62003.csv
TFG,PM-Stokes,8.5,draw-62003,3.57327795,0.30372864,dev,dev,,stationary_pmstokes_H8_500_L202_839_A_30_00_P72_00,records/dev_stationary_pmstokes_H8_500_L202_839_A_30_00_P72_00_62003.csv
PII,PM-Stokes,8.5,draw-62003,8.89350605,0.755948067,dev,dev,,stationary_pmstokes_H8_500_L202_839_A_30_00_P72_00,records/dev_stationary_pmstokes_H8_500_L202_839_A_30_00_P72_00_62003.csv
TVG-NLO,PM-Stokes,8.5,draw-62003,6.9341855,0.589405775,dev,dev,,stationary_pmstokes_H8_500_L202_839_A_30_00_P72_00,records/dev_stationary_pmstokes_H8_500_L202_839_A_30_00_P72_00_62003.csv
OU-III,JONSWAP,0.270000011,default,4.24936533,0.0114732869,default_draw,eval,,stationary_jonswap_H0_270_L14_047_A30_00_P60_00,records/default_stationary_jonswap_H0_270_L14_047_A30_00_P60_00.csv
OU-II,JONSWAP,0.270000011,default,6.01838207,0.0162496325,default_draw,eval,,stationary_jonswap_H0_270_L14_047_A30_00_P60_00,records/default_stationary_jonswap_H0_270_L14_047_A30_00_P60_00.csv
TFG,JONSWAP,0.270000011,default,4.38296366,0.0118340021,default_draw,eval,,stationary_jonswap_H0_270_L14_047_A30_00_P60_00,records/default_stationary_jonswap_H0_270_L14_047_A30_00_P60_00.csv
PII,JONSWAP,0.270000011,default,3.72863722,0.0100673204,default_draw,eval,,stationary_jonswap_H0_270_L14_047_A30_00_P60_00,records/default_stationary_jonswap_H0_270_L14_047_A30_00_P60_00.csv
TVG-NLO,JONSWAP,0.270000011,default,6.92119551,0.0186872277,default_draw,eval,,stationary_jonswap_H0_270_L14_047_A30_00_P60_00,records/default_stationary_jonswap_H0_270_L14_047_A30_00_P60_00.csv
OU-III,JONSWAP,0.270000011,no-noise,2.95702672,0.00798397232,noise_free,eval,,stationary_jonswap_H0_270_L14_047_A30_00_P60_00,records/noisefree_stationary_jonswap_H0_270_L14_047_A30_00_P60_00.csv
OU-II,JONSWAP,0.270000011,no-noise,5.13855028,0.0138740866,noise_free,eval,,stationary_jonswap_H0_270_L14_047_A30_00_P60_00,records/noisefree_stationary_jonswap_H0_270_L14_047_A30_00_P60_00.csv
TFG,JONSWAP,0.270000011,no-noise,3.103055,0.00837824866,noise_free,eval,,stationary_jonswap_H0_270_L14_047_A30_00_P60_00,records/noisefree_stationary_jonswap_H0_270_L14_047_A30_00_P60_00.csv
PII,JONSWAP,0.270000011,no-noise,2.7084291,0.00731275883,noise_free,eval,,stationary_jonswap_H0_270_L14_047_A30_00_P60_00,records/noisefree_stationary_jonswap_H0_270_L14_047_A30_00_P60_00.csv
TVG-NLO,JONSWAP,0.270000011,no-noise,4.4347868,0.0119739249,noise_free,eval,,stationary_jonswap_H0_270_L14_047_A30_00_P60_00,records/noisefree_stationary_jonswap_H0_270_L14_047_A30_00_P60_00.csv
OU-III,JONSWAP,0.270000011,default,4.9013772,0.0132337185,engine,eval,,stationary_jonswap_H0_270_L14_047_A30_00_P60_00,records/engine_stationary_jonswap_H0_270_L14_047_A30_00_P60_00.csv
OU-II,JONSWAP,0.270000011,default,6.83361006,0.0184507482,engine,eval,,stationary_jonswap_H0_270_L14_047_A30_00_P60_00,records/engine_stationary_jonswap_H0_270_L14_047_A30_00_P60_00.csv
TFG,JONSWAP,0.270000011,default,4.77475739,0.0128918458,engine,eval,,stationary_jonswap_H0_270_L14_047_A30_00_P60_00,records/engine_stationary_jonswap_H0_270_L14_047_A30_00_P60_00.csv
PII,JONSWAP,0.270000011,default,4.11894608,0.0111211548,engine,eval,,stationary_jonswap_H0_270_L14_047_A30_00_P60_00,records/engine_stationary_jonswap_H0_270_L14_047_A30_00_P60_00.csv
TVG-NLO,JONSWAP,0.270000011,default,7.03738308,0.0190009344,engine,eval,,stationary_jonswap_H0_270_L14_047_A30_00_P60_00,records/engine_stationary_jonswap_H0_270_L14_047_A30_00_P60_00.csv
OU-III,JONSWAP,1.5,default,4.09914303,0.0614871494,default_draw,eval,,stationary_jonswap_H1_500_L50_710_A_30_00_P120_00,records/default_stationary_jonswap_H1_500_L50_710_A_30_00_P120_00.csv
OU-II,JONSWAP,1.5,default,6.62894773,0.0994342193,default_draw,eval,,stationary_jonswap_H1_500_L50_710_A_30_00_P120_00,records/default_stationary_jonswap_H1_500_L50_710_A_30_00_P120_00.csv
TFG,JONSWAP,1.5,default,4.188241,0.062823616,default_draw,eval,,stationary_jonswap_H1_500_L50_710_A_30_00_P120_00,records/default_stationary_jonswap_H1_500_L50_710_A_30_00_P120_00.csv
PII,JONSWAP,1.5,default,5.56540108,0.0834810212,default_draw,eval,,stationary_jonswap_H1_500_L50_710_A_30_00_P120_00,records/default_stationary_jonswap_H1_500_L50_710_A_30_00_P120_00.csv
TVG-NLO,JONSWAP,1.5,default,6.90068531,0.103510283,default_draw,eval,,stationary_jonswap_H1_500_L50_710_A_30_00_P120_00,records/default_stationary_jonswap_H1_500_L50_710_A_30_00_P120_00.csv
OU-III,JONSWAP,1.5,no-noise,3.01877451,0.0452816188,noise_free,eval,,stationary_jonswap_H1_500_L50_710_A_30_00_P120_00,records/noisefree_stationary_jonswap_H1_500_L50_710_A_30_00_P120_00.csv
OU-II,JONSWAP,1.5,no-noise,5.37155294,0.080573298,noise_free,eval,,stationary_jonswap_H1_500_L50_710_A_30_00_P120_00,records/noisefree_stationary_jonswap_H1_500_L50_710_A_30_00_P120_00.csv
TFG,JONSWAP,1.5,no-noise,3.06571174,0.0459856763,noise_free,eval,,stationary_jonswap_H1_500_L50_710_A_30_00_P120_00,records/noisefree_stationary_jonswap_H1_500_L50_710_A_30_00_P120_00.csv
PII,JONSWAP,1.5,no-noise,5.17905903,0.0776858851,noise_free,eval,,stationary_jonswap_H1_500_L50_710_A_30_00_P120_00,records/noisefree_stationary_jonswap_H1_500_L50_710_A_30_00_P120_00.csv
TVG-NLO,JONSWAP,1.5,no-noise,6.00660801,0.0900991261,noise_free,eval,,stationary_jonswap_H1_500_L50_710_A_30_00_P120_00,records/noisefree_stationary_jonswap_H1_500_L50_710_A_30_00_P120_00.csv
OU-III,JONSWAP,1.5,default,4.58984375,0.0688476562,engine,eval,,stationary_jonswap_H1_500_L50_710_A_30_00_P120_00,records/engine_stationary_jonswap_H1_500_L50_710_A_30_00_P120_00.csv
OU-II,JONSWAP,1.5,default,6.61094379,0.0991641581,engine,eval,,stationary_jonswap_H1_500_L50_710_A_30_00_P120_00,records/engine_stationary_jonswap_H1_500_L50_710_A_30_00_P120_00.csv
TFG,JONSWAP,1.5,default,4.59384966,0.0689077452,engine,eval,,stationary_jonswap_H1_500_L50_710_A_30_00_P120_00,records/engine_stationary_jonswap_H1_500_L50_710_A_30_00_P120_00.csv
PII,JONSWAP,1.5,default,5.09874582,0.0764811933,engine,eval,,stationary_jonswap_H1_500_L50_710_A_30_00_P120_00,records/engine_stationary_jonswap_H1_500_L50_710_A_30_00_P120_00.csv
TVG-NLO,JONSWAP,1.5,default,6.90423393,0.10356351,engine,eval,,stationary_jonswap_H1_500_L50_710_A_30_00_P120_00,records/engine_stationary_jonswap_H1_500_L50_710_A_30_00_P120_00.csv
OU-III,JONSWAP,4,default,4.01766729,0.160706699,default_draw,eval,,stationary_jonswap_H4_000_L112_766_A30_00_P30_00,records/default_stationary_jonswap_H4_000_L112_766_A30_00_P30_00.csv
OU-II,JONSWAP,4,default,6.3496089,0.253984362,default_draw,eval,,stationary_jonswap_H4_000_L112_766_A30_00_P30_00,records/default_stationary_jonswap_H4_000_L112_766_A30_00_P30_00.csv
TFG,JONSWAP,4,default,4.03442955,0.161377177,default_draw,eval,,stationary_jonswap_H4_000_L112_766_A30_00_P30_00,records/default_stationary_jonswap_H4_000_L112_766_A30_00_P30_00.csv
PII,JONSWAP,4,default,6.13619232,0.245447695,default_draw,eval,,stationary_jonswap_H4_000_L112_766_A30_00_P30_00,records/default_stationary_jonswap_H4_000_L112_766_A30_00_P30_00.csv
TVG-NLO,JONSWAP,4,default,6.88389397,0.275355756,default_draw,eval,,stationary_jonswap_H4_000_L112_766_A30_00_P30_00,records/default_stationary_jonswap_H4_000_L112_766_A30_00_P30_00.csv
OU-III,JONSWAP,4,no-noise,3.04428458,0.121771388,noise_free,eval,,stationary_jonswap_H4_000_L112_766_A30_00_P30_00,records/noisefree_stationary_jonswap_H4_000_L112_766_A30_00_P30_00.csv
OU-II,JONSWAP,4,no-noise,5.31350088,0.21254003,noise_free,eval,,stationary_jonswap_H4_000_L112_766_A30_00_P30_00,records/noisefree_stationary_jonswap_H4_000_L112_766_A30_00_P30_00.csv
TFG,JONSWAP,4,no-noise,3.05145121,0.122058049,noise_free,eval,,stationary_jonswap_H4_000_L112_766_A30_00_P30_00,records/noisefree_stationary_jonswap_H4_000_L112_766_A30_00_P30_00.csv
PII,JONSWAP,4,no-noise,5.7182765,0.228731066,noise_free,eval,,stationary_jonswap_H4_000_L112_766_A30_00_P30_00,records/noisefree_stationary_jonswap_H4_000_L112_766_A30_00_P30_00.csv
TVG-NLO,JONSWAP,4,no-noise,6.3826704,0.25530681,noise_free,eval,,stationary_jonswap_H4_000_L112_766_A30_00_P30_00,records/noisefree_stationary_jonswap_H4_000_L112_766_A30_00_P30_00.csv
OU-III,JONSWAP,4,default,4.41478252,0.176591307,engine,eval,,stationary_jonswap_H4_000_L112_766_A30_00_P30_00,records/engine_stationary_jonswap_H4_000_L112_766_A30_00_P30_00.csv
OU-II,JONSWAP,4,default,6.34595919,0.25383836,engine,eval,,stationary_jonswap_H4_000_L112_766_A30_00_P30_00,records/engine_stationary_jonswap_H4_000_L112_766_A30_00_P30_00.csv
TFG,JONSWAP,4,default,4.46178865,0.17847155,engine,eval,,stationary_jonswap_H4_000_L112_766_A30_00_P30_00,records/engine_stationary_jonswap_H4_000_L112_766_A30_00_P30_00.csv
PII,JONSWAP,4,default,5.89903402,0.235961363,engine,eval,,stationary_jonswap_H4_000_L112_766_A30_00_P30_00,records/engine_stationary_jonswap_H4_000_L112_766_A30_00_P30_00.csv
TVG-NLO,JONSWAP,4,default,6.88427687,0.275371075,engine,eval,,stationary_jonswap_H4_000_L112_766_A30_00_P30_00,records/engine_stationary_jonswap_H4_000_L112_766_A30_00_P30_00.csv
OU-III,JONSWAP,8.5,default,3.70914507,0.315277338,default_draw,eval,,stationary_jonswap_H8_500_L202_839_A_30_00_P72_00,records/default_stationary_jonswap_H8_500_L202_839_A_30_00_P72_00.csv
OU-II,JONSWAP,8.5,default,6.04702377,0.513997018,default_draw,eval,,stationary_jonswap_H8_500_L202_839_A_30_00_P72_00,records/default_stationary_jonswap_H8_500_L202_839_A_30_00_P72_00.csv
TFG,JONSWAP,8.5,default,3.7294383,0.317002267,default_draw,eval,,stationary_jonswap_H8_500_L202_839_A_30_00_P72_00,records/default_stationary_jonswap_H8_500_L202_839_A_30_00_P72_00.csv
PII,JONSWAP,8.5,default,7.53874111,0.640793025,default_draw,eval,,stationary_jonswap_H8_500_L202_839_A_30_00_P72_00,records/default_stationary_jonswap_H8_500_L202_839_A_30_00_P72_00.csv
TVG-NLO,JONSWAP,8.5,default,6.93877363,0.589795768,default_draw,eval,,stationary_jonswap_H8_500_L202_839_A_30_00_P72_00,records/default_stationary_jonswap_H8_500_L202_839_A_30_00_P72_00.csv
OU-III,JONSWAP,8.5,no-noise,2.94379067,0.250222206,noise_free,eval,,stationary_jonswap_H8_500_L202_839_A_30_00_P72_00,records/noisefree_stationary_jonswap_H8_500_L202_839_A_30_00_P72_00.csv
OU-II,JONSWAP,8.5,no-noise,5.218297,0.443555236,noise_free,eval,,stationary_jonswap_H8_500_L202_839_A_30_00_P72_00,records/noisefree_stationary_jonswap_H8_500_L202_839_A_30_00_P72_00.csv
TFG,JONSWAP,8.5,no-noise,2.94965506,0.25072068,noise_free,eval,,stationary_jonswap_H8_500_L202_839_A_30_00_P72_00,records/noisefree_stationary_jonswap_H8_500_L202_839_A_30_00_P72_00.csv
PII,JONSWAP,8.5,no-noise,7.20428848,0.612364531,noise_free,eval,,stationary_jonswap_H8_500_L202_839_A_30_00_P72_00,records/noisefree_stationary_jonswap_H8_500_L202_839_A_30_00_P72_00.csv
TVG-NLO,JONSWAP,8.5,no-noise,6.82014704,0.57971251,noise_free,eval,,stationary_jonswap_H8_500_L202_839_A_30_00_P72_00,records/noisefree_stationary_jonswap_H8_500_L202_839_A_30_00_P72_00.csv
OU-III,JONSWAP,8.5,default,4.02579594,0.34219268,engine,eval,,stationary_jonswap_H8_500_L202_839_A_30_00_P72_00,records/engine_stationary_jonswap_H8_500_L202_839_A_30_00_P72_00.csv
OU-II,JONSWAP,8.5,default,6.06433344,0.515468359,engine,eval,,stationary_jonswap_H8_500_L202_839_A_30_00_P72_00,records/engine_stationary_jonswap_H8_500_L202_839_A_30_00_P72_00.csv
TFG,JONSWAP,8.5,default,4.05921984,0.345033705,engine,eval,,stationary_jonswap_H8_500_L202_839_A_30_00_P72_00,records/engine_stationary_jonswap_H8_500_L202_839_A_30_00_P72_00.csv
PII,JONSWAP,8.5,default,7.46771002,0.634755373,engine,eval,,stationary_jonswap_H8_500_L202_839_A_30_00_P72_00,records/engine_stationary_jonswap_H8_500_L202_839_A_30_00_P72_00.csv
TVG-NLO,JONSWAP,8.5,default,6.93128252,0.589159012,engine,eval,,stationary_jonswap_H8_500_L202_839_A_30_00_P72_00,records/engine_stationary_jonswap_H8_500_L202_839_A_30_00_P72_00.csv
OU-III,PM-Stokes,0.270000011,default,4.21294451,0.0113749504,default_draw,eval,,stationary_pmstokes_H0_270_L14_047_A30_00_P60_00,records/default_stationary_pmstokes_H0_270_L14_047_A30_00_P60_00.csv
OU-II,PM-Stokes,0.270000011,default,5.80693674,0.0156787299,default_draw,eval,,stationary_pmstokes_H0_270_L14_047_A30_00_P60_00,records/default_stationary_pmstokes_H0_270_L14_047_A30_00_P60_00.csv
TFG,PM-Stokes,0.270000011,default,4.33426523,0.0117025161,default_draw,eval,,stationary_pmstokes_H0_270_L14_047_A30_00_P60_00,records/default_stationary_pmstokes_H0_270_L14_047_A30_00_P60_00.csv
PII,PM-Stokes,0.270000011,default,3.81733966,0.0103068175,default_draw,eval,,stationary_pmstokes_H0_270_L14_047_A30_00_P60_00,records/default_stationary_pmstokes_H0_270_L14_047_A30_00_P60_00.csv
TVG-NLO,PM-Stokes,0.270000011,default,7.3213625,0.0197676793,default_draw,eval,,stationary_pmstokes_H0_270_L14_047_A30_00_P60_00,records/default_stationary_pmstokes_H0_270_L14_047_A30_00_P60_00.csv
OU-III,PM-Stokes,0.270000011,no-noise,2.94642591,0.00795534998,noise_free,eval,,stationary_pmstokes_H0_270_L14_047_A30_00_P60_00,records/noisefree_stationary_pmstokes_H0_270_L14_047_A30_00_P60_00.csv
OU-II,PM-Stokes,0.270000011,no-noise,5.01681662,0.0135454051,noise_free,eval,,stationary_pmstokes_H0_270_L14_047_A30_00_P60_00,records/noisefree_stationary_pmstokes_H0_270_L14_047_A30_00_P60_00.csv
TFG,PM-Stokes,0.270000011,no-noise,3.13161206,0.00845535286,noise_free,eval,,stationary_pmstokes_H0_270_L14_047_A30_00_P60_00,records/noisefree_stationary_pmstokes_H0_270_L14_047_A30_00_P60_00.csv
PII,PM-Stokes,0.270000011,no-noise,2.84140658,0.00767179765,noise_free,eval,,stationary_pmstokes_H0_270_L14_047_A30_00_P60_00,records/noisefree_stationary_pmstokes_H0_270_L14_047_A30_00_P60_00.csv
TVG-NLO,PM-Stokes,0.270000011,no-noise,3.98797178,0.0107675241,noise_free,eval,,stationary_pmstokes_H0_270_L14_047_A30_00_P60_00,records/noisefree_stationary_pmstokes_H0_270_L14_047_A30_00_P60_00.csv
OU-III,PM-Stokes,0.270000011,default,4.8990283,0.0132273771,engine,eval,,stationary_pmstokes_H0_270_L14_047_A30_00_P60_00,records/engine_stationary_pmstokes_H0_270_L14_047_A30_00_P60_00.csv
OU-II,PM-Stokes,0.270000011,default,6.63314629,0.0179094952,engine,eval,,stationary_pmstokes_H0_270_L14_047_A30_00_P60_00,records/engine_stationary_pmstokes_H0_270_L14_047_A30_00_P60_00.csv
TFG,PM-Stokes,0.270000011,default,4.76786757,0.0128732426,engine,eval,,stationary_pmstokes_H0_270_L14_047_A30_00_P60_00,records/engine_stationary_pmstokes_H0_270_L14_047_A30_00_P60_00.csv
PII,PM-Stokes,0.270000011,default,4.15223646,0.0112110386,engine,eval,,stationary_pmstokes_H0_270_L14_047_A30_00_P60_00,records/engine_stationary_pmstokes_H0_270_L14_047_A30_00_P60_00.csv
TVG-NLO,PM-Stokes,0.270000011,default,7.57189798,0.0204441249,engine,eval,,stationary_pmstokes_H0_270_L14_047_A30_00_P60_00,records/engine_stationary_pmstokes_H0_270_L14_047_A30_00_P60_00.csv
OU-III,PM-Stokes,1.5,default,4.02340984,0.060351152,default_draw,eval,,stationary_pmstokes_H1_500_L50_710_A_30_00_P120_00,records/default_stationary_pmstokes_H1_500_L50_710_A_30_00_P120_00.csv
OU-II,PM-Stokes,1.5,default,6.43146181,0.0964719281,default_draw,eval,,stationary_pmstokes_H1_500_L50_710_A_30_00_P120_00,records/default_stationary_pmstokes_H1_500_L50_710_A_30_00_P120_00.csv
TFG,PM-Stokes,1.5,default,4.09151316,0.0613727011,default_draw,eval,,stationary_pmstokes_H1_500_L50_710_A_30_00_P120_00,records/default_stationary_pmstokes_H1_500_L50_710_A_30_00_P120_00.csv
PII,PM-Stokes,1.5,default,5.53426218,0.0830139369,default_draw,eval,,stationary_pmstokes_H1_500_L50_710_A_30_00_P120_00,records/default_stationary_pmstokes_H1_500_L50_710_A_30_00_P120_00.csv
TVG-NLO,PM-Stokes,1.5,default,6.82505941,0.102375895,default_draw,eval,,stationary_pmstokes_H1_500_L50_710_A_30_00_P120_00,records/default_stationary_pmstokes_H1_500_L50_710_A_30_00_P120_00.csv
OU-III,PM-Stokes,1.5,no-noise,3.08181381,0.0462272093,noise_free,eval,,stationary_pmstokes_H1_500_L50_710_A_30_00_P120_00,records/noisefree_stationary_pmstokes_H1_500_L50_710_A_30_00_P120_00.csv
OU-II,PM-Stokes,1.5,no-noise,5.25370312,0.0788055509,noise_free,eval,,stationary_pmstokes_H1_500_L50_710_A_30_00_P120_00,records/noisefree_stationary_pmstokes_H1_500_L50_710_A_30_00_P120_00.csv
TFG,PM-Stokes,1.5,no-noise,3.11256719,0.0466885082,noise_free,eval,,stationary_pmstokes_H1_500_L50_710_A_30_00_P120_00,records/noisefree_stationary_pmstokes_H1_500_L50_710_A_30_00_P120_00.csv
PII,PM-Stokes,1.5,no-noise,5.07770061,0.0761655122,noise_free,eval,,stationary_pmstokes_H1_500_L50_710_A_30_00_P120_00,records/noisefree_stationary_pmstokes_H1_500_L50_710_A_30_00_P120_00.csv
TVG-NLO,PM-Stokes,1.5,no-noise,6.25283766,0.0937925652,noise_free,eval,,stationary_pmstokes_H1_500_L50_710_A_30_00_P120_00,records/noisefree_stationary_pmstokes_H1_500_L50_710_A_30_00_P120_00.csv
OU-III,PM-Stokes,1.5,default,4.59258604,0.0688887909,engine,eval,,stationary_pmstokes_H1_500_L50_710_A_30_00_P120_00,records/engine_stationary_pmstokes_H1_500_L50_710_A_30_00_P120_00.csv
OU-II,PM-Stokes,1.5,default,6.42653608,0.0963980481,engine,eval,,stationary_pmstokes_H1_500_L50_710_A_30_00_P120_00,records/engine_stationary_pmstokes_H1_500_L50_710_A_30_00_P120_00.csv
TFG,PM-Stokes,1.5,default,4.56424809,0.0684637204,engine,eval,,stationary_pmstokes_H1_500_L50_710_A_30_00_P120_00,records/engine_stationary_pmstokes_H1_500_L50_710_A_30_00_P120_00.csv
PII,PM-Stokes,1.5,default,5.61793995,0.0842690989,engine,eval,,stationary_pmstokes_H1_500_L50_710_A_30_00_P120_00,records/engine_stationary_pmstokes_H1_500_L50_710_A_30_00_P120_00.csv
TVG-NLO,PM-Stokes,1.5,default,6.84861088,0.102729164,engine,eval,,stationary_pmstokes_H1_500_L50_710_A_30_00_P120_00,records/engine_stationary_pmstokes_H1_500_L50_710_A_30_00_P120_00.csv
OU-III,PM-Stokes,4,default,3.95517302,0.158206925,default_draw,eval,,stationary_pmstokes_H4_000_L112_766_A30_00_P30_00,records/default_stationary_pmstokes_H4_000_L112_766_A30_00_P30_00.csv
OU-II,PM-Stokes,4,default,6.19853258,0.2479413,default_draw,eval,,stationary_pmstokes_H4_000_L112_766_A30_00_P30_00,records/default_stationary_pmstokes_H4_000_L112_766_A30_00_P30_00.csv
TFG,PM-Stokes,4,default,3.97704983,0.159081995,default_draw,eval,,stationary_pmstokes_H4_000_L112_766_A30_00_P30_00,records/default_stationary_pmstokes_H4_000_L112_766_A30_00_P30_00.csv
PII,PM-Stokes,4,default,6.11105728,0.244442284,default_draw,eval,,stationary_pmstokes_H4_000_L112_766_A30_00_P30_00,records/default_stationary_pmstokes_H4_000_L112_766_A30_00_P30_00.csv
TVG-NLO,PM-Stokes,4,default,6.85818577,0.274327427,default_draw,eval,,stationary_pmstokes_H4_000_L112_766_A30_00_P30_00,records/default_stationary_pmstokes_H4_000_L112_766_A30_00_P30_00.csv
OU-III,PM-Stokes,4,no-noise,3.15068173,0.126027271,noise_free,eval,,stationary_pmstokes_H4_000_L112_766_A30_00_P30_00,records/noisefree_stationary_pmstokes_H4_000_L112_766_A30_00_P30_00.csv
OU-II,PM-Stokes,4,no-noise,5.25215912,0.210086361,noise_free,eval,,stationary_pmstokes_H4_000_L112_766_A30_00_P30_00,records/noisefree_stationary_pmstokes_H4_000_L112_766_A30_00_P30_00.csv
TFG,PM-Stokes,4,no-noise,3.17033863,0.126813546,noise_free,eval,,stationary_pmstokes_H4_000_L112_766_A30_00_P30_00,records/noisefree_stationary_pmstokes_H4_000_L112_766_A30_00_P30_00.csv
PII,PM-Stokes,4,no-noise,5.49893427,0.219957367,noise_free,eval,,stationary_pmstokes_H4_000_L112_766_A30_00_P30_00,records/noisefree_stationary_pmstokes_H4_000_L112_766_A30_00_P30_00.csv
TVG-NLO,PM-Stokes,4,no-noise,6.31406593,0.252562642,noise_free,eval,,stationary_pmstokes_H4_000_L112_766_A30_00_P30_00,records/noisefree_stationary_pmstokes_H4_000_L112_766_A30_00_P30_00.csv
OU-III,PM-Stokes,4,default,4.43393278,0.177357316,engine,eval,,stationary_pmstokes_H4_000_L112_766_A30_00_P30_00,records/engine_stationary_pmstokes_H4_000_L112_766_A30_00_P30_00.csv
OU-II,PM-Stokes,4,default,6.23254681,0.249301866,engine,eval,,stationary_pmstokes_H4_000_L112_766_A30_00_P30_00,records/engine_stationary_pmstokes_H4_000_L112_766_A30_00_P30_00.csv
TFG,PM-Stokes,4,default,4.48008156,0.179203257,engine,eval,,stationary_pmstokes_H4_000_L112_766_A30_00_P30_00,records/engine_stationary_pmstokes_H4_000_L112_766_A30_00_P30_00.csv
PII,PM-Stokes,4,default,6.19799852,0.247919947,engine,eval,,stationary_pmstokes_H4_000_L112_766_A30_00_P30_00,records/engine_stationary_pmstokes_H4_000_L112_766_A30_00_P30_00.csv
TVG-NLO,PM-Stokes,4,default,6.86757421,0.274702966,engine,eval,,stationary_pmstokes_H4_000_L112_766_A30_00_P30_00,records/engine_stationary_pmstokes_H4_000_L112_766_A30_00_P30_00.csv
OU-III,PM-Stokes,8.5,default,3.70280886,0.31473875,default_draw,eval,,stationary_pmstokes_H8_500_L202_839_A_30_00_P72_00,records/default_stationary_pmstokes_H8_500_L202_839_A_30_00_P72_00.csv
OU-II,PM-Stokes,8.5,default,5.97941494,0.508250296,default_draw,eval,,stationary_pmstokes_H8_500_L202_839_A_30_00_P72_00,records/default_stationary_pmstokes_H8_500_L202_839_A_30_00_P72_00.csv
TFG,PM-Stokes,8.5,default,3.73448348,0.317431092,default_draw,eval,,stationary_pmstokes_H8_500_L202_839_A_30_00_P72_00,records/default_stationary_pmstokes_H8_500_L202_839_A_30_00_P72_00.csv
PII,PM-Stokes,8.5,default,8.74888515,0.743655264,default_draw,eval,,stationary_pmstokes_H8_500_L202_839_A_30_00_P72_00,records/default_stationary_pmstokes_H8_500_L202_839_A_30_00_P72_00.csv
TVG-NLO,PM-Stokes,8.5,default,6.98741102,0.593929946,default_draw,eval,,stationary_pmstokes_H8_500_L202_839_A_30_00_P72_00,records/default_stationary_pmstokes_H8_500_L202_839_A_30_00_P72_00.csv
OU-III,PM-Stokes,8.5,no-noise,3.10254025,0.263715923,noise_free,eval,,stationary_pmstokes_H8_500_L202_839_A_30_00_P72_00,records/noisefree_stationary_pmstokes_H8_500_L202_839_A_30_00_P72_00.csv
OU-II,PM-Stokes,8.5,no-noise,5.2007246,0.442061603,noise_free,eval,,stationary_pmstokes_H8_500_L202_839_A_30_00_P72_00,records/noisefree_stationary_pmstokes_H8_500_L202_839_A_30_00_P72_00.csv
TFG,PM-Stokes,8.5,no-noise,3.1211741,0.265299797,noise_free,eval,,stationary_pmstokes_H8_500_L202_839_A_30_00_P72_00,records/noisefree_stationary_pmstokes_H8_500_L202_839_A_30_00_P72_00.csv
PII,PM-Stokes,8.5,no-noise,8.23889256,0.700305879,noise_free,eval,,stationary_pmstokes_H8_500_L202_839_A_30_00_P72_00,records/noisefree_stationary_pmstokes_H8_500_L202_839_A_30_00_P72_00.csv
TVG-NLO,PM-Stokes,8.5,no-noise,7.02628994,0.597234666,noise_free,eval,,stationary_pmstokes_H8_500_L202_839_A_30_00_P72_00,records/noisefree_stationary_pmstokes_H8_500_L202_839_A_30_00_P72_00.csv
OU-III,PM-Stokes,8.5,default,4.14797497,0.352577865,engine,eval,,stationary_pmstokes_H8_500_L202_839_A_30_00_P72_00,records/engine_stationary_pmstokes_H8_500_L202_839_A_30_00_P72_00.csv
OU-II,PM-Stokes,8.5,default,6.04323816,0.513675272,engine,eval,,stationary_pmstokes_H8_500_L202_839_A_30_00_P72_00,records/engine_stationary_pmstokes_H8_500_L202_839_A_30_00_P72_00.csv
TFG,PM-Stokes,8.5,default,4.19315386,0.356418103,engine,eval,,stationary_pmstokes_H8_500_L202_839_A_30_00_P72_00,records/engine_stationary_pmstokes_H8_500_L202_839_A_30_00_P72_00.csv
PII,PM-Stokes,8.5,default,8.83936119,0.751345754,engine,eval,,stationary_pmstokes_H8_500_L202_839_A_30_00_P72_00,records/engine_stationary_pmstokes_H8_500_L202_839_A_30_00_P72_00.csv
TVG-NLO,PM-Stokes,8.5,default,6.97898436,0.593213677,engine,eval,,stationary_pmstokes_H8_500_L202_839_A_30_00_P72_00,records/engine_stationary_pmstokes_H8_500_L202_839_A_30_00_P72_00.csv
FDDI,JONSWAP,0.270000011,11-101-1009,0.669600308,0.00180792087,stationary,eval,,stationary_jonswap_H0_270_L14_047_A30_00_P60_00,records/eval_stationary_jonswap_H0_270_L14_047_A30_00_P60_00_11-101-1009.csv
HPDI-classic,JONSWAP,0.270000011,11-101-1009,6.23183632,0.0168259591,stationary,eval,,stationary_jonswap_H0_270_L14_047_A30_00_P60_00,records/eval_stationary_jonswap_H0_270_L14_047_A30_00_P60_00_11-101-1009.csv
HPDI-classic float32,JONSWAP,0.270000011,11-101-1009,6.23183298,0.0168259498,stationary,eval,,stationary_jonswap_H0_270_L14_047_A30_00_P60_00,records/eval_stationary_jonswap_H0_270_L14_047_A30_00_P60_00_11-101-1009.csv
HPDI-compensated,JONSWAP,0.270000011,11-101-1009,5.12164402,0.0138284387,stationary,eval,,stationary_jonswap_H0_270_L14_047_A30_00_P60_00,records/eval_stationary_jonswap_H0_270_L14_047_A30_00_P60_00_11-101-1009.csv
HPDI-compensated float32,JONSWAP,0.270000011,11-101-1009,5.12178612,0.0138288233,stationary,eval,,stationary_jonswap_H0_270_L14_047_A30_00_P60_00,records/eval_stationary_jonswap_H0_270_L14_047_A30_00_P60_00_11-101-1009.csv
FDDI,JONSWAP,1.5,11-101-1009,1.96815085,0.0295222644,stationary,eval,,stationary_jonswap_H1_500_L50_710_A_30_00_P120_00,records/eval_stationary_jonswap_H1_500_L50_710_A_30_00_P120_00_11-101-1009.csv
HPDI-classic,JONSWAP,1.5,11-101-1009,7.99849987,0.119977504,stationary,eval,,stationary_jonswap_H1_500_L50_710_A_30_00_P120_00,records/eval_stationary_jonswap_H1_500_L50_710_A_30_00_P120_00_11-101-1009.csv
HPDI-classic float32,JONSWAP,1.5,11-101-1009,7.99847555,0.119977139,stationary,eval,,stationary_jonswap_H1_500_L50_710_A_30_00_P120_00,records/eval_stationary_jonswap_H1_500_L50_710_A_30_00_P120_00_11-101-1009.csv
HPDI-compensated,JONSWAP,1.5,11-101-1009,5.61748552,0.0842622891,stationary,eval,,stationary_jonswap_H1_500_L50_710_A_30_00_P120_00,records/eval_stationary_jonswap_H1_500_L50_710_A_30_00_P120_00_11-101-1009.csv
HPDI-compensated float32,JONSWAP,1.5,11-101-1009,5.6175561,0.0842633471,stationary,eval,,stationary_jonswap_H1_500_L50_710_A_30_00_P120_00,records/eval_stationary_jonswap_H1_500_L50_710_A_30_00_P120_00_11-101-1009.csv
FDDI,JONSWAP,4,11-101-1009,1.17053187,0.0468212739,stationary,eval,,stationary_jonswap_H4_000_L112_766_A30_00_P30_00,records/eval_stationary_jonswap_H4_000_L112_766_A30_00_P30_00_11-101-1009.csv
HPDI-classic,JONSWAP,4,11-101-1009,7.75546455,0.310218573,stationary,eval,,stationary_jonswap_H4_000_L112_766_A30_00_P30_00,records/eval_stationary_jonswap_H4_000_L112_766_A30_00_P30_00_11-101-1009.csv
HPDI-classic float32,JONSWAP,4,11-101-1009,7.7554388,0.310217559,stationary,eval,,stationary_jonswap_H4_000_L112_766_A30_00_P30_00,records/eval_stationary_jonswap_H4_000_L112_766_A30_00_P30_00_11-101-1009.csv
HPDI-compensated,JONSWAP,4,11-101-1009,5.07523012,0.203009203,stationary,eval,,stationary_jonswap_H4_000_L112_766_A30_00_P30_00,records/eval_stationary_jonswap_H4_000_L112_766_A30_00_P30_00_11-101-1009.csv
HPDI-compensated float32,JONSWAP,4,11-101-1009,5.0752511,0.203010052,stationary,eval,,stationary_jonswap_H4_000_L112_766_A30_00_P30_00,records/eval_stationary_jonswap_H4_000_L112_766_A30_00_P30_00_11-101-1009.csv
FDDI,JONSWAP,8.5,11-101-1009,1.47724915,0.125566185,stationary,eval,,stationary_jonswap_H8_500_L202_839_A_30_00_P72_00,records/eval_stationary_jonswap_H8_500_L202_839_A_30_00_P72_00_11-101-1009.csv
HPDI-classic,JONSWAP,8.5,11-101-1009,7.5849328,0.644719303,stationary,eval,,stationary_jonswap_H8_500_L202_839_A_30_00_P72_00,records/eval_stationary_jonswap_H8_500_L202_839_A_30_00_P72_00_11-101-1009.csv
HPDI-classic float32,JONSWAP,8.5,11-101-1009,7.58492422,0.644718587,stationary,eval,,stationary_jonswap_H8_500_L202_839_A_30_00_P72_00,records/eval_stationary_jonswap_H8_500_L202_839_A_30_00_P72_00_11-101-1009.csv
HPDI-compensated,JONSWAP,8.5,11-101-1009,4.51958752,0.384164959,stationary,eval,,stationary_jonswap_H8_500_L202_839_A_30_00_P72_00,records/eval_stationary_jonswap_H8_500_L202_839_A_30_00_P72_00_11-101-1009.csv
HPDI-compensated float32,JONSWAP,8.5,11-101-1009,4.51968527,0.384173244,stationary,eval,,stationary_jonswap_H8_500_L202_839_A_30_00_P72_00,records/eval_stationary_jonswap_H8_500_L202_839_A_30_00_P72_00_11-101-1009.csv
FDDI,PM-Stokes,0.270000011,11-101-1009,1.01003098,0.00272708386,stationary,eval,,stationary_pmstokes_H0_270_L14_047_A30_00_P60_00,records/eval_stationary_pmstokes_H0_270_L14_047_A30_00_P60_00_11-101-1009.csv
HPDI-classic,PM-Stokes,0.270000011,11-101-1009,6.2327528,0.0168284327,stationary,eval,,stationary_pmstokes_H0_270_L14_047_A30_00_P60_00,records/eval_stationary_pmstokes_H0_270_L14_047_A30_00_P60_00_11-101-1009.csv
HPDI-classic float32,PM-Stokes,0.270000011,11-101-1009,6.23277664,0.0168284979,stationary,eval,,stationary_pmstokes_H0_270_L14_047_A30_00_P60_00,records/eval_stationary_pmstokes_H0_270_L14_047_A30_00_P60_00_11-101-1009.csv
HPDI-compensated,PM-Stokes,0.270000011,11-101-1009,5.55599117,0.0150011769,stationary,eval,,stationary_pmstokes_H0_270_L14_047_A30_00_P60_00,records/eval_stationary_pmstokes_H0_270_L14_047_A30_00_P60_00_11-101-1009.csv
HPDI-compensated float32,PM-Stokes,0.270000011,11-101-1009,5.55607986,0.0150014162,stationary,eval,,stationary_pmstokes_H0_270_L14_047_A30_00_P60_00,records/eval_stationary_pmstokes_H0_270_L14_047_A30_00_P60_00_11-101-1009.csv
FDDI,PM-Stokes,1.5,11-101-1009,1.83393276,0.0275089927,stationary,eval,,stationary_pmstokes_H1_500_L50_710_A_30_00_P120_00,records/eval_stationary_pmstokes_H1_500_L50_710_A_30_00_P120_00_11-101-1009.csv
HPDI-classic,PM-Stokes,1.5,11-101-1009,7.97154665,0.119573206,stationary,eval,,stationary_pmstokes_H1_500_L50_710_A_30_00_P120_00,records/eval_stationary_pmstokes_H1_500_L50_710_A_30_00_P120_00_11-101-1009.csv
HPDI-classic float32,PM-Stokes,1.5,11-101-1009,7.97151804,0.119572774,stationary,eval,,stationary_pmstokes_H1_500_L50_710_A_30_00_P120_00,records/eval_stationary_pmstokes_H1_500_L50_710_A_30_00_P120_00_11-101-1009.csv
HPDI-compensated,PM-Stokes,1.5,11-101-1009,5.55493069,0.083323963,stationary,eval,,stationary_pmstokes_H1_500_L50_710_A_30_00_P120_00,records/eval_stationary_pmstokes_H1_500_L50_710_A_30_00_P120_00_11-101-1009.csv
HPDI-compensated float32,PM-Stokes,1.5,11-101-1009,5.55502605,0.0833253935,stationary,eval,,stationary_pmstokes_H1_500_L50_710_A_30_00_P120_00,records/eval_stationary_pmstokes_H1_500_L50_710_A_30_00_P120_00_11-101-1009.csv
FDDI,PM-Stokes,4,11-101-1009,1.03446352,0.0413785391,stationary,eval,,stationary_pmstokes_H4_000_L112_766_A30_00_P30_00,records/eval_stationary_pmstokes_H4_000_L112_766_A30_00_P30_00_11-101-1009.csv
HPDI-classic,PM-Stokes,4,11-101-1009,7.84745312,0.313898116,stationary,eval,,stationary_pmstokes_H4_000_L112_766_A30_00_P30_00,records/eval_stationary_pmstokes_H4_000_L112_766_A30_00_P30_00_11-101-1009.csv
HPDI-classic float32,PM-Stokes,4,11-101-1009,7.84743738,0.313897491,stationary,eval,,stationary_pmstokes_H4_000_L112_766_A30_00_P30_00,records/eval_stationary_pmstokes_H4_000_L112_766_A30_00_P30_00_11-101-1009.csv
HPDI-compensated,PM-Stokes,4,11-101-1009,5.0212388,0.200849548,stationary,eval,,stationary_pmstokes_H4_000_L112_766_A30_00_P30_00,records/eval_stationary_pmstokes_H4_000_L112_766_A30_00_P30_00_11-101-1009.csv
HPDI-compensated float32,PM-Stokes,4,11-101-1009,5.02125835,0.200850338,stationary,eval,,stationary_pmstokes_H4_000_L112_766_A30_00_P30_00,records/eval_stationary_pmstokes_H4_000_L112_766_A30_00_P30_00_11-101-1009.csv
FDDI,PM-Stokes,8.5,11-101-1009,1.63163149,0.138688684,stationary,eval,,stationary_pmstokes_H8_500_L202_839_A_30_00_P72_00,records/eval_stationary_pmstokes_H8_500_L202_839_A_30_00_P72_00_11-101-1009.csv
HPDI-classic,PM-Stokes,8.5,11-101-1009,7.83818245,0.66624552,stationary,eval,,stationary_pmstokes_H8_500_L202_839_A_30_00_P72_00,records/eval_stationary_pmstokes_H8_500_L202_839_A_30_00_P72_00_11-101-1009.csv
HPDI-classic float32,PM-Stokes,8.5,11-101-1009,7.83815098,0.666242838,stationary,eval,,stationary_pmstokes_H8_500_L202_839_A_30_00_P72_00,records/eval_stationary_pmstokes_H8_500_L202_839_A_30_00_P72_00_11-101-1009.csv
HPDI-compensated,PM-Stokes,8.5,11-101-1009,5.41066074,0.459906191,stationary,eval,,stationary_pmstokes_H8_500_L202_839_A_30_00_P72_00,records/eval_stationary_pmstokes_H8_500_L202_839_A_30_00_P72_00_11-101-1009.csv
HPDI-compensated float32,PM-Stokes,8.5,11-101-1009,5.41086674,0.459923685,stationary,eval,,stationary_pmstokes_H8_500_L202_839_A_30_00_P72_00,records/eval_stationary_pmstokes_H8_500_L202_839_A_30_00_P72_00_11-101-1009.csv
FDDI,Crossfade,4,11-101-1009,2.49319553,0.0997278243,crossfade,eval,,nonstationary_H1_5_to_H4_0_Tp5_7_to_11_4,records/eval_crossfade_11-101-1009.csv
FDDI,Crossfade,4,11-101-1009,0.406790465,0.0162716191,crossfade,eval,start,nonstationary_H1_5_to_H4_0_Tp5_7_to_11_4,records/eval_crossfade_11-101-1009.csv
FDDI,Crossfade,4,11-101-1009,0.661530077,0.0264612027,crossfade,eval,blend,nonstationary_H1_5_to_H4_0_Tp5_7_to_11_4,records/eval_crossfade_11-101-1009.csv
FDDI,Crossfade,4,11-101-1009,0.470947862,0.0188379139,crossfade,eval,recover,nonstationary_H1_5_to_H4_0_Tp5_7_to_11_4,records/eval_crossfade_11-101-1009.csv
FDDI,Crossfade,4,11-101-1009,3.61069369,0.144427747,crossfade,eval,end,nonstationary_H1_5_to_H4_0_Tp5_7_to_11_4,records/eval_crossfade_11-101-1009.csv
HPDI-classic,Crossfade,4,11-101-1009,7.78423691,0.311369479,crossfade,eval,,nonstationary_H1_5_to_H4_0_Tp5_7_to_11_4,records/eval_crossfade_11-101-1009.csv
HPDI-classic,Crossfade,4,11-101-1009,2.69789791,0.107915916,crossfade,eval,start,nonstationary_H1_5_to_H4_0_Tp5_7_to_11_4,records/eval_crossfade_11-101-1009.csv
HPDI-classic,Crossfade,4,11-101-1009,10.5242233,0.42096895,crossfade,eval,blend,nonstationary_H1_5_to_H4_0_Tp5_7_to_11_4,records/eval_crossfade_11-101-1009.csv
HPDI-classic,Crossfade,4,11-101-1009,9.77645397,0.391058147,crossfade,eval,recover,nonstationary_H1_5_to_H4_0_Tp5_7_to_11_4,records/eval_crossfade_11-101-1009.csv
HPDI-classic,Crossfade,4,11-101-1009,8.16910076,0.326764047,crossfade,eval,end,nonstationary_H1_5_to_H4_0_Tp5_7_to_11_4,records/eval_crossfade_11-101-1009.csv
HPDI-classic float32,Crossfade,4,11-101-1009,7.7841692,0.311366767,crossfade,eval,,nonstationary_H1_5_to_H4_0_Tp5_7_to_11_4,records/eval_crossfade_11-101-1009.csv
HPDI-classic float32,Crossfade,4,11-101-1009,2.69789481,0.107915796,crossfade,eval,start,nonstationary_H1_5_to_H4_0_Tp5_7_to_11_4,records/eval_crossfade_11-101-1009.csv
HPDI-classic float32,Crossfade,4,11-101-1009,10.5242548,0.420970201,crossfade,eval,blend,nonstationary_H1_5_to_H4_0_Tp5_7_to_11_4,records/eval_crossfade_11-101-1009.csv
HPDI-classic float32,Crossfade,4,11-101-1009,9.7763834,0.391055346,crossfade,eval,recover,nonstationary_H1_5_to_H4_0_Tp5_7_to_11_4,records/eval_crossfade_11-101-1009.csv
HPDI-classic float32,Crossfade,4,11-101-1009,8.16897964,0.326759189,crossfade,eval,end,nonstationary_H1_5_to_H4_0_Tp5_7_to_11_4,records/eval_crossfade_11-101-1009.csv
HPDI-compensated,Crossfade,4,11-101-1009,6.04888821,0.241955534,crossfade,eval,,nonstationary_H1_5_to_H4_0_Tp5_7_to_11_4,records/eval_crossfade_11-101-1009.csv
HPDI-compensated,Crossfade,4,11-101-1009,2.08205533,0.0832822099,crossfade,eval,start,nonstationary_H1_5_to_H4_0_Tp5_7_to_11_4,records/eval_crossfade_11-101-1009.csv
HPDI-compensated,Crossfade,4,11-101-1009,9.56915092,0.382766038,crossfade,eval,blend,nonstationary_H1_5_to_H4_0_Tp5_7_to_11_4,records/eval_crossfade_11-101-1009.csv
HPDI-compensated,Crossfade,4,11-101-1009,7.10936117,0.284374446,crossfade,eval,recover,nonstationary_H1_5_to_H4_0_Tp5_7_to_11_4,records/eval_crossfade_11-101-1009.csv
HPDI-compensated,Crossfade,4,11-101-1009,5.94377422,0.237750977,crossfade,eval,end,nonstationary_H1_5_to_H4_0_Tp5_7_to_11_4,records/eval_crossfade_11-101-1009.csv
HPDI-compensated float32,Crossfade,4,11-101-1009,6.04889822,0.241955921,crossfade,eval,,nonstationary_H1_5_to_H4_0_Tp5_7_to_11_4,records/eval_crossfade_11-101-1009.csv
HPDI-compensated float32,Crossfade,4,11-101-1009,2.08208728,0.0832834914,crossfade,eval,start,nonstationary_H1_5_to_H4_0_Tp5_7_to_11_4,records/eval_crossfade_11-101-1009.csv
HPDI-compensated float32,Crossfade,4,11-101-1009,9.56909752,0.382763892,crossfade,eval,blend,nonstationary_H1_5_to_H4_0_Tp5_7_to_11_4,records/eval_crossfade_11-101-1009.csv
HPDI-compensated float32,Crossfade,4,11-101-1009,7.10925102,0.284370035,crossfade,eval,recover,nonstationary_H1_5_to_H4_0_Tp5_7_to_11_4,records/eval_crossfade_11-101-1009.csv
HPDI-compensated float32,Crossfade,4,11-101-1009,5.94384909,0.237753958,crossfade,eval,end,nonstationary_H1_5_to_H4_0_Tp5_7_to_11_4,records/eval_crossfade_11-101-1009.csv
FDDI,LowHighLow,4,11-101-1009,3.29688835,0.13187553,lowhighlow,eval,,roundtrip_H1_5_H4_0_H1_5,records/eval_lowhighlow_11-101-1009.csv
FDDI,LowHighLow,4,11-101-1009,0.514947832,0.0205979142,lowhighlow,eval,low_start,roundtrip_H1_5_H4_0_H1_5,records/eval_lowhighlow_11-101-1009.csv
FDDI,LowHighLow,4,11-101-1009,2.67085648,0.106834263,lowhighlow,eval,rise,roundtrip_H1_5_H4_0_H1_5,records/eval_lowhighlow_11-101-1009.csv
FDDI,LowHighLow,4,11-101-1009,5.86815643,0.234726265,lowhighlow,eval,high_recover,roundtrip_H1_5_H4_0_H1_5,records/eval_lowhighlow_11-101-1009.csv
FDDI,LowHighLow,4,11-101-1009,4.90847397,0.196338952,lowhighlow,eval,high,roundtrip_H1_5_H4_0_H1_5,records/eval_lowhighlow_11-101-1009.csv
FDDI,LowHighLow,4,11-101-1009,1.57974696,0.0631898791,lowhighlow,eval,fall,roundtrip_H1_5_H4_0_H1_5,records/eval_lowhighlow_11-101-1009.csv
FDDI,LowHighLow,4,11-101-1009,0.624083757,0.0249633491,lowhighlow,eval,low_recover,roundtrip_H1_5_H4_0_H1_5,records/eval_lowhighlow_11-101-1009.csv
FDDI,LowHighLow,4,11-101-1009,1.88514662,0.0754058659,lowhighlow,eval,low_return,roundtrip_H1_5_H4_0_H1_5,records/eval_lowhighlow_11-101-1009.csv
HPDI-classic,LowHighLow,4,11-101-1009,6.71793509,0.268717408,lowhighlow,eval,,roundtrip_H1_5_H4_0_H1_5,records/eval_lowhighlow_11-101-1009.csv
HPDI-classic,LowHighLow,4,11-101-1009,2.38208437,0.0952833742,lowhighlow,eval,low_start,roundtrip_H1_5_H4_0_H1_5,records/eval_lowhighlow_11-101-1009.csv
HPDI-classic,LowHighLow,4,11-101-1009,5.38242102,0.21529685,lowhighlow,eval,rise,roundtrip_H1_5_H4_0_H1_5,records/eval_lowhighlow_11-101-1009.csv
HPDI-classic,LowHighLow,4,11-101-1009,10.9586649,0.438346595,lowhighlow,eval,high_recover,roundtrip_H1_5_H4_0_H1_5,records/eval_lowhighlow_11-101-1009.csv
HPDI-classic,LowHighLow,4,11-101-1009,10.2806454,0.411225796,lowhighlow,eval,high,roundtrip_H1_5_H4_0_H1_5,records/eval_lowhighlow_11-101-1009.csv
HPDI-classic,LowHighLow,4,11-101-1009,5.02250624,0.200900242,lowhighlow,eval,fall,roundtrip_H1_5_H4_0_H1_5,records/eval_lowhighlow_11-101-1009.csv
HPDI-classic,LowHighLow,4,11-101-1009,3.3757143,0.135028571,lowhighlow,eval,low_recover,roundtrip_H1_5_H4_0_H1_5,records/eval_lowhighlow_11-101-1009.csv
HPDI-classic,LowHighLow,4,11-101-1009,2.31875539,0.092750214,lowhighlow,eval,low_return,roundtrip_H1_5_H4_0_H1_5,records/eval_lowhighlow_11-101-1009.csv
HPDI-classic float32,LowHighLow,4,11-101-1009,6.71794176,0.268717676,lowhighlow,eval,,roundtrip_H1_5_H4_0_H1_5,records/eval_lowhighlow_11-101-1009.csv
HPDI-classic float32,LowHighLow,4,11-101-1009,2.38208055,0.0952832177,lowhighlow,eval,low_start,roundtrip_H1_5_H4_0_H1_5,records/eval_lowhighlow_11-101-1009.csv
HPDI-classic float32,LowHighLow,4,11-101-1009,5.38243818,0.21529752,lowhighlow,eval,rise,roundtrip_H1_5_H4_0_H1_5,records/eval_lowhighlow_11-101-1009.csv
HPDI-classic float32,LowHighLow,4,11-101-1009,10.958703,0.438348114,lowhighlow,eval,high_recover,roundtrip_H1_5_H4_0_H1_5,records/eval_lowhighlow_11-101-1009.csv
HPDI-classic float32,LowHighLow,4,11-101-1009,10.2806454,0.411225796,lowhighlow,eval,high,roundtrip_H1_5_H4_0_H1_5,records/eval_lowhighlow_11-101-1009.csv
HPDI-classic float32,LowHighLow,4,11-101-1009,5.0224328,0.200897321,lowhighlow,eval,fall,roundtrip_H1_5_H4_0_H1_5,records/eval_lowhighlow_11-101-1009.csv
HPDI-classic float32,LowHighLow,4,11-101-1009,3.37570238,0.135028094,lowhighlow,eval,low_recover,roundtrip_H1_5_H4_0_H1_5,records/eval_lowhighlow_11-101-1009.csv
HPDI-classic float32,LowHighLow,4,11-101-1009,2.31874967,0.0927499905,lowhighlow,eval,low_return,roundtrip_H1_5_H4_0_H1_5,records/eval_lowhighlow_11-101-1009.csv
HPDI-compensated,LowHighLow,4,11-101-1009,5.05512524,0.202205002,lowhighlow,eval,,roundtrip_H1_5_H4_0_H1_5,records/eval_lowhighlow_11-101-1009.csv
HPDI-compensated,LowHighLow,4,11-101-1009,2.16159868,0.0864639431,lowhighlow,eval,low_start,roundtrip_H1_5_H4_0_H1_5,records/eval_lowhighlow_11-101-1009.csv
HPDI-compensated,LowHighLow,4,11-101-1009,6.22536755,0.249014705,lowhighlow,eval,rise,roundtrip_H1_5_H4_0_H1_5,records/eval_lowhighlow_11-101-1009.csv
HPDI-compensated,LowHighLow,4,11-101-1009,6.996768,0.279870719,lowhighlow,eval,high_recover,roundtrip_H1_5_H4_0_H1_5,records/eval_lowhighlow_11-101-1009.csv
HPDI-compensated,LowHighLow,4,11-101-1009,7.45757961,0.298303187,lowhighlow,eval,high,roundtrip_H1_5_H4_0_H1_5,records/eval_lowhighlow_11-101-1009.csv
HPDI-compensated,LowHighLow,4,11-101-1009,3.90570378,0.156228155,lowhighlow,eval,fall,roundtrip_H1_5_H4_0_H1_5,records/eval_lowhighlow_11-101-1009.csv
HPDI-compensated,LowHighLow,4,11-101-1009,2.3151896,0.0926075876,lowhighlow,eval,low_recover,roundtrip_H1_5_H4_0_H1_5,records/eval_lowhighlow_11-101-1009.csv
HPDI-compensated,LowHighLow,4,11-101-1009,1.99213004,0.0796852037,lowhighlow,eval,low_return,roundtrip_H1_5_H4_0_H1_5,records/eval_lowhighlow_11-101-1009.csv
HPDI-compensated float32,LowHighLow,4,11-101-1009,5.0551672,0.202206686,lowhighlow,eval,,roundtrip_H1_5_H4_0_H1_5,records/eval_lowhighlow_11-101-1009.csv
HPDI-compensated float32,LowHighLow,4,11-101-1009,2.16169286,0.0864677131,lowhighlow,eval,low_start,roundtrip_H1_5_H4_0_H1_5,records/eval_lowhighlow_11-101-1009.csv
HPDI-compensated float32,LowHighLow,4,11-101-1009,6.22560644,0.249024257,lowhighlow,eval,rise,roundtrip_H1_5_H4_0_H1_5,records/eval_lowhighlow_11-101-1009.csv
HPDI-compensated float32,LowHighLow,4,11-101-1009,6.99688959,0.279875576,lowhighlow,eval,high_recover,roundtrip_H1_5_H4_0_H1_5,records/eval_lowhighlow_11-101-1009.csv
HPDI-compensated float32,LowHighLow,4,11-101-1009,7.45746422,0.298298568,lowhighlow,eval,high,roundtrip_H1_5_H4_0_H1_5,records/eval_lowhighlow_11-101-1009.csv
HPDI-compensated float32,LowHighLow,4,11-101-1009,3.90566254,0.156226501,lowhighlow,eval,fall,roundtrip_H1_5_H4_0_H1_5,records/eval_lowhighlow_11-101-1009.csv
HPDI-compensated float32,LowHighLow,4,11-101-1009,2.31512809,0.0926051214,lowhighlow,eval,low_recover,roundtrip_H1_5_H4_0_H1_5,records/eval_lowhighlow_11-101-1009.csv
HPDI-compensated float32,LowHighLow,4,11-101-1009,1.99224806,0.0796899199,lowhighlow,eval,low_return,roundtrip_H1_5_H4_0_H1_5,records/eval_lowhighlow_11-101-1009.csv
FDDI,JONSWAP,0.0500000007,11-101-1009,2.26990891,0.00113495451,low_motion,eval,,low_motion_H0_050,records/eval_lowmotion_11-101-1009.csv
HPDI-classic,JONSWAP,0.0500000007,11-101-1009,267.059967,0.133529991,low_motion,eval,,low_motion_H0_050,records/eval_lowmotion_11-101-1009.csv
HPDI-classic float32,JONSWAP,0.0500000007,11-101-1009,267.059753,0.133529872,low_motion,eval,,low_motion_H0_050,records/eval_lowmotion_11-101-1009.csv
HPDI-compensated,JONSWAP,0.0500000007,11-101-1009,307.12558,0.153562784,low_motion,eval,,low_motion_H0_050,records/eval_lowmotion_11-101-1009.csv
HPDI-compensated float32,JONSWAP,0.0500000007,11-101-1009,307.125366,0.15356268,low_motion,eval,,low_motion_H0_050,records/eval_lowmotion_11-101-1009.csv
FDDI,Crossfade,4,11-101-1009,2.50690627,0.100276254,ramp,eval,,rapid_H1_5_to_H4_0,records/eval_ramp_11-101-1009.csv
FDDI,Crossfade,4,11-101-1009,0.505274355,0.0202109739,ramp,eval,start,rapid_H1_5_to_H4_0,records/eval_ramp_11-101-1009.csv
FDDI,Crossfade,4,11-101-1009,1.24349928,0.0497399718,ramp,eval,blend,rapid_H1_5_to_H4_0,records/eval_ramp_11-101-1009.csv
FDDI,Crossfade,4,11-101-1009,0.58677429,0.0234709717,ramp,eval,recover,rapid_H1_5_to_H4_0,records/eval_ramp_11-101-1009.csv
FDDI,Crossfade,4,11-101-1009,3.15561891,0.126224756,ramp,eval,end,rapid_H1_5_to_H4_0,records/eval_ramp_11-101-1009.csv
HPDI-classic,Crossfade,4,11-101-1009,8.47071362,0.338828534,ramp,eval,,rapid_H1_5_to_H4_0,records/eval_ramp_11-101-1009.csv
HPDI-classic,Crossfade,4,11-101-1009,2.57982254,0.103192903,ramp,eval,start,rapid_H1_5_to_H4_0,records/eval_ramp_11-101-1009.csv
HPDI-classic,Crossfade,4,11-101-1009,13.9077263,0.556309044,ramp,eval,blend,rapid_H1_5_to_H4_0,records/eval_ramp_11-101-1009.csv
HPDI-classic,Crossfade,4,11-101-1009,21.2825871,0.851303458,ramp,eval,recover,rapid_H1_5_to_H4_0,records/eval_ramp_11-101-1009.csv
HPDI-classic,Crossfade,4,11-101-1009,8.83187771,0.35327509,ramp,eval,end,rapid_H1_5_to_H4_0,records/eval_ramp_11-101-1009.csv
HPDI-classic float32,Crossfade,4,11-101-1009,8.47064209,0.338825673,ramp,eval,,rapid_H1_5_to_H4_0,records/eval_ramp_11-101-1009.csv
HPDI-classic float32,Crossfade,4,11-101-1009,2.57982039,0.103192814,ramp,eval,start,rapid_H1_5_to_H4_0,records/eval_ramp_11-101-1009.csv
HPDI-classic float32,Crossfade,4,11-101-1009,13.9074135,0.556296527,ramp,eval,blend,rapid_H1_5_to_H4_0,records/eval_ramp_11-101-1009.csv
HPDI-classic float32,Crossfade,4,11-101-1009,21.282692,0.85130769,ramp,eval,recover,rapid_H1_5_to_H4_0,records/eval_ramp_11-101-1009.csv
HPDI-classic float32,Crossfade,4,11-101-1009,8.83180618,0.353272259,ramp,eval,end,rapid_H1_5_to_H4_0,records/eval_ramp_11-101-1009.csv
HPDI-compensated,Crossfade,4,11-101-1009,7.7043252,0.308173001,ramp,eval,,rapid_H1_5_to_H4_0,records/eval_ramp_11-101-1009.csv
HPDI-compensated,Crossfade,4,11-101-1009,2.09966636,0.0839866549,ramp,eval,start,rapid_H1_5_to_H4_0,records/eval_ramp_11-101-1009.csv
HPDI-compensated,Crossfade,4,11-101-1009,20.2800121,0.8112005,ramp,eval,blend,rapid_H1_5_to_H4_0,records/eval_ramp_11-101-1009.csv
HPDI-compensated,Crossfade,4,11-101-1009,23.8762016,0.955048084,ramp,eval,recover,rapid_H1_5_to_H4_0,records/eval_ramp_11-101-1009.csv
HPDI-compensated,Crossfade,4,11-101-1009,6.39909887,0.255963951,ramp,eval,end,rapid_H1_5_to_H4_0,records/eval_ramp_11-101-1009.csv
HPDI-compensated float32,Crossfade,4,11-101-1009,7.70437479,0.308174998,ramp,eval,,rapid_H1_5_to_H4_0,records/eval_ramp_11-101-1009.csv
HPDI-compensated float32,Crossfade,4,11-101-1009,2.09969449,0.0839877799,ramp,eval,start,rapid_H1_5_to_H4_0,records/eval_ramp_11-101-1009.csv
HPDI-compensated float32,Crossfade,4,11-101-1009,20.27948,0.811179161,ramp,eval,blend,rapid_H1_5_to_H4_0,records/eval_ramp_11-101-1009.csv
HPDI-compensated float32,Crossfade,4,11-101-1009,23.8771152,0.955084622,ramp,eval,recover,rapid_H1_5_to_H4_0,records/eval_ramp_11-101-1009.csv
HPDI-compensated float32,Crossfade,4,11-101-1009,6.39907885,0.255963147,ramp,eval,end,rapid_H1_5_to_H4_0,records/eval_ramp_11-101-1009.csv
FDDI,JONSWAP,0.270000011,29-211-1103,0.298498452,0.000805945834,stationary,eval,,stationary_jonswap_H0_270_L14_047_A30_00_P60_00,records/eval_stationary_jonswap_H0_270_L14_047_A30_00_P60_00_29-211-1103.csv
HPDI-classic,JONSWAP,0.270000011,29-211-1103,6.97187519,0.0188240632,stationary,eval,,stationary_jonswap_H0_270_L14_047_A30_00_P60_00,records/eval_stationary_jonswap_H0_270_L14_047_A30_00_P60_00_29-211-1103.csv
HPDI-classic float32,JONSWAP,0.270000011,29-211-1103,6.97184563,0.0188239831,stationary,eval,,stationary_jonswap_H0_270_L14_047_A30_00_P60_00,records/eval_stationary_jonswap_H0_270_L14_047_A30_00_P60_00_29-211-1103.csv
HPDI-compensated,JONSWAP,0.270000011,29-211-1103,5.72289705,0.0154518224,stationary,eval,,stationary_jonswap_H0_270_L14_047_A30_00_P60_00,records/eval_stationary_jonswap_H0_270_L14_047_A30_00_P60_00_29-211-1103.csv
HPDI-compensated float32,JONSWAP,0.270000011,29-211-1103,5.72299767,0.0154520934,stationary,eval,,stationary_jonswap_H0_270_L14_047_A30_00_P60_00,records/eval_stationary_jonswap_H0_270_L14_047_A30_00_P60_00_29-211-1103.csv
FDDI,JONSWAP,1.5,29-211-1103,1.68199754,0.0252299644,stationary,eval,,stationary_jonswap_H1_500_L50_710_A_30_00_P120_00,records/eval_stationary_jonswap_H1_500_L50_710_A_30_00_P120_00_29-211-1103.csv
HPDI-classic,JONSWAP,1.5,29-211-1103,8.01192474,0.120178871,stationary,eval,,stationary_jonswap_H1_500_L50_710_A_30_00_P120_00,records/eval_stationary_jonswap_H1_500_L50_710_A_30_00_P120_00_29-211-1103.csv
HPDI-classic float32,JONSWAP,1.5,29-211-1103,8.01195049,0.120179266,stationary,eval,,stationary_jonswap_H1_500_L50_710_A_30_00_P120_00,records/eval_stationary_jonswap_H1_500_L50_710_A_30_00_P120_00_29-211-1103.csv
HPDI-compensated,JONSWAP,1.5,29-211-1103,5.83454275,0.0875181481,stationary,eval,,stationary_jonswap_H1_500_L50_710_A_30_00_P120_00,records/eval_stationary_jonswap_H1_500_L50_710_A_30_00_P120_00_29-211-1103.csv
HPDI-compensated float32,JONSWAP,1.5,29-211-1103,5.83472252,0.0875208378,stationary,eval,,stationary_jonswap_H1_500_L50_710_A_30_00_P120_00,records/eval_stationary_jonswap_H1_500_L50_710_A_30_00_P120_00_29-211-1103.csv
FDDI,JONSWAP,4,29-211-1103,1.24685133,0.0498740524,stationary,eval,,stationary_jonswap_H4_000_L112_766_A30_00_P30_00,records/eval_stationary_jonswap_H4_000_L112_766_A30_00_P30_00_29-211-1103.csv
HPDI-classic,JONSWAP,4,29-211-1103,7.72107077,0.308842838,stationary,eval,,stationary_jonswap_H4_000_L112_766_A30_00_P30_00,records/eval_stationary_jonswap_H4_000_L112_766_A30_00_P30_00_29-211-1103.csv
HPDI-classic float32,JONSWAP,4,29-211-1103,7.72105455,0.308842182,stationary,eval,,stationary_jonswap_H4_000_L112_766_A30_00_P30_00,records/eval_stationary_jonswap_H4_000_L112_766_A30_00_P30_00_29-211-1103.csv
HPDI-compensated,JONSWAP,4,29-211-1103,4.77297878,0.190919161,stationary,eval,,stationary_jonswap_H4_000_L112_766_A30_00_P30_00,records/eval_stationary_jonswap_H4_000_L112_766_A30_00_P30_00_29-211-1103.csv
HPDI-compensated float32,JONSWAP,4,29-211-1103,4.77301121,0.190920442,stationary,eval,,stationary_jonswap_H4_000_L112_766_A30_00_P30_00,records/eval_stationary_jonswap_H4_000_L112_766_A30_00_P30_00_29-211-1103.csv
FDDI,JONSWAP,8.5,29-211-1103,1.22170317,0.103844769,stationary,eval,,stationary_jonswap_H8_500_L202_839_A_30_00_P72_00,records/eval_stationary_jonswap_H8_500_L202_839_A_30_00_P72_00_29-211-1103.csv
HPDI-classic,JONSWAP,8.5,29-211-1103,8.26090622,0.702177048,stationary,eval,,stationary_jonswap_H8_500_L202_839_A_30_00_P72_00,records/eval_stationary_jonswap_H8_500_L202_839_A_30_00_P72_00_29-211-1103.csv
HPDI-classic float32,JONSWAP,8.5,29-211-1103,8.26079655,0.702167749,stationary,eval,,stationary_jonswap_H8_500_L202_839_A_30_00_P72_00,records/eval_stationary_jonswap_H8_500_L202_839_A_30_00_P72_00_29-211-1103.csv
HPDI-compensated,JONSWAP,8.5,29-211-1103,5.22968245,0.444523036,stationary,eval,,stationary_jonswap_H8_500_L202_839_A_30_00_P72_00,records/eval_stationary_jonswap_H8_500_L202_839_A_30_00_P72_00_29-211-1103.csv
HPDI-compensated float32,JONSWAP,8.5,29-211-1103,5.2297473,0.44452852,stationary,eval,,stationary_jonswap_H8_500_L202_839_A_30_00_P72_00,records/eval_stationary_jonswap_H8_500_L202_839_A_30_00_P72_00_29-211-1103.csv
FDDI,PM-Stokes,0.270000011,29-211-1103,0.697393596,0.00188296277,stationary,eval,,stationary_pmstokes_H0_270_L14_047_A30_00_P60_00,records/eval_stationary_pmstokes_H0_270_L14_047_A30_00_P60_00_29-211-1103.csv
HPDI-classic,PM-Stokes,0.270000011,29-211-1103,7.12103701,0.0192268007,stationary,eval,,stationary_pmstokes_H0_270_L14_047_A30_00_P60_00,records/eval_stationary_pmstokes_H0_270_L14_047_A30_00_P60_00_29-211-1103.csv
HPDI-classic float32,PM-Stokes,0.270000011,29-211-1103,7.12099218,0.0192266796,stationary,eval,,stationary_pmstokes_H0_270_L14_047_A30_00_P60_00,records/eval_stationary_pmstokes_H0_270_L14_047_A30_00_P60_00_29-211-1103.csv
HPDI-compensated,PM-Stokes,0.270000011,29-211-1103,6.12349844,0.0165334456,stationary,eval,,stationary_pmstokes_H0_270_L14_047_A30_00_P60_00,records/eval_stationary_pmstokes_H0_270_L14_047_A30_00_P60_00_29-211-1103.csv
HPDI-compensated float32,PM-Stokes,0.270000011,29-211-1103,6.12357664,0.0165336579,stationary,eval,,stationary_pmstokes_H0_270_L14_047_A30_00_P60_00,records/eval_stationary_pmstokes_H0_270_L14_047_A30_00_P60_00_29-211-1103.csv
FDDI,PM-Stokes,1.5,29-211-1103,1.72038496,0.0258057751,stationary,eval,,stationary_pmstokes_H1_500_L50_710_A_30_00_P120_00,records/eval_stationary_pmstokes_H1_500_L50_710_A_30_00_P120_00_29-211-1103.csv
HPDI-classic,PM-Stokes,1.5,29-211-1103,7.97803688,0.119670555,stationary,eval,,stationary_pmstokes_H1_500_L50_710_A_30_00_P120_00,records/eval_stationary_pmstokes_H1_500_L50_710_A_30_00_P120_00_29-211-1103.csv
HPDI-classic float32,PM-Stokes,1.5,29-211-1103,7.97804928,0.119670741,stationary,eval,,stationary_pmstokes_H1_500_L50_710_A_30_00_P120_00,records/eval_stationary_pmstokes_H1_500_L50_710_A_30_00_P120_00_29-211-1103.csv
HPDI-compensated,PM-Stokes,1.5,29-211-1103,5.62466145,0.0843699276,stationary,eval,,stationary_pmstokes_H1_500_L50_710_A_30_00_P120_00,records/eval_stationary_pmstokes_H1_500_L50_710_A_30_00_P120_00_29-211-1103.csv
HPDI-compensated float32,PM-Stokes,1.5,29-211-1103,5.62477779,0.0843716711,stationary,eval,,stationary_pmstokes_H1_500_L50_710_A_30_00_P120_00,records/eval_stationary_pmstokes_H1_500_L50_710_A_30_00_P120_00_29-211-1103.csv
FDDI,PM-Stokes,4,29-211-1103,1.04762506,0.0419050008,stationary,eval,,stationary_pmstokes_H4_000_L112_766_A30_00_P30_00,records/eval_stationary_pmstokes_H4_000_L112_766_A30_00_P30_00_29-211-1103.csv
HPDI-classic,PM-Stokes,4,29-211-1103,7.96048927,0.318419576,stationary,eval,,stationary_pmstokes_H4_000_L112_766_A30_00_P30_00,records/eval_stationary_pmstokes_H4_000_L112_766_A30_00_P30_00_29-211-1103.csv
HPDI-classic float32,PM-Stokes,4,29-211-1103,7.96046925,0.318418771,stationary,eval,,stationary_pmstokes_H4_000_L112_766_A30_00_P30_00,records/eval_stationary_pmstokes_H4_000_L112_766_A30_00_P30_00_29-211-1103.csv
HPDI-compensated,PM-Stokes,4,29-211-1103,4.8601985,0.19440794,stationary,eval,,stationary_pmstokes_H4_000_L112_766_A30_00_P30_00,records/eval_stationary_pmstokes_H4_000_L112_766_A30_00_P30_00_29-211-1103.csv
HPDI-compensated float32,PM-Stokes,4,29-211-1103,4.86030149,0.194412053,stationary,eval,,stationary_pmstokes_H4_000_L112_766_A30_00_P30_00,records/eval_stationary_pmstokes_H4_000_L112_766_A30_00_P30_00_29-211-1103.csv
FDDI,PM-Stokes,8.5,29-211-1103,1.41229963,0.120045476,stationary,eval,,stationary_pmstokes_H8_500_L202_839_A_30_00_P72_00,records/eval_stationary_pmstokes_H8_500_L202_839_A_30_00_P72_00_29-211-1103.csv
HPDI-classic,PM-Stokes,8.5,29-211-1103,8.34683132,0.709480703,stationary,eval,,stationary_pmstokes_H8_500_L202_839_A_30_00_P72_00,records/eval_stationary_pmstokes_H8_500_L202_839_A_30_00_P72_00_29-211-1103.csv
HPDI-classic float32,PM-Stokes,8.5,29-211-1103,8.34675217,0.709473908,stationary,eval,,stationary_pmstokes_H8_500_L202_839_A_30_00_P72_00,records/eval_stationary_pmstokes_H8_500_L202_839_A_30_00_P72_00_29-211-1103.csv
HPDI-compensated,PM-Stokes,8.5,29-211-1103,5.73760605,0.487696528,stationary,eval,,stationary_pmstokes_H8_500_L202_839_A_30_00_P72_00,records/eval_stationary_pmstokes_H8_500_L202_839_A_30_00_P72_00_29-211-1103.csv
HPDI-compensated float32,PM-Stokes,8.5,29-211-1103,5.73770857,0.487705231,stationary,eval,,stationary_pmstokes_H8_500_L202_839_A_30_00_P72_00,records/eval_stationary_pmstokes_H8_500_L202_839_A_30_00_P72_00_29-211-1103.csv
FDDI,Crossfade,4,29-211-1103,2.3525033,0.0941001326,crossfade,eval,,nonstationary_H1_5_to_H4_0_Tp5_7_to_11_4,records/eval_crossfade_29-211-1103.csv
FDDI,Crossfade,4,29-211-1103,0.597927451,0.0239170976,crossfade,eval,start,nonstationary_H1_5_to_H4_0_Tp5_7_to_11_4,records/eval_crossfade_29-211-1103.csv
FDDI,Crossfade,4,29-211-1103,0.643731117,0.0257492438,crossfade,eval,blend,nonstationary_H1_5_to_H4_0_Tp5_7_to_11_4,records/eval_crossfade_29-211-1103.csv
FDDI,Crossfade,4,29-211-1103,0.661462843,0.026458513,crossfade,eval,recover,nonstationary_H1_5_to_H4_0_Tp5_7_to_11_4,records/eval_crossfade_29-211-1103.csv
FDDI,Crossfade,4,29-211-1103,3.37808871,0.135123551,crossfade,eval,end,nonstationary_H1_5_to_H4_0_Tp5_7_to_11_4,records/eval_crossfade_29-211-1103.csv
HPDI-classic,Crossfade,4,29-211-1103,8.21644783,0.328657925,crossfade,eval,,nonstationary_H1_5_to_H4_0_Tp5_7_to_11_4,records/eval_crossfade_29-211-1103.csv
HPDI-classic,Crossfade,4,29-211-1103,3.15566993,0.126226798,crossfade,eval,start,nonstationary_H1_5_to_H4_0_Tp5_7_to_11_4,records/eval_crossfade_29-211-1103.csv
HPDI-classic,Crossfade,4,29-211-1103,6.66804075,0.266721636,crossfade,eval,blend,nonstationary_H1_5_to_H4_0_Tp5_7_to_11_4,records/eval_crossfade_29-211-1103.csv
HPDI-classic,Crossfade,4,29-211-1103,14.2390413,0.56956166,crossfade,eval,recover,nonstationary_H1_5_to_H4_0_Tp5_7_to_11_4,records/eval_crossfade_29-211-1103.csv
HPDI-classic,Crossfade,4,29-211-1103,8.26707935,0.330683172,crossfade,eval,end,nonstationary_H1_5_to_H4_0_Tp5_7_to_11_4,records/eval_crossfade_29-211-1103.csv
HPDI-classic float32,Crossfade,4,29-211-1103,8.21651173,0.328660458,crossfade,eval,,nonstationary_H1_5_to_H4_0_Tp5_7_to_11_4,records/eval_crossfade_29-211-1103.csv
HPDI-classic float32,Crossfade,4,29-211-1103,3.15565467,0.126226187,crossfade,eval,start,nonstationary_H1_5_to_H4_0_Tp5_7_to_11_4,records/eval_crossfade_29-211-1103.csv
HPDI-classic float32,Crossfade,4,29-211-1103,6.66800737,0.266720295,crossfade,eval,blend,nonstationary_H1_5_to_H4_0_Tp5_7_to_11_4,records/eval_crossfade_29-211-1103.csv
HPDI-classic float32,Crossfade,4,29-211-1103,14.2392483,0.569569945,crossfade,eval,recover,nonstationary_H1_5_to_H4_0_Tp5_7_to_11_4,records/eval_crossfade_29-211-1103.csv
HPDI-classic float32,Crossfade,4,29-211-1103,8.2671299,0.330685198,crossfade,eval,end,nonstationary_H1_5_to_H4_0_Tp5_7_to_11_4,records/eval_crossfade_29-211-1103.csv
HPDI-compensated,Crossfade,4,29-211-1103,6.33343554,0.253337413,crossfade,eval,,nonstationary_H1_5_to_H4_0_Tp5_7_to_11_4,records/eval_crossfade_29-211-1103.csv
HPDI-compensated,Crossfade,4,29-211-1103,2.62353182,0.104941271,crossfade,eval,start,nonstationary_H1_5_to_H4_0_Tp5_7_to_11_4,records/eval_crossfade_29-211-1103.csv
HPDI-compensated,Crossfade,4,29-211-1103,6.40487957,0.256195188,crossfade,eval,blend,nonstationary_H1_5_to_H4_0_Tp5_7_to_11_4,records/eval_crossfade_29-211-1103.csv
HPDI-compensated,Crossfade,4,29-211-1103,11.066268,0.442650735,crossfade,eval,recover,nonstationary_H1_5_to_H4_0_Tp5_7_to_11_4,records/eval_crossfade_29-211-1103.csv
HPDI-compensated,Crossfade,4,29-211-1103,5.94259405,0.23770377,crossfade,eval,end,nonstationary_H1_5_to_H4_0_Tp5_7_to_11_4,records/eval_crossfade_29-211-1103.csv
HPDI-compensated float32,Crossfade,4,29-211-1103,6.33340406,0.253336161,crossfade,eval,,nonstationary_H1_5_to_H4_0_Tp5_7_to_11_4,records/eval_crossfade_29-211-1103.csv
HPDI-compensated float32,Crossfade,4,29-211-1103,2.62346196,0.104938477,crossfade,eval,start,nonstationary_H1_5_to_H4_0_Tp5_7_to_11_4,records/eval_crossfade_29-211-1103.csv
HPDI-compensated float32,Crossfade,4,29-211-1103,6.40501022,0.256200403,crossfade,eval,blend,nonstationary_H1_5_to_H4_0_Tp5_7_to_11_4,records/eval_crossfade_29-211-1103.csv
HPDI-compensated float32,Crossfade,4,29-211-1103,11.0661087,0.442644358,crossfade,eval,recover,nonstationary_H1_5_to_H4_0_Tp5_7_to_11_4,records/eval_crossfade_29-211-1103.csv
HPDI-compensated float32,Crossfade,4,29-211-1103,5.94258261,0.237703308,crossfade,eval,end,nonstationary_H1_5_to_H4_0_Tp5_7_to_11_4,records/eval_crossfade_29-211-1103.csv
FDDI,LowHighLow,4,29-211-1103,2.53491616,0.101396643,lowhighlow,eval,,roundtrip_H1_5_H4_0_H1_5,records/eval_lowhighlow_29-211-1103.csv
FDDI,LowHighLow,4,29-211-1103,0.464297473,0.0185718983,lowhighlow,eval,low_start,roundtrip_H1_5_H4_0_H1_5,records/eval_lowhighlow_29-211-1103.csv
FDDI,LowHighLow,4,29-211-1103,2.79719639,0.111887857,lowhighlow,eval,rise,roundtrip_H1_5_H4_0_H1_5,records/eval_lowhighlow_29-211-1103.csv
FDDI,LowHighLow,4,29-211-1103,3.60318828,0.144127533,lowhighlow,eval,high_recover,roundtrip_H1_5_H4_0_H1_5,records/eval_lowhighlow_29-211-1103.csv
FDDI,LowHighLow,4,29-211-1103,4.12101126,0.164840445,lowhighlow,eval,high,roundtrip_H1_5_H4_0_H1_5,records/eval_lowhighlow_29-211-1103.csv
FDDI,LowHighLow,4,29-211-1103,0.858949602,0.0343579836,lowhighlow,eval,fall,roundtrip_H1_5_H4_0_H1_5,records/eval_lowhighlow_29-211-1103.csv
FDDI,LowHighLow,4,29-211-1103,0.372072995,0.0148829203,lowhighlow,eval,low_recover,roundtrip_H1_5_H4_0_H1_5,records/eval_lowhighlow_29-211-1103.csv
FDDI,LowHighLow,4,29-211-1103,1.66391373,0.0665565506,lowhighlow,eval,low_return,roundtrip_H1_5_H4_0_H1_5,records/eval_lowhighlow_29-211-1103.csv
HPDI-classic,LowHighLow,4,29-211-1103,7.37529325,0.295011729,lowhighlow,eval,,roundtrip_H1_5_H4_0_H1_5,records/eval_lowhighlow_29-211-1103.csv
HPDI-classic,LowHighLow,4,29-211-1103,2.99292588,0.119717032,lowhighlow,eval,low_start,roundtrip_H1_5_H4_0_H1_5,records/eval_lowhighlow_29-211-1103.csv
HPDI-classic,LowHighLow,4,29-211-1103,6.87304211,0.274921685,lowhighlow,eval,rise,roundtrip_H1_5_H4_0_H1_5,records/eval_lowhighlow_29-211-1103.csv
HPDI-classic,LowHighLow,4,29-211-1103,9.36078358,0.374431342,lowhighlow,eval,high_recover,roundtrip_H1_5_H4_0_H1_5,records/eval_lowhighlow_29-211-1103.csv
HPDI-classic,LowHighLow,4,29-211-1103,12.2365732,0.489462942,lowhighlow,eval,high,roundtrip_H1_5_H4_0_H1_5,records/eval_lowhighlow_29-211-1103.csv
HPDI-classic,LowHighLow,4,29-211-1103,6.0381732,0.241526932,lowhighlow,eval,fall,roundtrip_H1_5_H4_0_H1_5,records/eval_lowhighlow_29-211-1103.csv
HPDI-classic,LowHighLow,4,29-211-1103,4.04076958,0.16163078,lowhighlow,eval,low_recover,roundtrip_H1_5_H4_0_H1_5,records/eval_lowhighlow_29-211-1103.csv
HPDI-classic,LowHighLow,4,29-211-1103,3.14912796,0.125965118,lowhighlow,eval,low_return,roundtrip_H1_5_H4_0_H1_5,records/eval_lowhighlow_29-211-1103.csv
HPDI-classic float32,LowHighLow,4,29-211-1103,7.37524605,0.295009851,lowhighlow,eval,,roundtrip_H1_5_H4_0_H1_5,records/eval_lowhighlow_29-211-1103.csv
HPDI-classic float32,LowHighLow,4,29-211-1103,2.9928894,0.119715579,lowhighlow,eval,low_start,roundtrip_H1_5_H4_0_H1_5,records/eval_lowhighlow_29-211-1103.csv
HPDI-classic float32,LowHighLow,4,29-211-1103,6.87302494,0.274921,lowhighlow,eval,rise,roundtrip_H1_5_H4_0_H1_5,records/eval_lowhighlow_29-211-1103.csv
HPDI-classic float32,LowHighLow,4,29-211-1103,9.36063385,0.374425352,lowhighlow,eval,high_recover,roundtrip_H1_5_H4_0_H1_5,records/eval_lowhighlow_29-211-1103.csv
HPDI-classic float32,LowHighLow,4,29-211-1103,12.2365732,0.489462942,lowhighlow,eval,high,roundtrip_H1_5_H4_0_H1_5,records/eval_lowhighlow_29-211-1103.csv
HPDI-classic float32,LowHighLow,4,29-211-1103,6.03814363,0.241525739,lowhighlow,eval,fall,roundtrip_H1_5_H4_0_H1_5,records/eval_lowhighlow_29-211-1103.csv
HPDI-classic float32,LowHighLow,4,29-211-1103,4.04072046,0.161628827,lowhighlow,eval,low_recover,roundtrip_H1_5_H4_0_H1_5,records/eval_lowhighlow_29-211-1103.csv
HPDI-classic float32,LowHighLow,4,29-211-1103,3.14914131,0.125965655,lowhighlow,eval,low_return,roundtrip_H1_5_H4_0_H1_5,records/eval_lowhighlow_29-211-1103.csv
HPDI-compensated,LowHighLow,4,29-211-1103,5.93701124,0.237480447,lowhighlow,eval,,roundtrip_H1_5_H4_0_H1_5,records/eval_lowhighlow_29-211-1103.csv
HPDI-compensated,LowHighLow,4,29-211-1103,1.72340548,0.0689362213,lowhighlow,eval,low_start,roundtrip_H1_5_H4_0_H1_5,records/eval_lowhighlow_29-211-1103.csv
HPDI-compensated,LowHighLow,4,29-211-1103,7.3261013,0.29304406,lowhighlow,eval,rise,roundtrip_H1_5_H4_0_H1_5,records/eval_lowhighlow_29-211-1103.csv
HPDI-compensated,LowHighLow,4,29-211-1103,5.93996048,0.237598419,lowhighlow,eval,high_recover,roundtrip_H1_5_H4_0_H1_5,records/eval_lowhighlow_29-211-1103.csv
HPDI-compensated,LowHighLow,4,29-211-1103,9.43606472,0.377442598,lowhighlow,eval,high,roundtrip_H1_5_H4_0_H1_5,records/eval_lowhighlow_29-211-1103.csv
HPDI-compensated,LowHighLow,4,29-211-1103,5.99805164,0.239922062,lowhighlow,eval,fall,roundtrip_H1_5_H4_0_H1_5,records/eval_lowhighlow_29-211-1103.csv
HPDI-compensated,LowHighLow,4,29-211-1103,2.83629155,0.11345166,lowhighlow,eval,low_recover,roundtrip_H1_5_H4_0_H1_5,records/eval_lowhighlow_29-211-1103.csv
HPDI-compensated,LowHighLow,4,29-211-1103,2.76834774,0.110733911,lowhighlow,eval,low_return,roundtrip_H1_5_H4_0_H1_5,records/eval_lowhighlow_29-211-1103.csv
HPDI-compensated float32,LowHighLow,4,29-211-1103,5.93695068,0.237478018,lowhighlow,eval,,roundtrip_H1_5_H4_0_H1_5,records/eval_lowhighlow_29-211-1103.csv
HPDI-compensated float32,LowHighLow,4,29-211-1103,1.72337782,0.0689351112,lowhighlow,eval,low_start,roundtrip_H1_5_H4_0_H1_5,records/eval_lowhighlow_29-211-1103.csv
HPDI-compensated float32,LowHighLow,4,29-211-1103,7.32603168,0.293041259,lowhighlow,eval,rise,roundtrip_H1_5_H4_0_H1_5,records/eval_lowhighlow_29-211-1103.csv
HPDI-compensated float32,LowHighLow,4,29-211-1103,5.93990993,0.237596393,lowhighlow,eval,high_recover,roundtrip_H1_5_H4_0_H1_5,records/eval_lowhighlow_29-211-1103.csv
HPDI-compensated float32,LowHighLow,4,29-211-1103,9.43594646,0.37743786,lowhighlow,eval,high,roundtrip_H1_5_H4_0_H1_5,records/eval_lowhighlow_29-211-1103.csv
HPDI-compensated float32,LowHighLow,4,29-211-1103,5.9978857,0.239915431,lowhighlow,eval,fall,roundtrip_H1_5_H4_0_H1_5,records/eval_lowhighlow_29-211-1103.csv
HPDI-compensated float32,LowHighLow,4,29-211-1103,2.83629799,0.11345192,lowhighlow,eval,low_recover,roundtrip_H1_5_H4_0_H1_5,records/eval_lowhighlow_29-211-1103.csv
HPDI-compensated float32,LowHighLow,4,29-211-1103,2.76847887,0.110739157,lowhighlow,eval,low_return,roundtrip_H1_5_H4_0_H1_5,records/eval_lowhighlow_29-211-1103.csv
FDDI,JONSWAP,0.0500000007,29-211-1103,1.946334,0.000973167014,low_motion,eval,,low_motion_H0_050,records/eval_lowmotion_29-211-1103.csv
HPDI-classic,JONSWAP,0.0500000007,29-211-1103,380.031311,0.190015659,low_motion,eval,,low_motion_H0_050,records/eval_lowmotion_29-211-1103.csv
HPDI-classic float32,JONSWAP,0.0500000007,29-211-1103,380.032959,0.190016478,low_motion,eval,,low_motion_H0_050,records/eval_lowmotion_29-211-1103.csv
HPDI-compensated,JONSWAP,0.0500000007,29-211-1103,386.422333,0.193211168,low_motion,eval,,low_motion_H0_050,records/eval_lowmotion_29-211-1103.csv
HPDI-compensated float32,JONSWAP,0.0500000007,29-211-1103,386.421417,0.193210706,low_motion,eval,,low_motion_H0_050,records/eval_lowmotion_29-211-1103.csv
FDDI,Crossfade,4,29-211-1103,2.33647513,0.0934590027,ramp,eval,,rapid_H1_5_to_H4_0,records/eval_ramp_29-211-1103.csv
FDDI,Crossfade,4,29-211-1103,0.578209877,0.023128394,ramp,eval,start,rapid_H1_5_to_H4_0,records/eval_ramp_29-211-1103.csv
FDDI,Crossfade,4,29-211-1103,0.671248436,0.0268499367,ramp,eval,blend,rapid_H1_5_to_H4_0,records/eval_ramp_29-211-1103.csv
FDDI,Crossfade,4,29-211-1103,0.793527544,0.0317411013,ramp,eval,recover,rapid_H1_5_to_H4_0,records/eval_ramp_29-211-1103.csv
FDDI,Crossfade,4,29-211-1103,2.93642139,0.117456853,ramp,eval,end,rapid_H1_5_to_H4_0,records/eval_ramp_29-211-1103.csv
HPDI-classic,Crossfade,4,29-211-1103,8.29404736,0.331761897,ramp,eval,,rapid_H1_5_to_H4_0,records/eval_ramp_29-211-1103.csv
HPDI-classic,Crossfade,4,29-211-1103,3.12570596,0.125028238,ramp,eval,start,rapid_H1_5_to_H4_0,records/eval_ramp_29-211-1103.csv
HPDI-classic,Crossfade,4,29-211-1103,5.86008978,0.234403595,ramp,eval,blend,rapid_H1_5_to_H4_0,records/eval_ramp_29-211-1103.csv
HPDI-classic,Crossfade,4,29-211-1103,10.9144945,0.436579764,ramp,eval,recover,rapid_H1_5_to_H4_0,records/eval_ramp_29-211-1103.csv
HPDI-classic,Crossfade,4,29-211-1103,9.91166306,0.396466523,ramp,eval,end,rapid_H1_5_to_H4_0,records/eval_ramp_29-211-1103.csv
HPDI-classic float32,Crossfade,4,29-211-1103,8.2940712,0.33176285,ramp,eval,,rapid_H1_5_to_H4_0,records/eval_ramp_29-211-1103.csv
HPDI-classic float32,Crossfade,4,29-211-1103,3.12569356,0.125027746,ramp,eval,start,rapid_H1_5_to_H4_0,records/eval_ramp_29-211-1103.csv
HPDI-classic float32,Crossfade,4,29-211-1103,5.86007786,0.234403118,ramp,eval,blend,rapid_H1_5_to_H4_0,records/eval_ramp_29-211-1103.csv
HPDI-classic float32,Crossfade,4,29-211-1103,10.9143991,0.436575979,ramp,eval,recover,rapid_H1_5_to_H4_0,records/eval_ramp_29-211-1103.csv
HPDI-classic float32,Crossfade,4,29-211-1103,9.9116869,0.396467477,ramp,eval,end,rapid_H1_5_to_H4_0,records/eval_ramp_29-211-1103.csv
HPDI-compensated,Crossfade,4,29-211-1103,6.52265787,0.260906309,ramp,eval,,rapid_H1_5_to_H4_0,records/eval_ramp_29-211-1103.csv
HPDI-compensated,Crossfade,4,29-211-1103,2.77142191,0.110856876,ramp,eval,start,rapid_H1_5_to_H4_0,records/eval_ramp_29-211-1103.csv
HPDI-compensated,Crossfade,4,29-211-1103,8.1647625,0.326590508,ramp,eval,blend,rapid_H1_5_to_H4_0,records/eval_ramp_29-211-1103.csv
HPDI-compensated,Crossfade,4,29-211-1103,10.1888094,0.407552361,ramp,eval,recover,rapid_H1_5_to_H4_0,records/eval_ramp_29-211-1103.csv
HPDI-compensated,Crossfade,4,29-211-1103,7.47223186,0.298889279,ramp,eval,end,rapid_H1_5_to_H4_0,records/eval_ramp_29-211-1103.csv
HPDI-compensated float32,Crossfade,4,29-211-1103,6.52259684,0.260903865,ramp,eval,,rapid_H1_5_to_H4_0,records/eval_ramp_29-211-1103.csv
HPDI-compensated float32,Crossfade,4,29-211-1103,2.77138782,0.110855512,ramp,eval,start,rapid_H1_5_to_H4_0,records/eval_ramp_29-211-1103.csv
HPDI-compensated float32,Crossfade,4,29-211-1103,8.16481686,0.326592684,ramp,eval,blend,rapid_H1_5_to_H4_0,records/eval_ramp_29-211-1103.csv
HPDI-compensated float32,Crossfade,4,29-211-1103,10.1888409,0.407553643,ramp,eval,recover,rapid_H1_5_to_H4_0,records/eval_ramp_29-211-1103.csv
HPDI-compensated float32,Crossfade,4,29-211-1103,7.47214556,0.298885822,ramp,eval,end,rapid_H1_5_to_H4_0,records/eval_ramp_29-211-1103.csv
FDDI,JONSWAP,0.270000011,47-307-1201,2.31221604,0.00624298351,stationary,eval,,stationary_jonswap_H0_270_L14_047_A30_00_P60_00,records/eval_stationary_jonswap_H0_270_L14_047_A30_00_P60_00_47-307-1201.csv
HPDI-classic,JONSWAP,0.270000011,47-307-1201,9.1441431,0.0246891864,stationary,eval,,stationary_jonswap_H0_270_L14_047_A30_00_P60_00,records/eval_stationary_jonswap_H0_270_L14_047_A30_00_P60_00_47-307-1201.csv
HPDI-classic float32,JONSWAP,0.270000011,47-307-1201,9.14414215,0.0246891845,stationary,eval,,stationary_jonswap_H0_270_L14_047_A30_00_P60_00,records/eval_stationary_jonswap_H0_270_L14_047_A30_00_P60_00_47-307-1201.csv
HPDI-compensated,JONSWAP,0.270000011,47-307-1201,8.4244585,0.0227460396,stationary,eval,,stationary_jonswap_H0_270_L14_047_A30_00_P60_00,records/eval_stationary_jonswap_H0_270_L14_047_A30_00_P60_00_47-307-1201.csv
HPDI-compensated float32,JONSWAP,0.270000011,47-307-1201,8.42444992,0.0227460153,stationary,eval,,stationary_jonswap_H0_270_L14_047_A30_00_P60_00,records/eval_stationary_jonswap_H0_270_L14_047_A30_00_P60_00_47-307-1201.csv
FDDI,JONSWAP,1.5,47-307-1201,2.18579125,0.0327868685,stationary,eval,,stationary_jonswap_H1_500_L50_710_A_30_00_P120_00,records/eval_stationary_jonswap_H1_500_L50_710_A_30_00_P120_00_47-307-1201.csv
HPDI-classic,JONSWAP,1.5,47-307-1201,8.44692421,0.126703873,stationary,eval,,stationary_jonswap_H1_500_L50_710_A_30_00_P120_00,records/eval_stationary_jonswap_H1_500_L50_710_A_30_00_P120_00_47-307-1201.csv
HPDI-classic float32,JONSWAP,1.5,47-307-1201,8.44690132,0.126703531,stationary,eval,,stationary_jonswap_H1_500_L50_710_A_30_00_P120_00,records/eval_stationary_jonswap_H1_500_L50_710_A_30_00_P120_00_47-307-1201.csv
HPDI-compensated,JONSWAP,1.5,47-307-1201,6.47532129,0.0971298218,stationary,eval,,stationary_jonswap_H1_500_L50_710_A_30_00_P120_00,records/eval_stationary_jonswap_H1_500_L50_710_A_30_00_P120_00_47-307-1201.csv
HPDI-compensated float32,JONSWAP,1.5,47-307-1201,6.47551584,0.0971327424,stationary,eval,,stationary_jonswap_H1_500_L50_710_A_30_00_P120_00,records/eval_stationary_jonswap_H1_500_L50_710_A_30_00_P120_00_47-307-1201.csv
FDDI,JONSWAP,4,47-307-1201,2.71394849,0.10855794,stationary,eval,,stationary_jonswap_H4_000_L112_766_A30_00_P30_00,records/eval_stationary_jonswap_H4_000_L112_766_A30_00_P30_00_47-307-1201.csv
HPDI-classic,JONSWAP,4,47-307-1201,9.15032291,0.366012901,stationary,eval,,stationary_jonswap_H4_000_L112_766_A30_00_P30_00,records/eval_stationary_jonswap_H4_000_L112_766_A30_00_P30_00_47-307-1201.csv
HPDI-classic float32,JONSWAP,4,47-307-1201,9.1503334,0.366013318,stationary,eval,,stationary_jonswap_H4_000_L112_766_A30_00_P30_00,records/eval_stationary_jonswap_H4_000_L112_766_A30_00_P30_00_47-307-1201.csv
HPDI-compensated,JONSWAP,4,47-307-1201,7.08224916,0.283289969,stationary,eval,,stationary_jonswap_H4_000_L112_766_A30_00_P30_00,records/eval_stationary_jonswap_H4_000_L112_766_A30_00_P30_00_47-307-1201.csv
HPDI-compensated float32,JONSWAP,4,47-307-1201,7.08228636,0.283291459,stationary,eval,,stationary_jonswap_H4_000_L112_766_A30_00_P30_00,records/eval_stationary_jonswap_H4_000_L112_766_A30_00_P30_00_47-307-1201.csv
FDDI,JONSWAP,8.5,47-307-1201,3.67149067,0.312076718,stationary,eval,,stationary_jonswap_H8_500_L202_839_A_30_00_P72_00,records/eval_stationary_jonswap_H8_500_L202_839_A_30_00_P72_00_47-307-1201.csv
HPDI-classic,JONSWAP,8.5,47-307-1201,9.01723576,0.766465068,stationary,eval,,stationary_jonswap_H8_500_L202_839_A_30_00_P72_00,records/eval_stationary_jonswap_H8_500_L202_839_A_30_00_P72_00_47-307-1201.csv
HPDI-classic float32,JONSWAP,8.5,47-307-1201,9.0172863,0.766469359,stationary,eval,,stationary_jonswap_H8_500_L202_839_A_30_00_P72_00,records/eval_stationary_jonswap_H8_500_L202_839_A_30_00_P72_00_47-307-1201.csv
HPDI-compensated,JONSWAP,8.5,47-307-1201,6.32107687,0.537291527,stationary,eval,,stationary_jonswap_H8_500_L202_839_A_30_00_P72_00,records/eval_stationary_jonswap_H8_500_L202_839_A_30_00_P72_00_47-307-1201.csv
HPDI-compensated float32,JONSWAP,8.5,47-307-1201,6.32117891,0.537300229,stationary,eval,,stationary_jonswap_H8_500_L202_839_A_30_00_P72_00,records/eval_stationary_jonswap_H8_500_L202_839_A_30_00_P72_00_47-307-1201.csv
FDDI,PM-Stokes,0.270000011,47-307-1201,2.27305245,0.00613724161,stationary,eval,,stationary_pmstokes_H0_270_L14_047_A30_00_P60_00,records/eval_stationary_pmstokes_H0_270_L14_047_A30_00_P60_00_47-307-1201.csv
HPDI-classic,PM-Stokes,0.270000011,47-307-1201,10.4187927,0.0281307418,stationary,eval,,stationary_pmstokes_H0_270_L14_047_A30_00_P60_00,records/eval_stationary_pmstokes_H0_270_L14_047_A30_00_P60_00_47-307-1201.csv
HPDI-classic float32,PM-Stokes,0.270000011,47-307-1201,10.4187746,0.0281306934,stationary,eval,,stationary_pmstokes_H0_270_L14_047_A30_00_P60_00,records/eval_stationary_pmstokes_H0_270_L14_047_A30_00_P60_00_47-307-1201.csv
HPDI-compensated,PM-Stokes,0.270000011,47-307-1201,9.95258808,0.0268719885,stationary,eval,,stationary_pmstokes_H0_270_L14_047_A30_00_P60_00,records/eval_stationary_pmstokes_H0_270_L14_047_A30_00_P60_00_47-307-1201.csv
HPDI-compensated float32,PM-Stokes,0.270000011,47-307-1201,9.95245457,0.0268716291,stationary,eval,,stationary_pmstokes_H0_270_L14_047_A30_00_P60_00,records/eval_stationary_pmstokes_H0_270_L14_047_A30_00_P60_00_47-307-1201.csv
FDDI,PM-Stokes,1.5,47-307-1201,2.77086806,0.0415630229,stationary,eval,,stationary_pmstokes_H1_500_L50_710_A_30_00_P120_00,records/eval_stationary_pmstokes_H1_500_L50_710_A_30_00_P120_00_47-307-1201.csv
HPDI-classic,PM-Stokes,1.5,47-307-1201,8.3010788,0.124516182,stationary,eval,,stationary_pmstokes_H1_500_L50_710_A_30_00_P120_00,records/eval_stationary_pmstokes_H1_500_L50_710_A_30_00_P120_00_47-307-1201.csv
HPDI-classic float32,PM-Stokes,1.5,47-307-1201,8.30106544,0.124515988,stationary,eval,,stationary_pmstokes_H1_500_L50_710_A_30_00_P120_00,records/eval_stationary_pmstokes_H1_500_L50_710_A_30_00_P120_00_47-307-1201.csv
HPDI-compensated,PM-Stokes,1.5,47-307-1201,6.42116404,0.0963174626,stationary,eval,,stationary_pmstokes_H1_500_L50_710_A_30_00_P120_00,records/eval_stationary_pmstokes_H1_500_L50_710_A_30_00_P120_00_47-307-1201.csv
HPDI-compensated float32,PM-Stokes,1.5,47-307-1201,6.42131329,0.0963197052,stationary,eval,,stationary_pmstokes_H1_500_L50_710_A_30_00_P120_00,records/eval_stationary_pmstokes_H1_500_L50_710_A_30_00_P120_00_47-307-1201.csv
FDDI,PM-Stokes,4,47-307-1201,2.77426982,0.110970795,stationary,eval,,stationary_pmstokes_H4_000_L112_766_A30_00_P30_00,records/eval_stationary_pmstokes_H4_000_L112_766_A30_00_P30_00_47-307-1201.csv
HPDI-classic,PM-Stokes,4,47-307-1201,8.93194771,0.3572779,stationary,eval,,stationary_pmstokes_H4_000_L112_766_A30_00_P30_00,records/eval_stationary_pmstokes_H4_000_L112_766_A30_00_P30_00_47-307-1201.csv
HPDI-classic float32,PM-Stokes,4,47-307-1201,8.93192005,0.357276797,stationary,eval,,stationary_pmstokes_H4_000_L112_766_A30_00_P30_00,records/eval_stationary_pmstokes_H4_000_L112_766_A30_00_P30_00_47-307-1201.csv
HPDI-compensated,PM-Stokes,4,47-307-1201,6.5017581,0.260070324,stationary,eval,,stationary_pmstokes_H4_000_L112_766_A30_00_P30_00,records/eval_stationary_pmstokes_H4_000_L112_766_A30_00_P30_00_47-307-1201.csv
HPDI-compensated float32,PM-Stokes,4,47-307-1201,6.50181627,0.260072649,stationary,eval,,stationary_pmstokes_H4_000_L112_766_A30_00_P30_00,records/eval_stationary_pmstokes_H4_000_L112_766_A30_00_P30_00_47-307-1201.csv
FDDI,PM-Stokes,8.5,47-307-1201,3.69427657,0.314013511,stationary,eval,,stationary_pmstokes_H8_500_L202_839_A_30_00_P72_00,records/eval_stationary_pmstokes_H8_500_L202_839_A_30_00_P72_00_47-307-1201.csv
HPDI-classic,PM-Stokes,8.5,47-307-1201,8.86573315,0.753587306,stationary,eval,,stationary_pmstokes_H8_500_L202_839_A_30_00_P72_00,records/eval_stationary_pmstokes_H8_500_L202_839_A_30_00_P72_00_47-307-1201.csv
HPDI-classic float32,PM-Stokes,8.5,47-307-1201,8.86570835,0.753585219,stationary,eval,,stationary_pmstokes_H8_500_L202_839_A_30_00_P72_00,records/eval_stationary_pmstokes_H8_500_L202_839_A_30_00_P72_00_47-307-1201.csv
HPDI-compensated,PM-Stokes,8.5,47-307-1201,6.35669994,0.540319502,stationary,eval,,stationary_pmstokes_H8_500_L202_839_A_30_00_P72_00,records/eval_stationary_pmstokes_H8_500_L202_839_A_30_00_P72_00_47-307-1201.csv
HPDI-compensated float32,PM-Stokes,8.5,47-307-1201,6.35680532,0.540328443,stationary,eval,,stationary_pmstokes_H8_500_L202_839_A_30_00_P72_00,records/eval_stationary_pmstokes_H8_500_L202_839_A_30_00_P72_00_47-307-1201.csv
FDDI,Crossfade,4,47-307-1201,1.09154642,0.0436618589,crossfade,eval,,nonstationary_H1_5_to_H4_0_Tp5_7_to_11_4,records/eval_crossfade_47-307-1201.csv
FDDI,Crossfade,4,47-307-1201,0.46048522,0.0184194092,crossfade,eval,start,nonstationary_H1_5_to_H4_0_Tp5_7_to_11_4,records/eval_crossfade_47-307-1201.csv
FDDI,Crossfade,4,47-307-1201,0.60752511,0.0243010055,crossfade,eval,blend,nonstationary_H1_5_to_H4_0_Tp5_7_to_11_4,records/eval_crossfade_47-307-1201.csv
FDDI,Crossfade,4,47-307-1201,1.15859735,0.0463438928,crossfade,eval,recover,nonstationary_H1_5_to_H4_0_Tp5_7_to_11_4,records/eval_crossfade_47-307-1201.csv
FDDI,Crossfade,4,47-307-1201,1.39392364,0.0557569452,crossfade,eval,end,nonstationary_H1_5_to_H4_0_Tp5_7_to_11_4,records/eval_crossfade_47-307-1201.csv
HPDI-classic,Crossfade,4,47-307-1201,10.1333752,0.405335009,crossfade,eval,,nonstationary_H1_5_to_H4_0_Tp5_7_to_11_4,records/eval_crossfade_47-307-1201.csv
HPDI-classic,Crossfade,4,47-307-1201,3.42855191,0.137142077,crossfade,eval,start,nonstationary_H1_5_to_H4_0_Tp5_7_to_11_4,records/eval_crossfade_47-307-1201.csv
HPDI-classic,Crossfade,4,47-307-1201,11.1284819,0.445139259,crossfade,eval,blend,nonstationary_H1_5_to_H4_0_Tp5_7_to_11_4,records/eval_crossfade_47-307-1201.csv
HPDI-classic,Crossfade,4,47-307-1201,9.23773003,0.36950919,crossfade,eval,recover,nonstationary_H1_5_to_H4_0_Tp5_7_to_11_4,records/eval_crossfade_47-307-1201.csv
HPDI-classic,Crossfade,4,47-307-1201,12.3919392,0.495677561,crossfade,eval,end,nonstationary_H1_5_to_H4_0_Tp5_7_to_11_4,records/eval_crossfade_47-307-1201.csv
HPDI-classic float32,Crossfade,4,47-307-1201,10.133256,0.405330241,crossfade,eval,,nonstationary_H1_5_to_H4_0_Tp5_7_to_11_4,records/eval_crossfade_47-307-1201.csv
HPDI-classic float32,Crossfade,4,47-307-1201,3.42853212,0.137141287,crossfade,eval,start,nonstationary_H1_5_to_H4_0_Tp5_7_to_11_4,records/eval_crossfade_47-307-1201.csv
HPDI-classic float32,Crossfade,4,47-307-1201,11.1283894,0.445135564,crossfade,eval,blend,nonstationary_H1_5_to_H4_0_Tp5_7_to_11_4,records/eval_crossfade_47-307-1201.csv
HPDI-classic float32,Crossfade,4,47-307-1201,9.23745632,0.369498253,crossfade,eval,recover,nonstationary_H1_5_to_H4_0_Tp5_7_to_11_4,records/eval_crossfade_47-307-1201.csv
HPDI-classic float32,Crossfade,4,47-307-1201,12.391799,0.495671958,crossfade,eval,end,nonstationary_H1_5_to_H4_0_Tp5_7_to_11_4,records/eval_crossfade_47-307-1201.csv
HPDI-compensated,Crossfade,4,47-307-1201,8.81452751,0.352581084,crossfade,eval,,nonstationary_H1_5_to_H4_0_Tp5_7_to_11_4,records/eval_crossfade_47-307-1201.csv
HPDI-compensated,Crossfade,4,47-307-1201,2.92385364,0.116954148,crossfade,eval,start,nonstationary_H1_5_to_H4_0_Tp5_7_to_11_4,records/eval_crossfade_47-307-1201.csv
HPDI-compensated,Crossfade,4,47-307-1201,10.9928217,0.439712852,crossfade,eval,blend,nonstationary_H1_5_to_H4_0_Tp5_7_to_11_4,records/eval_crossfade_47-307-1201.csv
HPDI-compensated,Crossfade,4,47-307-1201,9.48155117,0.37926203,crossfade,eval,recover,nonstationary_H1_5_to_H4_0_Tp5_7_to_11_4,records/eval_crossfade_47-307-1201.csv
HPDI-compensated,Crossfade,4,47-307-1201,10.0697308,0.402789235,crossfade,eval,end,nonstationary_H1_5_to_H4_0_Tp5_7_to_11_4,records/eval_crossfade_47-307-1201.csv
HPDI-compensated float32,Crossfade,4,47-307-1201,8.81457138,0.352582872,crossfade,eval,,nonstationary_H1_5_to_H4_0_Tp5_7_to_11_4,records/eval_crossfade_47-307-1201.csv
HPDI-compensated float32,Crossfade,4,47-307-1201,2.92378807,0.116951525,crossfade,eval,start,nonstationary_H1_5_to_H4_0_Tp5_7_to_11_4,records/eval_crossfade_47-307-1201.csv
HPDI-compensated float32,Crossfade,4,47-307-1201,10.9929533,0.439718127,crossfade,eval,blend,nonstationary_H1_5_to_H4_0_Tp5_7_to_11_4,records/eval_crossfade_47-307-1201.csv
HPDI-compensated float32,Crossfade,4,47-307-1201,9.4814558,0.379258215,crossfade,eval,recover,nonstationary_H1_5_to_H4_0_Tp5_7_to_11_4,records/eval_crossfade_47-307-1201.csv
HPDI-compensated float32,Crossfade,4,47-307-1201,10.0697737,0.402790964,crossfade,eval,end,nonstationary_H1_5_to_H4_0_Tp5_7_to_11_4,records/eval_crossfade_47-307-1201.csv
FDDI,LowHighLow,4,47-307-1201,2.59293342,0.103717335,lowhighlow,eval,,roundtrip_H1_5_H4_0_H1_5,records/eval_lowhighlow_47-307-1201.csv
FDDI,LowHighLow,4,47-307-1201,0.518013418,0.0207205359,lowhighlow,eval,low_start,roundtrip_H1_5_H4_0_H1_5,records/eval_lowhighlow_47-307-1201.csv
FDDI,LowHighLow,4,47-307-1201,2.95707536,0.118283018,lowhighlow,eval,rise,roundtrip_H1_5_H4_0_H1_5,records/eval_lowhighlow_47-307-1201.csv
FDDI,LowHighLow,4,47-307-1201,3.25952697,0.130381078,lowhighlow,eval,high_recover,roundtrip_H1_5_H4_0_H1_5,records/eval_lowhighlow_47-307-1201.csv
FDDI,LowHighLow,4,47-307-1201,4.40768623,0.17630744,lowhighlow,eval,high,roundtrip_H1_5_H4_0_H1_5,records/eval_lowhighlow_47-307-1201.csv
FDDI,LowHighLow,4,47-307-1201,1.84587097,0.0738348365,lowhighlow,eval,fall,roundtrip_H1_5_H4_0_H1_5,records/eval_lowhighlow_47-307-1201.csv
FDDI,LowHighLow,4,47-307-1201,0.781203032,0.0312481225,lowhighlow,eval,low_recover,roundtrip_H1_5_H4_0_H1_5,records/eval_lowhighlow_47-307-1201.csv
FDDI,LowHighLow,4,47-307-1201,0.828400254,0.0331360102,lowhighlow,eval,low_return,roundtrip_H1_5_H4_0_H1_5,records/eval_lowhighlow_47-307-1201.csv
HPDI-classic,LowHighLow,4,47-307-1201,8.2363863,0.329455435,lowhighlow,eval,,roundtrip_H1_5_H4_0_H1_5,records/eval_lowhighlow_47-307-1201.csv
HPDI-classic,LowHighLow,4,47-307-1201,3.44363856,0.137745544,lowhighlow,eval,low_start,roundtrip_H1_5_H4_0_H1_5,records/eval_lowhighlow_47-307-1201.csv
HPDI-classic,LowHighLow,4,47-307-1201,9.30949879,0.372379959,lowhighlow,eval,rise,roundtrip_H1_5_H4_0_H1_5,records/eval_lowhighlow_47-307-1201.csv
HPDI-classic,LowHighLow,4,47-307-1201,14.5566092,0.582264364,lowhighlow,eval,high_recover,roundtrip_H1_5_H4_0_H1_5,records/eval_lowhighlow_47-307-1201.csv
HPDI-classic,LowHighLow,4,47-307-1201,8.12585831,0.32503435,lowhighlow,eval,high,roundtrip_H1_5_H4_0_H1_5,records/eval_lowhighlow_47-307-1201.csv
HPDI-classic,LowHighLow,4,47-307-1201,6.25256681,0.250102669,lowhighlow,eval,fall,roundtrip_H1_5_H4_0_H1_5,records/eval_lowhighlow_47-307-1201.csv
HPDI-classic,LowHighLow,4,47-307-1201,6.24650908,0.249860361,lowhighlow,eval,low_recover,roundtrip_H1_5_H4_0_H1_5,records/eval_lowhighlow_47-307-1201.csv
HPDI-classic,LowHighLow,4,47-307-1201,5.0674386,0.202697545,lowhighlow,eval,low_return,roundtrip_H1_5_H4_0_H1_5,records/eval_lowhighlow_47-307-1201.csv
HPDI-classic float32,LowHighLow,4,47-307-1201,8.236516,0.329460651,lowhighlow,eval,,roundtrip_H1_5_H4_0_H1_5,records/eval_lowhighlow_47-307-1201.csv
HPDI-classic float32,LowHighLow,4,47-307-1201,3.44360256,0.137744099,lowhighlow,eval,low_start,roundtrip_H1_5_H4_0_H1_5,records/eval_lowhighlow_47-307-1201.csv
HPDI-classic float32,LowHighLow,4,47-307-1201,9.30965137,0.372386038,lowhighlow,eval,rise,roundtrip_H1_5_H4_0_H1_5,records/eval_lowhighlow_47-307-1201.csv
HPDI-classic float32,LowHighLow,4,47-307-1201,14.5571079,0.582284331,lowhighlow,eval,high_recover,roundtrip_H1_5_H4_0_H1_5,records/eval_lowhighlow_47-307-1201.csv
HPDI-classic float32,LowHighLow,4,47-307-1201,8.12588501,0.325035393,lowhighlow,eval,high,roundtrip_H1_5_H4_0_H1_5,records/eval_lowhighlow_47-307-1201.csv
HPDI-classic float32,LowHighLow,4,47-307-1201,6.25273228,0.250109285,lowhighlow,eval,fall,roundtrip_H1_5_H4_0_H1_5,records/eval_lowhighlow_47-307-1201.csv
HPDI-classic float32,LowHighLow,4,47-307-1201,6.24629688,0.249851882,lowhighlow,eval,low_recover,roundtrip_H1_5_H4_0_H1_5,records/eval_lowhighlow_47-307-1201.csv
HPDI-classic float32,LowHighLow,4,47-307-1201,5.06741476,0.202696592,lowhighlow,eval,low_return,roundtrip_H1_5_H4_0_H1_5,records/eval_lowhighlow_47-307-1201.csv
HPDI-compensated,LowHighLow,4,47-307-1201,7.738482,0.309539288,lowhighlow,eval,,roundtrip_H1_5_H4_0_H1_5,records/eval_lowhighlow_47-307-1201.csv
HPDI-compensated,LowHighLow,4,47-307-1201,2.79759693,0.111903876,lowhighlow,eval,low_start,roundtrip_H1_5_H4_0_H1_5,records/eval_lowhighlow_47-307-1201.csv
HPDI-compensated,LowHighLow,4,47-307-1201,8.85757065,0.354302824,lowhighlow,eval,rise,roundtrip_H1_5_H4_0_H1_5,records/eval_lowhighlow_47-307-1201.csv
HPDI-compensated,LowHighLow,4,47-307-1201,14.4021692,0.57608676,lowhighlow,eval,high_recover,roundtrip_H1_5_H4_0_H1_5,records/eval_lowhighlow_47-307-1201.csv
HPDI-compensated,LowHighLow,4,47-307-1201,6.92294931,0.276917964,lowhighlow,eval,high,roundtrip_H1_5_H4_0_H1_5,records/eval_lowhighlow_47-307-1201.csv
HPDI-compensated,LowHighLow,4,47-307-1201,6.59131861,0.263652742,lowhighlow,eval,fall,roundtrip_H1_5_H4_0_H1_5,records/eval_lowhighlow_47-307-1201.csv
HPDI-compensated,LowHighLow,4,47-307-1201,5.30968618,0.212387443,lowhighlow,eval,low_recover,roundtrip_H1_5_H4_0_H1_5,records/eval_lowhighlow_47-307-1201.csv
HPDI-compensated,LowHighLow,4,47-307-1201,3.98773098,0.159509242,lowhighlow,eval,low_return,roundtrip_H1_5_H4_0_H1_5,records/eval_lowhighlow_47-307-1201.csv
HPDI-compensated float32,LowHighLow,4,47-307-1201,7.7384634,0.309538543,lowhighlow,eval,,roundtrip_H1_5_H4_0_H1_5,records/eval_lowhighlow_47-307-1201.csv
HPDI-compensated float32,LowHighLow,4,47-307-1201,2.797508,0.111900322,lowhighlow,eval,low_start,roundtrip_H1_5_H4_0_H1_5,records/eval_lowhighlow_47-307-1201.csv
HPDI-compensated float32,LowHighLow,4,47-307-1201,8.85786152,0.354314446,lowhighlow,eval,rise,roundtrip_H1_5_H4_0_H1_5,records/eval_lowhighlow_47-307-1201.csv
HPDI-compensated float32,LowHighLow,4,47-307-1201,14.4022074,0.576088309,lowhighlow,eval,high_recover,roundtrip_H1_5_H4_0_H1_5,records/eval_lowhighlow_47-307-1201.csv
HPDI-compensated float32,LowHighLow,4,47-307-1201,6.92286348,0.276914537,lowhighlow,eval,high,roundtrip_H1_5_H4_0_H1_5,records/eval_lowhighlow_47-307-1201.csv
HPDI-compensated float32,LowHighLow,4,47-307-1201,6.59118128,0.263647258,lowhighlow,eval,fall,roundtrip_H1_5_H4_0_H1_5,records/eval_lowhighlow_47-307-1201.csv
HPDI-compensated float32,LowHighLow,4,47-307-1201,5.30950546,0.212380216,lowhighlow,eval,low_recover,roundtrip_H1_5_H4_0_H1_5,records/eval_lowhighlow_47-307-1201.csv
HPDI-compensated float32,LowHighLow,4,47-307-1201,3.98767996,0.1595072,lowhighlow,eval,low_return,roundtrip_H1_5_H4_0_H1_5,records/eval_lowhighlow_47-307-1201.csv
FDDI,JONSWAP,0.0500000007,47-307-1201,5.68267012,0.00284133502,low_motion,eval,,low_motion_H0_050,records/eval_lowmotion_47-307-1201.csv
HPDI-classic,JONSWAP,0.0500000007,47-307-1201,1407.44116,0.70372057,low_motion,eval,,low_motion_H0_050,records/eval_lowmotion_47-307-1201.csv
HPDI-classic float32,JONSWAP,0.0500000007,47-307-1201,1407.38306,0.703691542,low_motion,eval,,low_motion_H0_050,records/eval_lowmotion_47-307-1201.csv
HPDI-compensated,JONSWAP,0.0500000007,47-307-1201,1336.50378,0.668251872,low_motion,eval,,low_motion_H0_050,records/eval_lowmotion_47-307-1201.csv
HPDI-compensated float32,JONSWAP,0.0500000007,47-307-1201,1336.39771,0.668198824,low_motion,eval,,low_motion_H0_050,records/eval_lowmotion_47-307-1201.csv
FDDI,Crossfade,4,47-307-1201,1.14488518,0.0457954071,ramp,eval,,rapid_H1_5_to_H4_0,records/eval_ramp_47-307-1201.csv
FDDI,Crossfade,4,47-307-1201,0.46608156,0.0186432619,ramp,eval,start,rapid_H1_5_to_H4_0,records/eval_ramp_47-307-1201.csv
FDDI,Crossfade,4,47-307-1201,1.8056761,0.0722270459,ramp,eval,blend,rapid_H1_5_to_H4_0,records/eval_ramp_47-307-1201.csv
FDDI,Crossfade,4,47-307-1201,1.09341979,0.0437367894,ramp,eval,recover,rapid_H1_5_to_H4_0,records/eval_ramp_47-307-1201.csv
FDDI,Crossfade,4,47-307-1201,1.33160496,0.0532642007,ramp,eval,end,rapid_H1_5_to_H4_0,records/eval_ramp_47-307-1201.csv
HPDI-classic,Crossfade,4,47-307-1201,10.2759171,0.41103667,ramp,eval,,rapid_H1_5_to_H4_0,records/eval_ramp_47-307-1201.csv
HPDI-classic,Crossfade,4,47-307-1201,3.32956648,0.13318266,ramp,eval,start,rapid_H1_5_to_H4_0,records/eval_ramp_47-307-1201.csv
HPDI-classic,Crossfade,4,47-307-1201,8.72548676,0.349019468,ramp,eval,blend,rapid_H1_5_to_H4_0,records/eval_ramp_47-307-1201.csv
HPDI-classic,Crossfade,4,47-307-1201,18.3407326,0.733629286,ramp,eval,recover,rapid_H1_5_to_H4_0,records/eval_ramp_47-307-1201.csv
HPDI-classic,Crossfade,4,47-307-1201,11.9684992,0.478739977,ramp,eval,end,rapid_H1_5_to_H4_0,records/eval_ramp_47-307-1201.csv
HPDI-classic float32,Crossfade,4,47-307-1201,10.2758093,0.411032379,ramp,eval,,rapid_H1_5_to_H4_0,records/eval_ramp_47-307-1201.csv
HPDI-classic float32,Crossfade,4,47-307-1201,3.32955241,0.133182094,ramp,eval,start,rapid_H1_5_to_H4_0,records/eval_ramp_47-307-1201.csv
HPDI-classic float32,Crossfade,4,47-307-1201,8.7254715,0.349018872,ramp,eval,blend,rapid_H1_5_to_H4_0,records/eval_ramp_47-307-1201.csv
HPDI-classic float32,Crossfade,4,47-307-1201,18.3407707,0.733630836,ramp,eval,recover,rapid_H1_5_to_H4_0,records/eval_ramp_47-307-1201.csv
HPDI-classic float32,Crossfade,4,47-307-1201,11.9683676,0.478734702,ramp,eval,end,rapid_H1_5_to_H4_0,records/eval_ramp_47-307-1201.csv
HPDI-compensated,Crossfade,4,47-307-1201,8.96449089,0.358579636,ramp,eval,,rapid_H1_5_to_H4_0,records/eval_ramp_47-307-1201.csv
HPDI-compensated,Crossfade,4,47-307-1201,2.8948617,0.115794472,ramp,eval,start,rapid_H1_5_to_H4_0,records/eval_ramp_47-307-1201.csv
HPDI-compensated,Crossfade,4,47-307-1201,9.82565689,0.393026263,ramp,eval,blend,rapid_H1_5_to_H4_0,records/eval_ramp_47-307-1201.csv
HPDI-compensated,Crossfade,4,47-307-1201,20.1855164,0.807420671,ramp,eval,recover,rapid_H1_5_to_H4_0,records/eval_ramp_47-307-1201.csv
HPDI-compensated,Crossfade,4,47-307-1201,9.93853283,0.397541314,ramp,eval,end,rapid_H1_5_to_H4_0,records/eval_ramp_47-307-1201.csv
HPDI-compensated float32,Crossfade,4,47-307-1201,8.96441746,0.358576685,ramp,eval,,rapid_H1_5_to_H4_0,records/eval_ramp_47-307-1201.csv
HPDI-compensated float32,Crossfade,4,47-307-1201,2.89481068,0.115792423,ramp,eval,start,rapid_H1_5_to_H4_0,records/eval_ramp_47-307-1201.csv
HPDI-compensated float32,Crossfade,4,47-307-1201,9.82518101,0.393007249,ramp,eval,blend,rapid_H1_5_to_H4_0,records/eval_ramp_47-307-1201.csv
HPDI-compensated float32,Crossfade,4,47-307-1201,20.1849785,0.807399154,ramp,eval,recover,rapid_H1_5_to_H4_0,records/eval_ramp_47-307-1201.csv
HPDI-compensated float32,Crossfade,4,47-307-1201,9.93850803,0.397540331,ramp,eval,end,rapid_H1_5_to_H4_0,records/eval_ramp_47-307-1201.csv
FDDI,JONSWAP,0.270000011,71-401-1301,0.271377385,0.000732718967,stationary,eval,,stationary_jonswap_H0_270_L14_047_A30_00_P60_00,records/eval_stationary_jonswap_H0_270_L14_047_A30_00_P60_00_71-401-1301.csv
HPDI-classic,JONSWAP,0.270000011,71-401-1301,6.34576082,0.0171335544,stationary,eval,,stationary_jonswap_H0_270_L14_047_A30_00_P60_00,records/eval_stationary_jonswap_H0_270_L14_047_A30_00_P60_00_71-401-1301.csv
HPDI-classic float32,JONSWAP,0.270000011,71-401-1301,6.34577847,0.0171336029,stationary,eval,,stationary_jonswap_H0_270_L14_047_A30_00_P60_00,records/eval_stationary_jonswap_H0_270_L14_047_A30_00_P60_00_71-401-1301.csv
HPDI-compensated,JONSWAP,0.270000011,71-401-1301,5.86497879,0.0158354435,stationary,eval,,stationary_jonswap_H0_270_L14_047_A30_00_P60_00,records/eval_stationary_jonswap_H0_270_L14_047_A30_00_P60_00_71-401-1301.csv
HPDI-compensated float32,JONSWAP,0.270000011,71-401-1301,5.86512232,0.0158358309,stationary,eval,,stationary_jonswap_H0_270_L14_047_A30_00_P60_00,records/eval_stationary_jonswap_H0_270_L14_047_A30_00_P60_00_71-401-1301.csv
FDDI,JONSWAP,1.5,71-401-1301,1.81172764,0.0271759164,stationary,eval,,stationary_jonswap_H1_500_L50_710_A_30_00_P120_00,records/eval_stationary_jonswap_H1_500_L50_710_A_30_00_P120_00_71-401-1301.csv
HPDI-classic,JONSWAP,1.5,71-401-1301,8.49077892,0.127361685,stationary,eval,,stationary_jonswap_H1_500_L50_710_A_30_00_P120_00,records/eval_stationary_jonswap_H1_500_L50_710_A_30_00_P120_00_71-401-1301.csv
HPDI-classic float32,JONSWAP,1.5,71-401-1301,8.49075222,0.127361283,stationary,eval,,stationary_jonswap_H1_500_L50_710_A_30_00_P120_00,records/eval_stationary_jonswap_H1_500_L50_710_A_30_00_P120_00_71-401-1301.csv
HPDI-compensated,JONSWAP,1.5,71-401-1301,6.50441742,0.0975662619,stationary,eval,,stationary_jonswap_H1_500_L50_710_A_30_00_P120_00,records/eval_stationary_jonswap_H1_500_L50_710_A_30_00_P120_00_71-401-1301.csv
HPDI-compensated float32,JONSWAP,1.5,71-401-1301,6.50445318,0.0975667983,stationary,eval,,stationary_jonswap_H1_500_L50_710_A_30_00_P120_00,records/eval_stationary_jonswap_H1_500_L50_710_A_30_00_P120_00_71-401-1301.csv
FDDI,JONSWAP,4,71-401-1301,0.946663797,0.0378665514,stationary,eval,,stationary_jonswap_H4_000_L112_766_A30_00_P30_00,records/eval_stationary_jonswap_H4_000_L112_766_A30_00_P30_00_71-401-1301.csv
HPDI-classic,JONSWAP,4,71-401-1301,7.9423213,0.317692846,stationary,eval,,stationary_jonswap_H4_000_L112_766_A30_00_P30_00,records/eval_stationary_jonswap_H4_000_L112_766_A30_00_P30_00_71-401-1301.csv
HPDI-classic float32,JONSWAP,4,71-401-1301,7.94230461,0.31769219,stationary,eval,,stationary_jonswap_H4_000_L112_766_A30_00_P30_00,records/eval_stationary_jonswap_H4_000_L112_766_A30_00_P30_00_71-401-1301.csv
HPDI-compensated,JONSWAP,4,71-401-1301,5.32941961,0.213176787,stationary,eval,,stationary_jonswap_H4_000_L112_766_A30_00_P30_00,records/eval_stationary_jonswap_H4_000_L112_766_A30_00_P30_00_71-401-1301.csv
HPDI-compensated float32,JONSWAP,4,71-401-1301,5.32953501,0.213181391,stationary,eval,,stationary_jonswap_H4_000_L112_766_A30_00_P30_00,records/eval_stationary_jonswap_H4_000_L112_766_A30_00_P30_00_71-401-1301.csv
FDDI,JONSWAP,8.5,71-401-1301,1.06087005,0.0901739523,stationary,eval,,stationary_jonswap_H8_500_L202_839_A_30_00_P72_00,records/eval_stationary_jonswap_H8_500_L202_839_A_30_00_P72_00_71-401-1301.csv
HPDI-classic,JONSWAP,8.5,71-401-1301,7.39667034,0.628717005,stationary,eval,,stationary_jonswap_H8_500_L202_839_A_30_00_P72_00,records/eval_stationary_jonswap_H8_500_L202_839_A_30_00_P72_00_71-401-1301.csv
HPDI-classic float32,JONSWAP,8.5,71-401-1301,7.396595,0.628710568,stationary,eval,,stationary_jonswap_H8_500_L202_839_A_30_00_P72_00,records/eval_stationary_jonswap_H8_500_L202_839_A_30_00_P72_00_71-401-1301.csv
HPDI-compensated,JONSWAP,8.5,71-401-1301,4.80075169,0.408063889,stationary,eval,,stationary_jonswap_H8_500_L202_839_A_30_00_P72_00,records/eval_stationary_jonswap_H8_500_L202_839_A_30_00_P72_00_71-401-1301.csv
HPDI-compensated float32,JONSWAP,8.5,71-401-1301,4.80073023,0.408062071,stationary,eval,,stationary_jonswap_H8_500_L202_839_A_30_00_P72_00,records/eval_stationary_jonswap_H8_500_L202_839_A_30_00_P72_00_71-401-1301.csv
FDDI,PM-Stokes,0.270000011,71-401-1301,0.785760462,0.00212155329,stationary,eval,,stationary_pmstokes_H0_270_L14_047_A30_00_P60_00,records/eval_stationary_pmstokes_H0_270_L14_047_A30_00_P60_00_71-401-1301.csv
HPDI-classic,PM-Stokes,0.270000011,71-401-1301,6.62790537,0.0178953446,stationary,eval,,stationary_pmstokes_H0_270_L14_047_A30_00_P60_00,records/eval_stationary_pmstokes_H0_270_L14_047_A30_00_P60_00_71-401-1301.csv
HPDI-classic float32,PM-Stokes,0.270000011,71-401-1301,6.62792683,0.0178954024,stationary,eval,,stationary_pmstokes_H0_270_L14_047_A30_00_P60_00,records/eval_stationary_pmstokes_H0_270_L14_047_A30_00_P60_00_71-401-1301.csv
HPDI-compensated,PM-Stokes,0.270000011,71-401-1301,6.47603846,0.0174853038,stationary,eval,,stationary_pmstokes_H0_270_L14_047_A30_00_P60_00,records/eval_stationary_pmstokes_H0_270_L14_047_A30_00_P60_00_71-401-1301.csv
HPDI-compensated float32,PM-Stokes,0.270000011,71-401-1301,6.47616529,0.0174856465,stationary,eval,,stationary_pmstokes_H0_270_L14_047_A30_00_P60_00,records/eval_stationary_pmstokes_H0_270_L14_047_A30_00_P60_00_71-401-1301.csv
FDDI,PM-Stokes,1.5,71-401-1301,1.90513217,0.0285769831,stationary,eval,,stationary_pmstokes_H1_500_L50_710_A_30_00_P120_00,records/eval_stationary_pmstokes_H1_500_L50_710_A_30_00_P120_00_71-401-1301.csv
HPDI-classic,PM-Stokes,1.5,71-401-1301,8.38687801,0.125803173,stationary,eval,,stationary_pmstokes_H1_500_L50_710_A_30_00_P120_00,records/eval_stationary_pmstokes_H1_500_L50_710_A_30_00_P120_00_71-401-1301.csv
HPDI-classic float32,PM-Stokes,1.5,71-401-1301,8.38687515,0.125803128,stationary,eval,,stationary_pmstokes_H1_500_L50_710_A_30_00_P120_00,records/eval_stationary_pmstokes_H1_500_L50_710_A_30_00_P120_00_71-401-1301.csv
HPDI-compensated,PM-Stokes,1.5,71-401-1301,6.24977541,0.0937466323,stationary,eval,,stationary_pmstokes_H1_500_L50_710_A_30_00_P120_00,records/eval_stationary_pmstokes_H1_500_L50_710_A_30_00_P120_00_71-401-1301.csv
HPDI-compensated float32,PM-Stokes,1.5,71-401-1301,6.24978542,0.0937467813,stationary,eval,,stationary_pmstokes_H1_500_L50_710_A_30_00_P120_00,records/eval_stationary_pmstokes_H1_500_L50_710_A_30_00_P120_00_71-401-1301.csv
FDDI,PM-Stokes,4,71-401-1301,0.75170666,0.0300682671,stationary,eval,,stationary_pmstokes_H4_000_L112_766_A30_00_P30_00,records/eval_stationary_pmstokes_H4_000_L112_766_A30_00_P30_00_71-401-1301.csv
HPDI-classic,PM-Stokes,4,71-401-1301,8.02874947,0.321149975,stationary,eval,,stationary_pmstokes_H4_000_L112_766_A30_00_P30_00,records/eval_stationary_pmstokes_H4_000_L112_766_A30_00_P30_00_71-401-1301.csv
HPDI-classic float32,PM-Stokes,4,71-401-1301,8.02870274,0.321148127,stationary,eval,,stationary_pmstokes_H4_000_L112_766_A30_00_P30_00,records/eval_stationary_pmstokes_H4_000_L112_766_A30_00_P30_00_71-401-1301.csv
HPDI-compensated,PM-Stokes,4,71-401-1301,5.23283672,0.209313467,stationary,eval,,stationary_pmstokes_H4_000_L112_766_A30_00_P30_00,records/eval_stationary_pmstokes_H4_000_L112_766_A30_00_P30_00_71-401-1301.csv
HPDI-compensated float32,PM-Stokes,4,71-401-1301,5.23289204,0.209315673,stationary,eval,,stationary_pmstokes_H4_000_L112_766_A30_00_P30_00,records/eval_stationary_pmstokes_H4_000_L112_766_A30_00_P30_00_71-401-1301.csv
FDDI,PM-Stokes,8.5,71-401-1301,1.31330514,0.111630939,stationary,eval,,stationary_pmstokes_H8_500_L202_839_A_30_00_P72_00,records/eval_stationary_pmstokes_H8_500_L202_839_A_30_00_P72_00_71-401-1301.csv
HPDI-classic,PM-Stokes,8.5,71-401-1301,7.88022041,0.669818759,stationary,eval,,stationary_pmstokes_H8_500_L202_839_A_30_00_P72_00,records/eval_stationary_pmstokes_H8_500_L202_839_A_30_00_P72_00_71-401-1301.csv
HPDI-classic float32,PM-Stokes,8.5,71-401-1301,7.88019943,0.669816971,stationary,eval,,stationary_pmstokes_H8_500_L202_839_A_30_00_P72_00,records/eval_stationary_pmstokes_H8_500_L202_839_A_30_00_P72_00_71-401-1301.csv
HPDI-compensated,PM-Stokes,8.5,71-401-1301,6.21906662,0.52862066,stationary,eval,,stationary_pmstokes_H8_500_L202_839_A_30_00_P72_00,records/eval_stationary_pmstokes_H8_500_L202_839_A_30_00_P72_00_71-401-1301.csv
HPDI-compensated float32,PM-Stokes,8.5,71-401-1301,6.2191329,0.528626323,stationary,eval,,stationary_pmstokes_H8_500_L202_839_A_30_00_P72_00,records/eval_stationary_pmstokes_H8_500_L202_839_A_30_00_P72_00_71-401-1301.csv
FDDI,Crossfade,4,71-401-1301,2.23522663,0.0894090608,crossfade,eval,,nonstationary_H1_5_to_H4_0_Tp5_7_to_11_4,records/eval_crossfade_71-401-1301.csv
FDDI,Crossfade,4,71-401-1301,0.497090876,0.0198836345,crossfade,eval,start,nonstationary_H1_5_to_H4_0_Tp5_7_to_11_4,records/eval_crossfade_71-401-1301.csv
FDDI,Crossfade,4,71-401-1301,0.401552916,0.0160621163,crossfade,eval,blend,nonstationary_H1_5_to_H4_0_Tp5_7_to_11_4,records/eval_crossfade_71-401-1301.csv
FDDI,Crossfade,4,71-401-1301,0.555128813,0.0222051535,crossfade,eval,recover,nonstationary_H1_5_to_H4_0_Tp5_7_to_11_4,records/eval_crossfade_71-401-1301.csv
FDDI,Crossfade,4,71-401-1301,3.22969341,0.129187733,crossfade,eval,end,nonstationary_H1_5_to_H4_0_Tp5_7_to_11_4,records/eval_crossfade_71-401-1301.csv
HPDI-classic,Crossfade,4,71-401-1301,8.24338913,0.329735547,crossfade,eval,,nonstationary_H1_5_to_H4_0_Tp5_7_to_11_4,records/eval_crossfade_71-401-1301.csv
HPDI-classic,Crossfade,4,71-401-1301,2.98625493,0.119450197,crossfade,eval,start,nonstationary_H1_5_to_H4_0_Tp5_7_to_11_4,records/eval_crossfade_71-401-1301.csv
HPDI-classic,Crossfade,4,71-401-1301,6.0813446,0.243253782,crossfade,eval,blend,nonstationary_H1_5_to_H4_0_Tp5_7_to_11_4,records/eval_crossfade_71-401-1301.csv
HPDI-classic,Crossfade,4,71-401-1301,13.1461697,0.525846779,crossfade,eval,recover,nonstationary_H1_5_to_H4_0_Tp5_7_to_11_4,records/eval_crossfade_71-401-1301.csv
HPDI-classic,Crossfade,4,71-401-1301,8.97649956,0.359059989,crossfade,eval,end,nonstationary_H1_5_to_H4_0_Tp5_7_to_11_4,records/eval_crossfade_71-401-1301.csv
HPDI-classic float32,Crossfade,4,71-401-1301,8.24339676,0.329735875,crossfade,eval,,nonstationary_H1_5_to_H4_0_Tp5_7_to_11_4,records/eval_crossfade_71-401-1301.csv
HPDI-classic float32,Crossfade,4,71-401-1301,2.98624516,0.119449809,crossfade,eval,start,nonstationary_H1_5_to_H4_0_Tp5_7_to_11_4,records/eval_crossfade_71-401-1301.csv
HPDI-classic float32,Crossfade,4,71-401-1301,6.081388,0.243255511,crossfade,eval,blend,nonstationary_H1_5_to_H4_0_Tp5_7_to_11_4,records/eval_crossfade_71-401-1301.csv
HPDI-classic float32,Crossfade,4,71-401-1301,13.1462259,0.525849044,crossfade,eval,recover,nonstationary_H1_5_to_H4_0_Tp5_7_to_11_4,records/eval_crossfade_71-401-1301.csv
HPDI-classic float32,Crossfade,4,71-401-1301,8.97647762,0.359059095,crossfade,eval,end,nonstationary_H1_5_to_H4_0_Tp5_7_to_11_4,records/eval_crossfade_71-401-1301.csv
HPDI-compensated,Crossfade,4,71-401-1301,6.11493301,0.244597316,crossfade,eval,,nonstationary_H1_5_to_H4_0_Tp5_7_to_11_4,records/eval_crossfade_71-401-1301.csv
HPDI-compensated,Crossfade,4,71-401-1301,1.9947691,0.0797907636,crossfade,eval,start,nonstationary_H1_5_to_H4_0_Tp5_7_to_11_4,records/eval_crossfade_71-401-1301.csv
HPDI-compensated,Crossfade,4,71-401-1301,6.29857635,0.251943052,crossfade,eval,blend,nonstationary_H1_5_to_H4_0_Tp5_7_to_11_4,records/eval_crossfade_71-401-1301.csv
HPDI-compensated,Crossfade,4,71-401-1301,9.81636429,0.392654568,crossfade,eval,recover,nonstationary_H1_5_to_H4_0_Tp5_7_to_11_4,records/eval_crossfade_71-401-1301.csv
HPDI-compensated,Crossfade,4,71-401-1301,6.24402666,0.24976106,crossfade,eval,end,nonstationary_H1_5_to_H4_0_Tp5_7_to_11_4,records/eval_crossfade_71-401-1301.csv
HPDI-compensated float32,Crossfade,4,71-401-1301,6.11501408,0.244600564,crossfade,eval,,nonstationary_H1_5_to_H4_0_Tp5_7_to_11_4,records/eval_crossfade_71-401-1301.csv
HPDI-compensated float32,Crossfade,4,71-401-1301,1.99479127,0.0797916502,crossfade,eval,start,nonstationary_H1_5_to_H4_0_Tp5_7_to_11_4,records/eval_crossfade_71-401-1301.csv
HPDI-compensated float32,Crossfade,4,71-401-1301,6.29852724,0.251941085,crossfade,eval,blend,nonstationary_H1_5_to_H4_0_Tp5_7_to_11_4,records/eval_crossfade_71-401-1301.csv
HPDI-compensated float32,Crossfade,4,71-401-1301,9.81642342,0.392656922,crossfade,eval,recover,nonstationary_H1_5_to_H4_0_Tp5_7_to_11_4,records/eval_crossfade_71-401-1301.csv
HPDI-compensated float32,Crossfade,4,71-401-1301,6.2442131,0.249768525,crossfade,eval,end,nonstationary_H1_5_to_H4_0_Tp5_7_to_11_4,records/eval_crossfade_71-401-1301.csv
FDDI,LowHighLow,4,71-401-1301,1.91942155,0.0767768621,lowhighlow,eval,,roundtrip_H1_5_H4_0_H1_5,records/eval_lowhighlow_71-401-1301.csv
FDDI,LowHighLow,4,71-401-1301,0.301721007,0.0120688397,lowhighlow,eval,low_start,roundtrip_H1_5_H4_0_H1_5,records/eval_lowhighlow_71-401-1301.csv
FDDI,LowHighLow,4,71-401-1301,1.59142351,0.0636569411,lowhighlow,eval,rise,roundtrip_H1_5_H4_0_H1_5,records/eval_lowhighlow_71-401-1301.csv
FDDI,LowHighLow,4,71-401-1301,2.56500506,0.102600202,lowhighlow,eval,high_recover,roundtrip_H1_5_H4_0_H1_5,records/eval_lowhighlow_71-401-1301.csv
FDDI,LowHighLow,4,71-401-1301,1.95977426,0.0783909708,lowhighlow,eval,high,roundtrip_H1_5_H4_0_H1_5,records/eval_lowhighlow_71-401-1301.csv
FDDI,LowHighLow,4,71-401-1301,1.76240563,0.0704962239,lowhighlow,eval,fall,roundtrip_H1_5_H4_0_H1_5,records/eval_lowhighlow_71-401-1301.csv
FDDI,LowHighLow,4,71-401-1301,0.42531541,0.0170126166,lowhighlow,eval,low_recover,roundtrip_H1_5_H4_0_H1_5,records/eval_lowhighlow_71-401-1301.csv
FDDI,LowHighLow,4,71-401-1301,2.74369097,0.109747641,lowhighlow,eval,low_return,roundtrip_H1_5_H4_0_H1_5,records/eval_lowhighlow_71-401-1301.csv
HPDI-classic,LowHighLow,4,71-401-1301,8.39554024,0.335821629,lowhighlow,eval,,roundtrip_H1_5_H4_0_H1_5,records/eval_lowhighlow_71-401-1301.csv
HPDI-classic,LowHighLow,4,71-401-1301,2.78082395,0.111232959,lowhighlow,eval,low_start,roundtrip_H1_5_H4_0_H1_5,records/eval_lowhighlow_71-401-1301.csv
HPDI-classic,LowHighLow,4,71-401-1301,13.2749319,0.530997276,lowhighlow,eval,rise,roundtrip_H1_5_H4_0_H1_5,records/eval_lowhighlow_71-401-1301.csv
HPDI-classic,LowHighLow,4,71-401-1301,6.88817501,0.275527,lowhighlow,eval,high_recover,roundtrip_H1_5_H4_0_H1_5,records/eval_lowhighlow_71-401-1301.csv
HPDI-classic,LowHighLow,4,71-401-1301,11.4712305,0.458849221,lowhighlow,eval,high,roundtrip_H1_5_H4_0_H1_5,records/eval_lowhighlow_71-401-1301.csv
HPDI-classic,LowHighLow,4,71-401-1301,8.44847965,0.337939203,lowhighlow,eval,fall,roundtrip_H1_5_H4_0_H1_5,records/eval_lowhighlow_71-401-1301.csv
HPDI-classic,LowHighLow,4,71-401-1301,6.30068493,0.252027392,lowhighlow,eval,low_recover,roundtrip_H1_5_H4_0_H1_5,records/eval_lowhighlow_71-401-1301.csv
HPDI-classic,LowHighLow,4,71-401-1301,3.0074203,0.120296814,lowhighlow,eval,low_return,roundtrip_H1_5_H4_0_H1_5,records/eval_lowhighlow_71-401-1301.csv
HPDI-classic float32,LowHighLow,4,71-401-1301,8.39546776,0.335818708,lowhighlow,eval,,roundtrip_H1_5_H4_0_H1_5,records/eval_lowhighlow_71-401-1301.csv
HPDI-classic float32,LowHighLow,4,71-401-1301,2.78081179,0.111232467,lowhighlow,eval,low_start,roundtrip_H1_5_H4_0_H1_5,records/eval_lowhighlow_71-401-1301.csv
HPDI-classic float32,LowHighLow,4,71-401-1301,13.2748919,0.530995667,lowhighlow,eval,rise,roundtrip_H1_5_H4_0_H1_5,records/eval_lowhighlow_71-401-1301.csv
HPDI-classic float32,LowHighLow,4,71-401-1301,6.88795757,0.275518298,lowhighlow,eval,high_recover,roundtrip_H1_5_H4_0_H1_5,records/eval_lowhighlow_71-401-1301.csv
HPDI-classic float32,LowHighLow,4,71-401-1301,11.4712152,0.458848596,lowhighlow,eval,high,roundtrip_H1_5_H4_0_H1_5,records/eval_lowhighlow_71-401-1301.csv
HPDI-classic float32,LowHighLow,4,71-401-1301,8.44830513,0.337932199,lowhighlow,eval,fall,roundtrip_H1_5_H4_0_H1_5,records/eval_lowhighlow_71-401-1301.csv
HPDI-classic float32,LowHighLow,4,71-401-1301,6.30056429,0.252022564,lowhighlow,eval,low_recover,roundtrip_H1_5_H4_0_H1_5,records/eval_lowhighlow_71-401-1301.csv
HPDI-classic float32,LowHighLow,4,71-401-1301,3.00738382,0.120295353,lowhighlow,eval,low_return,roundtrip_H1_5_H4_0_H1_5,records/eval_lowhighlow_71-401-1301.csv
HPDI-compensated,LowHighLow,4,71-401-1301,6.98628044,0.279451221,lowhighlow,eval,,roundtrip_H1_5_H4_0_H1_5,records/eval_lowhighlow_71-401-1301.csv
HPDI-compensated,LowHighLow,4,71-401-1301,1.78028846,0.0712115392,lowhighlow,eval,low_start,roundtrip_H1_5_H4_0_H1_5,records/eval_lowhighlow_71-401-1301.csv
HPDI-compensated,LowHighLow,4,71-401-1301,12.3663769,0.494655073,lowhighlow,eval,rise,roundtrip_H1_5_H4_0_H1_5,records/eval_lowhighlow_71-401-1301.csv
HPDI-compensated,LowHighLow,4,71-401-1301,4.85220337,0.194088131,lowhighlow,eval,high_recover,roundtrip_H1_5_H4_0_H1_5,records/eval_lowhighlow_71-401-1301.csv
HPDI-compensated,LowHighLow,4,71-401-1301,8.49114609,0.339645833,lowhighlow,eval,high,roundtrip_H1_5_H4_0_H1_5,records/eval_lowhighlow_71-401-1301.csv
HPDI-compensated,LowHighLow,4,71-401-1301,7.47607946,0.299043179,lowhighlow,eval,fall,roundtrip_H1_5_H4_0_H1_5,records/eval_lowhighlow_71-401-1301.csv
HPDI-compensated,LowHighLow,4,71-401-1301,4.91446066,0.196578428,lowhighlow,eval,low_recover,roundtrip_H1_5_H4_0_H1_5,records/eval_lowhighlow_71-401-1301.csv
HPDI-compensated,LowHighLow,4,71-401-1301,2.84649253,0.113859698,lowhighlow,eval,low_return,roundtrip_H1_5_H4_0_H1_5,records/eval_lowhighlow_71-401-1301.csv
HPDI-compensated float32,LowHighLow,4,71-401-1301,6.98628712,0.279451489,lowhighlow,eval,,roundtrip_H1_5_H4_0_H1_5,records/eval_lowhighlow_71-401-1301.csv
HPDI-compensated float32,LowHighLow,4,71-401-1301,1.78024995,0.0712099969,lowhighlow,eval,low_start,roundtrip_H1_5_H4_0_H1_5,records/eval_lowhighlow_71-401-1301.csv
HPDI-compensated float32,LowHighLow,4,71-401-1301,12.3662472,0.494649887,lowhighlow,eval,rise,roundtrip_H1_5_H4_0_H1_5,records/eval_lowhighlow_71-401-1301.csv
HPDI-compensated float32,LowHighLow,4,71-401-1301,4.85222626,0.194089055,lowhighlow,eval,high_recover,roundtrip_H1_5_H4_0_H1_5,records/eval_lowhighlow_71-401-1301.csv
HPDI-compensated float32,LowHighLow,4,71-401-1301,8.49118042,0.339647233,lowhighlow,eval,high,roundtrip_H1_5_H4_0_H1_5,records/eval_lowhighlow_71-401-1301.csv
HPDI-compensated float32,LowHighLow,4,71-401-1301,7.47636461,0.299054593,lowhighlow,eval,fall,roundtrip_H1_5_H4_0_H1_5,records/eval_lowhighlow_71-401-1301.csv
HPDI-compensated float32,LowHighLow,4,71-401-1301,4.91434765,0.196573898,lowhighlow,eval,low_recover,roundtrip_H1_5_H4_0_H1_5,records/eval_lowhighlow_71-401-1301.csv
HPDI-compensated float32,LowHighLow,4,71-401-1301,2.84646749,0.1138587,lowhighlow,eval,low_return,roundtrip_H1_5_H4_0_H1_5,records/eval_lowhighlow_71-401-1301.csv
FDDI,JONSWAP,0.0500000007,71-401-1301,1.88624763,0.000943123829,low_motion,eval,,low_motion_H0_050,records/eval_lowmotion_71-401-1301.csv
HPDI-classic,JONSWAP,0.0500000007,71-401-1301,319.88443,0.15994221,low_motion,eval,,low_motion_H0_050,records/eval_lowmotion_71-401-1301.csv
HPDI-classic float32,JONSWAP,0.0500000007,71-401-1301,319.890045,0.159945026,low_motion,eval,,low_motion_H0_050,records/eval_lowmotion_71-401-1301.csv
HPDI-compensated,JONSWAP,0.0500000007,71-401-1301,347.20401,0.173602,low_motion,eval,,low_motion_H0_050,records/eval_lowmotion_71-401-1301.csv
HPDI-compensated float32,JONSWAP,0.0500000007,71-401-1301,347.203125,0.173601568,low_motion,eval,,low_motion_H0_050,records/eval_lowmotion_71-401-1301.csv
FDDI,Crossfade,4,71-401-1301,2.25267959,0.0901071802,ramp,eval,,rapid_H1_5_to_H4_0,records/eval_ramp_71-401-1301.csv
FDDI,Crossfade,4,71-401-1301,0.488141328,0.0195256528,ramp,eval,start,rapid_H1_5_to_H4_0,records/eval_ramp_71-401-1301.csv
FDDI,Crossfade,4,71-401-1301,1.3768388,0.0550735518,ramp,eval,blend,rapid_H1_5_to_H4_0,records/eval_ramp_71-401-1301.csv
FDDI,Crossfade,4,71-401-1301,0.605983615,0.0242393445,ramp,eval,recover,rapid_H1_5_to_H4_0,records/eval_ramp_71-401-1301.csv
FDDI,Crossfade,4,71-401-1301,2.82565975,0.113026388,ramp,eval,end,rapid_H1_5_to_H4_0,records/eval_ramp_71-401-1301.csv
HPDI-classic,Crossfade,4,71-401-1301,8.33962822,0.333585143,ramp,eval,,rapid_H1_5_to_H4_0,records/eval_ramp_71-401-1301.csv
HPDI-classic,Crossfade,4,71-401-1301,2.93329072,0.117331631,ramp,eval,start,rapid_H1_5_to_H4_0,records/eval_ramp_71-401-1301.csv
HPDI-classic,Crossfade,4,71-401-1301,6.5870719,0.263482869,ramp,eval,blend,rapid_H1_5_to_H4_0,records/eval_ramp_71-401-1301.csv
HPDI-classic,Crossfade,4,71-401-1301,9.55713844,0.382285535,ramp,eval,recover,rapid_H1_5_to_H4_0,records/eval_ramp_71-401-1301.csv
HPDI-classic,Crossfade,4,71-401-1301,10.0539808,0.402159244,ramp,eval,end,rapid_H1_5_to_H4_0,records/eval_ramp_71-401-1301.csv
HPDI-classic float32,Crossfade,4,71-401-1301,8.33963585,0.333585441,ramp,eval,,rapid_H1_5_to_H4_0,records/eval_ramp_71-401-1301.csv
HPDI-classic float32,Crossfade,4,71-401-1301,2.93328309,0.117331326,ramp,eval,start,rapid_H1_5_to_H4_0,records/eval_ramp_71-401-1301.csv
HPDI-classic float32,Crossfade,4,71-401-1301,6.58707476,0.263482988,ramp,eval,blend,rapid_H1_5_to_H4_0,records/eval_ramp_71-401-1301.csv
HPDI-classic float32,Crossfade,4,71-401-1301,9.55720234,0.382288098,ramp,eval,recover,rapid_H1_5_to_H4_0,records/eval_ramp_71-401-1301.csv
HPDI-classic float32,Crossfade,4,71-401-1301,10.0540047,0.402160168,ramp,eval,end,rapid_H1_5_to_H4_0,records/eval_ramp_71-401-1301.csv
HPDI-compensated,Crossfade,4,71-401-1301,6.5056777,0.260227114,ramp,eval,,rapid_H1_5_to_H4_0,records/eval_ramp_71-401-1301.csv
HPDI-compensated,Crossfade,4,71-401-1301,2.00853062,0.0803412274,ramp,eval,start,rapid_H1_5_to_H4_0,records/eval_ramp_71-401-1301.csv
HPDI-compensated,Crossfade,4,71-401-1301,11.4538717,0.458154857,ramp,eval,blend,rapid_H1_5_to_H4_0,records/eval_ramp_71-401-1301.csv
HPDI-compensated,Crossfade,4,71-401-1301,12.2371778,0.489487112,ramp,eval,recover,rapid_H1_5_to_H4_0,records/eval_ramp_71-401-1301.csv
HPDI-compensated,Crossfade,4,71-401-1301,7.16771412,0.286708564,ramp,eval,end,rapid_H1_5_to_H4_0,records/eval_ramp_71-401-1301.csv
HPDI-compensated float32,Crossfade,4,71-401-1301,6.505795,0.260231793,ramp,eval,,rapid_H1_5_to_H4_0,records/eval_ramp_71-401-1301.csv
HPDI-compensated float32,Crossfade,4,71-401-1301,2.00857687,0.0803430751,ramp,eval,start,rapid_H1_5_to_H4_0,records/eval_ramp_71-401-1301.csv
HPDI-compensated float32,Crossfade,4,71-401-1301,11.4536695,0.458146781,ramp,eval,blend,rapid_H1_5_to_H4_0,records/eval_ramp_71-401-1301.csv
HPDI-compensated float32,Crossfade,4,71-401-1301,12.2374344,0.489497393,ramp,eval,recover,rapid_H1_5_to_H4_0,records/eval_ramp_71-401-1301.csv
HPDI-compensated float32,Crossfade,4,71-401-1301,7.16788769,0.286715508,ramp,eval,end,rapid_H1_5_to_H4_0,records/eval_ramp_71-401-1301.csv
FDDI,JONSWAP,0.270000011,97-503-1409,0.541005254,0.00146071427,stationary,eval,,stationary_jonswap_H0_270_L14_047_A30_00_P60_00,records/eval_stationary_jonswap_H0_270_L14_047_A30_00_P60_00_97-503-1409.csv
HPDI-classic,JONSWAP,0.270000011,97-503-1409,6.19400358,0.0167238098,stationary,eval,,stationary_jonswap_H0_270_L14_047_A30_00_P60_00,records/eval_stationary_jonswap_H0_270_L14_047_A30_00_P60_00_97-503-1409.csv
HPDI-classic float32,JONSWAP,0.270000011,97-503-1409,6.19400549,0.0167238154,stationary,eval,,stationary_jonswap_H0_270_L14_047_A30_00_P60_00,records/eval_stationary_jonswap_H0_270_L14_047_A30_00_P60_00_97-503-1409.csv
HPDI-compensated,JONSWAP,0.270000011,97-503-1409,4.89942741,0.0132284546,stationary,eval,,stationary_jonswap_H0_270_L14_047_A30_00_P60_00,records/eval_stationary_jonswap_H0_270_L14_047_A30_00_P60_00_97-503-1409.csv
HPDI-compensated float32,JONSWAP,0.270000011,97-503-1409,4.89949322,0.0132286316,stationary,eval,,stationary_jonswap_H0_270_L14_047_A30_00_P60_00,records/eval_stationary_jonswap_H0_270_L14_047_A30_00_P60_00_97-503-1409.csv
FDDI,JONSWAP,1.5,97-503-1409,1.88208485,0.0282312743,stationary,eval,,stationary_jonswap_H1_500_L50_710_A_30_00_P120_00,records/eval_stationary_jonswap_H1_500_L50_710_A_30_00_P120_00_97-503-1409.csv
HPDI-classic,JONSWAP,1.5,97-503-1409,7.79554272,0.116933145,stationary,eval,,stationary_jonswap_H1_500_L50_710_A_30_00_P120_00,records/eval_stationary_jonswap_H1_500_L50_710_A_30_00_P120_00_97-503-1409.csv
HPDI-classic float32,JONSWAP,1.5,97-503-1409,7.79552937,0.116932943,stationary,eval,,stationary_jonswap_H1_500_L50_710_A_30_00_P120_00,records/eval_stationary_jonswap_H1_500_L50_710_A_30_00_P120_00_97-503-1409.csv
HPDI-compensated,JONSWAP,1.5,97-503-1409,5.5936265,0.0839044005,stationary,eval,,stationary_jonswap_H1_500_L50_710_A_30_00_P120_00,records/eval_stationary_jonswap_H1_500_L50_710_A_30_00_P120_00_97-503-1409.csv
HPDI-compensated float32,JONSWAP,1.5,97-503-1409,5.59368324,0.0839052498,stationary,eval,,stationary_jonswap_H1_500_L50_710_A_30_00_P120_00,records/eval_stationary_jonswap_H1_500_L50_710_A_30_00_P120_00_97-503-1409.csv
FDDI,JONSWAP,4,97-503-1409,1.18932676,0.047573071,stationary,eval,,stationary_jonswap_H4_000_L112_766_A30_00_P30_00,records/eval_stationary_jonswap_H4_000_L112_766_A30_00_P30_00_97-503-1409.csv
HPDI-classic,JONSWAP,4,97-503-1409,7.3964262,0.295857042,stationary,eval,,stationary_jonswap_H4_000_L112_766_A30_00_P30_00,records/eval_stationary_jonswap_H4_000_L112_766_A30_00_P30_00_97-503-1409.csv
HPDI-classic float32,JONSWAP,4,97-503-1409,7.39641094,0.295856446,stationary,eval,,stationary_jonswap_H4_000_L112_766_A30_00_P30_00,records/eval_stationary_jonswap_H4_000_L112_766_A30_00_P30_00_97-503-1409.csv
HPDI-compensated,JONSWAP,4,97-503-1409,4.7198534,0.188794136,stationary,eval,,stationary_jonswap_H4_000_L112_766_A30_00_P30_00,records/eval_stationary_jonswap_H4_000_L112_766_A30_00_P30_00_97-503-1409.csv
HPDI-compensated float32,JONSWAP,4,97-503-1409,4.71991539,0.18879661,stationary,eval,,stationary_jonswap_H4_000_L112_766_A30_00_P30_00,records/eval_stationary_jonswap_H4_000_L112_766_A30_00_P30_00_97-503-1409.csv
FDDI,JONSWAP,8.5,97-503-1409,2.29007626,0.194656476,stationary,eval,,stationary_jonswap_H8_500_L202_839_A_30_00_P72_00,records/eval_stationary_jonswap_H8_500_L202_839_A_30_00_P72_00_97-503-1409.csv
HPDI-classic,JONSWAP,8.5,97-503-1409,7.60006905,0.646005869,stationary,eval,,stationary_jonswap_H8_500_L202_839_A_30_00_P72_00,records/eval_stationary_jonswap_H8_500_L202_839_A_30_00_P72_00_97-503-1409.csv
HPDI-classic float32,JONSWAP,8.5,97-503-1409,7.60005188,0.646004438,stationary,eval,,stationary_jonswap_H8_500_L202_839_A_30_00_P72_00,records/eval_stationary_jonswap_H8_500_L202_839_A_30_00_P72_00_97-503-1409.csv
HPDI-compensated,JONSWAP,8.5,97-503-1409,4.38548708,0.372766405,stationary,eval,,stationary_jonswap_H8_500_L202_839_A_30_00_P72_00,records/eval_stationary_jonswap_H8_500_L202_839_A_30_00_P72_00_97-503-1409.csv
HPDI-compensated float32,JONSWAP,8.5,97-503-1409,4.3855834,0.372774601,stationary,eval,,stationary_jonswap_H8_500_L202_839_A_30_00_P72_00,records/eval_stationary_jonswap_H8_500_L202_839_A_30_00_P72_00_97-503-1409.csv
FDDI,PM-Stokes,0.270000011,97-503-1409,0.734579861,0.00198336574,stationary,eval,,stationary_pmstokes_H0_270_L14_047_A30_00_P60_00,records/eval_stationary_pmstokes_H0_270_L14_047_A30_00_P60_00_97-503-1409.csv
HPDI-classic,PM-Stokes,0.270000011,97-503-1409,6.12397575,0.0165347345,stationary,eval,,stationary_pmstokes_H0_270_L14_047_A30_00_P60_00,records/eval_stationary_pmstokes_H0_270_L14_047_A30_00_P60_00_97-503-1409.csv
HPDI-classic float32,PM-Stokes,0.270000011,97-503-1409,6.12399149,0.0165347774,stationary,eval,,stationary_pmstokes_H0_270_L14_047_A30_00_P60_00,records/eval_stationary_pmstokes_H0_270_L14_047_A30_00_P60_00_97-503-1409.csv
HPDI-compensated,PM-Stokes,0.270000011,97-503-1409,5.14798975,0.0138995731,stationary,eval,,stationary_pmstokes_H0_270_L14_047_A30_00_P60_00,records/eval_stationary_pmstokes_H0_270_L14_047_A30_00_P60_00_97-503-1409.csv
HPDI-compensated float32,PM-Stokes,0.270000011,97-503-1409,5.14804983,0.0138997342,stationary,eval,,stationary_pmstokes_H0_270_L14_047_A30_00_P60_00,records/eval_stationary_pmstokes_H0_270_L14_047_A30_00_P60_00_97-503-1409.csv
FDDI,PM-Stokes,1.5,97-503-1409,1.83949029,0.0275923554,stationary,eval,,stationary_pmstokes_H1_500_L50_710_A_30_00_P120_00,records/eval_stationary_pmstokes_H1_500_L50_710_A_30_00_P120_00_97-503-1409.csv
HPDI-classic,PM-Stokes,1.5,97-503-1409,7.77724075,0.116658613,stationary,eval,,stationary_pmstokes_H1_500_L50_710_A_30_00_P120_00,records/eval_stationary_pmstokes_H1_500_L50_710_A_30_00_P120_00_97-503-1409.csv
HPDI-classic float32,PM-Stokes,1.5,97-503-1409,7.77720451,0.116658069,stationary,eval,,stationary_pmstokes_H1_500_L50_710_A_30_00_P120_00,records/eval_stationary_pmstokes_H1_500_L50_710_A_30_00_P120_00_97-503-1409.csv
HPDI-compensated,PM-Stokes,1.5,97-503-1409,5.46781635,0.0820172504,stationary,eval,,stationary_pmstokes_H1_500_L50_710_A_30_00_P120_00,records/eval_stationary_pmstokes_H1_500_L50_710_A_30_00_P120_00_97-503-1409.csv
HPDI-compensated float32,PM-Stokes,1.5,97-503-1409,5.46788406,0.0820182636,stationary,eval,,stationary_pmstokes_H1_500_L50_710_A_30_00_P120_00,records/eval_stationary_pmstokes_H1_500_L50_710_A_30_00_P120_00_97-503-1409.csv
FDDI,PM-Stokes,4,97-503-1409,1.42708874,0.0570835471,stationary,eval,,stationary_pmstokes_H4_000_L112_766_A30_00_P30_00,records/eval_stationary_pmstokes_H4_000_L112_766_A30_00_P30_00_97-503-1409.csv
HPDI-classic,PM-Stokes,4,97-503-1409,7.6302042,0.305208176,stationary,eval,,stationary_pmstokes_H4_000_L112_766_A30_00_P30_00,records/eval_stationary_pmstokes_H4_000_L112_766_A30_00_P30_00_97-503-1409.csv
HPDI-classic float32,PM-Stokes,4,97-503-1409,7.63017988,0.305207193,stationary,eval,,stationary_pmstokes_H4_000_L112_766_A30_00_P30_00,records/eval_stationary_pmstokes_H4_000_L112_766_A30_00_P30_00_97-503-1409.csv
HPDI-compensated,PM-Stokes,4,97-503-1409,4.72090006,0.188836008,stationary,eval,,stationary_pmstokes_H4_000_L112_766_A30_00_P30_00,records/eval_stationary_pmstokes_H4_000_L112_766_A30_00_P30_00_97-503-1409.csv
HPDI-compensated float32,PM-Stokes,4,97-503-1409,4.72093153,0.18883726,stationary,eval,,stationary_pmstokes_H4_000_L112_766_A30_00_P30_00,records/eval_stationary_pmstokes_H4_000_L112_766_A30_00_P30_00_97-503-1409.csv
FDDI,PM-Stokes,8.5,97-503-1409,2.05854154,0.174976036,stationary,eval,,stationary_pmstokes_H8_500_L202_839_A_30_00_P72_00,records/eval_stationary_pmstokes_H8_500_L202_839_A_30_00_P72_00_97-503-1409.csv
HPDI-classic,PM-Stokes,8.5,97-503-1409,7.80632925,0.663537979,stationary,eval,,stationary_pmstokes_H8_500_L202_839_A_30_00_P72_00,records/eval_stationary_pmstokes_H8_500_L202_839_A_30_00_P72_00_97-503-1409.csv
HPDI-classic float32,PM-Stokes,8.5,97-503-1409,7.80630779,0.663536191,stationary,eval,,stationary_pmstokes_H8_500_L202_839_A_30_00_P72_00,records/eval_stationary_pmstokes_H8_500_L202_839_A_30_00_P72_00_97-503-1409.csv
HPDI-compensated,PM-Stokes,8.5,97-503-1409,5.13417101,0.436404526,stationary,eval,,stationary_pmstokes_H8_500_L202_839_A_30_00_P72_00,records/eval_stationary_pmstokes_H8_500_L202_839_A_30_00_P72_00_97-503-1409.csv
HPDI-compensated float32,PM-Stokes,8.5,97-503-1409,5.13426447,0.436412483,stationary,eval,,stationary_pmstokes_H8_500_L202_839_A_30_00_P72_00,records/eval_stationary_pmstokes_H8_500_L202_839_A_30_00_P72_00_97-503-1409.csv
FDDI,Crossfade,4,97-503-1409,1.41496933,0.0565987751,crossfade,eval,,nonstationary_H1_5_to_H4_0_Tp5_7_to_11_4,records/eval_crossfade_97-503-1409.csv
FDDI,Crossfade,4,97-503-1409,0.487198949,0.0194879584,crossfade,eval,start,nonstationary_H1_5_to_H4_0_Tp5_7_to_11_4,records/eval_crossfade_97-503-1409.csv
FDDI,Crossfade,4,97-503-1409,0.881398678,0.0352559462,crossfade,eval,blend,nonstationary_H1_5_to_H4_0_Tp5_7_to_11_4,records/eval_crossfade_97-503-1409.csv
FDDI,Crossfade,4,97-503-1409,0.646746993,0.0258698799,crossfade,eval,recover,nonstationary_H1_5_to_H4_0_Tp5_7_to_11_4,records/eval_crossfade_97-503-1409.csv
FDDI,Crossfade,4,97-503-1409,1.95274293,0.0781097189,crossfade,eval,end,nonstationary_H1_5_to_H4_0_Tp5_7_to_11_4,records/eval_crossfade_97-503-1409.csv
HPDI-classic,Crossfade,4,97-503-1409,6.70413303,0.26816532,crossfade,eval,,nonstationary_H1_5_to_H4_0_Tp5_7_to_11_4,records/eval_crossfade_97-503-1409.csv
HPDI-classic,Crossfade,4,97-503-1409,2.93651223,0.117460489,crossfade,eval,start,nonstationary_H1_5_to_H4_0_Tp5_7_to_11_4,records/eval_crossfade_97-503-1409.csv
HPDI-classic,Crossfade,4,97-503-1409,7.05856609,0.282342643,crossfade,eval,blend,nonstationary_H1_5_to_H4_0_Tp5_7_to_11_4,records/eval_crossfade_97-503-1409.csv
HPDI-classic,Crossfade,4,97-503-1409,6.5008378,0.260033518,crossfade,eval,recover,nonstationary_H1_5_to_H4_0_Tp5_7_to_11_4,records/eval_crossfade_97-503-1409.csv
HPDI-classic,Crossfade,4,97-503-1409,8.06690502,0.322676212,crossfade,eval,end,nonstationary_H1_5_to_H4_0_Tp5_7_to_11_4,records/eval_crossfade_97-503-1409.csv
HPDI-classic float32,Crossfade,4,97-503-1409,6.70410776,0.268164307,crossfade,eval,,nonstationary_H1_5_to_H4_0_Tp5_7_to_11_4,records/eval_crossfade_97-503-1409.csv
HPDI-classic float32,Crossfade,4,97-503-1409,2.93650937,0.117460378,crossfade,eval,start,nonstationary_H1_5_to_H4_0_Tp5_7_to_11_4,records/eval_crossfade_97-503-1409.csv
HPDI-classic float32,Crossfade,4,97-503-1409,7.05851316,0.282340527,crossfade,eval,blend,nonstationary_H1_5_to_H4_0_Tp5_7_to_11_4,records/eval_crossfade_97-503-1409.csv
HPDI-classic float32,Crossfade,4,97-503-1409,6.50084782,0.260033906,crossfade,eval,recover,nonstationary_H1_5_to_H4_0_Tp5_7_to_11_4,records/eval_crossfade_97-503-1409.csv
HPDI-classic float32,Crossfade,4,97-503-1409,8.06687069,0.322674841,crossfade,eval,end,nonstationary_H1_5_to_H4_0_Tp5_7_to_11_4,records/eval_crossfade_97-503-1409.csv
HPDI-compensated,Crossfade,4,97-503-1409,5.08998966,0.203599587,crossfade,eval,,nonstationary_H1_5_to_H4_0_Tp5_7_to_11_4,records/eval_crossfade_97-503-1409.csv
HPDI-compensated,Crossfade,4,97-503-1409,2.07063842,0.082825534,crossfade,eval,start,nonstationary_H1_5_to_H4_0_Tp5_7_to_11_4,records/eval_crossfade_97-503-1409.csv
HPDI-compensated,Crossfade,4,97-503-1409,7.67865467,0.307146192,crossfade,eval,blend,nonstationary_H1_5_to_H4_0_Tp5_7_to_11_4,records/eval_crossfade_97-503-1409.csv
HPDI-compensated,Crossfade,4,97-503-1409,4.70084381,0.188033745,crossfade,eval,recover,nonstationary_H1_5_to_H4_0_Tp5_7_to_11_4,records/eval_crossfade_97-503-1409.csv
HPDI-compensated,Crossfade,4,97-503-1409,5.46886683,0.218754664,crossfade,eval,end,nonstationary_H1_5_to_H4_0_Tp5_7_to_11_4,records/eval_crossfade_97-503-1409.csv
HPDI-compensated float32,Crossfade,4,97-503-1409,5.08997536,0.203599006,crossfade,eval,,nonstationary_H1_5_to_H4_0_Tp5_7_to_11_4,records/eval_crossfade_97-503-1409.csv
HPDI-compensated float32,Crossfade,4,97-503-1409,2.070714,0.082828559,crossfade,eval,start,nonstationary_H1_5_to_H4_0_Tp5_7_to_11_4,records/eval_crossfade_97-503-1409.csv
HPDI-compensated float32,Crossfade,4,97-503-1409,7.67852163,0.307140857,crossfade,eval,blend,nonstationary_H1_5_to_H4_0_Tp5_7_to_11_4,records/eval_crossfade_97-503-1409.csv
HPDI-compensated float32,Crossfade,4,97-503-1409,4.70078087,0.188031241,crossfade,eval,recover,nonstationary_H1_5_to_H4_0_Tp5_7_to_11_4,records/eval_crossfade_97-503-1409.csv
HPDI-compensated float32,Crossfade,4,97-503-1409,5.46889734,0.218755886,crossfade,eval,end,nonstationary_H1_5_to_H4_0_Tp5_7_to_11_4,records/eval_crossfade_97-503-1409.csv
FDDI,LowHighLow,4,97-503-1409,2.68637133,0.107454851,lowhighlow,eval,,roundtrip_H1_5_H4_0_H1_5,records/eval_lowhighlow_97-503-1409.csv
FDDI,LowHighLow,4,97-503-1409,0.675424337,0.0270169731,lowhighlow,eval,low_start,roundtrip_H1_5_H4_0_H1_5,records/eval_lowhighlow_97-503-1409.csv
FDDI,LowHighLow,4,97-503-1409,2.29144359,0.0916577429,lowhighlow,eval,rise,roundtrip_H1_5_H4_0_H1_5,records/eval_lowhighlow_97-503-1409.csv
FDDI,LowHighLow,4,97-503-1409,4.95543289,0.198217317,lowhighlow,eval,high_recover,roundtrip_H1_5_H4_0_H1_5,records/eval_lowhighlow_97-503-1409.csv
FDDI,LowHighLow,4,97-503-1409,3.4791882,0.139167532,lowhighlow,eval,high,roundtrip_H1_5_H4_0_H1_5,records/eval_lowhighlow_97-503-1409.csv
FDDI,LowHighLow,4,97-503-1409,2.60233879,0.104093552,lowhighlow,eval,fall,roundtrip_H1_5_H4_0_H1_5,records/eval_lowhighlow_97-503-1409.csv
FDDI,LowHighLow,4,97-503-1409,0.605060577,0.0242024232,lowhighlow,eval,low_recover,roundtrip_H1_5_H4_0_H1_5,records/eval_lowhighlow_97-503-1409.csv
FDDI,LowHighLow,4,97-503-1409,0.707153022,0.0282861218,lowhighlow,eval,low_return,roundtrip_H1_5_H4_0_H1_5,records/eval_lowhighlow_97-503-1409.csv
HPDI-classic,LowHighLow,4,97-503-1409,5.8602767,0.234411061,lowhighlow,eval,,roundtrip_H1_5_H4_0_H1_5,records/eval_lowhighlow_97-503-1409.csv
HPDI-classic,LowHighLow,4,97-503-1409,3.21806407,0.128722563,lowhighlow,eval,low_start,roundtrip_H1_5_H4_0_H1_5,records/eval_lowhighlow_97-503-1409.csv
HPDI-classic,LowHighLow,4,97-503-1409,6.09555626,0.243822247,lowhighlow,eval,rise,roundtrip_H1_5_H4_0_H1_5,records/eval_lowhighlow_97-503-1409.csv
HPDI-classic,LowHighLow,4,97-503-1409,9.68703938,0.38748157,lowhighlow,eval,high_recover,roundtrip_H1_5_H4_0_H1_5,records/eval_lowhighlow_97-503-1409.csv
HPDI-classic,LowHighLow,4,97-503-1409,6.29702139,0.251880854,lowhighlow,eval,high,roundtrip_H1_5_H4_0_H1_5,records/eval_lowhighlow_97-503-1409.csv
HPDI-classic,LowHighLow,4,97-503-1409,6.83735895,0.273494363,lowhighlow,eval,fall,roundtrip_H1_5_H4_0_H1_5,records/eval_lowhighlow_97-503-1409.csv
HPDI-classic,LowHighLow,4,97-503-1409,2.89292216,0.115716882,lowhighlow,eval,low_recover,roundtrip_H1_5_H4_0_H1_5,records/eval_lowhighlow_97-503-1409.csv
HPDI-classic,LowHighLow,4,97-503-1409,2.73644376,0.109457746,lowhighlow,eval,low_return,roundtrip_H1_5_H4_0_H1_5,records/eval_lowhighlow_97-503-1409.csv
HPDI-classic float32,LowHighLow,4,97-503-1409,5.8602767,0.234411061,lowhighlow,eval,,roundtrip_H1_5_H4_0_H1_5,records/eval_lowhighlow_97-503-1409.csv
HPDI-classic float32,LowHighLow,4,97-503-1409,3.21805549,0.128722221,lowhighlow,eval,low_start,roundtrip_H1_5_H4_0_H1_5,records/eval_lowhighlow_97-503-1409.csv
HPDI-classic float32,LowHighLow,4,97-503-1409,6.09550047,0.243820012,lowhighlow,eval,rise,roundtrip_H1_5_H4_0_H1_5,records/eval_lowhighlow_97-503-1409.csv
HPDI-classic float32,LowHighLow,4,97-503-1409,9.68703747,0.387481481,lowhighlow,eval,high_recover,roundtrip_H1_5_H4_0_H1_5,records/eval_lowhighlow_97-503-1409.csv
HPDI-classic float32,LowHighLow,4,97-503-1409,6.29703236,0.251881301,lowhighlow,eval,high,roundtrip_H1_5_H4_0_H1_5,records/eval_lowhighlow_97-503-1409.csv
HPDI-classic float32,LowHighLow,4,97-503-1409,6.83739042,0.273495615,lowhighlow,eval,fall,roundtrip_H1_5_H4_0_H1_5,records/eval_lowhighlow_97-503-1409.csv
HPDI-classic float32,LowHighLow,4,97-503-1409,2.89291906,0.115716763,lowhighlow,eval,low_recover,roundtrip_H1_5_H4_0_H1_5,records/eval_lowhighlow_97-503-1409.csv
HPDI-classic float32,LowHighLow,4,97-503-1409,2.73644209,0.109457687,lowhighlow,eval,low_return,roundtrip_H1_5_H4_0_H1_5,records/eval_lowhighlow_97-503-1409.csv
HPDI-compensated,LowHighLow,4,97-503-1409,4.70283985,0.1881136,lowhighlow,eval,,roundtrip_H1_5_H4_0_H1_5,records/eval_lowhighlow_97-503-1409.csv
HPDI-compensated,LowHighLow,4,97-503-1409,2.23112202,0.0892448798,lowhighlow,eval,low_start,roundtrip_H1_5_H4_0_H1_5,records/eval_lowhighlow_97-503-1409.csv
HPDI-compensated,LowHighLow,4,97-503-1409,5.31971693,0.212788686,lowhighlow,eval,rise,roundtrip_H1_5_H4_0_H1_5,records/eval_lowhighlow_97-503-1409.csv
HPDI-compensated,LowHighLow,4,97-503-1409,7.07232714,0.282893091,lowhighlow,eval,high_recover,roundtrip_H1_5_H4_0_H1_5,records/eval_lowhighlow_97-503-1409.csv
HPDI-compensated,LowHighLow,4,97-503-1409,4.72566223,0.18902649,lowhighlow,eval,high,roundtrip_H1_5_H4_0_H1_5,records/eval_lowhighlow_97-503-1409.csv
HPDI-compensated,LowHighLow,4,97-503-1409,6.4081378,0.256325513,lowhighlow,eval,fall,roundtrip_H1_5_H4_0_H1_5,records/eval_lowhighlow_97-503-1409.csv
HPDI-compensated,LowHighLow,4,97-503-1409,2.06205273,0.082482107,lowhighlow,eval,low_recover,roundtrip_H1_5_H4_0_H1_5,records/eval_lowhighlow_97-503-1409.csv
HPDI-compensated,LowHighLow,4,97-503-1409,2.50026274,0.100010507,lowhighlow,eval,low_return,roundtrip_H1_5_H4_0_H1_5,records/eval_lowhighlow_97-503-1409.csv
HPDI-compensated float32,LowHighLow,4,97-503-1409,4.70277548,0.188111022,lowhighlow,eval,,roundtrip_H1_5_H4_0_H1_5,records/eval_lowhighlow_97-503-1409.csv
HPDI-compensated float32,LowHighLow,4,97-503-1409,2.23118973,0.0892475843,lowhighlow,eval,low_start,roundtrip_H1_5_H4_0_H1_5,records/eval_lowhighlow_97-503-1409.csv
HPDI-compensated float32,LowHighLow,4,97-503-1409,5.31972265,0.21278891,lowhighlow,eval,rise,roundtrip_H1_5_H4_0_H1_5,records/eval_lowhighlow_97-503-1409.csv
HPDI-compensated float32,LowHighLow,4,97-503-1409,7.07194281,0.282877713,lowhighlow,eval,high_recover,roundtrip_H1_5_H4_0_H1_5,records/eval_lowhighlow_97-503-1409.csv
HPDI-compensated float32,LowHighLow,4,97-503-1409,4.72554207,0.189021677,lowhighlow,eval,high,roundtrip_H1_5_H4_0_H1_5,records/eval_lowhighlow_97-503-1409.csv
HPDI-compensated float32,LowHighLow,4,97-503-1409,6.40818167,0.256327271,lowhighlow,eval,fall,roundtrip_H1_5_H4_0_H1_5,records/eval_lowhighlow_97-503-1409.csv
HPDI-compensated float32,LowHighLow,4,97-503-1409,2.06211591,0.0824846402,lowhighlow,eval,low_recover,roundtrip_H1_5_H4_0_H1_5,records/eval_lowhighlow_97-503-1409.csv
HPDI-compensated float32,LowHighLow,4,97-503-1409,2.50033259,0.100013308,lowhighlow,eval,low_return,roundtrip_H1_5_H4_0_H1_5,records/eval_lowhighlow_97-503-1409.csv
FDDI,JONSWAP,0.0500000007,97-503-1409,2.05013943,0.00102506974,low_motion,eval,,low_motion_H0_050,records/eval_lowmotion_97-503-1409.csv
HPDI-classic,JONSWAP,0.0500000007,97-503-1409,133.514587,0.0667572916,low_motion,eval,,low_motion_H0_050,records/eval_lowmotion_97-503-1409.csv
HPDI-classic float32,JONSWAP,0.0500000007,97-503-1409,133.516251,0.066758126,low_motion,eval,,low_motion_H0_050,records/eval_lowmotion_97-503-1409.csv
HPDI-compensated,JONSWAP,0.0500000007,97-503-1409,178.279648,0.0891398266,low_motion,eval,,low_motion_H0_050,records/eval_lowmotion_97-503-1409.csv
HPDI-compensated float32,JONSWAP,0.0500000007,97-503-1409,178.278641,0.08913932,low_motion,eval,,low_motion_H0_050,records/eval_lowmotion_97-503-1409.csv
FDDI,Crossfade,4,97-503-1409,1.43077612,0.0572310463,ramp,eval,,rapid_H1_5_to_H4_0,records/eval_ramp_97-503-1409.csv
FDDI,Crossfade,4,97-503-1409,0.522517443,0.0209006965,ramp,eval,start,rapid_H1_5_to_H4_0,records/eval_ramp_97-503-1409.csv
FDDI,Crossfade,4,97-503-1409,1.31566846,0.0526267402,ramp,eval,blend,rapid_H1_5_to_H4_0,records/eval_ramp_97-503-1409.csv
FDDI,Crossfade,4,97-503-1409,1.11542904,0.0446171612,ramp,eval,recover,rapid_H1_5_to_H4_0,records/eval_ramp_97-503-1409.csv
FDDI,Crossfade,4,97-503-1409,1.73742378,0.069496952,ramp,eval,end,rapid_H1_5_to_H4_0,records/eval_ramp_97-503-1409.csv
HPDI-classic,Crossfade,4,97-503-1409,6.87219858,0.274887949,ramp,eval,,rapid_H1_5_to_H4_0,records/eval_ramp_97-503-1409.csv
HPDI-classic,Crossfade,4,97-503-1409,3.16786909,0.126714766,ramp,eval,start,rapid_H1_5_to_H4_0,records/eval_ramp_97-503-1409.csv
HPDI-classic,Crossfade,4,97-503-1409,6.12022877,0.244809151,ramp,eval,blend,rapid_H1_5_to_H4_0,records/eval_ramp_97-503-1409.csv
HPDI-classic,Crossfade,4,97-503-1409,12.3671398,0.49468559,ramp,eval,recover,rapid_H1_5_to_H4_0,records/eval_ramp_97-503-1409.csv
HPDI-classic,Crossfade,4,97-503-1409,7.81915045,0.312766016,ramp,eval,end,rapid_H1_5_to_H4_0,records/eval_ramp_97-503-1409.csv
HPDI-classic float32,Crossfade,4,97-503-1409,6.8721714,0.274886847,ramp,eval,,rapid_H1_5_to_H4_0,records/eval_ramp_97-503-1409.csv
HPDI-classic float32,Crossfade,4,97-503-1409,3.16786766,0.126714706,ramp,eval,start,rapid_H1_5_to_H4_0,records/eval_ramp_97-503-1409.csv
HPDI-classic float32,Crossfade,4,97-503-1409,6.12021589,0.244808629,ramp,eval,blend,rapid_H1_5_to_H4_0,records/eval_ramp_97-503-1409.csv
HPDI-classic float32,Crossfade,4,97-503-1409,12.3670378,0.494681507,ramp,eval,recover,rapid_H1_5_to_H4_0,records/eval_ramp_97-503-1409.csv
HPDI-classic float32,Crossfade,4,97-503-1409,7.81912231,0.312764883,ramp,eval,end,rapid_H1_5_to_H4_0,records/eval_ramp_97-503-1409.csv
HPDI-compensated,Crossfade,4,97-503-1409,5.7748847,0.230995387,ramp,eval,,rapid_H1_5_to_H4_0,records/eval_ramp_97-503-1409.csv
HPDI-compensated,Crossfade,4,97-503-1409,2.24083757,0.0896335021,ramp,eval,start,rapid_H1_5_to_H4_0,records/eval_ramp_97-503-1409.csv
HPDI-compensated,Crossfade,4,97-503-1409,3.85743523,0.154297411,ramp,eval,blend,rapid_H1_5_to_H4_0,records/eval_ramp_97-503-1409.csv
HPDI-compensated,Crossfade,4,97-503-1409,19.0940895,0.763763607,ramp,eval,recover,rapid_H1_5_to_H4_0,records/eval_ramp_97-503-1409.csv
HPDI-compensated,Crossfade,4,97-503-1409,5.56693697,0.222677484,ramp,eval,end,rapid_H1_5_to_H4_0,records/eval_ramp_97-503-1409.csv
HPDI-compensated float32,Crossfade,4,97-503-1409,5.77486849,0.230994731,ramp,eval,,rapid_H1_5_to_H4_0,records/eval_ramp_97-503-1409.csv
HPDI-compensated float32,Crossfade,4,97-503-1409,2.24090862,0.0896363482,ramp,eval,start,rapid_H1_5_to_H4_0,records/eval_ramp_97-503-1409.csv
HPDI-compensated float32,Crossfade,4,97-503-1409,3.85740328,0.15429613,ramp,eval,blend,rapid_H1_5_to_H4_0,records/eval_ramp_97-503-1409.csv
HPDI-compensated float32,Crossfade,4,97-503-1409,19.0935555,0.763742208,ramp,eval,recover,rapid_H1_5_to_H4_0,records/eval_ramp_97-503-1409.csv
HPDI-compensated float32,Crossfade,4,97-503-1409,5.56698513,0.222679406,ramp,eval,end,rapid_H1_5_to_H4_0,records/eval_ramp_97-503-1409.csv
FDDI,JONSWAP,0.270000011,131-601-1511,0.265462548,0.00071674888,stationary,eval,,stationary_jonswap_H0_270_L14_047_A30_00_P60_00,records/eval_stationary_jonswap_H0_270_L14_047_A30_00_P60_00_131-601-1511.csv
HPDI-classic,JONSWAP,0.270000011,131-601-1511,6.59818411,0.0178150982,stationary,eval,,stationary_jonswap_H0_270_L14_047_A30_00_P60_00,records/eval_stationary_jonswap_H0_270_L14_047_A30_00_P60_00_131-601-1511.csv
HPDI-classic float32,JONSWAP,0.270000011,131-601-1511,6.59826899,0.0178153273,stationary,eval,,stationary_jonswap_H0_270_L14_047_A30_00_P60_00,records/eval_stationary_jonswap_H0_270_L14_047_A30_00_P60_00_131-601-1511.csv
HPDI-compensated,JONSWAP,0.270000011,131-601-1511,5.69619894,0.0153797381,stationary,eval,,stationary_jonswap_H0_270_L14_047_A30_00_P60_00,records/eval_stationary_jonswap_H0_270_L14_047_A30_00_P60_00_131-601-1511.csv
HPDI-compensated float32,JONSWAP,0.270000011,131-601-1511,5.69636631,0.0153801888,stationary,eval,,stationary_jonswap_H0_270_L14_047_A30_00_P60_00,records/eval_stationary_jonswap_H0_270_L14_047_A30_00_P60_00_131-601-1511.csv
FDDI,JONSWAP,1.5,131-601-1511,1.6802187,0.025203282,stationary,eval,,stationary_jonswap_H1_500_L50_710_A_30_00_P120_00,records/eval_stationary_jonswap_H1_500_L50_710_A_30_00_P120_00_131-601-1511.csv
HPDI-classic,JONSWAP,1.5,131-601-1511,7.92660809,0.118899129,stationary,eval,,stationary_jonswap_H1_500_L50_710_A_30_00_P120_00,records/eval_stationary_jonswap_H1_500_L50_710_A_30_00_P120_00_131-601-1511.csv
HPDI-classic float32,JONSWAP,1.5,131-601-1511,7.92661858,0.118899286,stationary,eval,,stationary_jonswap_H1_500_L50_710_A_30_00_P120_00,records/eval_stationary_jonswap_H1_500_L50_710_A_30_00_P120_00_131-601-1511.csv
HPDI-compensated,JONSWAP,1.5,131-601-1511,5.86960173,0.0880440325,stationary,eval,,stationary_jonswap_H1_500_L50_710_A_30_00_P120_00,records/eval_stationary_jonswap_H1_500_L50_710_A_30_00_P120_00_131-601-1511.csv
HPDI-compensated float32,JONSWAP,1.5,131-601-1511,5.86961794,0.0880442709,stationary,eval,,stationary_jonswap_H1_500_L50_710_A_30_00_P120_00,records/eval_stationary_jonswap_H1_500_L50_710_A_30_00_P120_00_131-601-1511.csv
FDDI,JONSWAP,4,131-601-1511,0.972312808,0.0388925113,stationary,eval,,stationary_jonswap_H4_000_L112_766_A30_00_P30_00,records/eval_stationary_jonswap_H4_000_L112_766_A30_00_P30_00_131-601-1511.csv
HPDI-classic,JONSWAP,4,131-601-1511,7.76748896,0.310699552,stationary,eval,,stationary_jonswap_H4_000_L112_766_A30_00_P30_00,records/eval_stationary_jonswap_H4_000_L112_766_A30_00_P30_00_131-601-1511.csv
HPDI-classic float32,JONSWAP,4,131-601-1511,7.76746035,0.31069842,stationary,eval,,stationary_jonswap_H4_000_L112_766_A30_00_P30_00,records/eval_stationary_jonswap_H4_000_L112_766_A30_00_P30_00_131-601-1511.csv
HPDI-compensated,JONSWAP,4,131-601-1511,4.47883844,0.179153547,stationary,eval,,stationary_jonswap_H4_000_L112_766_A30_00_P30_00,records/eval_stationary_jonswap_H4_000_L112_766_A30_00_P30_00_131-601-1511.csv
HPDI-compensated float32,JONSWAP,4,131-601-1511,4.47890139,0.17915605,stationary,eval,,stationary_jonswap_H4_000_L112_766_A30_00_P30_00,records/eval_stationary_jonswap_H4_000_L112_766_A30_00_P30_00_131-601-1511.csv
FDDI,JONSWAP,8.5,131-601-1511,1.46108925,0.124192588,stationary,eval,,stationary_jonswap_H8_500_L202_839_A_30_00_P72_00,records/eval_stationary_jonswap_H8_500_L202_839_A_30_00_P72_00_131-601-1511.csv
HPDI-classic,JONSWAP,8.5,131-601-1511,8.01483059,0.681260645,stationary,eval,,stationary_jonswap_H8_500_L202_839_A_30_00_P72_00,records/eval_stationary_jonswap_H8_500_L202_839_A_30_00_P72_00_131-601-1511.csv
HPDI-classic float32,JONSWAP,8.5,131-601-1511,8.01480103,0.681258082,stationary,eval,,stationary_jonswap_H8_500_L202_839_A_30_00_P72_00,records/eval_stationary_jonswap_H8_500_L202_839_A_30_00_P72_00_131-601-1511.csv
HPDI-compensated,JONSWAP,8.5,131-601-1511,4.59140825,0.390269697,stationary,eval,,stationary_jonswap_H8_500_L202_839_A_30_00_P72_00,records/eval_stationary_jonswap_H8_500_L202_839_A_30_00_P72_00_131-601-1511.csv
HPDI-compensated float32,JONSWAP,8.5,131-601-1511,4.59146929,0.390274912,stationary,eval,,stationary_jonswap_H8_500_L202_839_A_30_00_P72_00,records/eval_stationary_jonswap_H8_500_L202_839_A_30_00_P72_00_131-601-1511.csv
FDDI,PM-Stokes,0.270000011,131-601-1511,0.820178449,0.00221448182,stationary,eval,,stationary_pmstokes_H0_270_L14_047_A30_00_P60_00,records/eval_stationary_pmstokes_H0_270_L14_047_A30_00_P60_00_131-601-1511.csv
HPDI-classic,PM-Stokes,0.270000011,131-601-1511,6.83020639,0.0184415579,stationary,eval,,stationary_pmstokes_H0_270_L14_047_A30_00_P60_00,records/eval_stationary_pmstokes_H0_270_L14_047_A30_00_P60_00_131-601-1511.csv
HPDI-classic float32,PM-Stokes,0.270000011,131-601-1511,6.83027315,0.0184417386,stationary,eval,,stationary_pmstokes_H0_270_L14_047_A30_00_P60_00,records/eval_stationary_pmstokes_H0_270_L14_047_A30_00_P60_00_131-601-1511.csv
HPDI-compensated,PM-Stokes,0.270000011,131-601-1511,6.18933439,0.0167112034,stationary,eval,,stationary_pmstokes_H0_270_L14_047_A30_00_P60_00,records/eval_stationary_pmstokes_H0_270_L14_047_A30_00_P60_00_131-601-1511.csv
HPDI-compensated float32,PM-Stokes,0.270000011,131-601-1511,6.18946886,0.0167115666,stationary,eval,,stationary_pmstokes_H0_270_L14_047_A30_00_P60_00,records/eval_stationary_pmstokes_H0_270_L14_047_A30_00_P60_00_131-601-1511.csv
FDDI,PM-Stokes,1.5,131-601-1511,1.64443135,0.0246664714,stationary,eval,,stationary_pmstokes_H1_500_L50_710_A_30_00_P120_00,records/eval_stationary_pmstokes_H1_500_L50_710_A_30_00_P120_00_131-601-1511.csv
HPDI-classic,PM-Stokes,1.5,131-601-1511,7.85149717,0.11777246,stationary,eval,,stationary_pmstokes_H1_500_L50_710_A_30_00_P120_00,records/eval_stationary_pmstokes_H1_500_L50_710_A_30_00_P120_00_131-601-1511.csv
HPDI-classic float32,PM-Stokes,1.5,131-601-1511,7.85149956,0.117772497,stationary,eval,,stationary_pmstokes_H1_500_L50_710_A_30_00_P120_00,records/eval_stationary_pmstokes_H1_500_L50_710_A_30_00_P120_00_131-601-1511.csv
HPDI-compensated,PM-Stokes,1.5,131-601-1511,5.82738304,0.087410748,stationary,eval,,stationary_pmstokes_H1_500_L50_710_A_30_00_P120_00,records/eval_stationary_pmstokes_H1_500_L50_710_A_30_00_P120_00_131-601-1511.csv
HPDI-compensated float32,PM-Stokes,1.5,131-601-1511,5.82739544,0.0874109343,stationary,eval,,stationary_pmstokes_H1_500_L50_710_A_30_00_P120_00,records/eval_stationary_pmstokes_H1_500_L50_710_A_30_00_P120_00_131-601-1511.csv
FDDI,PM-Stokes,4,131-601-1511,0.680390179,0.0272156075,stationary,eval,,stationary_pmstokes_H4_000_L112_766_A30_00_P30_00,records/eval_stationary_pmstokes_H4_000_L112_766_A30_00_P30_00_131-601-1511.csv
HPDI-classic,PM-Stokes,4,131-601-1511,7.87388086,0.314955235,stationary,eval,,stationary_pmstokes_H4_000_L112_766_A30_00_P30_00,records/eval_stationary_pmstokes_H4_000_L112_766_A30_00_P30_00_131-601-1511.csv
HPDI-classic float32,PM-Stokes,4,131-601-1511,7.87386227,0.314954489,stationary,eval,,stationary_pmstokes_H4_000_L112_766_A30_00_P30_00,records/eval_stationary_pmstokes_H4_000_L112_766_A30_00_P30_00_131-601-1511.csv
HPDI-compensated,PM-Stokes,4,131-601-1511,4.46387386,0.178554952,stationary,eval,,stationary_pmstokes_H4_000_L112_766_A30_00_P30_00,records/eval_stationary_pmstokes_H4_000_L112_766_A30_00_P30_00_131-601-1511.csv
HPDI-compensated float32,PM-Stokes,4,131-601-1511,4.46398163,0.178559259,stationary,eval,,stationary_pmstokes_H4_000_L112_766_A30_00_P30_00,records/eval_stationary_pmstokes_H4_000_L112_766_A30_00_P30_00_131-601-1511.csv
FDDI,PM-Stokes,8.5,131-601-1511,1.59123683,0.135255128,stationary,eval,,stationary_pmstokes_H8_500_L202_839_A_30_00_P72_00,records/eval_stationary_pmstokes_H8_500_L202_839_A_30_00_P72_00_131-601-1511.csv
HPDI-classic,PM-Stokes,8.5,131-601-1511,8.12082767,0.690270364,stationary,eval,,stationary_pmstokes_H8_500_L202_839_A_30_00_P72_00,records/eval_stationary_pmstokes_H8_500_L202_839_A_30_00_P72_00_131-601-1511.csv
HPDI-classic float32,PM-Stokes,8.5,131-601-1511,8.1207943,0.690267503,stationary,eval,,stationary_pmstokes_H8_500_L202_839_A_30_00_P72_00,records/eval_stationary_pmstokes_H8_500_L202_839_A_30_00_P72_00_131-601-1511.csv
HPDI-compensated,PM-Stokes,8.5,131-601-1511,5.29382753,0.449975342,stationary,eval,,stationary_pmstokes_H8_500_L202_839_A_30_00_P72_00,records/eval_stationary_pmstokes_H8_500_L202_839_A_30_00_P72_00_131-601-1511.csv
HPDI-compensated float32,PM-Stokes,8.5,131-601-1511,5.29390955,0.449982315,stationary,eval,,stationary_pmstokes_H8_500_L202_839_A_30_00_P72_00,records/eval_stationary_pmstokes_H8_500_L202_839_A_30_00_P72_00_131-601-1511.csv
FDDI,Crossfade,4,131-601-1511,2.22130394,0.0888521597,crossfade,eval,,nonstationary_H1_5_to_H4_0_Tp5_7_to_11_4,records/eval_crossfade_131-601-1511.csv
FDDI,Crossfade,4,131-601-1511,0.385905206,0.0154362088,crossfade,eval,start,nonstationary_H1_5_to_H4_0_Tp5_7_to_11_4,records/eval_crossfade_131-601-1511.csv
FDDI,Crossfade,4,131-601-1511,0.583032668,0.0233213063,crossfade,eval,blend,nonstationary_H1_5_to_H4_0_Tp5_7_to_11_4,records/eval_crossfade_131-601-1511.csv
FDDI,Crossfade,4,131-601-1511,0.673008502,0.0269203391,crossfade,eval,recover,nonstationary_H1_5_to_H4_0_Tp5_7_to_11_4,records/eval_crossfade_131-601-1511.csv
FDDI,Crossfade,4,131-601-1511,3.20337892,0.12813516,crossfade,eval,end,nonstationary_H1_5_to_H4_0_Tp5_7_to_11_4,records/eval_crossfade_131-601-1511.csv
HPDI-classic,Crossfade,4,131-601-1511,8.43084049,0.337233603,crossfade,eval,,nonstationary_H1_5_to_H4_0_Tp5_7_to_11_4,records/eval_crossfade_131-601-1511.csv
HPDI-classic,Crossfade,4,131-601-1511,2.90986347,0.116394542,crossfade,eval,start,nonstationary_H1_5_to_H4_0_Tp5_7_to_11_4,records/eval_crossfade_131-601-1511.csv
HPDI-classic,Crossfade,4,131-601-1511,13.6897535,0.547590137,crossfade,eval,blend,nonstationary_H1_5_to_H4_0_Tp5_7_to_11_4,records/eval_crossfade_131-601-1511.csv
HPDI-classic,Crossfade,4,131-601-1511,10.2114248,0.408457011,crossfade,eval,recover,nonstationary_H1_5_to_H4_0_Tp5_7_to_11_4,records/eval_crossfade_131-601-1511.csv
HPDI-classic,Crossfade,4,131-601-1511,8.00849915,0.320339978,crossfade,eval,end,nonstationary_H1_5_to_H4_0_Tp5_7_to_11_4,records/eval_crossfade_131-601-1511.csv
HPDI-classic float32,Crossfade,4,131-601-1511,8.43082619,0.337233067,crossfade,eval,,nonstationary_H1_5_to_H4_0_Tp5_7_to_11_4,records/eval_crossfade_131-601-1511.csv
HPDI-classic float32,Crossfade,4,131-601-1511,2.90984964,0.116393983,crossfade,eval,start,nonstationary_H1_5_to_H4_0_Tp5_7_to_11_4,records/eval_crossfade_131-601-1511.csv
HPDI-classic float32,Crossfade,4,131-601-1511,13.6896868,0.547587454,crossfade,eval,blend,nonstationary_H1_5_to_H4_0_Tp5_7_to_11_4,records/eval_crossfade_131-601-1511.csv
HPDI-classic float32,Crossfade,4,131-601-1511,10.2114391,0.408457547,crossfade,eval,recover,nonstationary_H1_5_to_H4_0_Tp5_7_to_11_4,records/eval_crossfade_131-601-1511.csv
HPDI-classic float32,Crossfade,4,131-601-1511,8.00848484,0.320339411,crossfade,eval,end,nonstationary_H1_5_to_H4_0_Tp5_7_to_11_4,records/eval_crossfade_131-601-1511.csv
HPDI-compensated,Crossfade,4,131-601-1511,5.98289871,0.239315942,crossfade,eval,,nonstationary_H1_5_to_H4_0_Tp5_7_to_11_4,records/eval_crossfade_131-601-1511.csv
HPDI-compensated,Crossfade,4,131-601-1511,2.02830315,0.0811321214,crossfade,eval,start,nonstationary_H1_5_to_H4_0_Tp5_7_to_11_4,records/eval_crossfade_131-601-1511.csv
HPDI-compensated,Crossfade,4,131-601-1511,11.0256252,0.441025019,crossfade,eval,blend,nonstationary_H1_5_to_H4_0_Tp5_7_to_11_4,records/eval_crossfade_131-601-1511.csv
HPDI-compensated,Crossfade,4,131-601-1511,6.5450983,0.261803925,crossfade,eval,recover,nonstationary_H1_5_to_H4_0_Tp5_7_to_11_4,records/eval_crossfade_131-601-1511.csv
HPDI-compensated,Crossfade,4,131-601-1511,5.2329936,0.209319741,crossfade,eval,end,nonstationary_H1_5_to_H4_0_Tp5_7_to_11_4,records/eval_crossfade_131-601-1511.csv
HPDI-compensated float32,Crossfade,4,131-601-1511,5.98297215,0.239318877,crossfade,eval,,nonstationary_H1_5_to_H4_0_Tp5_7_to_11_4,records/eval_crossfade_131-601-1511.csv
HPDI-compensated float32,Crossfade,4,131-601-1511,2.02835202,0.0811340809,crossfade,eval,start,nonstationary_H1_5_to_H4_0_Tp5_7_to_11_4,records/eval_crossfade_131-601-1511.csv
HPDI-compensated float32,Crossfade,4,131-601-1511,11.0255737,0.441022933,crossfade,eval,blend,nonstationary_H1_5_to_H4_0_Tp5_7_to_11_4,records/eval_crossfade_131-601-1511.csv
HPDI-compensated float32,Crossfade,4,131-601-1511,6.54508162,0.261803269,crossfade,eval,recover,nonstationary_H1_5_to_H4_0_Tp5_7_to_11_4,records/eval_crossfade_131-601-1511.csv
HPDI-compensated float32,Crossfade,4,131-601-1511,5.23317528,0.209327012,crossfade,eval,end,nonstationary_H1_5_to_H4_0_Tp5_7_to_11_4,records/eval_crossfade_131-601-1511.csv
FDDI,LowHighLow,4,131-601-1511,1.6289562,0.0651582479,lowhighlow,eval,,roundtrip_H1_5_H4_0_H1_5,records/eval_lowhighlow_131-601-1511.csv
FDDI,LowHighLow,4,131-601-1511,0.353075057,0.0141230021,lowhighlow,eval,low_start,roundtrip_H1_5_H4_0_H1_5,records/eval_lowhighlow_131-601-1511.csv
FDDI,LowHighLow,4,131-601-1511,1.91471076,0.0765884295,lowhighlow,eval,rise,roundtrip_H1_5_H4_0_H1_5,records/eval_lowhighlow_131-601-1511.csv
FDDI,LowHighLow,4,131-601-1511,1.10296142,0.0441184565,lowhighlow,eval,high_recover,roundtrip_H1_5_H4_0_H1_5,records/eval_lowhighlow_131-601-1511.csv
FDDI,LowHighLow,4,131-601-1511,2.51377559,0.100551024,lowhighlow,eval,high,roundtrip_H1_5_H4_0_H1_5,records/eval_lowhighlow_131-601-1511.csv
FDDI,LowHighLow,4,131-601-1511,0.910081148,0.0364032462,lowhighlow,eval,fall,roundtrip_H1_5_H4_0_H1_5,records/eval_lowhighlow_131-601-1511.csv
FDDI,LowHighLow,4,131-601-1511,0.698509455,0.0279403776,lowhighlow,eval,low_recover,roundtrip_H1_5_H4_0_H1_5,records/eval_lowhighlow_131-601-1511.csv
FDDI,LowHighLow,4,131-601-1511,1.96992362,0.0787969455,lowhighlow,eval,low_return,roundtrip_H1_5_H4_0_H1_5,records/eval_lowhighlow_131-601-1511.csv
HPDI-classic,LowHighLow,4,131-601-1511,7.17734337,0.287093729,lowhighlow,eval,,roundtrip_H1_5_H4_0_H1_5,records/eval_lowhighlow_131-601-1511.csv
HPDI-classic,LowHighLow,4,131-601-1511,3.11491942,0.124596775,lowhighlow,eval,low_start,roundtrip_H1_5_H4_0_H1_5,records/eval_lowhighlow_131-601-1511.csv
HPDI-classic,LowHighLow,4,131-601-1511,8.45480824,0.338192314,lowhighlow,eval,rise,roundtrip_H1_5_H4_0_H1_5,records/eval_lowhighlow_131-601-1511.csv
HPDI-classic,LowHighLow,4,131-601-1511,10.0068436,0.40027374,lowhighlow,eval,high_recover,roundtrip_H1_5_H4_0_H1_5,records/eval_lowhighlow_131-601-1511.csv
HPDI-classic,LowHighLow,4,131-601-1511,9.93897247,0.397558898,lowhighlow,eval,high,roundtrip_H1_5_H4_0_H1_5,records/eval_lowhighlow_131-601-1511.csv
HPDI-classic,LowHighLow,4,131-601-1511,6.54364729,0.2617459,lowhighlow,eval,fall,roundtrip_H1_5_H4_0_H1_5,records/eval_lowhighlow_131-601-1511.csv
HPDI-classic,LowHighLow,4,131-601-1511,4.50920868,0.180368349,lowhighlow,eval,low_recover,roundtrip_H1_5_H4_0_H1_5,records/eval_lowhighlow_131-601-1511.csv
HPDI-classic,LowHighLow,4,131-601-1511,2.97588396,0.119035356,lowhighlow,eval,low_return,roundtrip_H1_5_H4_0_H1_5,records/eval_lowhighlow_131-601-1511.csv
HPDI-classic float32,LowHighLow,4,131-601-1511,7.17733288,0.287093312,lowhighlow,eval,,roundtrip_H1_5_H4_0_H1_5,records/eval_lowhighlow_131-601-1511.csv
HPDI-classic float32,LowHighLow,4,131-601-1511,3.11489224,0.124595687,lowhighlow,eval,low_start,roundtrip_H1_5_H4_0_H1_5,records/eval_lowhighlow_131-601-1511.csv
HPDI-classic float32,LowHighLow,4,131-601-1511,8.45476532,0.338190615,lowhighlow,eval,rise,roundtrip_H1_5_H4_0_H1_5,records/eval_lowhighlow_131-601-1511.csv
HPDI-classic float32,LowHighLow,4,131-601-1511,10.0068254,0.400273025,lowhighlow,eval,high_recover,roundtrip_H1_5_H4_0_H1_5,records/eval_lowhighlow_131-601-1511.csv
HPDI-classic float32,LowHighLow,4,131-601-1511,9.93899155,0.397559673,lowhighlow,eval,high,roundtrip_H1_5_H4_0_H1_5,records/eval_lowhighlow_131-601-1511.csv
HPDI-classic float32,LowHighLow,4,131-601-1511,6.54364681,0.26174587,lowhighlow,eval,fall,roundtrip_H1_5_H4_0_H1_5,records/eval_lowhighlow_131-601-1511.csv
HPDI-classic float32,LowHighLow,4,131-601-1511,4.50920057,0.180368021,lowhighlow,eval,low_recover,roundtrip_H1_5_H4_0_H1_5,records/eval_lowhighlow_131-601-1511.csv
HPDI-classic float32,LowHighLow,4,131-601-1511,2.97586727,0.119034693,lowhighlow,eval,low_return,roundtrip_H1_5_H4_0_H1_5,records/eval_lowhighlow_131-601-1511.csv
HPDI-compensated,LowHighLow,4,131-601-1511,5.33835554,0.213534221,lowhighlow,eval,,roundtrip_H1_5_H4_0_H1_5,records/eval_lowhighlow_131-601-1511.csv
HPDI-compensated,LowHighLow,4,131-601-1511,2.06831479,0.0827325955,lowhighlow,eval,low_start,roundtrip_H1_5_H4_0_H1_5,records/eval_lowhighlow_131-601-1511.csv
HPDI-compensated,LowHighLow,4,131-601-1511,6.68697882,0.267479151,lowhighlow,eval,rise,roundtrip_H1_5_H4_0_H1_5,records/eval_lowhighlow_131-601-1511.csv
HPDI-compensated,LowHighLow,4,131-601-1511,7.95301867,0.318120748,lowhighlow,eval,high_recover,roundtrip_H1_5_H4_0_H1_5,records/eval_lowhighlow_131-601-1511.csv
HPDI-compensated,LowHighLow,4,131-601-1511,5.95754719,0.238301888,lowhighlow,eval,high,roundtrip_H1_5_H4_0_H1_5,records/eval_lowhighlow_131-601-1511.csv
HPDI-compensated,LowHighLow,4,131-601-1511,5.98248291,0.239299312,lowhighlow,eval,fall,roundtrip_H1_5_H4_0_H1_5,records/eval_lowhighlow_131-601-1511.csv
HPDI-compensated,LowHighLow,4,131-601-1511,3.76336694,0.150534675,lowhighlow,eval,low_recover,roundtrip_H1_5_H4_0_H1_5,records/eval_lowhighlow_131-601-1511.csv
HPDI-compensated,LowHighLow,4,131-601-1511,1.92431438,0.076972574,lowhighlow,eval,low_return,roundtrip_H1_5_H4_0_H1_5,records/eval_lowhighlow_131-601-1511.csv
HPDI-compensated float32,LowHighLow,4,131-601-1511,5.33832264,0.21353291,lowhighlow,eval,,roundtrip_H1_5_H4_0_H1_5,records/eval_lowhighlow_131-601-1511.csv
HPDI-compensated float32,LowHighLow,4,131-601-1511,2.06837034,0.0827348158,lowhighlow,eval,low_start,roundtrip_H1_5_H4_0_H1_5,records/eval_lowhighlow_131-601-1511.csv
HPDI-compensated float32,LowHighLow,4,131-601-1511,6.68694592,0.26747784,lowhighlow,eval,rise,roundtrip_H1_5_H4_0_H1_5,records/eval_lowhighlow_131-601-1511.csv
HPDI-compensated float32,LowHighLow,4,131-601-1511,7.95280409,0.318112165,lowhighlow,eval,high_recover,roundtrip_H1_5_H4_0_H1_5,records/eval_lowhighlow_131-601-1511.csv
HPDI-compensated float32,LowHighLow,4,131-601-1511,5.95753431,0.238301367,lowhighlow,eval,high,roundtrip_H1_5_H4_0_H1_5,records/eval_lowhighlow_131-601-1511.csv
HPDI-compensated float32,LowHighLow,4,131-601-1511,5.98258209,0.239303291,lowhighlow,eval,fall,roundtrip_H1_5_H4_0_H1_5,records/eval_lowhighlow_131-601-1511.csv
HPDI-compensated float32,LowHighLow,4,131-601-1511,3.76336169,0.150534466,lowhighlow,eval,low_recover,roundtrip_H1_5_H4_0_H1_5,records/eval_lowhighlow_131-601-1511.csv
HPDI-compensated float32,LowHighLow,4,131-601-1511,1.92441273,0.0769765079,lowhighlow,eval,low_return,roundtrip_H1_5_H4_0_H1_5,records/eval_lowhighlow_131-601-1511.csv
FDDI,JONSWAP,0.0500000007,131-601-1511,2.21033835,0.00110516918,low_motion,eval,,low_motion_H0_050,records/eval_lowmotion_131-601-1511.csv
HPDI-classic,JONSWAP,0.0500000007,131-601-1511,443.799408,0.221899703,low_motion,eval,,low_motion_H0_050,records/eval_lowmotion_131-601-1511.csv
HPDI-classic float32,JONSWAP,0.0500000007,131-601-1511,443.802246,0.221901119,low_motion,eval,,low_motion_H0_050,records/eval_lowmotion_131-601-1511.csv
HPDI-compensated,JONSWAP,0.0500000007,131-601-1511,475.870148,0.237935081,low_motion,eval,,low_motion_H0_050,records/eval_lowmotion_131-601-1511.csv
HPDI-compensated float32,JONSWAP,0.0500000007,131-601-1511,475.870697,0.237935349,low_motion,eval,,low_motion_H0_050,records/eval_lowmotion_131-601-1511.csv
FDDI,Crossfade,4,131-601-1511,2.22947645,0.0891790614,ramp,eval,,rapid_H1_5_to_H4_0,records/eval_ramp_131-601-1511.csv
FDDI,Crossfade,4,131-601-1511,0.395876765,0.015835071,ramp,eval,start,rapid_H1_5_to_H4_0,records/eval_ramp_131-601-1511.csv
FDDI,Crossfade,4,131-601-1511,0.726862311,0.0290744919,ramp,eval,blend,rapid_H1_5_to_H4_0,records/eval_ramp_131-601-1511.csv
FDDI,Crossfade,4,131-601-1511,0.456370234,0.0182548091,ramp,eval,recover,rapid_H1_5_to_H4_0,records/eval_ramp_131-601-1511.csv
FDDI,Crossfade,4,131-601-1511,2.81781697,0.112712681,ramp,eval,end,rapid_H1_5_to_H4_0,records/eval_ramp_131-601-1511.csv
HPDI-classic,Crossfade,4,131-601-1511,8.945961,0.357838422,ramp,eval,,rapid_H1_5_to_H4_0,records/eval_ramp_131-601-1511.csv
HPDI-classic,Crossfade,4,131-601-1511,3.07978821,0.123191528,ramp,eval,start,rapid_H1_5_to_H4_0,records/eval_ramp_131-601-1511.csv
HPDI-classic,Crossfade,4,131-601-1511,11.2703629,0.450814515,ramp,eval,blend,rapid_H1_5_to_H4_0,records/eval_ramp_131-601-1511.csv
HPDI-classic,Crossfade,4,131-601-1511,23.7355976,0.949423909,ramp,eval,recover,rapid_H1_5_to_H4_0,records/eval_ramp_131-601-1511.csv
HPDI-classic,Crossfade,4,131-601-1511,9.35888672,0.374355465,ramp,eval,end,rapid_H1_5_to_H4_0,records/eval_ramp_131-601-1511.csv
HPDI-classic float32,Crossfade,4,131-601-1511,8.94591331,0.357836515,ramp,eval,,rapid_H1_5_to_H4_0,records/eval_ramp_131-601-1511.csv
HPDI-classic float32,Crossfade,4,131-601-1511,3.07977295,0.123190917,ramp,eval,start,rapid_H1_5_to_H4_0,records/eval_ramp_131-601-1511.csv
HPDI-classic float32,Crossfade,4,131-601-1511,11.2701426,0.450805694,ramp,eval,blend,rapid_H1_5_to_H4_0,records/eval_ramp_131-601-1511.csv
HPDI-classic float32,Crossfade,4,131-601-1511,23.735445,0.94941777,ramp,eval,recover,rapid_H1_5_to_H4_0,records/eval_ramp_131-601-1511.csv
HPDI-classic float32,Crossfade,4,131-601-1511,9.35886002,0.374354392,ramp,eval,end,rapid_H1_5_to_H4_0,records/eval_ramp_131-601-1511.csv
HPDI-compensated,Crossfade,4,131-601-1511,6.71878767,0.268751502,ramp,eval,,rapid_H1_5_to_H4_0,records/eval_ramp_131-601-1511.csv
HPDI-compensated,Crossfade,4,131-601-1511,2.19518948,0.0878075808,ramp,eval,start,rapid_H1_5_to_H4_0,records/eval_ramp_131-601-1511.csv
HPDI-compensated,Crossfade,4,131-601-1511,15.9763222,0.639052868,ramp,eval,blend,rapid_H1_5_to_H4_0,records/eval_ramp_131-601-1511.csv
HPDI-compensated,Crossfade,4,131-601-1511,18.4378223,0.737512887,ramp,eval,recover,rapid_H1_5_to_H4_0,records/eval_ramp_131-601-1511.csv
HPDI-compensated,Crossfade,4,131-601-1511,6.2095027,0.24838011,ramp,eval,end,rapid_H1_5_to_H4_0,records/eval_ramp_131-601-1511.csv
HPDI-compensated float32,Crossfade,4,131-601-1511,6.71881533,0.268752605,ramp,eval,,rapid_H1_5_to_H4_0,records/eval_ramp_131-601-1511.csv
HPDI-compensated float32,Crossfade,4,131-601-1511,2.19522476,0.087808989,ramp,eval,start,rapid_H1_5_to_H4_0,records/eval_ramp_131-601-1511.csv
HPDI-compensated float32,Crossfade,4,131-601-1511,15.9765806,0.639063239,ramp,eval,blend,rapid_H1_5_to_H4_0,records/eval_ramp_131-601-1511.csv
HPDI-compensated float32,Crossfade,4,131-601-1511,18.4368744,0.737474978,ramp,eval,recover,rapid_H1_5_to_H4_0,records/eval_ramp_131-601-1511.csv
HPDI-compensated float32,Crossfade,4,131-601-1511,6.20964289,0.248385713,ramp,eval,end,rapid_H1_5_to_H4_0,records/eval_ramp_131-601-1511.csv
FDDI,JONSWAP,0.270000011,173-701-1601,0.221313283,0.000597545877,stationary,eval,,stationary_jonswap_H0_270_L14_047_A30_00_P60_00,records/eval_stationary_jonswap_H0_270_L14_047_A30_00_P60_00_173-701-1601.csv
HPDI-classic,JONSWAP,0.270000011,173-701-1601,8.62217236,0.0232798662,stationary,eval,,stationary_jonswap_H0_270_L14_047_A30_00_P60_00,records/eval_stationary_jonswap_H0_270_L14_047_A30_00_P60_00_173-701-1601.csv
HPDI-classic float32,JONSWAP,0.270000011,173-701-1601,8.62215137,0.0232798103,stationary,eval,,stationary_jonswap_H0_270_L14_047_A30_00_P60_00,records/eval_stationary_jonswap_H0_270_L14_047_A30_00_P60_00_173-701-1601.csv
HPDI-compensated,JONSWAP,0.270000011,173-701-1601,8.00593758,0.0216160323,stationary,eval,,stationary_jonswap_H0_270_L14_047_A30_00_P60_00,records/eval_stationary_jonswap_H0_270_L14_047_A30_00_P60_00_173-701-1601.csv
HPDI-compensated float32,JONSWAP,0.270000011,173-701-1601,8.00597954,0.021616146,stationary,eval,,stationary_jonswap_H0_270_L14_047_A30_00_P60_00,records/eval_stationary_jonswap_H0_270_L14_047_A30_00_P60_00_173-701-1601.csv
FDDI,JONSWAP,1.5,173-701-1601,2.07390189,0.0311085284,stationary,eval,,stationary_jonswap_H1_500_L50_710_A_30_00_P120_00,records/eval_stationary_jonswap_H1_500_L50_710_A_30_00_P120_00_173-701-1601.csv
HPDI-classic,JONSWAP,1.5,173-701-1601,10.0553274,0.150829911,stationary,eval,,stationary_jonswap_H1_500_L50_710_A_30_00_P120_00,records/eval_stationary_jonswap_H1_500_L50_710_A_30_00_P120_00_173-701-1601.csv
HPDI-classic float32,JONSWAP,1.5,173-701-1601,10.0553465,0.150830209,stationary,eval,,stationary_jonswap_H1_500_L50_710_A_30_00_P120_00,records/eval_stationary_jonswap_H1_500_L50_710_A_30_00_P120_00_173-701-1601.csv
HPDI-compensated,JONSWAP,1.5,173-701-1601,8.57521439,0.128628224,stationary,eval,,stationary_jonswap_H1_500_L50_710_A_30_00_P120_00,records/eval_stationary_jonswap_H1_500_L50_710_A_30_00_P120_00_173-701-1601.csv
HPDI-compensated float32,JONSWAP,1.5,173-701-1601,8.57534313,0.128630146,stationary,eval,,stationary_jonswap_H1_500_L50_710_A_30_00_P120_00,records/eval_stationary_jonswap_H1_500_L50_710_A_30_00_P120_00_173-701-1601.csv
FDDI,JONSWAP,4,173-701-1601,1.2680043,0.0507201701,stationary,eval,,stationary_jonswap_H4_000_L112_766_A30_00_P30_00,records/eval_stationary_jonswap_H4_000_L112_766_A30_00_P30_00_173-701-1601.csv
HPDI-classic,JONSWAP,4,173-701-1601,9.07811832,0.363124728,stationary,eval,,stationary_jonswap_H4_000_L112_766_A30_00_P30_00,records/eval_stationary_jonswap_H4_000_L112_766_A30_00_P30_00_173-701-1601.csv
HPDI-classic float32,JONSWAP,4,173-701-1601,9.07812881,0.363125145,stationary,eval,,stationary_jonswap_H4_000_L112_766_A30_00_P30_00,records/eval_stationary_jonswap_H4_000_L112_766_A30_00_P30_00_173-701-1601.csv
HPDI-compensated,JONSWAP,4,173-701-1601,7.08190632,0.28327626,stationary,eval,,stationary_jonswap_H4_000_L112_766_A30_00_P30_00,records/eval_stationary_jonswap_H4_000_L112_766_A30_00_P30_00_173-701-1601.csv
HPDI-compensated float32,JONSWAP,4,173-701-1601,7.08194828,0.283277929,stationary,eval,,stationary_jonswap_H4_000_L112_766_A30_00_P30_00,records/eval_stationary_jonswap_H4_000_L112_766_A30_00_P30_00_173-701-1601.csv
FDDI,JONSWAP,8.5,173-701-1601,1.23424268,0.104910627,stationary,eval,,stationary_jonswap_H8_500_L202_839_A_30_00_P72_00,records/eval_stationary_jonswap_H8_500_L202_839_A_30_00_P72_00_173-701-1601.csv
HPDI-classic,JONSWAP,8.5,173-701-1601,8.48542404,0.721261084,stationary,eval,,stationary_jonswap_H8_500_L202_839_A_30_00_P72_00,records/eval_stationary_jonswap_H8_500_L202_839_A_30_00_P72_00_173-701-1601.csv
HPDI-classic float32,JONSWAP,8.5,173-701-1601,8.48542118,0.721260786,stationary,eval,,stationary_jonswap_H8_500_L202_839_A_30_00_P72_00,records/eval_stationary_jonswap_H8_500_L202_839_A_30_00_P72_00_173-701-1601.csv
HPDI-compensated,JONSWAP,8.5,173-701-1601,6.33900356,0.53881532,stationary,eval,,stationary_jonswap_H8_500_L202_839_A_30_00_P72_00,records/eval_stationary_jonswap_H8_500_L202_839_A_30_00_P72_00_173-701-1601.csv
HPDI-compensated float32,JONSWAP,8.5,173-701-1601,6.33913612,0.538826585,stationary,eval,,stationary_jonswap_H8_500_L202_839_A_30_00_P72_00,records/eval_stationary_jonswap_H8_500_L202_839_A_30_00_P72_00_173-701-1601.csv
FDDI,PM-Stokes,0.270000011,173-701-1601,0.716972589,0.00193582603,stationary,eval,,stationary_pmstokes_H0_270_L14_047_A30_00_P60_00,records/eval_stationary_pmstokes_H0_270_L14_047_A30_00_P60_00_173-701-1601.csv
HPDI-classic,PM-Stokes,0.270000011,173-701-1601,9.21468639,0.0248796549,stationary,eval,,stationary_pmstokes_H0_270_L14_047_A30_00_P60_00,records/eval_stationary_pmstokes_H0_270_L14_047_A30_00_P60_00_173-701-1601.csv
HPDI-classic float32,PM-Stokes,0.270000011,173-701-1601,9.21462631,0.024879491,stationary,eval,,stationary_pmstokes_H0_270_L14_047_A30_00_P60_00,records/eval_stationary_pmstokes_H0_270_L14_047_A30_00_P60_00_173-701-1601.csv
HPDI-compensated,PM-Stokes,0.270000011,173-701-1601,9.02882004,0.0243778136,stationary,eval,,stationary_pmstokes_H0_270_L14_047_A30_00_P60_00,records/eval_stationary_pmstokes_H0_270_L14_047_A30_00_P60_00_173-701-1601.csv
HPDI-compensated float32,PM-Stokes,0.270000011,173-701-1601,9.028862,0.0243779272,stationary,eval,,stationary_pmstokes_H0_270_L14_047_A30_00_P60_00,records/eval_stationary_pmstokes_H0_270_L14_047_A30_00_P60_00_173-701-1601.csv
FDDI,PM-Stokes,1.5,173-701-1601,1.94404757,0.0291607138,stationary,eval,,stationary_pmstokes_H1_500_L50_710_A_30_00_P120_00,records/eval_stationary_pmstokes_H1_500_L50_710_A_30_00_P120_00_173-701-1601.csv
HPDI-classic,PM-Stokes,1.5,173-701-1601,9.49304676,0.142395705,stationary,eval,,stationary_pmstokes_H1_500_L50_710_A_30_00_P120_00,records/eval_stationary_pmstokes_H1_500_L50_710_A_30_00_P120_00_173-701-1601.csv
HPDI-classic float32,PM-Stokes,1.5,173-701-1601,9.49305916,0.142395899,stationary,eval,,stationary_pmstokes_H1_500_L50_710_A_30_00_P120_00,records/eval_stationary_pmstokes_H1_500_L50_710_A_30_00_P120_00_173-701-1601.csv
HPDI-compensated,PM-Stokes,1.5,173-701-1601,7.91542053,0.118731312,stationary,eval,,stationary_pmstokes_H1_500_L50_710_A_30_00_P120_00,records/eval_stationary_pmstokes_H1_500_L50_710_A_30_00_P120_00_173-701-1601.csv
HPDI-compensated float32,PM-Stokes,1.5,173-701-1601,7.91555834,0.118733376,stationary,eval,,stationary_pmstokes_H1_500_L50_710_A_30_00_P120_00,records/eval_stationary_pmstokes_H1_500_L50_710_A_30_00_P120_00_173-701-1601.csv
FDDI,PM-Stokes,4,173-701-1601,1.17798936,0.0471195765,stationary,eval,,stationary_pmstokes_H4_000_L112_766_A30_00_P30_00,records/eval_stationary_pmstokes_H4_000_L112_766_A30_00_P30_00_173-701-1601.csv
HPDI-classic,PM-Stokes,4,173-701-1601,8.63251686,0.345300674,stationary,eval,,stationary_pmstokes_H4_000_L112_766_A30_00_P30_00,records/eval_stationary_pmstokes_H4_000_L112_766_A30_00_P30_00_173-701-1601.csv
HPDI-classic float32,PM-Stokes,4,173-701-1601,8.6325531,0.345302105,stationary,eval,,stationary_pmstokes_H4_000_L112_766_A30_00_P30_00,records/eval_stationary_pmstokes_H4_000_L112_766_A30_00_P30_00_173-701-1601.csv
HPDI-compensated,PM-Stokes,4,173-701-1601,6.37724113,0.255089641,stationary,eval,,stationary_pmstokes_H4_000_L112_766_A30_00_P30_00,records/eval_stationary_pmstokes_H4_000_L112_766_A30_00_P30_00_173-701-1601.csv
HPDI-compensated float32,PM-Stokes,4,173-701-1601,6.37733126,0.255093247,stationary,eval,,stationary_pmstokes_H4_000_L112_766_A30_00_P30_00,records/eval_stationary_pmstokes_H4_000_L112_766_A30_00_P30_00_173-701-1601.csv
FDDI,PM-Stokes,8.5,173-701-1601,1.39779818,0.118812844,stationary,eval,,stationary_pmstokes_H8_500_L202_839_A_30_00_P72_00,records/eval_stationary_pmstokes_H8_500_L202_839_A_30_00_P72_00_173-701-1601.csv
HPDI-classic,PM-Stokes,8.5,173-701-1601,8.61682129,0.732429862,stationary,eval,,stationary_pmstokes_H8_500_L202_839_A_30_00_P72_00,records/eval_stationary_pmstokes_H8_500_L202_839_A_30_00_P72_00_173-701-1601.csv
HPDI-classic float32,PM-Stokes,8.5,173-701-1601,8.61677074,0.732425511,stationary,eval,,stationary_pmstokes_H8_500_L202_839_A_30_00_P72_00,records/eval_stationary_pmstokes_H8_500_L202_839_A_30_00_P72_00_173-701-1601.csv
HPDI-compensated,PM-Stokes,8.5,173-701-1601,6.79338408,0.577437639,stationary,eval,,stationary_pmstokes_H8_500_L202_839_A_30_00_P72_00,records/eval_stationary_pmstokes_H8_500_L202_839_A_30_00_P72_00_173-701-1601.csv
HPDI-compensated float32,PM-Stokes,8.5,173-701-1601,6.79364681,0.577459991,stationary,eval,,stationary_pmstokes_H8_500_L202_839_A_30_00_P72_00,records/eval_stationary_pmstokes_H8_500_L202_839_A_30_00_P72_00_173-701-1601.csv
FDDI,Crossfade,4,173-701-1601,1.29469049,0.0517876185,crossfade,eval,,nonstationary_H1_5_to_H4_0_Tp5_7_to_11_4,records/eval_crossfade_173-701-1601.csv
FDDI,Crossfade,4,173-701-1601,0.515465498,0.0206186194,crossfade,eval,start,nonstationary_H1_5_to_H4_0_Tp5_7_to_11_4,records/eval_crossfade_173-701-1601.csv
FDDI,Crossfade,4,173-701-1601,0.533688664,0.0213475469,crossfade,eval,blend,nonstationary_H1_5_to_H4_0_Tp5_7_to_11_4,records/eval_crossfade_173-701-1601.csv
FDDI,Crossfade,4,173-701-1601,0.873598158,0.0349439271,crossfade,eval,recover,nonstationary_H1_5_to_H4_0_Tp5_7_to_11_4,records/eval_crossfade_173-701-1601.csv
FDDI,Crossfade,4,173-701-1601,1.77219701,0.0708878785,crossfade,eval,end,nonstationary_H1_5_to_H4_0_Tp5_7_to_11_4,records/eval_crossfade_173-701-1601.csv
HPDI-classic,Crossfade,4,173-701-1601,10.3570175,0.414280683,crossfade,eval,,nonstationary_H1_5_to_H4_0_Tp5_7_to_11_4,records/eval_crossfade_173-701-1601.csv
HPDI-classic,Crossfade,4,173-701-1601,3.32587242,0.1330349,crossfade,eval,start,nonstationary_H1_5_to_H4_0_Tp5_7_to_11_4,records/eval_crossfade_173-701-1601.csv
HPDI-classic,Crossfade,4,173-701-1601,12.2658072,0.490632296,crossfade,eval,blend,nonstationary_H1_5_to_H4_0_Tp5_7_to_11_4,records/eval_crossfade_173-701-1601.csv
HPDI-classic,Crossfade,4,173-701-1601,14.0120592,0.560482383,crossfade,eval,recover,nonstationary_H1_5_to_H4_0_Tp5_7_to_11_4,records/eval_crossfade_173-701-1601.csv
HPDI-classic,Crossfade,4,173-701-1601,11.1562567,0.44625026,crossfade,eval,end,nonstationary_H1_5_to_H4_0_Tp5_7_to_11_4,records/eval_crossfade_173-701-1601.csv
HPDI-classic float32,Crossfade,4,173-701-1601,10.3566427,0.414265692,crossfade,eval,,nonstationary_H1_5_to_H4_0_Tp5_7_to_11_4,records/eval_crossfade_173-701-1601.csv
HPDI-classic float32,Crossfade,4,173-701-1601,3.32585955,0.133034378,crossfade,eval,start,nonstationary_H1_5_to_H4_0_Tp5_7_to_11_4,records/eval_crossfade_173-701-1601.csv
HPDI-classic float32,Crossfade,4,173-701-1601,12.2657185,0.490628719,crossfade,eval,blend,nonstationary_H1_5_to_H4_0_Tp5_7_to_11_4,records/eval_crossfade_173-701-1601.csv
HPDI-classic float32,Crossfade,4,173-701-1601,14.0114994,0.560459971,crossfade,eval,recover,nonstationary_H1_5_to_H4_0_Tp5_7_to_11_4,records/eval_crossfade_173-701-1601.csv
HPDI-classic float32,Crossfade,4,173-701-1601,11.1557999,0.446231991,crossfade,eval,end,nonstationary_H1_5_to_H4_0_Tp5_7_to_11_4,records/eval_crossfade_173-701-1601.csv
HPDI-compensated,Crossfade,4,173-701-1601,10.6465597,0.425862372,crossfade,eval,,nonstationary_H1_5_to_H4_0_Tp5_7_to_11_4,records/eval_crossfade_173-701-1601.csv
HPDI-compensated,Crossfade,4,173-701-1601,2.43895769,0.0975583047,crossfade,eval,start,nonstationary_H1_5_to_H4_0_Tp5_7_to_11_4,records/eval_crossfade_173-701-1601.csv
HPDI-compensated,Crossfade,4,173-701-1601,10.3561382,0.414245516,crossfade,eval,blend,nonstationary_H1_5_to_H4_0_Tp5_7_to_11_4,records/eval_crossfade_173-701-1601.csv
HPDI-compensated,Crossfade,4,173-701-1601,16.7102242,0.66840893,crossfade,eval,recover,nonstationary_H1_5_to_H4_0_Tp5_7_to_11_4,records/eval_crossfade_173-701-1601.csv
HPDI-compensated,Crossfade,4,173-701-1601,11.3609266,0.454437077,crossfade,eval,end,nonstationary_H1_5_to_H4_0_Tp5_7_to_11_4,records/eval_crossfade_173-701-1601.csv
HPDI-compensated float32,Crossfade,4,173-701-1601,10.6466675,0.425866693,crossfade,eval,,nonstationary_H1_5_to_H4_0_Tp5_7_to_11_4,records/eval_crossfade_173-701-1601.csv
HPDI-compensated float32,Crossfade,4,173-701-1601,2.43899918,0.0975599661,crossfade,eval,start,nonstationary_H1_5_to_H4_0_Tp5_7_to_11_4,records/eval_crossfade_173-701-1601.csv
HPDI-compensated float32,Crossfade,4,173-701-1601,10.3563728,0.414254904,crossfade,eval,blend,nonstationary_H1_5_to_H4_0_Tp5_7_to_11_4,records/eval_crossfade_173-701-1601.csv
HPDI-compensated float32,Crossfade,4,173-701-1601,16.709856,0.668394268,crossfade,eval,recover,nonstationary_H1_5_to_H4_0_Tp5_7_to_11_4,records/eval_crossfade_173-701-1601.csv
HPDI-compensated float32,Crossfade,4,173-701-1601,11.3612309,0.454449236,crossfade,eval,end,nonstationary_H1_5_to_H4_0_Tp5_7_to_11_4,records/eval_crossfade_173-701-1601.csv
FDDI,LowHighLow,4,173-701-1601,1.28280962,0.0513123833,lowhighlow,eval,,roundtrip_H1_5_H4_0_H1_5,records/eval_lowhighlow_173-701-1601.csv
FDDI,LowHighLow,4,173-701-1601,0.462299764,0.0184919909,lowhighlow,eval,low_start,roundtrip_H1_5_H4_0_H1_5,records/eval_lowhighlow_173-701-1601.csv
FDDI,LowHighLow,4,173-701-1601,0.921577573,0.0368631035,lowhighlow,eval,rise,roundtrip_H1_5_H4_0_H1_5,records/eval_lowhighlow_173-701-1601.csv
FDDI,LowHighLow,4,173-701-1601,1.79004991,0.0716019943,lowhighlow,eval,high_recover,roundtrip_H1_5_H4_0_H1_5,records/eval_lowhighlow_173-701-1601.csv
FDDI,LowHighLow,4,173-701-1601,1.69062507,0.0676250011,lowhighlow,eval,high,roundtrip_H1_5_H4_0_H1_5,records/eval_lowhighlow_173-701-1601.csv
FDDI,LowHighLow,4,173-701-1601,1.05926585,0.042370636,lowhighlow,eval,fall,roundtrip_H1_5_H4_0_H1_5,records/eval_lowhighlow_173-701-1601.csv
FDDI,LowHighLow,4,173-701-1601,0.473993689,0.0189597476,lowhighlow,eval,low_recover,roundtrip_H1_5_H4_0_H1_5,records/eval_lowhighlow_173-701-1601.csv
FDDI,LowHighLow,4,173-701-1601,1.48827147,0.059530858,lowhighlow,eval,low_return,roundtrip_H1_5_H4_0_H1_5,records/eval_lowhighlow_173-701-1601.csv
HPDI-classic,LowHighLow,4,173-701-1601,10.8008432,0.432033718,lowhighlow,eval,,roundtrip_H1_5_H4_0_H1_5,records/eval_lowhighlow_173-701-1601.csv
HPDI-classic,LowHighLow,4,173-701-1601,3.62923789,0.145169511,lowhighlow,eval,low_start,roundtrip_H1_5_H4_0_H1_5,records/eval_lowhighlow_173-701-1601.csv
HPDI-classic,LowHighLow,4,173-701-1601,16.860117,0.674404681,lowhighlow,eval,rise,roundtrip_H1_5_H4_0_H1_5,records/eval_lowhighlow_173-701-1601.csv
HPDI-classic,LowHighLow,4,173-701-1601,13.8953075,0.555812299,lowhighlow,eval,high_recover,roundtrip_H1_5_H4_0_H1_5,records/eval_lowhighlow_173-701-1601.csv
HPDI-classic,LowHighLow,4,173-701-1601,10.6049519,0.424198091,lowhighlow,eval,high,roundtrip_H1_5_H4_0_H1_5,records/eval_lowhighlow_173-701-1601.csv
HPDI-classic,LowHighLow,4,173-701-1601,11.922658,0.476906329,lowhighlow,eval,fall,roundtrip_H1_5_H4_0_H1_5,records/eval_lowhighlow_173-701-1601.csv
HPDI-classic,LowHighLow,4,173-701-1601,8.40789318,0.336315721,lowhighlow,eval,low_recover,roundtrip_H1_5_H4_0_H1_5,records/eval_lowhighlow_173-701-1601.csv
HPDI-classic,LowHighLow,4,173-701-1601,4.23565435,0.169426173,lowhighlow,eval,low_return,roundtrip_H1_5_H4_0_H1_5,records/eval_lowhighlow_173-701-1601.csv
HPDI-classic float32,LowHighLow,4,173-701-1601,10.8009377,0.432037503,lowhighlow,eval,,roundtrip_H1_5_H4_0_H1_5,records/eval_lowhighlow_173-701-1601.csv
HPDI-classic float32,LowHighLow,4,173-701-1601,3.62926078,0.145170435,lowhighlow,eval,low_start,roundtrip_H1_5_H4_0_H1_5,records/eval_lowhighlow_173-701-1601.csv
HPDI-classic float32,LowHighLow,4,173-701-1601,16.8604603,0.67441839,lowhighlow,eval,rise,roundtrip_H1_5_H4_0_H1_5,records/eval_lowhighlow_173-701-1601.csv
HPDI-classic float32,LowHighLow,4,173-701-1601,13.895752,0.555830061,lowhighlow,eval,high_recover,roundtrip_H1_5_H4_0_H1_5,records/eval_lowhighlow_173-701-1601.csv
HPDI-classic float32,LowHighLow,4,173-701-1601,10.6050339,0.424201369,lowhighlow,eval,high,roundtrip_H1_5_H4_0_H1_5,records/eval_lowhighlow_173-701-1601.csv
HPDI-classic float32,LowHighLow,4,173-701-1601,11.9222355,0.476889431,lowhighlow,eval,fall,roundtrip_H1_5_H4_0_H1_5,records/eval_lowhighlow_173-701-1601.csv
HPDI-classic float32,LowHighLow,4,173-701-1601,8.40778446,0.33631137,lowhighlow,eval,low_recover,roundtrip_H1_5_H4_0_H1_5,records/eval_lowhighlow_173-701-1601.csv
HPDI-classic float32,LowHighLow,4,173-701-1601,4.23568153,0.169427261,lowhighlow,eval,low_return,roundtrip_H1_5_H4_0_H1_5,records/eval_lowhighlow_173-701-1601.csv
HPDI-compensated,LowHighLow,4,173-701-1601,9.89896488,0.395958602,lowhighlow,eval,,roundtrip_H1_5_H4_0_H1_5,records/eval_lowhighlow_173-701-1601.csv
HPDI-compensated,LowHighLow,4,173-701-1601,2.77934146,0.11117366,lowhighlow,eval,low_start,roundtrip_H1_5_H4_0_H1_5,records/eval_lowhighlow_173-701-1601.csv
HPDI-compensated,LowHighLow,4,173-701-1601,13.9524517,0.558098078,lowhighlow,eval,rise,roundtrip_H1_5_H4_0_H1_5,records/eval_lowhighlow_173-701-1601.csv
HPDI-compensated,LowHighLow,4,173-701-1601,13.1857719,0.527430892,lowhighlow,eval,high_recover,roundtrip_H1_5_H4_0_H1_5,records/eval_lowhighlow_173-701-1601.csv
HPDI-compensated,LowHighLow,4,173-701-1601,11.8169117,0.472676456,lowhighlow,eval,high,roundtrip_H1_5_H4_0_H1_5,records/eval_lowhighlow_173-701-1601.csv
HPDI-compensated,LowHighLow,4,173-701-1601,10.7287045,0.429148167,lowhighlow,eval,fall,roundtrip_H1_5_H4_0_H1_5,records/eval_lowhighlow_173-701-1601.csv
HPDI-compensated,LowHighLow,4,173-701-1601,6.44288158,0.257715255,lowhighlow,eval,low_recover,roundtrip_H1_5_H4_0_H1_5,records/eval_lowhighlow_173-701-1601.csv
HPDI-compensated,LowHighLow,4,173-701-1601,3.58979583,0.143591836,lowhighlow,eval,low_return,roundtrip_H1_5_H4_0_H1_5,records/eval_lowhighlow_173-701-1601.csv
HPDI-compensated float32,LowHighLow,4,173-701-1601,9.89892769,0.395957112,lowhighlow,eval,,roundtrip_H1_5_H4_0_H1_5,records/eval_lowhighlow_173-701-1601.csv
HPDI-compensated float32,LowHighLow,4,173-701-1601,2.77935028,0.11117401,lowhighlow,eval,low_start,roundtrip_H1_5_H4_0_H1_5,records/eval_lowhighlow_173-701-1601.csv
HPDI-compensated float32,LowHighLow,4,173-701-1601,13.9523716,0.558094859,lowhighlow,eval,rise,roundtrip_H1_5_H4_0_H1_5,records/eval_lowhighlow_173-701-1601.csv
HPDI-compensated float32,LowHighLow,4,173-701-1601,13.1856966,0.527427852,lowhighlow,eval,high_recover,roundtrip_H1_5_H4_0_H1_5,records/eval_lowhighlow_173-701-1601.csv
HPDI-compensated float32,LowHighLow,4,173-701-1601,11.8169937,0.472679734,lowhighlow,eval,high,roundtrip_H1_5_H4_0_H1_5,records/eval_lowhighlow_173-701-1601.csv
HPDI-compensated float32,LowHighLow,4,173-701-1601,10.7286797,0.429147184,lowhighlow,eval,fall,roundtrip_H1_5_H4_0_H1_5,records/eval_lowhighlow_173-701-1601.csv
HPDI-compensated float32,LowHighLow,4,173-701-1601,6.44256401,0.257702559,lowhighlow,eval,low_recover,roundtrip_H1_5_H4_0_H1_5,records/eval_lowhighlow_173-701-1601.csv
HPDI-compensated float32,LowHighLow,4,173-701-1601,3.58984923,0.143593967,lowhighlow,eval,low_return,roundtrip_H1_5_H4_0_H1_5,records/eval_lowhighlow_173-701-1601.csv
FDDI,JONSWAP,0.0500000007,173-701-1601,2.18860412,0.00109430205,low_motion,eval,,low_motion_H0_050,records/eval_lowmotion_173-701-1601.csv
HPDI-classic,JONSWAP,0.0500000007,173-701-1601,1601.19714,0.800598562,low_motion,eval,,low_motion_H0_050,records/eval_lowmotion_173-701-1601.csv
HPDI-classic float32,JONSWAP,0.0500000007,173-701-1601,1601.21851,0.800609231,low_motion,eval,,low_motion_H0_050,records/eval_lowmotion_173-701-1601.csv
HPDI-compensated,JONSWAP,0.0500000007,173-701-1601,1386.51245,0.693256199,low_motion,eval,,low_motion_H0_050,records/eval_lowmotion_173-701-1601.csv
HPDI-compensated float32,JONSWAP,0.0500000007,173-701-1601,1386.51892,0.693259478,low_motion,eval,,low_motion_H0_050,records/eval_lowmotion_173-701-1601.csv
FDDI,Crossfade,4,173-701-1601,1.30848193,0.0523392782,ramp,eval,,rapid_H1_5_to_H4_0,records/eval_ramp_173-701-1601.csv
FDDI,Crossfade,4,173-701-1601,0.525060952,0.0210024379,ramp,eval,start,rapid_H1_5_to_H4_0,records/eval_ramp_173-701-1601.csv
FDDI,Crossfade,4,173-701-1601,0.951589823,0.0380635932,ramp,eval,blend,rapid_H1_5_to_H4_0,records/eval_ramp_173-701-1601.csv
FDDI,Crossfade,4,173-701-1601,0.803906024,0.0321562402,ramp,eval,recover,rapid_H1_5_to_H4_0,records/eval_ramp_173-701-1601.csv
FDDI,Crossfade,4,173-701-1601,1.59718025,0.0638872087,ramp,eval,end,rapid_H1_5_to_H4_0,records/eval_ramp_173-701-1601.csv
HPDI-classic,Crossfade,4,173-701-1601,11.0318165,0.441272646,ramp,eval,,rapid_H1_5_to_H4_0,records/eval_ramp_173-701-1601.csv
HPDI-classic,Crossfade,4,173-701-1601,3.34835577,0.13393423,ramp,eval,start,rapid_H1_5_to_H4_0,records/eval_ramp_173-701-1601.csv
HPDI-classic,Crossfade,4,173-701-1601,10.3676424,0.414705694,ramp,eval,blend,rapid_H1_5_to_H4_0,records/eval_ramp_173-701-1601.csv
HPDI-classic,Crossfade,4,173-701-1601,26.932951,1.07731807,ramp,eval,recover,rapid_H1_5_to_H4_0,records/eval_ramp_173-701-1601.csv
HPDI-classic,Crossfade,4,173-701-1601,12.1069412,0.484277666,ramp,eval,end,rapid_H1_5_to_H4_0,records/eval_ramp_173-701-1601.csv
HPDI-classic float32,Crossfade,4,173-701-1601,11.0315466,0.441261858,ramp,eval,,rapid_H1_5_to_H4_0,records/eval_ramp_173-701-1601.csv
HPDI-classic float32,Crossfade,4,173-701-1601,3.34834313,0.133933723,ramp,eval,start,rapid_H1_5_to_H4_0,records/eval_ramp_173-701-1601.csv
HPDI-classic float32,Crossfade,4,173-701-1601,10.3677568,0.414710283,ramp,eval,blend,rapid_H1_5_to_H4_0,records/eval_ramp_173-701-1601.csv
HPDI-classic float32,Crossfade,4,173-701-1601,26.933321,1.07733285,ramp,eval,recover,rapid_H1_5_to_H4_0,records/eval_ramp_173-701-1601.csv
HPDI-classic float32,Crossfade,4,173-701-1601,12.1064873,0.484259486,ramp,eval,end,rapid_H1_5_to_H4_0,records/eval_ramp_173-701-1601.csv
HPDI-compensated,Crossfade,4,173-701-1601,11.5132236,0.46052894,ramp,eval,,rapid_H1_5_to_H4_0,records/eval_ramp_173-701-1601.csv
HPDI-compensated,Crossfade,4,173-701-1601,2.4970696,0.0998827815,ramp,eval,start,rapid_H1_5_to_H4_0,records/eval_ramp_173-701-1601.csv
HPDI-compensated,Crossfade,4,173-701-1601,10.3534422,0.414137691,ramp,eval,blend,rapid_H1_5_to_H4_0,records/eval_ramp_173-701-1601.csv
HPDI-compensated,Crossfade,4,173-701-1601,31.3903427,1.25561368,ramp,eval,recover,rapid_H1_5_to_H4_0,records/eval_ramp_173-701-1601.csv
HPDI-compensated,Crossfade,4,173-701-1601,12.357275,0.494291008,ramp,eval,end,rapid_H1_5_to_H4_0,records/eval_ramp_173-701-1601.csv
HPDI-compensated float32,Crossfade,4,173-701-1601,11.5133724,0.4605349,ramp,eval,,rapid_H1_5_to_H4_0,records/eval_ramp_173-701-1601.csv
HPDI-compensated float32,Crossfade,4,173-701-1601,2.49710345,0.0998841375,ramp,eval,start,rapid_H1_5_to_H4_0,records/eval_ramp_173-701-1601.csv
HPDI-compensated float32,Crossfade,4,173-701-1601,10.3531361,0.414125443,ramp,eval,blend,rapid_H1_5_to_H4_0,records/eval_ramp_173-701-1601.csv
HPDI-compensated float32,Crossfade,4,173-701-1601,31.3905678,1.25562274,ramp,eval,recover,rapid_H1_5_to_H4_0,records/eval_ramp_173-701-1601.csv
HPDI-compensated float32,Crossfade,4,173-701-1601,12.3574314,0.494297266,ramp,eval,end,rapid_H1_5_to_H4_0,records/eval_ramp_173-701-1601.csv
FDDI,JONSWAP,0.270000011,211-809-1709,0.26094079,0.000704540173,stationary,eval,,stationary_jonswap_H0_270_L14_047_A30_00_P60_00,records/eval_stationary_jonswap_H0_270_L14_047_A30_00_P60_00_211-809-1709.csv
HPDI-classic,JONSWAP,0.270000011,211-809-1709,8.20162487,0.0221443884,stationary,eval,,stationary_jonswap_H0_270_L14_047_A30_00_P60_00,records/eval_stationary_jonswap_H0_270_L14_047_A30_00_P60_00_211-809-1709.csv
HPDI-classic float32,JONSWAP,0.270000011,211-809-1709,8.20167732,0.02214453,stationary,eval,,stationary_jonswap_H0_270_L14_047_A30_00_P60_00,records/eval_stationary_jonswap_H0_270_L14_047_A30_00_P60_00_211-809-1709.csv
HPDI-compensated,JONSWAP,0.270000011,211-809-1709,7.55857849,0.0204081628,stationary,eval,,stationary_jonswap_H0_270_L14_047_A30_00_P60_00,records/eval_stationary_jonswap_H0_270_L14_047_A30_00_P60_00_211-809-1709.csv
HPDI-compensated float32,JONSWAP,0.270000011,211-809-1709,7.55869055,0.0204084646,stationary,eval,,stationary_jonswap_H0_270_L14_047_A30_00_P60_00,records/eval_stationary_jonswap_H0_270_L14_047_A30_00_P60_00_211-809-1709.csv
FDDI,JONSWAP,1.5,211-809-1709,1.63177812,0.0244766735,stationary,eval,,stationary_jonswap_H1_500_L50_710_A_30_00_P120_00,records/eval_stationary_jonswap_H1_500_L50_710_A_30_00_P120_00_211-809-1709.csv
HPDI-classic,JONSWAP,1.5,211-809-1709,8.76365376,0.131454811,stationary,eval,,stationary_jonswap_H1_500_L50_710_A_30_00_P120_00,records/eval_stationary_jonswap_H1_500_L50_710_A_30_00_P120_00_211-809-1709.csv
HPDI-classic float32,JONSWAP,1.5,211-809-1709,8.76364899,0.131454736,stationary,eval,,stationary_jonswap_H1_500_L50_710_A_30_00_P120_00,records/eval_stationary_jonswap_H1_500_L50_710_A_30_00_P120_00_211-809-1709.csv
HPDI-compensated,JONSWAP,1.5,211-809-1709,6.94479656,0.104171954,stationary,eval,,stationary_jonswap_H1_500_L50_710_A_30_00_P120_00,records/eval_stationary_jonswap_H1_500_L50_710_A_30_00_P120_00_211-809-1709.csv
HPDI-compensated float32,JONSWAP,1.5,211-809-1709,6.94490528,0.104173586,stationary,eval,,stationary_jonswap_H1_500_L50_710_A_30_00_P120_00,records/eval_stationary_jonswap_H1_500_L50_710_A_30_00_P120_00_211-809-1709.csv
FDDI,JONSWAP,4,211-809-1709,1.04420829,0.0417683311,stationary,eval,,stationary_jonswap_H4_000_L112_766_A30_00_P30_00,records/eval_stationary_jonswap_H4_000_L112_766_A30_00_P30_00_211-809-1709.csv
HPDI-classic,JONSWAP,4,211-809-1709,8.40526295,0.336210519,stationary,eval,,stationary_jonswap_H4_000_L112_766_A30_00_P30_00,records/eval_stationary_jonswap_H4_000_L112_766_A30_00_P30_00_211-809-1709.csv
HPDI-classic float32,JONSWAP,4,211-809-1709,8.4052639,0.336210549,stationary,eval,,stationary_jonswap_H4_000_L112_766_A30_00_P30_00,records/eval_stationary_jonswap_H4_000_L112_766_A30_00_P30_00_211-809-1709.csv
HPDI-compensated,JONSWAP,4,211-809-1709,6.04505968,0.241802379,stationary,eval,,stationary_jonswap_H4_000_L112_766_A30_00_P30_00,records/eval_stationary_jonswap_H4_000_L112_766_A30_00_P30_00_211-809-1709.csv
HPDI-compensated float32,JONSWAP,4,211-809-1709,6.04500532,0.241800204,stationary,eval,,stationary_jonswap_H4_000_L112_766_A30_00_P30_00,records/eval_stationary_jonswap_H4_000_L112_766_A30_00_P30_00_211-809-1709.csv
FDDI,JONSWAP,8.5,211-809-1709,0.996164501,0.0846739858,stationary,eval,,stationary_jonswap_H8_500_L202_839_A_30_00_P72_00,records/eval_stationary_jonswap_H8_500_L202_839_A_30_00_P72_00_211-809-1709.csv
HPDI-classic,JONSWAP,8.5,211-809-1709,7.80881119,0.66374898,stationary,eval,,stationary_jonswap_H8_500_L202_839_A_30_00_P72_00,records/eval_stationary_jonswap_H8_500_L202_839_A_30_00_P72_00_211-809-1709.csv
HPDI-classic float32,JONSWAP,8.5,211-809-1709,7.80882072,0.663749754,stationary,eval,,stationary_jonswap_H8_500_L202_839_A_30_00_P72_00,records/eval_stationary_jonswap_H8_500_L202_839_A_30_00_P72_00_211-809-1709.csv
HPDI-compensated,JONSWAP,8.5,211-809-1709,5.42970514,0.461524963,stationary,eval,,stationary_jonswap_H8_500_L202_839_A_30_00_P72_00,records/eval_stationary_jonswap_H8_500_L202_839_A_30_00_P72_00_211-809-1709.csv
HPDI-compensated float32,JONSWAP,8.5,211-809-1709,5.42974377,0.461528242,stationary,eval,,stationary_jonswap_H8_500_L202_839_A_30_00_P72_00,records/eval_stationary_jonswap_H8_500_L202_839_A_30_00_P72_00_211-809-1709.csv
FDDI,PM-Stokes,0.270000011,211-809-1709,0.689892411,0.00186270953,stationary,eval,,stationary_pmstokes_H0_270_L14_047_A30_00_P60_00,records/eval_stationary_pmstokes_H0_270_L14_047_A30_00_P60_00_211-809-1709.csv
HPDI-classic,PM-Stokes,0.270000011,211-809-1709,9.22391415,0.0249045696,stationary,eval,,stationary_pmstokes_H0_270_L14_047_A30_00_P60_00,records/eval_stationary_pmstokes_H0_270_L14_047_A30_00_P60_00_211-809-1709.csv
HPDI-classic float32,PM-Stokes,0.270000011,211-809-1709,9.22395134,0.0249046702,stationary,eval,,stationary_pmstokes_H0_270_L14_047_A30_00_P60_00,records/eval_stationary_pmstokes_H0_270_L14_047_A30_00_P60_00_211-809-1709.csv
HPDI-compensated,PM-Stokes,0.270000011,211-809-1709,8.90746689,0.0240501612,stationary,eval,,stationary_pmstokes_H0_270_L14_047_A30_00_P60_00,records/eval_stationary_pmstokes_H0_270_L14_047_A30_00_P60_00_211-809-1709.csv
HPDI-compensated float32,PM-Stokes,0.270000011,211-809-1709,8.90757084,0.0240504425,stationary,eval,,stationary_pmstokes_H0_270_L14_047_A30_00_P60_00,records/eval_stationary_pmstokes_H0_270_L14_047_A30_00_P60_00_211-809-1709.csv
FDDI,PM-Stokes,1.5,211-809-1709,1.6145618,0.024218427,stationary,eval,,stationary_pmstokes_H1_500_L50_710_A_30_00_P120_00,records/eval_stationary_pmstokes_H1_500_L50_710_A_30_00_P120_00_211-809-1709.csv
HPDI-classic,PM-Stokes,1.5,211-809-1709,8.58285522,0.128742829,stationary,eval,,stationary_pmstokes_H1_500_L50_710_A_30_00_P120_00,records/eval_stationary_pmstokes_H1_500_L50_710_A_30_00_P120_00_211-809-1709.csv
HPDI-classic float32,PM-Stokes,1.5,211-809-1709,8.5828476,0.128742725,stationary,eval,,stationary_pmstokes_H1_500_L50_710_A_30_00_P120_00,records/eval_stationary_pmstokes_H1_500_L50_710_A_30_00_P120_00_211-809-1709.csv
HPDI-compensated,PM-Stokes,1.5,211-809-1709,6.74228573,0.101134293,stationary,eval,,stationary_pmstokes_H1_500_L50_710_A_30_00_P120_00,records/eval_stationary_pmstokes_H1_500_L50_710_A_30_00_P120_00_211-809-1709.csv
HPDI-compensated float32,PM-Stokes,1.5,211-809-1709,6.74235106,0.101135269,stationary,eval,,stationary_pmstokes_H1_500_L50_710_A_30_00_P120_00,records/eval_stationary_pmstokes_H1_500_L50_710_A_30_00_P120_00_211-809-1709.csv
FDDI,PM-Stokes,4,211-809-1709,0.806607842,0.0322643146,stationary,eval,,stationary_pmstokes_H4_000_L112_766_A30_00_P30_00,records/eval_stationary_pmstokes_H4_000_L112_766_A30_00_P30_00_211-809-1709.csv
HPDI-classic,PM-Stokes,4,211-809-1709,8.43020535,0.337208211,stationary,eval,,stationary_pmstokes_H4_000_L112_766_A30_00_P30_00,records/eval_stationary_pmstokes_H4_000_L112_766_A30_00_P30_00_211-809-1709.csv
HPDI-classic float32,PM-Stokes,4,211-809-1709,8.43018627,0.337207466,stationary,eval,,stationary_pmstokes_H4_000_L112_766_A30_00_P30_00,records/eval_stationary_pmstokes_H4_000_L112_766_A30_00_P30_00_211-809-1709.csv
HPDI-compensated,PM-Stokes,4,211-809-1709,5.61230946,0.224492371,stationary,eval,,stationary_pmstokes_H4_000_L112_766_A30_00_P30_00,records/eval_stationary_pmstokes_H4_000_L112_766_A30_00_P30_00_211-809-1709.csv
HPDI-compensated float32,PM-Stokes,4,211-809-1709,5.61230755,0.224492297,stationary,eval,,stationary_pmstokes_H4_000_L112_766_A30_00_P30_00,records/eval_stationary_pmstokes_H4_000_L112_766_A30_00_P30_00_211-809-1709.csv
FDDI,PM-Stokes,8.5,211-809-1709,1.13197112,0.0962175429,stationary,eval,,stationary_pmstokes_H8_500_L202_839_A_30_00_P72_00,records/eval_stationary_pmstokes_H8_500_L202_839_A_30_00_P72_00_211-809-1709.csv
HPDI-classic,PM-Stokes,8.5,211-809-1709,8.01118755,0.68095094,stationary,eval,,stationary_pmstokes_H8_500_L202_839_A_30_00_P72_00,records/eval_stationary_pmstokes_H8_500_L202_839_A_30_00_P72_00_211-809-1709.csv
HPDI-classic float32,PM-Stokes,8.5,211-809-1709,8.01119137,0.680951297,stationary,eval,,stationary_pmstokes_H8_500_L202_839_A_30_00_P72_00,records/eval_stationary_pmstokes_H8_500_L202_839_A_30_00_P72_00_211-809-1709.csv
HPDI-compensated,PM-Stokes,8.5,211-809-1709,6.16051912,0.523644149,stationary,eval,,stationary_pmstokes_H8_500_L202_839_A_30_00_P72_00,records/eval_stationary_pmstokes_H8_500_L202_839_A_30_00_P72_00_211-809-1709.csv
HPDI-compensated float32,PM-Stokes,8.5,211-809-1709,6.16061306,0.523652136,stationary,eval,,stationary_pmstokes_H8_500_L202_839_A_30_00_P72_00,records/eval_stationary_pmstokes_H8_500_L202_839_A_30_00_P72_00_211-809-1709.csv
FDDI,Crossfade,4,211-809-1709,0.774943233,0.0309977289,crossfade,eval,,nonstationary_H1_5_to_H4_0_Tp5_7_to_11_4,records/eval_crossfade_211-809-1709.csv
FDDI,Crossfade,4,211-809-1709,0.585942388,0.0234376956,crossfade,eval,start,nonstationary_H1_5_to_H4_0_Tp5_7_to_11_4,records/eval_crossfade_211-809-1709.csv
FDDI,Crossfade,4,211-809-1709,0.538233638,0.0215293448,crossfade,eval,blend,nonstationary_H1_5_to_H4_0_Tp5_7_to_11_4,records/eval_crossfade_211-809-1709.csv
FDDI,Crossfade,4,211-809-1709,0.589482605,0.0235793032,crossfade,eval,recover,nonstationary_H1_5_to_H4_0_Tp5_7_to_11_4,records/eval_crossfade_211-809-1709.csv
FDDI,Crossfade,4,211-809-1709,0.953224838,0.0381289944,crossfade,eval,end,nonstationary_H1_5_to_H4_0_Tp5_7_to_11_4,records/eval_crossfade_211-809-1709.csv
HPDI-classic,Crossfade,4,211-809-1709,10.3734083,0.414936334,crossfade,eval,,nonstationary_H1_5_to_H4_0_Tp5_7_to_11_4,records/eval_crossfade_211-809-1709.csv
HPDI-classic,Crossfade,4,211-809-1709,3.59439325,0.143775731,crossfade,eval,start,nonstationary_H1_5_to_H4_0_Tp5_7_to_11_4,records/eval_crossfade_211-809-1709.csv
HPDI-classic,Crossfade,4,211-809-1709,18.257534,0.73030138,crossfade,eval,blend,nonstationary_H1_5_to_H4_0_Tp5_7_to_11_4,records/eval_crossfade_211-809-1709.csv
HPDI-classic,Crossfade,4,211-809-1709,12.7047348,0.50818938,crossfade,eval,recover,nonstationary_H1_5_to_H4_0_Tp5_7_to_11_4,records/eval_crossfade_211-809-1709.csv
HPDI-classic,Crossfade,4,211-809-1709,9.04720116,0.361888051,crossfade,eval,end,nonstationary_H1_5_to_H4_0_Tp5_7_to_11_4,records/eval_crossfade_211-809-1709.csv
HPDI-classic float32,Crossfade,4,211-809-1709,10.3734512,0.414938033,crossfade,eval,,nonstationary_H1_5_to_H4_0_Tp5_7_to_11_4,records/eval_crossfade_211-809-1709.csv
HPDI-classic float32,Crossfade,4,211-809-1709,3.59437346,0.143774942,crossfade,eval,start,nonstationary_H1_5_to_H4_0_Tp5_7_to_11_4,records/eval_crossfade_211-809-1709.csv
HPDI-classic float32,Crossfade,4,211-809-1709,18.2577515,0.730310082,crossfade,eval,blend,nonstationary_H1_5_to_H4_0_Tp5_7_to_11_4,records/eval_crossfade_211-809-1709.csv
HPDI-classic float32,Crossfade,4,211-809-1709,12.7047825,0.508191288,crossfade,eval,recover,nonstationary_H1_5_to_H4_0_Tp5_7_to_11_4,records/eval_crossfade_211-809-1709.csv
HPDI-classic float32,Crossfade,4,211-809-1709,9.04718971,0.361887574,crossfade,eval,end,nonstationary_H1_5_to_H4_0_Tp5_7_to_11_4,records/eval_crossfade_211-809-1709.csv
HPDI-compensated,Crossfade,4,211-809-1709,8.47659492,0.339063793,crossfade,eval,,nonstationary_H1_5_to_H4_0_Tp5_7_to_11_4,records/eval_crossfade_211-809-1709.csv
HPDI-compensated,Crossfade,4,211-809-1709,2.90183496,0.1160734,crossfade,eval,start,nonstationary_H1_5_to_H4_0_Tp5_7_to_11_4,records/eval_crossfade_211-809-1709.csv
HPDI-compensated,Crossfade,4,211-809-1709,15.3772593,0.61509037,crossfade,eval,blend,nonstationary_H1_5_to_H4_0_Tp5_7_to_11_4,records/eval_crossfade_211-809-1709.csv
HPDI-compensated,Crossfade,4,211-809-1709,10.9896755,0.439587027,crossfade,eval,recover,nonstationary_H1_5_to_H4_0_Tp5_7_to_11_4,records/eval_crossfade_211-809-1709.csv
HPDI-compensated,Crossfade,4,211-809-1709,6.86293554,0.274517417,crossfade,eval,end,nonstationary_H1_5_to_H4_0_Tp5_7_to_11_4,records/eval_crossfade_211-809-1709.csv
HPDI-compensated float32,Crossfade,4,211-809-1709,8.47659111,0.339063644,crossfade,eval,,nonstationary_H1_5_to_H4_0_Tp5_7_to_11_4,records/eval_crossfade_211-809-1709.csv
HPDI-compensated float32,Crossfade,4,211-809-1709,2.90182543,0.116073012,crossfade,eval,start,nonstationary_H1_5_to_H4_0_Tp5_7_to_11_4,records/eval_crossfade_211-809-1709.csv
HPDI-compensated float32,Crossfade,4,211-809-1709,15.3772907,0.615091622,crossfade,eval,blend,nonstationary_H1_5_to_H4_0_Tp5_7_to_11_4,records/eval_crossfade_211-809-1709.csv
HPDI-compensated float32,Crossfade,4,211-809-1709,10.9896412,0.439585656,crossfade,eval,recover,nonstationary_H1_5_to_H4_0_Tp5_7_to_11_4,records/eval_crossfade_211-809-1709.csv
HPDI-compensated float32,Crossfade,4,211-809-1709,6.86294746,0.274517894,crossfade,eval,end,nonstationary_H1_5_to_H4_0_Tp5_7_to_11_4,records/eval_crossfade_211-809-1709.csv
FDDI,LowHighLow,4,211-809-1709,1.74455106,0.069782041,lowhighlow,eval,,roundtrip_H1_5_H4_0_H1_5,records/eval_lowhighlow_211-809-1709.csv
FDDI,LowHighLow,4,211-809-1709,0.67338264,0.0269353054,lowhighlow,eval,low_start,roundtrip_H1_5_H4_0_H1_5,records/eval_lowhighlow_211-809-1709.csv
FDDI,LowHighLow,4,211-809-1709,1.90253758,0.0761015043,lowhighlow,eval,rise,roundtrip_H1_5_H4_0_H1_5,records/eval_lowhighlow_211-809-1709.csv
FDDI,LowHighLow,4,211-809-1709,2.48331475,0.0993325859,lowhighlow,eval,high_recover,roundtrip_H1_5_H4_0_H1_5,records/eval_lowhighlow_211-809-1709.csv
FDDI,LowHighLow,4,211-809-1709,2.3074615,0.092298463,lowhighlow,eval,high,roundtrip_H1_5_H4_0_H1_5,records/eval_lowhighlow_211-809-1709.csv
FDDI,LowHighLow,4,211-809-1709,2.05940986,0.0823763907,lowhighlow,eval,fall,roundtrip_H1_5_H4_0_H1_5,records/eval_lowhighlow_211-809-1709.csv
FDDI,LowHighLow,4,211-809-1709,0.302176058,0.0120870424,lowhighlow,eval,low_recover,roundtrip_H1_5_H4_0_H1_5,records/eval_lowhighlow_211-809-1709.csv
FDDI,LowHighLow,4,211-809-1709,0.961359978,0.0384543985,lowhighlow,eval,low_return,roundtrip_H1_5_H4_0_H1_5,records/eval_lowhighlow_211-809-1709.csv
HPDI-classic,LowHighLow,4,211-809-1709,9.65130997,0.3860524,lowhighlow,eval,,roundtrip_H1_5_H4_0_H1_5,records/eval_lowhighlow_211-809-1709.csv
HPDI-classic,LowHighLow,4,211-809-1709,3.42757773,0.137103111,lowhighlow,eval,low_start,roundtrip_H1_5_H4_0_H1_5,records/eval_lowhighlow_211-809-1709.csv
HPDI-classic,LowHighLow,4,211-809-1709,12.0012493,0.480049968,lowhighlow,eval,rise,roundtrip_H1_5_H4_0_H1_5,records/eval_lowhighlow_211-809-1709.csv
HPDI-classic,LowHighLow,4,211-809-1709,14.4171829,0.576687336,lowhighlow,eval,high_recover,roundtrip_H1_5_H4_0_H1_5,records/eval_lowhighlow_211-809-1709.csv
HPDI-classic,LowHighLow,4,211-809-1709,12.3363705,0.493454814,lowhighlow,eval,high,roundtrip_H1_5_H4_0_H1_5,records/eval_lowhighlow_211-809-1709.csv
HPDI-classic,LowHighLow,4,211-809-1709,9.89137173,0.395654857,lowhighlow,eval,fall,roundtrip_H1_5_H4_0_H1_5,records/eval_lowhighlow_211-809-1709.csv
HPDI-classic,LowHighLow,4,211-809-1709,5.08926582,0.203570634,lowhighlow,eval,low_recover,roundtrip_H1_5_H4_0_H1_5,records/eval_lowhighlow_211-809-1709.csv
HPDI-classic,LowHighLow,4,211-809-1709,2.78615022,0.111446008,lowhighlow,eval,low_return,roundtrip_H1_5_H4_0_H1_5,records/eval_lowhighlow_211-809-1709.csv
HPDI-classic float32,LowHighLow,4,211-809-1709,9.65121174,0.386048466,lowhighlow,eval,,roundtrip_H1_5_H4_0_H1_5,records/eval_lowhighlow_211-809-1709.csv
HPDI-classic float32,LowHighLow,4,211-809-1709,3.42757893,0.137103155,lowhighlow,eval,low_start,roundtrip_H1_5_H4_0_H1_5,records/eval_lowhighlow_211-809-1709.csv
HPDI-classic float32,LowHighLow,4,211-809-1709,12.0014639,0.480058551,lowhighlow,eval,rise,roundtrip_H1_5_H4_0_H1_5,records/eval_lowhighlow_211-809-1709.csv
HPDI-classic float32,LowHighLow,4,211-809-1709,14.4165325,0.576661289,lowhighlow,eval,high_recover,roundtrip_H1_5_H4_0_H1_5,records/eval_lowhighlow_211-809-1709.csv
HPDI-classic float32,LowHighLow,4,211-809-1709,12.3363047,0.493452191,lowhighlow,eval,high,roundtrip_H1_5_H4_0_H1_5,records/eval_lowhighlow_211-809-1709.csv
HPDI-classic float32,LowHighLow,4,211-809-1709,9.89139462,0.395655781,lowhighlow,eval,fall,roundtrip_H1_5_H4_0_H1_5,records/eval_lowhighlow_211-809-1709.csv
HPDI-classic float32,LowHighLow,4,211-809-1709,5.08930445,0.203572169,lowhighlow,eval,low_recover,roundtrip_H1_5_H4_0_H1_5,records/eval_lowhighlow_211-809-1709.csv
HPDI-classic float32,LowHighLow,4,211-809-1709,2.786134,0.11144536,lowhighlow,eval,low_return,roundtrip_H1_5_H4_0_H1_5,records/eval_lowhighlow_211-809-1709.csv
HPDI-compensated,LowHighLow,4,211-809-1709,8.32299423,0.332919776,lowhighlow,eval,,roundtrip_H1_5_H4_0_H1_5,records/eval_lowhighlow_211-809-1709.csv
HPDI-compensated,LowHighLow,4,211-809-1709,2.85633206,0.114253283,lowhighlow,eval,low_start,roundtrip_H1_5_H4_0_H1_5,records/eval_lowhighlow_211-809-1709.csv
HPDI-compensated,LowHighLow,4,211-809-1709,11.4572248,0.458288997,lowhighlow,eval,rise,roundtrip_H1_5_H4_0_H1_5,records/eval_lowhighlow_211-809-1709.csv
HPDI-compensated,LowHighLow,4,211-809-1709,11.6240473,0.464961886,lowhighlow,eval,high_recover,roundtrip_H1_5_H4_0_H1_5,records/eval_lowhighlow_211-809-1709.csv
HPDI-compensated,LowHighLow,4,211-809-1709,10.6735764,0.426943064,lowhighlow,eval,high,roundtrip_H1_5_H4_0_H1_5,records/eval_lowhighlow_211-809-1709.csv
HPDI-compensated,LowHighLow,4,211-809-1709,8.32757854,0.33310315,lowhighlow,eval,fall,roundtrip_H1_5_H4_0_H1_5,records/eval_lowhighlow_211-809-1709.csv
HPDI-compensated,LowHighLow,4,211-809-1709,4.44709826,0.177883938,lowhighlow,eval,low_recover,roundtrip_H1_5_H4_0_H1_5,records/eval_lowhighlow_211-809-1709.csv
HPDI-compensated,LowHighLow,4,211-809-1709,2.01381111,0.0805524439,lowhighlow,eval,low_return,roundtrip_H1_5_H4_0_H1_5,records/eval_lowhighlow_211-809-1709.csv
HPDI-compensated float32,LowHighLow,4,211-809-1709,8.32301807,0.33292073,lowhighlow,eval,,roundtrip_H1_5_H4_0_H1_5,records/eval_lowhighlow_211-809-1709.csv
HPDI-compensated float32,LowHighLow,4,211-809-1709,2.85635924,0.11425437,lowhighlow,eval,low_start,roundtrip_H1_5_H4_0_H1_5,records/eval_lowhighlow_211-809-1709.csv
HPDI-compensated float32,LowHighLow,4,211-809-1709,11.4574308,0.458297223,lowhighlow,eval,rise,roundtrip_H1_5_H4_0_H1_5,records/eval_lowhighlow_211-809-1709.csv
HPDI-compensated float32,LowHighLow,4,211-809-1709,11.623661,0.464946449,lowhighlow,eval,high_recover,roundtrip_H1_5_H4_0_H1_5,records/eval_lowhighlow_211-809-1709.csv
HPDI-compensated float32,LowHighLow,4,211-809-1709,10.6737833,0.426951319,lowhighlow,eval,high,roundtrip_H1_5_H4_0_H1_5,records/eval_lowhighlow_211-809-1709.csv
HPDI-compensated float32,LowHighLow,4,211-809-1709,8.32767487,0.333106995,lowhighlow,eval,fall,roundtrip_H1_5_H4_0_H1_5,records/eval_lowhighlow_211-809-1709.csv
HPDI-compensated float32,LowHighLow,4,211-809-1709,4.447052,0.177882075,lowhighlow,eval,low_recover,roundtrip_H1_5_H4_0_H1_5,records/eval_lowhighlow_211-809-1709.csv
HPDI-compensated float32,LowHighLow,4,211-809-1709,2.0138917,0.08055567,lowhighlow,eval,low_return,roundtrip_H1_5_H4_0_H1_5,records/eval_lowhighlow_211-809-1709.csv
FDDI,JONSWAP,0.0500000007,211-809-1709,1.82166326,0.000910831615,low_motion,eval,,low_motion_H0_050,records/eval_lowmotion_211-809-1709.csv
HPDI-classic,JONSWAP,0.0500000007,211-809-1709,750.685364,0.375342697,low_motion,eval,,low_motion_H0_050,records/eval_lowmotion_211-809-1709.csv
HPDI-classic float32,JONSWAP,0.0500000007,211-809-1709,750.684326,0.37534216,low_motion,eval,,low_motion_H0_050,records/eval_lowmotion_211-809-1709.csv
HPDI-compensated,JONSWAP,0.0500000007,211-809-1709,766.301575,0.383150786,low_motion,eval,,low_motion_H0_050,records/eval_lowmotion_211-809-1709.csv
HPDI-compensated float32,JONSWAP,0.0500000007,211-809-1709,766.298767,0.383149385,low_motion,eval,,low_motion_H0_050,records/eval_lowmotion_211-809-1709.csv
FDDI,Crossfade,4,211-809-1709,0.784348786,0.0313739516,ramp,eval,,rapid_H1_5_to_H4_0,records/eval_ramp_211-809-1709.csv
FDDI,Crossfade,4,211-809-1709,0.606240451,0.024249617,ramp,eval,start,rapid_H1_5_to_H4_0,records/eval_ramp_211-809-1709.csv
FDDI,Crossfade,4,211-809-1709,0.944407582,0.0377763025,ramp,eval,blend,rapid_H1_5_to_H4_0,records/eval_ramp_211-809-1709.csv
FDDI,Crossfade,4,211-809-1709,0.541320562,0.0216528233,ramp,eval,recover,rapid_H1_5_to_H4_0,records/eval_ramp_211-809-1709.csv
FDDI,Crossfade,4,211-809-1709,0.863047481,0.0345219001,ramp,eval,end,rapid_H1_5_to_H4_0,records/eval_ramp_211-809-1709.csv
HPDI-classic,Crossfade,4,211-809-1709,12.4355736,0.497422934,ramp,eval,,rapid_H1_5_to_H4_0,records/eval_ramp_211-809-1709.csv
HPDI-classic,Crossfade,4,211-809-1709,3.57789326,0.143115729,ramp,eval,start,rapid_H1_5_to_H4_0,records/eval_ramp_211-809-1709.csv
HPDI-classic,Crossfade,4,211-809-1709,13.6073904,0.544295609,ramp,eval,blend,rapid_H1_5_to_H4_0,records/eval_ramp_211-809-1709.csv
HPDI-classic,Crossfade,4,211-809-1709,41.3354225,1.65341687,ramp,eval,recover,rapid_H1_5_to_H4_0,records/eval_ramp_211-809-1709.csv
HPDI-classic,Crossfade,4,211-809-1709,11.9099855,0.476399422,ramp,eval,end,rapid_H1_5_to_H4_0,records/eval_ramp_211-809-1709.csv
HPDI-classic float32,Crossfade,4,211-809-1709,12.4356117,0.497424453,ramp,eval,,rapid_H1_5_to_H4_0,records/eval_ramp_211-809-1709.csv
HPDI-classic float32,Crossfade,4,211-809-1709,3.57787323,0.143114924,ramp,eval,start,rapid_H1_5_to_H4_0,records/eval_ramp_211-809-1709.csv
HPDI-classic float32,Crossfade,4,211-809-1709,13.6072321,0.544289291,ramp,eval,blend,rapid_H1_5_to_H4_0,records/eval_ramp_211-809-1709.csv
HPDI-classic float32,Crossfade,4,211-809-1709,41.3364067,1.65345633,ramp,eval,recover,rapid_H1_5_to_H4_0,records/eval_ramp_211-809-1709.csv
HPDI-classic float32,Crossfade,4,211-809-1709,11.9099236,0.476396948,ramp,eval,end,rapid_H1_5_to_H4_0,records/eval_ramp_211-809-1709.csv
HPDI-compensated,Crossfade,4,211-809-1709,10.643446,0.425737828,ramp,eval,,rapid_H1_5_to_H4_0,records/eval_ramp_211-809-1709.csv
HPDI-compensated,Crossfade,4,211-809-1709,2.91424918,0.116569966,ramp,eval,start,rapid_H1_5_to_H4_0,records/eval_ramp_211-809-1709.csv
HPDI-compensated,Crossfade,4,211-809-1709,18.8709469,0.754837871,ramp,eval,blend,rapid_H1_5_to_H4_0,records/eval_ramp_211-809-1709.csv
HPDI-compensated,Crossfade,4,211-809-1709,38.8761978,1.55504787,ramp,eval,recover,rapid_H1_5_to_H4_0,records/eval_ramp_211-809-1709.csv
HPDI-compensated,Crossfade,4,211-809-1709,8.85445499,0.35417819,ramp,eval,end,rapid_H1_5_to_H4_0,records/eval_ramp_211-809-1709.csv
HPDI-compensated float32,Crossfade,4,211-809-1709,10.6434603,0.425738424,ramp,eval,,rapid_H1_5_to_H4_0,records/eval_ramp_211-809-1709.csv
HPDI-compensated float32,Crossfade,4,211-809-1709,2.91422129,0.116568856,ramp,eval,start,rapid_H1_5_to_H4_0,records/eval_ramp_211-809-1709.csv
HPDI-compensated float32,Crossfade,4,211-809-1709,18.8706532,0.754826128,ramp,eval,blend,rapid_H1_5_to_H4_0,records/eval_ramp_211-809-1709.csv
HPDI-compensated float32,Crossfade,4,211-809-1709,38.8779526,1.55511808,ramp,eval,recover,rapid_H1_5_to_H4_0,records/eval_ramp_211-809-1709.csv
HPDI-compensated float32,Crossfade,4,211-809-1709,8.85409164,0.354163647,ramp,eval,end,rapid_H1_5_to_H4_0,records/eval_ramp_211-809-1709.csv
FDDI,JONSWAP,0.270000011,257-907-1801,1.37914836,0.00372370053,stationary,eval,,stationary_jonswap_H0_270_L14_047_A30_00_P60_00,records/eval_stationary_jonswap_H0_270_L14_047_A30_00_P60_00_257-907-1801.csv
HPDI-classic,JONSWAP,0.270000011,257-907-1801,10.2551689,0.0276889559,stationary,eval,,stationary_jonswap_H0_270_L14_047_A30_00_P60_00,records/eval_stationary_jonswap_H0_270_L14_047_A30_00_P60_00_257-907-1801.csv
HPDI-classic float32,JONSWAP,0.270000011,257-907-1801,10.2552519,0.0276891813,stationary,eval,,stationary_jonswap_H0_270_L14_047_A30_00_P60_00,records/eval_stationary_jonswap_H0_270_L14_047_A30_00_P60_00_257-907-1801.csv
HPDI-compensated,JONSWAP,0.270000011,257-907-1801,9.50697899,0.0256688427,stationary,eval,,stationary_jonswap_H0_270_L14_047_A30_00_P60_00,records/eval_stationary_jonswap_H0_270_L14_047_A30_00_P60_00_257-907-1801.csv
HPDI-compensated float32,JONSWAP,0.270000011,257-907-1801,9.50719547,0.0256694276,stationary,eval,,stationary_jonswap_H0_270_L14_047_A30_00_P60_00,records/eval_stationary_jonswap_H0_270_L14_047_A30_00_P60_00_257-907-1801.csv
FDDI,JONSWAP,1.5,257-907-1801,3.51118326,0.0526677519,stationary,eval,,stationary_jonswap_H1_500_L50_710_A_30_00_P120_00,records/eval_stationary_jonswap_H1_500_L50_710_A_30_00_P120_00_257-907-1801.csv
HPDI-classic,JONSWAP,1.5,257-907-1801,9.50535011,0.142580256,stationary,eval,,stationary_jonswap_H1_500_L50_710_A_30_00_P120_00,records/eval_stationary_jonswap_H1_500_L50_710_A_30_00_P120_00_257-907-1801.csv
HPDI-classic float32,JONSWAP,1.5,257-907-1801,9.50533295,0.142580003,stationary,eval,,stationary_jonswap_H1_500_L50_710_A_30_00_P120_00,records/eval_stationary_jonswap_H1_500_L50_710_A_30_00_P120_00_257-907-1801.csv
HPDI-compensated,JONSWAP,1.5,257-907-1801,8.56562138,0.128484324,stationary,eval,,stationary_jonswap_H1_500_L50_710_A_30_00_P120_00,records/eval_stationary_jonswap_H1_500_L50_710_A_30_00_P120_00_257-907-1801.csv
HPDI-compensated float32,JONSWAP,1.5,257-907-1801,8.56571293,0.128485695,stationary,eval,,stationary_jonswap_H1_500_L50_710_A_30_00_P120_00,records/eval_stationary_jonswap_H1_500_L50_710_A_30_00_P120_00_257-907-1801.csv
FDDI,JONSWAP,4,257-907-1801,4.4273119,0.177092478,stationary,eval,,stationary_jonswap_H4_000_L112_766_A30_00_P30_00,records/eval_stationary_jonswap_H4_000_L112_766_A30_00_P30_00_257-907-1801.csv
HPDI-classic,JONSWAP,4,257-907-1801,8.97912884,0.359165162,stationary,eval,,stationary_jonswap_H4_000_L112_766_A30_00_P30_00,records/eval_stationary_jonswap_H4_000_L112_766_A30_00_P30_00_257-907-1801.csv
HPDI-classic float32,JONSWAP,4,257-907-1801,8.97904301,0.359161735,stationary,eval,,stationary_jonswap_H4_000_L112_766_A30_00_P30_00,records/eval_stationary_jonswap_H4_000_L112_766_A30_00_P30_00_257-907-1801.csv
HPDI-compensated,JONSWAP,4,257-907-1801,7.57073975,0.302829593,stationary,eval,,stationary_jonswap_H4_000_L112_766_A30_00_P30_00,records/eval_stationary_jonswap_H4_000_L112_766_A30_00_P30_00_257-907-1801.csv
HPDI-compensated float32,JONSWAP,4,257-907-1801,7.57086802,0.302834719,stationary,eval,,stationary_jonswap_H4_000_L112_766_A30_00_P30_00,records/eval_stationary_jonswap_H4_000_L112_766_A30_00_P30_00_257-907-1801.csv
FDDI,JONSWAP,8.5,257-907-1801,4.20346832,0.357294798,stationary,eval,,stationary_jonswap_H8_500_L202_839_A_30_00_P72_00,records/eval_stationary_jonswap_H8_500_L202_839_A_30_00_P72_00_257-907-1801.csv
HPDI-classic,JONSWAP,8.5,257-907-1801,8.86169338,0.753243983,stationary,eval,,stationary_jonswap_H8_500_L202_839_A_30_00_P72_00,records/eval_stationary_jonswap_H8_500_L202_839_A_30_00_P72_00_257-907-1801.csv
HPDI-classic float32,JONSWAP,8.5,257-907-1801,8.86169147,0.753243804,stationary,eval,,stationary_jonswap_H8_500_L202_839_A_30_00_P72_00,records/eval_stationary_jonswap_H8_500_L202_839_A_30_00_P72_00_257-907-1801.csv
HPDI-compensated,JONSWAP,8.5,257-907-1801,6.27950621,0.533758044,stationary,eval,,stationary_jonswap_H8_500_L202_839_A_30_00_P72_00,records/eval_stationary_jonswap_H8_500_L202_839_A_30_00_P72_00_257-907-1801.csv
HPDI-compensated float32,JONSWAP,8.5,257-907-1801,6.27970743,0.533775151,stationary,eval,,stationary_jonswap_H8_500_L202_839_A_30_00_P72_00,records/eval_stationary_jonswap_H8_500_L202_839_A_30_00_P72_00_257-907-1801.csv
FDDI,PM-Stokes,0.270000011,257-907-1801,1.24385822,0.00335841719,stationary,eval,,stationary_pmstokes_H0_270_L14_047_A30_00_P60_00,records/eval_stationary_pmstokes_H0_270_L14_047_A30_00_P60_00_257-907-1801.csv
HPDI-classic,PM-Stokes,0.270000011,257-907-1801,11.1890049,0.0302103143,stationary,eval,,stationary_pmstokes_H0_270_L14_047_A30_00_P60_00,records/eval_stationary_pmstokes_H0_270_L14_047_A30_00_P60_00_257-907-1801.csv
HPDI-classic float32,PM-Stokes,0.270000011,257-907-1801,11.1890268,0.0302103739,stationary,eval,,stationary_pmstokes_H0_270_L14_047_A30_00_P60_00,records/eval_stationary_pmstokes_H0_270_L14_047_A30_00_P60_00_257-907-1801.csv
HPDI-compensated,PM-Stokes,0.270000011,257-907-1801,10.5212603,0.0284074023,stationary,eval,,stationary_pmstokes_H0_270_L14_047_A30_00_P60_00,records/eval_stationary_pmstokes_H0_270_L14_047_A30_00_P60_00_257-907-1801.csv
HPDI-compensated float32,PM-Stokes,0.270000011,257-907-1801,10.5213995,0.0284077805,stationary,eval,,stationary_pmstokes_H0_270_L14_047_A30_00_P60_00,records/eval_stationary_pmstokes_H0_270_L14_047_A30_00_P60_00_257-907-1801.csv
FDDI,PM-Stokes,1.5,257-907-1801,3.16988921,0.0475483388,stationary,eval,,stationary_pmstokes_H1_500_L50_710_A_30_00_P120_00,records/eval_stationary_pmstokes_H1_500_L50_710_A_30_00_P120_00_257-907-1801.csv
HPDI-classic,PM-Stokes,1.5,257-907-1801,9.23157692,0.13847366,stationary,eval,,stationary_pmstokes_H1_500_L50_710_A_30_00_P120_00,records/eval_stationary_pmstokes_H1_500_L50_710_A_30_00_P120_00_257-907-1801.csv
HPDI-classic float32,PM-Stokes,1.5,257-907-1801,9.23161888,0.138474286,stationary,eval,,stationary_pmstokes_H1_500_L50_710_A_30_00_P120_00,records/eval_stationary_pmstokes_H1_500_L50_710_A_30_00_P120_00_257-907-1801.csv
HPDI-compensated,PM-Stokes,1.5,257-907-1801,8.0117836,0.120176755,stationary,eval,,stationary_pmstokes_H1_500_L50_710_A_30_00_P120_00,records/eval_stationary_pmstokes_H1_500_L50_710_A_30_00_P120_00_257-907-1801.csv
HPDI-compensated float32,PM-Stokes,1.5,257-907-1801,8.01185131,0.120177768,stationary,eval,,stationary_pmstokes_H1_500_L50_710_A_30_00_P120_00,records/eval_stationary_pmstokes_H1_500_L50_710_A_30_00_P120_00_257-907-1801.csv
FDDI,PM-Stokes,4,257-907-1801,4.23933077,0.169573233,stationary,eval,,stationary_pmstokes_H4_000_L112_766_A30_00_P30_00,records/eval_stationary_pmstokes_H4_000_L112_766_A30_00_P30_00_257-907-1801.csv
HPDI-classic,PM-Stokes,4,257-907-1801,8.92982674,0.357193053,stationary,eval,,stationary_pmstokes_H4_000_L112_766_A30_00_P30_00,records/eval_stationary_pmstokes_H4_000_L112_766_A30_00_P30_00_257-907-1801.csv
HPDI-classic float32,PM-Stokes,4,257-907-1801,8.92984772,0.357193917,stationary,eval,,stationary_pmstokes_H4_000_L112_766_A30_00_P30_00,records/eval_stationary_pmstokes_H4_000_L112_766_A30_00_P30_00_257-907-1801.csv
HPDI-compensated,PM-Stokes,4,257-907-1801,7.37926579,0.295170635,stationary,eval,,stationary_pmstokes_H4_000_L112_766_A30_00_P30_00,records/eval_stationary_pmstokes_H4_000_L112_766_A30_00_P30_00_257-907-1801.csv
HPDI-compensated float32,PM-Stokes,4,257-907-1801,7.37956762,0.295182705,stationary,eval,,stationary_pmstokes_H4_000_L112_766_A30_00_P30_00,records/eval_stationary_pmstokes_H4_000_L112_766_A30_00_P30_00_257-907-1801.csv
FDDI,PM-Stokes,8.5,257-907-1801,4.66149664,0.396227241,stationary,eval,,stationary_pmstokes_H8_500_L202_839_A_30_00_P72_00,records/eval_stationary_pmstokes_H8_500_L202_839_A_30_00_P72_00_257-907-1801.csv
HPDI-classic,PM-Stokes,8.5,257-907-1801,8.46924305,0.719885707,stationary,eval,,stationary_pmstokes_H8_500_L202_839_A_30_00_P72_00,records/eval_stationary_pmstokes_H8_500_L202_839_A_30_00_P72_00_257-907-1801.csv
HPDI-classic float32,PM-Stokes,8.5,257-907-1801,8.46926594,0.719887614,stationary,eval,,stationary_pmstokes_H8_500_L202_839_A_30_00_P72_00,records/eval_stationary_pmstokes_H8_500_L202_839_A_30_00_P72_00_257-907-1801.csv
HPDI-compensated,PM-Stokes,8.5,257-907-1801,6.18563747,0.525779188,stationary,eval,,stationary_pmstokes_H8_500_L202_839_A_30_00_P72_00,records/eval_stationary_pmstokes_H8_500_L202_839_A_30_00_P72_00_257-907-1801.csv
HPDI-compensated float32,PM-Stokes,8.5,257-907-1801,6.18598938,0.525809109,stationary,eval,,stationary_pmstokes_H8_500_L202_839_A_30_00_P72_00,records/eval_stationary_pmstokes_H8_500_L202_839_A_30_00_P72_00_257-907-1801.csv
FDDI,Crossfade,4,257-907-1801,1.64547539,0.0658190176,crossfade,eval,,nonstationary_H1_5_to_H4_0_Tp5_7_to_11_4,records/eval_crossfade_257-907-1801.csv
FDDI,Crossfade,4,257-907-1801,0.696898937,0.027875958,crossfade,eval,start,nonstationary_H1_5_to_H4_0_Tp5_7_to_11_4,records/eval_crossfade_257-907-1801.csv
FDDI,Crossfade,4,257-907-1801,0.622887909,0.0249155164,crossfade,eval,blend,nonstationary_H1_5_to_H4_0_Tp5_7_to_11_4,records/eval_crossfade_257-907-1801.csv
FDDI,Crossfade,4,257-907-1801,0.634544373,0.0253817737,crossfade,eval,recover,nonstationary_H1_5_to_H4_0_Tp5_7_to_11_4,records/eval_crossfade_257-907-1801.csv
FDDI,Crossfade,4,257-907-1801,2.30186558,0.0920746252,crossfade,eval,end,nonstationary_H1_5_to_H4_0_Tp5_7_to_11_4,records/eval_crossfade_257-907-1801.csv
HPDI-classic,Crossfade,4,257-907-1801,11.9280634,0.477122545,crossfade,eval,,nonstationary_H1_5_to_H4_0_Tp5_7_to_11_4,records/eval_crossfade_257-907-1801.csv
HPDI-classic,Crossfade,4,257-907-1801,3.78773212,0.151509285,crossfade,eval,start,nonstationary_H1_5_to_H4_0_Tp5_7_to_11_4,records/eval_crossfade_257-907-1801.csv
HPDI-classic,Crossfade,4,257-907-1801,17.0433826,0.681735277,crossfade,eval,blend,nonstationary_H1_5_to_H4_0_Tp5_7_to_11_4,records/eval_crossfade_257-907-1801.csv
HPDI-classic,Crossfade,4,257-907-1801,10.5395441,0.421581775,crossfade,eval,recover,nonstationary_H1_5_to_H4_0_Tp5_7_to_11_4,records/eval_crossfade_257-907-1801.csv
HPDI-classic,Crossfade,4,257-907-1801,13.4893579,0.539574325,crossfade,eval,end,nonstationary_H1_5_to_H4_0_Tp5_7_to_11_4,records/eval_crossfade_257-907-1801.csv
HPDI-classic float32,Crossfade,4,257-907-1801,11.9280005,0.477120012,crossfade,eval,,nonstationary_H1_5_to_H4_0_Tp5_7_to_11_4,records/eval_crossfade_257-907-1801.csv
HPDI-classic float32,Crossfade,4,257-907-1801,3.78769755,0.151507899,crossfade,eval,start,nonstationary_H1_5_to_H4_0_Tp5_7_to_11_4,records/eval_crossfade_257-907-1801.csv
HPDI-classic float32,Crossfade,4,257-907-1801,17.0432739,0.681730926,crossfade,eval,blend,nonstationary_H1_5_to_H4_0_Tp5_7_to_11_4,records/eval_crossfade_257-907-1801.csv
HPDI-classic float32,Crossfade,4,257-907-1801,10.5396128,0.421584517,crossfade,eval,recover,nonstationary_H1_5_to_H4_0_Tp5_7_to_11_4,records/eval_crossfade_257-907-1801.csv
HPDI-classic float32,Crossfade,4,257-907-1801,13.4892244,0.539568961,crossfade,eval,end,nonstationary_H1_5_to_H4_0_Tp5_7_to_11_4,records/eval_crossfade_257-907-1801.csv
HPDI-compensated,Crossfade,4,257-907-1801,10.5089064,0.420356244,crossfade,eval,,nonstationary_H1_5_to_H4_0_Tp5_7_to_11_4,records/eval_crossfade_257-907-1801.csv
HPDI-compensated,Crossfade,4,257-907-1801,3.30457735,0.13218309,crossfade,eval,start,nonstationary_H1_5_to_H4_0_Tp5_7_to_11_4,records/eval_crossfade_257-907-1801.csv
HPDI-compensated,Crossfade,4,257-907-1801,14.7961426,0.591845691,crossfade,eval,blend,nonstationary_H1_5_to_H4_0_Tp5_7_to_11_4,records/eval_crossfade_257-907-1801.csv
HPDI-compensated,Crossfade,4,257-907-1801,7.64481592,0.30579263,crossfade,eval,recover,nonstationary_H1_5_to_H4_0_Tp5_7_to_11_4,records/eval_crossfade_257-907-1801.csv
HPDI-compensated,Crossfade,4,257-907-1801,12.2949715,0.491798848,crossfade,eval,end,nonstationary_H1_5_to_H4_0_Tp5_7_to_11_4,records/eval_crossfade_257-907-1801.csv
HPDI-compensated float32,Crossfade,4,257-907-1801,10.5089188,0.42035675,crossfade,eval,,nonstationary_H1_5_to_H4_0_Tp5_7_to_11_4,records/eval_crossfade_257-907-1801.csv
HPDI-compensated float32,Crossfade,4,257-907-1801,3.30469418,0.132187769,crossfade,eval,start,nonstationary_H1_5_to_H4_0_Tp5_7_to_11_4,records/eval_crossfade_257-907-1801.csv
HPDI-compensated float32,Crossfade,4,257-907-1801,14.7963657,0.591854632,crossfade,eval,blend,nonstationary_H1_5_to_H4_0_Tp5_7_to_11_4,records/eval_crossfade_257-907-1801.csv
HPDI-compensated float32,Crossfade,4,257-907-1801,7.64494228,0.305797696,crossfade,eval,recover,nonstationary_H1_5_to_H4_0_Tp5_7_to_11_4,records/eval_crossfade_257-907-1801.csv
HPDI-compensated float32,Crossfade,4,257-907-1801,12.2948418,0.491793662,crossfade,eval,end,nonstationary_H1_5_to_H4_0_Tp5_7_to_11_4,records/eval_crossfade_257-907-1801.csv
FDDI,LowHighLow,4,257-907-1801,1.18897223,0.0475588888,lowhighlow,eval,,roundtrip_H1_5_H4_0_H1_5,records/eval_lowhighlow_257-907-1801.csv
FDDI,LowHighLow,4,257-907-1801,0.705934703,0.0282373875,lowhighlow,eval,low_start,roundtrip_H1_5_H4_0_H1_5,records/eval_lowhighlow_257-907-1801.csv
FDDI,LowHighLow,4,257-907-1801,0.982836187,0.0393134467,lowhighlow,eval,rise,roundtrip_H1_5_H4_0_H1_5,records/eval_lowhighlow_257-907-1801.csv
FDDI,LowHighLow,4,257-907-1801,2.05941081,0.0823764354,lowhighlow,eval,high_recover,roundtrip_H1_5_H4_0_H1_5,records/eval_lowhighlow_257-907-1801.csv
FDDI,LowHighLow,4,257-907-1801,1.45841336,0.0583365336,lowhighlow,eval,high,roundtrip_H1_5_H4_0_H1_5,records/eval_lowhighlow_257-907-1801.csv
FDDI,LowHighLow,4,257-907-1801,1.0645436,0.0425817445,lowhighlow,eval,fall,roundtrip_H1_5_H4_0_H1_5,records/eval_lowhighlow_257-907-1801.csv
FDDI,LowHighLow,4,257-907-1801,0.520533025,0.0208213218,lowhighlow,eval,low_recover,roundtrip_H1_5_H4_0_H1_5,records/eval_lowhighlow_257-907-1801.csv
FDDI,LowHighLow,4,257-907-1801,0.745389163,0.0298155658,lowhighlow,eval,low_return,roundtrip_H1_5_H4_0_H1_5,records/eval_lowhighlow_257-907-1801.csv
HPDI-classic,LowHighLow,4,257-907-1801,8.79867935,0.351947159,lowhighlow,eval,,roundtrip_H1_5_H4_0_H1_5,records/eval_lowhighlow_257-907-1801.csv
HPDI-classic,LowHighLow,4,257-907-1801,3.43309355,0.137323737,lowhighlow,eval,low_start,roundtrip_H1_5_H4_0_H1_5,records/eval_lowhighlow_257-907-1801.csv
HPDI-classic,LowHighLow,4,257-907-1801,9.89817524,0.395927012,lowhighlow,eval,rise,roundtrip_H1_5_H4_0_H1_5,records/eval_lowhighlow_257-907-1801.csv
HPDI-classic,LowHighLow,4,257-907-1801,10.7582741,0.430330962,lowhighlow,eval,high_recover,roundtrip_H1_5_H4_0_H1_5,records/eval_lowhighlow_257-907-1801.csv
HPDI-classic,LowHighLow,4,257-907-1801,9.19652081,0.367860824,lowhighlow,eval,high,roundtrip_H1_5_H4_0_H1_5,records/eval_lowhighlow_257-907-1801.csv
HPDI-classic,LowHighLow,4,257-907-1801,13.1596375,0.526385486,lowhighlow,eval,fall,roundtrip_H1_5_H4_0_H1_5,records/eval_lowhighlow_257-907-1801.csv
HPDI-classic,LowHighLow,4,257-907-1801,6.9591732,0.278366923,lowhighlow,eval,low_recover,roundtrip_H1_5_H4_0_H1_5,records/eval_lowhighlow_257-907-1801.csv
HPDI-classic,LowHighLow,4,257-907-1801,4.13118935,0.165247574,lowhighlow,eval,low_return,roundtrip_H1_5_H4_0_H1_5,records/eval_lowhighlow_257-907-1801.csv
HPDI-classic float32,LowHighLow,4,257-907-1801,8.7985363,0.351941437,lowhighlow,eval,,roundtrip_H1_5_H4_0_H1_5,records/eval_lowhighlow_257-907-1801.csv
HPDI-classic float32,LowHighLow,4,257-907-1801,3.43303347,0.137321338,lowhighlow,eval,low_start,roundtrip_H1_5_H4_0_H1_5,records/eval_lowhighlow_257-907-1801.csv
HPDI-classic float32,LowHighLow,4,257-907-1801,9.89815235,0.395926088,lowhighlow,eval,rise,roundtrip_H1_5_H4_0_H1_5,records/eval_lowhighlow_257-907-1801.csv
HPDI-classic float32,LowHighLow,4,257-907-1801,10.758256,0.430330247,lowhighlow,eval,high_recover,roundtrip_H1_5_H4_0_H1_5,records/eval_lowhighlow_257-907-1801.csv
HPDI-classic float32,LowHighLow,4,257-907-1801,9.19617271,0.367846906,lowhighlow,eval,high,roundtrip_H1_5_H4_0_H1_5,records/eval_lowhighlow_257-907-1801.csv
HPDI-classic float32,LowHighLow,4,257-907-1801,13.1592302,0.526369214,lowhighlow,eval,fall,roundtrip_H1_5_H4_0_H1_5,records/eval_lowhighlow_257-907-1801.csv
HPDI-classic float32,LowHighLow,4,257-907-1801,6.95911264,0.278364509,lowhighlow,eval,low_recover,roundtrip_H1_5_H4_0_H1_5,records/eval_lowhighlow_257-907-1801.csv
HPDI-classic float32,LowHighLow,4,257-907-1801,4.13120747,0.16524829,lowhighlow,eval,low_return,roundtrip_H1_5_H4_0_H1_5,records/eval_lowhighlow_257-907-1801.csv
HPDI-compensated,LowHighLow,4,257-907-1801,7.79639339,0.311855733,lowhighlow,eval,,roundtrip_H1_5_H4_0_H1_5,records/eval_lowhighlow_257-907-1801.csv
HPDI-compensated,LowHighLow,4,257-907-1801,2.51172471,0.100468986,lowhighlow,eval,low_start,roundtrip_H1_5_H4_0_H1_5,records/eval_lowhighlow_257-907-1801.csv
HPDI-compensated,LowHighLow,4,257-907-1801,8.21278191,0.328511268,lowhighlow,eval,rise,roundtrip_H1_5_H4_0_H1_5,records/eval_lowhighlow_257-907-1801.csv
HPDI-compensated,LowHighLow,4,257-907-1801,10.4887905,0.419551611,lowhighlow,eval,high_recover,roundtrip_H1_5_H4_0_H1_5,records/eval_lowhighlow_257-907-1801.csv
HPDI-compensated,LowHighLow,4,257-907-1801,6.87450314,0.274980128,lowhighlow,eval,high,roundtrip_H1_5_H4_0_H1_5,records/eval_lowhighlow_257-907-1801.csv
HPDI-compensated,LowHighLow,4,257-907-1801,12.6881628,0.507526517,lowhighlow,eval,fall,roundtrip_H1_5_H4_0_H1_5,records/eval_lowhighlow_257-907-1801.csv
HPDI-compensated,LowHighLow,4,257-907-1801,5.87647629,0.235059053,lowhighlow,eval,low_recover,roundtrip_H1_5_H4_0_H1_5,records/eval_lowhighlow_257-907-1801.csv
HPDI-compensated,LowHighLow,4,257-907-1801,3.31819201,0.132727683,lowhighlow,eval,low_return,roundtrip_H1_5_H4_0_H1_5,records/eval_lowhighlow_257-907-1801.csv
HPDI-compensated float32,LowHighLow,4,257-907-1801,7.79647827,0.311859131,lowhighlow,eval,,roundtrip_H1_5_H4_0_H1_5,records/eval_lowhighlow_257-907-1801.csv
HPDI-compensated float32,LowHighLow,4,257-907-1801,2.51168489,0.100467391,lowhighlow,eval,low_start,roundtrip_H1_5_H4_0_H1_5,records/eval_lowhighlow_257-907-1801.csv
HPDI-compensated float32,LowHighLow,4,257-907-1801,8.21301079,0.328520417,lowhighlow,eval,rise,roundtrip_H1_5_H4_0_H1_5,records/eval_lowhighlow_257-907-1801.csv
HPDI-compensated float32,LowHighLow,4,257-907-1801,10.4888601,0.419554412,lowhighlow,eval,high_recover,roundtrip_H1_5_H4_0_H1_5,records/eval_lowhighlow_257-907-1801.csv
HPDI-compensated float32,LowHighLow,4,257-907-1801,6.87458515,0.274983406,lowhighlow,eval,high,roundtrip_H1_5_H4_0_H1_5,records/eval_lowhighlow_257-907-1801.csv
HPDI-compensated float32,LowHighLow,4,257-907-1801,12.6883698,0.507534802,lowhighlow,eval,fall,roundtrip_H1_5_H4_0_H1_5,records/eval_lowhighlow_257-907-1801.csv
HPDI-compensated float32,LowHighLow,4,257-907-1801,5.87639093,0.23505564,lowhighlow,eval,low_recover,roundtrip_H1_5_H4_0_H1_5,records/eval_lowhighlow_257-907-1801.csv
HPDI-compensated float32,LowHighLow,4,257-907-1801,3.31823492,0.132729396,lowhighlow,eval,low_return,roundtrip_H1_5_H4_0_H1_5,records/eval_lowhighlow_257-907-1801.csv
FDDI,JONSWAP,0.0500000007,257-907-1801,3.32114816,0.00166057411,low_motion,eval,,low_motion_H0_050,records/eval_lowmotion_257-907-1801.csv
HPDI-classic,JONSWAP,0.0500000007,257-907-1801,1469.12671,0.734563351,low_motion,eval,,low_motion_H0_050,records/eval_lowmotion_257-907-1801.csv
HPDI-classic float32,JONSWAP,0.0500000007,257-907-1801,1469.15198,0.734575987,low_motion,eval,,low_motion_H0_050,records/eval_lowmotion_257-907-1801.csv
HPDI-compensated,JONSWAP,0.0500000007,257-907-1801,1540.18359,0.770091772,low_motion,eval,,low_motion_H0_050,records/eval_lowmotion_257-907-1801.csv
HPDI-compensated float32,JONSWAP,0.0500000007,257-907-1801,1540.17102,0.770085514,low_motion,eval,,low_motion_H0_050,records/eval_lowmotion_257-907-1801.csv
FDDI,Crossfade,4,257-907-1801,1.65500081,0.0662000328,ramp,eval,,rapid_H1_5_to_H4_0,records/eval_ramp_257-907-1801.csv
FDDI,Crossfade,4,257-907-1801,0.666718543,0.0266687423,ramp,eval,start,rapid_H1_5_to_H4_0,records/eval_ramp_257-907-1801.csv
FDDI,Crossfade,4,257-907-1801,0.595930636,0.0238372255,ramp,eval,blend,rapid_H1_5_to_H4_0,records/eval_ramp_257-907-1801.csv
FDDI,Crossfade,4,257-907-1801,0.980258107,0.0392103232,ramp,eval,recover,rapid_H1_5_to_H4_0,records/eval_ramp_257-907-1801.csv
FDDI,Crossfade,4,257-907-1801,2.03526068,0.0814104304,ramp,eval,end,rapid_H1_5_to_H4_0,records/eval_ramp_257-907-1801.csv
HPDI-classic,Crossfade,4,257-907-1801,13.5458899,0.541835606,ramp,eval,,rapid_H1_5_to_H4_0,records/eval_ramp_257-907-1801.csv
HPDI-classic,Crossfade,4,257-907-1801,3.72047758,0.148819104,ramp,eval,start,rapid_H1_5_to_H4_0,records/eval_ramp_257-907-1801.csv
HPDI-classic,Crossfade,4,257-907-1801,9.29857445,0.371942967,ramp,eval,blend,rapid_H1_5_to_H4_0,records/eval_ramp_257-907-1801.csv
HPDI-classic,Crossfade,4,257-907-1801,38.1052551,1.52421021,ramp,eval,recover,rapid_H1_5_to_H4_0,records/eval_ramp_257-907-1801.csv
HPDI-classic,Crossfade,4,257-907-1801,14.397438,0.575897515,ramp,eval,end,rapid_H1_5_to_H4_0,records/eval_ramp_257-907-1801.csv
HPDI-classic float32,Crossfade,4,257-907-1801,13.5458412,0.541833639,ramp,eval,,rapid_H1_5_to_H4_0,records/eval_ramp_257-907-1801.csv
HPDI-classic float32,Crossfade,4,257-907-1801,3.72045302,0.14881812,ramp,eval,start,rapid_H1_5_to_H4_0,records/eval_ramp_257-907-1801.csv
HPDI-classic float32,Crossfade,4,257-907-1801,9.29861927,0.371944785,ramp,eval,blend,rapid_H1_5_to_H4_0,records/eval_ramp_257-907-1801.csv
HPDI-classic float32,Crossfade,4,257-907-1801,38.1061821,1.52424729,ramp,eval,recover,rapid_H1_5_to_H4_0,records/eval_ramp_257-907-1801.csv
HPDI-classic float32,Crossfade,4,257-907-1801,14.3972216,0.575888872,ramp,eval,end,rapid_H1_5_to_H4_0,records/eval_ramp_257-907-1801.csv
HPDI-compensated,Crossfade,4,257-907-1801,12.2248735,0.488994956,ramp,eval,,rapid_H1_5_to_H4_0,records/eval_ramp_257-907-1801.csv
HPDI-compensated,Crossfade,4,257-907-1801,3.22961736,0.129184693,ramp,eval,start,rapid_H1_5_to_H4_0,records/eval_ramp_257-907-1801.csv
HPDI-compensated,Crossfade,4,257-907-1801,5.95013142,0.238005251,ramp,eval,blend,rapid_H1_5_to_H4_0,records/eval_ramp_257-907-1801.csv
HPDI-compensated,Crossfade,4,257-907-1801,43.9672737,1.75869095,ramp,eval,recover,rapid_H1_5_to_H4_0,records/eval_ramp_257-907-1801.csv
HPDI-compensated,Crossfade,4,257-907-1801,11.4279013,0.457116038,ramp,eval,end,rapid_H1_5_to_H4_0,records/eval_ramp_257-907-1801.csv
HPDI-compensated float32,Crossfade,4,257-907-1801,12.2247381,0.488989532,ramp,eval,,rapid_H1_5_to_H4_0,records/eval_ramp_257-907-1801.csv
HPDI-compensated float32,Crossfade,4,257-907-1801,3.229707,0.129188284,ramp,eval,start,rapid_H1_5_to_H4_0,records/eval_ramp_257-907-1801.csv
HPDI-compensated float32,Crossfade,4,257-907-1801,5.95009422,0.238003775,ramp,eval,blend,rapid_H1_5_to_H4_0,records/eval_ramp_257-907-1801.csv
HPDI-compensated float32,Crossfade,4,257-907-1801,43.9672089,1.75868833,ramp,eval,recover,rapid_H1_5_to_H4_0,records/eval_ramp_257-907-1801.csv
HPDI-compensated float32,Crossfade,4,257-907-1801,11.4277039,0.45710817,ramp,eval,end,rapid_H1_5_to_H4_0,records/eval_ramp_257-907-1801.csv
FDDI,JONSWAP,0.270000011,307-1009-1901,1.2825042,0.00346276141,stationary,eval,,stationary_jonswap_H0_270_L14_047_A30_00_P60_00,records/eval_stationary_jonswap_H0_270_L14_047_A30_00_P60_00_307-1009-1901.csv
HPDI-classic,JONSWAP,0.270000011,307-1009-1901,8.83175182,0.0238457303,stationary,eval,,stationary_jonswap_H0_270_L14_047_A30_00_P60_00,records/eval_stationary_jonswap_H0_270_L14_047_A30_00_P60_00_307-1009-1901.csv
HPDI-classic float32,JONSWAP,0.270000011,307-1009-1901,8.83172035,0.0238456447,stationary,eval,,stationary_jonswap_H0_270_L14_047_A30_00_P60_00,records/eval_stationary_jonswap_H0_270_L14_047_A30_00_P60_00_307-1009-1901.csv
HPDI-compensated,JONSWAP,0.270000011,307-1009-1901,8.67434216,0.0234207232,stationary,eval,,stationary_jonswap_H0_270_L14_047_A30_00_P60_00,records/eval_stationary_jonswap_H0_270_L14_047_A30_00_P60_00_307-1009-1901.csv
HPDI-compensated float32,JONSWAP,0.270000011,307-1009-1901,8.67436123,0.0234207753,stationary,eval,,stationary_jonswap_H0_270_L14_047_A30_00_P60_00,records/eval_stationary_jonswap_H0_270_L14_047_A30_00_P60_00_307-1009-1901.csv
FDDI,JONSWAP,1.5,307-1009-1901,2.10195708,0.0315293558,stationary,eval,,stationary_jonswap_H1_500_L50_710_A_30_00_P120_00,records/eval_stationary_jonswap_H1_500_L50_710_A_30_00_P120_00_307-1009-1901.csv
HPDI-classic,JONSWAP,1.5,307-1009-1901,8.70768166,0.130615234,stationary,eval,,stationary_jonswap_H1_500_L50_710_A_30_00_P120_00,records/eval_stationary_jonswap_H1_500_L50_710_A_30_00_P120_00_307-1009-1901.csv
HPDI-classic float32,JONSWAP,1.5,307-1009-1901,8.70757961,0.1306137,stationary,eval,,stationary_jonswap_H1_500_L50_710_A_30_00_P120_00,records/eval_stationary_jonswap_H1_500_L50_710_A_30_00_P120_00_307-1009-1901.csv
HPDI-compensated,JONSWAP,1.5,307-1009-1901,7.08456135,0.106268421,stationary,eval,,stationary_jonswap_H1_500_L50_710_A_30_00_P120_00,records/eval_stationary_jonswap_H1_500_L50_710_A_30_00_P120_00_307-1009-1901.csv
HPDI-compensated float32,JONSWAP,1.5,307-1009-1901,7.08437347,0.106265604,stationary,eval,,stationary_jonswap_H1_500_L50_710_A_30_00_P120_00,records/eval_stationary_jonswap_H1_500_L50_710_A_30_00_P120_00_307-1009-1901.csv
FDDI,JONSWAP,4,307-1009-1901,1.28577757,0.0514311008,stationary,eval,,stationary_jonswap_H4_000_L112_766_A30_00_P30_00,records/eval_stationary_jonswap_H4_000_L112_766_A30_00_P30_00_307-1009-1901.csv
HPDI-classic,JONSWAP,4,307-1009-1901,8.91232681,0.356493086,stationary,eval,,stationary_jonswap_H4_000_L112_766_A30_00_P30_00,records/eval_stationary_jonswap_H4_000_L112_766_A30_00_P30_00_307-1009-1901.csv
HPDI-classic float32,JONSWAP,4,307-1009-1901,8.91235924,0.356494367,stationary,eval,,stationary_jonswap_H4_000_L112_766_A30_00_P30_00,records/eval_stationary_jonswap_H4_000_L112_766_A30_00_P30_00_307-1009-1901.csv
HPDI-compensated,JONSWAP,4,307-1009-1901,7.01004171,0.280401677,stationary,eval,,stationary_jonswap_H4_000_L112_766_A30_00_P30_00,records/eval_stationary_jonswap_H4_000_L112_766_A30_00_P30_00_307-1009-1901.csv
HPDI-compensated float32,JONSWAP,4,307-1009-1901,7.01005888,0.280402362,stationary,eval,,stationary_jonswap_H4_000_L112_766_A30_00_P30_00,records/eval_stationary_jonswap_H4_000_L112_766_A30_00_P30_00_307-1009-1901.csv
FDDI,JONSWAP,8.5,307-1009-1901,1.68418884,0.143156052,stationary,eval,,stationary_jonswap_H8_500_L202_839_A_30_00_P72_00,records/eval_stationary_jonswap_H8_500_L202_839_A_30_00_P72_00_307-1009-1901.csv
HPDI-classic,JONSWAP,8.5,307-1009-1901,8.84345341,0.751693547,stationary,eval,,stationary_jonswap_H8_500_L202_839_A_30_00_P72_00,records/eval_stationary_jonswap_H8_500_L202_839_A_30_00_P72_00_307-1009-1901.csv
HPDI-classic float32,JONSWAP,8.5,307-1009-1901,8.84339046,0.751688182,stationary,eval,,stationary_jonswap_H8_500_L202_839_A_30_00_P72_00,records/eval_stationary_jonswap_H8_500_L202_839_A_30_00_P72_00_307-1009-1901.csv
HPDI-compensated,JONSWAP,8.5,307-1009-1901,6.92073011,0.588262081,stationary,eval,,stationary_jonswap_H8_500_L202_839_A_30_00_P72_00,records/eval_stationary_jonswap_H8_500_L202_839_A_30_00_P72_00_307-1009-1901.csv
HPDI-compensated float32,JONSWAP,8.5,307-1009-1901,6.92085361,0.588272572,stationary,eval,,stationary_jonswap_H8_500_L202_839_A_30_00_P72_00,records/eval_stationary_jonswap_H8_500_L202_839_A_30_00_P72_00_307-1009-1901.csv
FDDI,PM-Stokes,0.270000011,307-1009-1901,1.36411619,0.00368311373,stationary,eval,,stationary_pmstokes_H0_270_L14_047_A30_00_P60_00,records/eval_stationary_pmstokes_H0_270_L14_047_A30_00_P60_00_307-1009-1901.csv
HPDI-classic,PM-Stokes,0.270000011,307-1009-1901,9.83232403,0.0265472755,stationary,eval,,stationary_pmstokes_H0_270_L14_047_A30_00_P60_00,records/eval_stationary_pmstokes_H0_270_L14_047_A30_00_P60_00_307-1009-1901.csv
HPDI-classic float32,PM-Stokes,0.270000011,307-1009-1901,9.83222961,0.0265470203,stationary,eval,,stationary_pmstokes_H0_270_L14_047_A30_00_P60_00,records/eval_stationary_pmstokes_H0_270_L14_047_A30_00_P60_00_307-1009-1901.csv
HPDI-compensated,PM-Stokes,0.270000011,307-1009-1901,9.87208557,0.0266546328,stationary,eval,,stationary_pmstokes_H0_270_L14_047_A30_00_P60_00,records/eval_stationary_pmstokes_H0_270_L14_047_A30_00_P60_00_307-1009-1901.csv
HPDI-compensated float32,PM-Stokes,0.270000011,307-1009-1901,9.87204361,0.0266545173,stationary,eval,,stationary_pmstokes_H0_270_L14_047_A30_00_P60_00,records/eval_stationary_pmstokes_H0_270_L14_047_A30_00_P60_00_307-1009-1901.csv
FDDI,PM-Stokes,1.5,307-1009-1901,2.24353337,0.0336530022,stationary,eval,,stationary_pmstokes_H1_500_L50_710_A_30_00_P120_00,records/eval_stationary_pmstokes_H1_500_L50_710_A_30_00_P120_00_307-1009-1901.csv
HPDI-classic,PM-Stokes,1.5,307-1009-1901,8.68005466,0.130200818,stationary,eval,,stationary_pmstokes_H1_500_L50_710_A_30_00_P120_00,records/eval_stationary_pmstokes_H1_500_L50_710_A_30_00_P120_00_307-1009-1901.csv
HPDI-classic float32,PM-Stokes,1.5,307-1009-1901,8.67998123,0.13019973,stationary,eval,,stationary_pmstokes_H1_500_L50_710_A_30_00_P120_00,records/eval_stationary_pmstokes_H1_500_L50_710_A_30_00_P120_00_307-1009-1901.csv
HPDI-compensated,PM-Stokes,1.5,307-1009-1901,6.90508413,0.103576265,stationary,eval,,stationary_pmstokes_H1_500_L50_710_A_30_00_P120_00,records/eval_stationary_pmstokes_H1_500_L50_710_A_30_00_P120_00_307-1009-1901.csv
HPDI-compensated float32,PM-Stokes,1.5,307-1009-1901,6.90483475,0.103572525,stationary,eval,,stationary_pmstokes_H1_500_L50_710_A_30_00_P120_00,records/eval_stationary_pmstokes_H1_500_L50_710_A_30_00_P120_00_307-1009-1901.csv
FDDI,PM-Stokes,4,307-1009-1901,1.0982641,0.0439305641,stationary,eval,,stationary_pmstokes_H4_000_L112_766_A30_00_P30_00,records/eval_stationary_pmstokes_H4_000_L112_766_A30_00_P30_00_307-1009-1901.csv
HPDI-classic,PM-Stokes,4,307-1009-1901,8.94781494,0.3579126,stationary,eval,,stationary_pmstokes_H4_000_L112_766_A30_00_P30_00,records/eval_stationary_pmstokes_H4_000_L112_766_A30_00_P30_00_307-1009-1901.csv
HPDI-classic float32,PM-Stokes,4,307-1009-1901,8.94777775,0.35791111,stationary,eval,,stationary_pmstokes_H4_000_L112_766_A30_00_P30_00,records/eval_stationary_pmstokes_H4_000_L112_766_A30_00_P30_00_307-1009-1901.csv
HPDI-compensated,PM-Stokes,4,307-1009-1901,6.88214302,0.275285721,stationary,eval,,stationary_pmstokes_H4_000_L112_766_A30_00_P30_00,records/eval_stationary_pmstokes_H4_000_L112_766_A30_00_P30_00_307-1009-1901.csv
HPDI-compensated float32,PM-Stokes,4,307-1009-1901,6.88225555,0.275290221,stationary,eval,,stationary_pmstokes_H4_000_L112_766_A30_00_P30_00,records/eval_stationary_pmstokes_H4_000_L112_766_A30_00_P30_00_307-1009-1901.csv
FDDI,PM-Stokes,8.5,307-1009-1901,1.51968968,0.129173622,stationary,eval,,stationary_pmstokes_H8_500_L202_839_A_30_00_P72_00,records/eval_stationary_pmstokes_H8_500_L202_839_A_30_00_P72_00_307-1009-1901.csv
HPDI-classic,PM-Stokes,8.5,307-1009-1901,8.8479414,0.752075016,stationary,eval,,stationary_pmstokes_H8_500_L202_839_A_30_00_P72_00,records/eval_stationary_pmstokes_H8_500_L202_839_A_30_00_P72_00_307-1009-1901.csv
HPDI-classic float32,PM-Stokes,8.5,307-1009-1901,8.847929,0.752074003,stationary,eval,,stationary_pmstokes_H8_500_L202_839_A_30_00_P72_00,records/eval_stationary_pmstokes_H8_500_L202_839_A_30_00_P72_00_307-1009-1901.csv
HPDI-compensated,PM-Stokes,8.5,307-1009-1901,7.77453852,0.660835803,stationary,eval,,stationary_pmstokes_H8_500_L202_839_A_30_00_P72_00,records/eval_stationary_pmstokes_H8_500_L202_839_A_30_00_P72_00_307-1009-1901.csv
HPDI-compensated float32,PM-Stokes,8.5,307-1009-1901,7.77489758,0.66086632,stationary,eval,,stationary_pmstokes_H8_500_L202_839_A_30_00_P72_00,records/eval_stationary_pmstokes_H8_500_L202_839_A_30_00_P72_00_307-1009-1901.csv
FDDI,Crossfade,4,307-1009-1901,1.17424119,0.0469696485,crossfade,eval,,nonstationary_H1_5_to_H4_0_Tp5_7_to_11_4,records/eval_crossfade_307-1009-1901.csv
FDDI,Crossfade,4,307-1009-1901,0.667932451,0.0267172977,crossfade,eval,start,nonstationary_H1_5_to_H4_0_Tp5_7_to_11_4,records/eval_crossfade_307-1009-1901.csv
FDDI,Crossfade,4,307-1009-1901,0.407188058,0.0162875224,crossfade,eval,blend,nonstationary_H1_5_to_H4_0_Tp5_7_to_11_4,records/eval_crossfade_307-1009-1901.csv
FDDI,Crossfade,4,307-1009-1901,0.611550331,0.0244620144,crossfade,eval,recover,nonstationary_H1_5_to_H4_0_Tp5_7_to_11_4,records/eval_crossfade_307-1009-1901.csv
FDDI,Crossfade,4,307-1009-1901,1.59547091,0.0638188347,crossfade,eval,end,nonstationary_H1_5_to_H4_0_Tp5_7_to_11_4,records/eval_crossfade_307-1009-1901.csv
HPDI-classic,Crossfade,4,307-1009-1901,10.4569864,0.418279439,crossfade,eval,,nonstationary_H1_5_to_H4_0_Tp5_7_to_11_4,records/eval_crossfade_307-1009-1901.csv
HPDI-classic,Crossfade,4,307-1009-1901,3.86136293,0.154454514,crossfade,eval,start,nonstationary_H1_5_to_H4_0_Tp5_7_to_11_4,records/eval_crossfade_307-1009-1901.csv
HPDI-classic,Crossfade,4,307-1009-1901,6.19334126,0.247733653,crossfade,eval,blend,nonstationary_H1_5_to_H4_0_Tp5_7_to_11_4,records/eval_crossfade_307-1009-1901.csv
HPDI-classic,Crossfade,4,307-1009-1901,20.0983486,0.803933918,crossfade,eval,recover,nonstationary_H1_5_to_H4_0_Tp5_7_to_11_4,records/eval_crossfade_307-1009-1901.csv
HPDI-classic,Crossfade,4,307-1009-1901,9.97155571,0.398862213,crossfade,eval,end,nonstationary_H1_5_to_H4_0_Tp5_7_to_11_4,records/eval_crossfade_307-1009-1901.csv
HPDI-classic float32,Crossfade,4,307-1009-1901,10.456996,0.418279827,crossfade,eval,,nonstationary_H1_5_to_H4_0_Tp5_7_to_11_4,records/eval_crossfade_307-1009-1901.csv
HPDI-classic float32,Crossfade,4,307-1009-1901,3.86135507,0.154454201,crossfade,eval,start,nonstationary_H1_5_to_H4_0_Tp5_7_to_11_4,records/eval_crossfade_307-1009-1901.csv
HPDI-classic float32,Crossfade,4,307-1009-1901,6.19331026,0.247732416,crossfade,eval,blend,nonstationary_H1_5_to_H4_0_Tp5_7_to_11_4,records/eval_crossfade_307-1009-1901.csv
HPDI-classic float32,Crossfade,4,307-1009-1901,20.098465,0.803938627,crossfade,eval,recover,nonstationary_H1_5_to_H4_0_Tp5_7_to_11_4,records/eval_crossfade_307-1009-1901.csv
HPDI-classic float32,Crossfade,4,307-1009-1901,9.97152042,0.398860812,crossfade,eval,end,nonstationary_H1_5_to_H4_0_Tp5_7_to_11_4,records/eval_crossfade_307-1009-1901.csv
HPDI-compensated,Crossfade,4,307-1009-1901,11.1462851,0.445851386,crossfade,eval,,nonstationary_H1_5_to_H4_0_Tp5_7_to_11_4,records/eval_crossfade_307-1009-1901.csv
HPDI-compensated,Crossfade,4,307-1009-1901,3.59476805,0.143790722,crossfade,eval,start,nonstationary_H1_5_to_H4_0_Tp5_7_to_11_4,records/eval_crossfade_307-1009-1901.csv
HPDI-compensated,Crossfade,4,307-1009-1901,6.53656054,0.26146242,crossfade,eval,blend,nonstationary_H1_5_to_H4_0_Tp5_7_to_11_4,records/eval_crossfade_307-1009-1901.csv
HPDI-compensated,Crossfade,4,307-1009-1901,24.5267735,0.981070936,crossfade,eval,recover,nonstationary_H1_5_to_H4_0_Tp5_7_to_11_4,records/eval_crossfade_307-1009-1901.csv
HPDI-compensated,Crossfade,4,307-1009-1901,8.64685059,0.345874012,crossfade,eval,end,nonstationary_H1_5_to_H4_0_Tp5_7_to_11_4,records/eval_crossfade_307-1009-1901.csv
HPDI-compensated float32,Crossfade,4,307-1009-1901,11.1463671,0.445854694,crossfade,eval,,nonstationary_H1_5_to_H4_0_Tp5_7_to_11_4,records/eval_crossfade_307-1009-1901.csv
HPDI-compensated float32,Crossfade,4,307-1009-1901,3.59485435,0.143794179,crossfade,eval,start,nonstationary_H1_5_to_H4_0_Tp5_7_to_11_4,records/eval_crossfade_307-1009-1901.csv
HPDI-compensated float32,Crossfade,4,307-1009-1901,6.53677368,0.261470944,crossfade,eval,blend,nonstationary_H1_5_to_H4_0_Tp5_7_to_11_4,records/eval_crossfade_307-1009-1901.csv
HPDI-compensated float32,Crossfade,4,307-1009-1901,24.52705,0.981081963,crossfade,eval,recover,nonstationary_H1_5_to_H4_0_Tp5_7_to_11_4,records/eval_crossfade_307-1009-1901.csv
HPDI-compensated float32,Crossfade,4,307-1009-1901,8.64678955,0.345871568,crossfade,eval,end,nonstationary_H1_5_to_H4_0_Tp5_7_to_11_4,records/eval_crossfade_307-1009-1901.csv
FDDI,LowHighLow,4,307-1009-1901,2.71025872,0.108410351,lowhighlow,eval,,roundtrip_H1_5_H4_0_H1_5,records/eval_lowhighlow_307-1009-1901.csv
FDDI,LowHighLow,4,307-1009-1901,0.806392848,0.0322557129,lowhighlow,eval,low_start,roundtrip_H1_5_H4_0_H1_5,records/eval_lowhighlow_307-1009-1901.csv
FDDI,LowHighLow,4,307-1009-1901,2.41956186,0.0967824757,lowhighlow,eval,rise,roundtrip_H1_5_H4_0_H1_5,records/eval_lowhighlow_307-1009-1901.csv
FDDI,LowHighLow,4,307-1009-1901,2.42625141,0.0970500559,lowhighlow,eval,high_recover,roundtrip_H1_5_H4_0_H1_5,records/eval_lowhighlow_307-1009-1901.csv
FDDI,LowHighLow,4,307-1009-1901,4.04191828,0.161676735,lowhighlow,eval,high,roundtrip_H1_5_H4_0_H1_5,records/eval_lowhighlow_307-1009-1901.csv
FDDI,LowHighLow,4,307-1009-1901,1.72313988,0.0689255968,lowhighlow,eval,fall,roundtrip_H1_5_H4_0_H1_5,records/eval_lowhighlow_307-1009-1901.csv
FDDI,LowHighLow,4,307-1009-1901,0.586191356,0.0234476551,lowhighlow,eval,low_recover,roundtrip_H1_5_H4_0_H1_5,records/eval_lowhighlow_307-1009-1901.csv
FDDI,LowHighLow,4,307-1009-1901,3.64522743,0.145809099,lowhighlow,eval,low_return,roundtrip_H1_5_H4_0_H1_5,records/eval_lowhighlow_307-1009-1901.csv
HPDI-classic,LowHighLow,4,307-1009-1901,11.1667728,0.44667092,lowhighlow,eval,,roundtrip_H1_5_H4_0_H1_5,records/eval_lowhighlow_307-1009-1901.csv
HPDI-classic,LowHighLow,4,307-1009-1901,4.40330982,0.176132396,lowhighlow,eval,low_start,roundtrip_H1_5_H4_0_H1_5,records/eval_lowhighlow_307-1009-1901.csv
HPDI-classic,LowHighLow,4,307-1009-1901,17.7961807,0.711847246,lowhighlow,eval,rise,roundtrip_H1_5_H4_0_H1_5,records/eval_lowhighlow_307-1009-1901.csv
HPDI-classic,LowHighLow,4,307-1009-1901,11.0224228,0.440896899,lowhighlow,eval,high_recover,roundtrip_H1_5_H4_0_H1_5,records/eval_lowhighlow_307-1009-1901.csv
HPDI-classic,LowHighLow,4,307-1009-1901,15.779871,0.63119483,lowhighlow,eval,high,roundtrip_H1_5_H4_0_H1_5,records/eval_lowhighlow_307-1009-1901.csv
HPDI-classic,LowHighLow,4,307-1009-1901,9.53139114,0.381255627,lowhighlow,eval,fall,roundtrip_H1_5_H4_0_H1_5,records/eval_lowhighlow_307-1009-1901.csv
HPDI-classic,LowHighLow,4,307-1009-1901,6.50677109,0.260270834,lowhighlow,eval,low_recover,roundtrip_H1_5_H4_0_H1_5,records/eval_lowhighlow_307-1009-1901.csv
HPDI-classic,LowHighLow,4,307-1009-1901,3.43962622,0.137585044,lowhighlow,eval,low_return,roundtrip_H1_5_H4_0_H1_5,records/eval_lowhighlow_307-1009-1901.csv
HPDI-classic float32,LowHighLow,4,307-1009-1901,11.1667519,0.446670055,lowhighlow,eval,,roundtrip_H1_5_H4_0_H1_5,records/eval_lowhighlow_307-1009-1901.csv
HPDI-classic float32,LowHighLow,4,307-1009-1901,4.40333843,0.176133543,lowhighlow,eval,low_start,roundtrip_H1_5_H4_0_H1_5,records/eval_lowhighlow_307-1009-1901.csv
HPDI-classic float32,LowHighLow,4,307-1009-1901,17.7962875,0.711851537,lowhighlow,eval,rise,roundtrip_H1_5_H4_0_H1_5,records/eval_lowhighlow_307-1009-1901.csv
HPDI-classic float32,LowHighLow,4,307-1009-1901,11.0225964,0.440903842,lowhighlow,eval,high_recover,roundtrip_H1_5_H4_0_H1_5,records/eval_lowhighlow_307-1009-1901.csv
HPDI-classic float32,LowHighLow,4,307-1009-1901,15.7796621,0.631186485,lowhighlow,eval,high,roundtrip_H1_5_H4_0_H1_5,records/eval_lowhighlow_307-1009-1901.csv
HPDI-classic float32,LowHighLow,4,307-1009-1901,9.53142166,0.381256878,lowhighlow,eval,fall,roundtrip_H1_5_H4_0_H1_5,records/eval_lowhighlow_307-1009-1901.csv
HPDI-classic float32,LowHighLow,4,307-1009-1901,6.50672388,0.260268956,lowhighlow,eval,low_recover,roundtrip_H1_5_H4_0_H1_5,records/eval_lowhighlow_307-1009-1901.csv
HPDI-classic float32,LowHighLow,4,307-1009-1901,3.43962622,0.137585044,lowhighlow,eval,low_return,roundtrip_H1_5_H4_0_H1_5,records/eval_lowhighlow_307-1009-1901.csv
HPDI-compensated,LowHighLow,4,307-1009-1901,11.4303617,0.457214475,lowhighlow,eval,,roundtrip_H1_5_H4_0_H1_5,records/eval_lowhighlow_307-1009-1901.csv
HPDI-compensated,LowHighLow,4,307-1009-1901,4.14959812,0.165983915,lowhighlow,eval,low_start,roundtrip_H1_5_H4_0_H1_5,records/eval_lowhighlow_307-1009-1901.csv
HPDI-compensated,LowHighLow,4,307-1009-1901,16.1775894,0.647103608,lowhighlow,eval,rise,roundtrip_H1_5_H4_0_H1_5,records/eval_lowhighlow_307-1009-1901.csv
HPDI-compensated,LowHighLow,4,307-1009-1901,10.4294586,0.417178333,lowhighlow,eval,high_recover,roundtrip_H1_5_H4_0_H1_5,records/eval_lowhighlow_307-1009-1901.csv
HPDI-compensated,LowHighLow,4,307-1009-1901,19.0118065,0.760472298,lowhighlow,eval,high,roundtrip_H1_5_H4_0_H1_5,records/eval_lowhighlow_307-1009-1901.csv
HPDI-compensated,LowHighLow,4,307-1009-1901,8.77607918,0.351043165,lowhighlow,eval,fall,roundtrip_H1_5_H4_0_H1_5,records/eval_lowhighlow_307-1009-1901.csv
HPDI-compensated,LowHighLow,4,307-1009-1901,5.02272272,0.200908914,lowhighlow,eval,low_recover,roundtrip_H1_5_H4_0_H1_5,records/eval_lowhighlow_307-1009-1901.csv
HPDI-compensated,LowHighLow,4,307-1009-1901,2.87870073,0.11514803,lowhighlow,eval,low_return,roundtrip_H1_5_H4_0_H1_5,records/eval_lowhighlow_307-1009-1901.csv
HPDI-compensated float32,LowHighLow,4,307-1009-1901,11.4303875,0.457215488,lowhighlow,eval,,roundtrip_H1_5_H4_0_H1_5,records/eval_lowhighlow_307-1009-1901.csv
HPDI-compensated float32,LowHighLow,4,307-1009-1901,4.14975834,0.165990338,lowhighlow,eval,low_start,roundtrip_H1_5_H4_0_H1_5,records/eval_lowhighlow_307-1009-1901.csv
HPDI-compensated float32,LowHighLow,4,307-1009-1901,16.1777477,0.647109926,lowhighlow,eval,rise,roundtrip_H1_5_H4_0_H1_5,records/eval_lowhighlow_307-1009-1901.csv
HPDI-compensated float32,LowHighLow,4,307-1009-1901,10.4293909,0.417175621,lowhighlow,eval,high_recover,roundtrip_H1_5_H4_0_H1_5,records/eval_lowhighlow_307-1009-1901.csv
HPDI-compensated float32,LowHighLow,4,307-1009-1901,19.0117741,0.760470927,lowhighlow,eval,high,roundtrip_H1_5_H4_0_H1_5,records/eval_lowhighlow_307-1009-1901.csv
HPDI-compensated float32,LowHighLow,4,307-1009-1901,8.77623653,0.351049453,lowhighlow,eval,fall,roundtrip_H1_5_H4_0_H1_5,records/eval_lowhighlow_307-1009-1901.csv
HPDI-compensated float32,LowHighLow,4,307-1009-1901,5.02251816,0.200900719,lowhighlow,eval,low_recover,roundtrip_H1_5_H4_0_H1_5,records/eval_lowhighlow_307-1009-1901.csv
HPDI-compensated float32,LowHighLow,4,307-1009-1901,2.87869096,0.115147635,lowhighlow,eval,low_return,roundtrip_H1_5_H4_0_H1_5,records/eval_lowhighlow_307-1009-1901.csv
FDDI,JONSWAP,0.0500000007,307-1009-1901,3.24688721,0.00162344356,low_motion,eval,,low_motion_H0_050,records/eval_lowmotion_307-1009-1901.csv
HPDI-classic,JONSWAP,0.0500000007,307-1009-1901,1602.69556,0.801347792,low_motion,eval,,low_motion_H0_050,records/eval_lowmotion_307-1009-1901.csv
HPDI-classic float32,JONSWAP,0.0500000007,307-1009-1901,1602.58777,0.80129391,low_motion,eval,,low_motion_H0_050,records/eval_lowmotion_307-1009-1901.csv
HPDI-compensated,JONSWAP,0.0500000007,307-1009-1901,1723.26843,0.861634195,low_motion,eval,,low_motion_H0_050,records/eval_lowmotion_307-1009-1901.csv
HPDI-compensated float32,JONSWAP,0.0500000007,307-1009-1901,1723.22742,0.861613691,low_motion,eval,,low_motion_H0_050,records/eval_lowmotion_307-1009-1901.csv
FDDI,Crossfade,4,307-1009-1901,1.17951632,0.0471806526,ramp,eval,,rapid_H1_5_to_H4_0,records/eval_ramp_307-1009-1901.csv
FDDI,Crossfade,4,307-1009-1901,0.63324976,0.0253299903,ramp,eval,start,rapid_H1_5_to_H4_0,records/eval_ramp_307-1009-1901.csv
FDDI,Crossfade,4,307-1009-1901,0.447488308,0.0178995319,ramp,eval,blend,rapid_H1_5_to_H4_0,records/eval_ramp_307-1009-1901.csv
FDDI,Crossfade,4,307-1009-1901,0.574207366,0.0229682941,ramp,eval,recover,rapid_H1_5_to_H4_0,records/eval_ramp_307-1009-1901.csv
FDDI,Crossfade,4,307-1009-1901,1.42180789,0.0568723157,ramp,eval,end,rapid_H1_5_to_H4_0,records/eval_ramp_307-1009-1901.csv
HPDI-classic,Crossfade,4,307-1009-1901,10.4100237,0.416400939,ramp,eval,,rapid_H1_5_to_H4_0,records/eval_ramp_307-1009-1901.csv
HPDI-classic,Crossfade,4,307-1009-1901,3.7805059,0.151220232,ramp,eval,start,rapid_H1_5_to_H4_0,records/eval_ramp_307-1009-1901.csv
HPDI-classic,Crossfade,4,307-1009-1901,3.9731822,0.158927292,ramp,eval,blend,rapid_H1_5_to_H4_0,records/eval_ramp_307-1009-1901.csv
HPDI-classic,Crossfade,4,307-1009-1901,11.0676441,0.44270578,ramp,eval,recover,rapid_H1_5_to_H4_0,records/eval_ramp_307-1009-1901.csv
HPDI-classic,Crossfade,4,307-1009-1901,12.685421,0.507416844,ramp,eval,end,rapid_H1_5_to_H4_0,records/eval_ramp_307-1009-1901.csv
HPDI-classic float32,Crossfade,4,307-1009-1901,10.4099674,0.416398704,ramp,eval,,rapid_H1_5_to_H4_0,records/eval_ramp_307-1009-1901.csv
HPDI-classic float32,Crossfade,4,307-1009-1901,3.78050137,0.151220053,ramp,eval,start,rapid_H1_5_to_H4_0,records/eval_ramp_307-1009-1901.csv
HPDI-classic float32,Crossfade,4,307-1009-1901,3.97314739,0.158925891,ramp,eval,blend,rapid_H1_5_to_H4_0,records/eval_ramp_307-1009-1901.csv
HPDI-classic float32,Crossfade,4,307-1009-1901,11.0675583,0.442702323,ramp,eval,recover,rapid_H1_5_to_H4_0,records/eval_ramp_307-1009-1901.csv
HPDI-classic float32,Crossfade,4,307-1009-1901,12.6853495,0.507413983,ramp,eval,end,rapid_H1_5_to_H4_0,records/eval_ramp_307-1009-1901.csv
HPDI-compensated,Crossfade,4,307-1009-1901,10.8726044,0.434904188,ramp,eval,,rapid_H1_5_to_H4_0,records/eval_ramp_307-1009-1901.csv
HPDI-compensated,Crossfade,4,307-1009-1901,3.48186946,0.139274776,ramp,eval,start,rapid_H1_5_to_H4_0,records/eval_ramp_307-1009-1901.csv
HPDI-compensated,Crossfade,4,307-1009-1901,3.32802939,0.133121178,ramp,eval,blend,rapid_H1_5_to_H4_0,records/eval_ramp_307-1009-1901.csv
HPDI-compensated,Crossfade,4,307-1009-1901,10.5007067,0.420028269,ramp,eval,recover,rapid_H1_5_to_H4_0,records/eval_ramp_307-1009-1901.csv
HPDI-compensated,Crossfade,4,307-1009-1901,13.3758049,0.535032213,ramp,eval,end,rapid_H1_5_to_H4_0,records/eval_ramp_307-1009-1901.csv
HPDI-compensated float32,Crossfade,4,307-1009-1901,10.8725452,0.434901804,ramp,eval,,rapid_H1_5_to_H4_0,records/eval_ramp_307-1009-1901.csv
HPDI-compensated float32,Crossfade,4,307-1009-1901,3.48192525,0.139277011,ramp,eval,start,rapid_H1_5_to_H4_0,records/eval_ramp_307-1009-1901.csv
HPDI-compensated float32,Crossfade,4,307-1009-1901,3.32820487,0.133128196,ramp,eval,blend,rapid_H1_5_to_H4_0,records/eval_ramp_307-1009-1901.csv
HPDI-compensated float32,Crossfade,4,307-1009-1901,10.5005302,0.420021206,ramp,eval,recover,rapid_H1_5_to_H4_0,records/eval_ramp_307-1009-1901.csv
HPDI-compensated float32,Crossfade,4,307-1009-1901,13.3757143,0.535028577,ramp,eval,end,rapid_H1_5_to_H4_0,records/eval_ramp_307-1009-1901.csv
FDDI,JONSWAP,0.270000011,default,0.274469912,0.000741068798,default_draw,eval,,stationary_jonswap_H0_270_L14_047_A30_00_P60_00,records/default_stationary_jonswap_H0_270_L14_047_A30_00_P60_00.csv
HPDI-classic,JONSWAP,0.270000011,default,8.75993824,0.0236518346,default_draw,eval,,stationary_jonswap_H0_270_L14_047_A30_00_P60_00,records/default_stationary_jonswap_H0_270_L14_047_A30_00_P60_00.csv
HPDI-classic float32,JONSWAP,0.270000011,default,8.75992393,0.0236517955,default_draw,eval,,stationary_jonswap_H0_270_L14_047_A30_00_P60_00,records/default_stationary_jonswap_H0_270_L14_047_A30_00_P60_00.csv
HPDI-compensated,JONSWAP,0.270000011,default,8.09941292,0.0218684152,default_draw,eval,,stationary_jonswap_H0_270_L14_047_A30_00_P60_00,records/default_stationary_jonswap_H0_270_L14_047_A30_00_P60_00.csv
HPDI-compensated float32,JONSWAP,0.270000011,default,8.09941196,0.0218684133,default_draw,eval,,stationary_jonswap_H0_270_L14_047_A30_00_P60_00,records/default_stationary_jonswap_H0_270_L14_047_A30_00_P60_00.csv
FDDI,JONSWAP,0.270000011,no-noise,0.202592671,0.000547000207,noise_free,eval,,stationary_jonswap_H0_270_L14_047_A30_00_P60_00,records/noisefree_stationary_jonswap_H0_270_L14_047_A30_00_P60_00.csv
HPDI-classic,JONSWAP,0.270000011,no-noise,5.2782383,0.0142512443,noise_free,eval,,stationary_jonswap_H0_270_L14_047_A30_00_P60_00,records/noisefree_stationary_jonswap_H0_270_L14_047_A30_00_P60_00.csv
HPDI-classic float32,JONSWAP,0.270000011,no-noise,5.2782383,0.0142512443,noise_free,eval,,stationary_jonswap_H0_270_L14_047_A30_00_P60_00,records/noisefree_stationary_jonswap_H0_270_L14_047_A30_00_P60_00.csv
HPDI-compensated,JONSWAP,0.270000011,no-noise,2.25810838,0.00609689252,noise_free,eval,,stationary_jonswap_H0_270_L14_047_A30_00_P60_00,records/noisefree_stationary_jonswap_H0_270_L14_047_A30_00_P60_00.csv
HPDI-compensated float32,JONSWAP,0.270000011,no-noise,2.25809312,0.00609685155,noise_free,eval,,stationary_jonswap_H0_270_L14_047_A30_00_P60_00,records/noisefree_stationary_jonswap_H0_270_L14_047_A30_00_P60_00.csv
FDDI,JONSWAP,0.270000011,default,0.78706044,0.00212506321,engine,eval,,stationary_jonswap_H0_270_L14_047_A30_00_P60_00,records/engine_stationary_jonswap_H0_270_L14_047_A30_00_P60_00.csv
HPDI-classic,JONSWAP,0.270000011,default,8.33350086,0.0225004517,engine,eval,,stationary_jonswap_H0_270_L14_047_A30_00_P60_00,records/engine_stationary_jonswap_H0_270_L14_047_A30_00_P60_00.csv
HPDI-classic float32,JONSWAP,0.270000011,default,8.3334856,0.0225004107,engine,eval,,stationary_jonswap_H0_270_L14_047_A30_00_P60_00,records/engine_stationary_jonswap_H0_270_L14_047_A30_00_P60_00.csv
HPDI-compensated,JONSWAP,0.270000011,default,8.16666698,0.0220500007,engine,eval,,stationary_jonswap_H0_270_L14_047_A30_00_P60_00,records/engine_stationary_jonswap_H0_270_L14_047_A30_00_P60_00.csv
HPDI-compensated float32,JONSWAP,0.270000011,default,8.1666317,0.0220499057,engine,eval,,stationary_jonswap_H0_270_L14_047_A30_00_P60_00,records/engine_stationary_jonswap_H0_270_L14_047_A30_00_P60_00.csv
FDDI,JONSWAP,1.5,default,0.502030611,0.00753045967,default_draw,eval,,stationary_jonswap_H1_500_L50_710_A_30_00_P120_00,records/default_stationary_jonswap_H1_500_L50_710_A_30_00_P120_00.csv
HPDI-classic,JONSWAP,1.5,default,8.5654726,0.128482088,default_draw,eval,,stationary_jonswap_H1_500_L50_710_A_30_00_P120_00,records/default_stationary_jonswap_H1_500_L50_710_A_30_00_P120_00.csv
HPDI-classic float32,JONSWAP,1.5,default,8.56546879,0.128482044,default_draw,eval,,stationary_jonswap_H1_500_L50_710_A_30_00_P120_00,records/default_stationary_jonswap_H1_500_L50_710_A_30_00_P120_00.csv
HPDI-compensated,JONSWAP,1.5,default,5.97410583,0.0896115899,default_draw,eval,,stationary_jonswap_H1_500_L50_710_A_30_00_P120_00,records/default_stationary_jonswap_H1_500_L50_710_A_30_00_P120_00.csv
HPDI-compensated float32,JONSWAP,1.5,default,5.97408533,0.0896112844,default_draw,eval,,stationary_jonswap_H1_500_L50_710_A_30_00_P120_00,records/default_stationary_jonswap_H1_500_L50_710_A_30_00_P120_00.csv
FDDI,JONSWAP,1.5,no-noise,0.493808448,0.00740712695,noise_free,eval,,stationary_jonswap_H1_500_L50_710_A_30_00_P120_00,records/noisefree_stationary_jonswap_H1_500_L50_710_A_30_00_P120_00.csv
HPDI-classic,JONSWAP,1.5,no-noise,7.22285748,0.108342864,noise_free,eval,,stationary_jonswap_H1_500_L50_710_A_30_00_P120_00,records/noisefree_stationary_jonswap_H1_500_L50_710_A_30_00_P120_00.csv
HPDI-classic float32,JONSWAP,1.5,no-noise,7.22284889,0.108342737,noise_free,eval,,stationary_jonswap_H1_500_L50_710_A_30_00_P120_00,records/noisefree_stationary_jonswap_H1_500_L50_710_A_30_00_P120_00.csv
HPDI-compensated,JONSWAP,1.5,no-noise,3.16488218,0.0474732332,noise_free,eval,,stationary_jonswap_H1_500_L50_710_A_30_00_P120_00,records/noisefree_stationary_jonswap_H1_500_L50_710_A_30_00_P120_00.csv
HPDI-compensated float32,JONSWAP,1.5,no-noise,3.16482878,0.0474724323,noise_free,eval,,stationary_jonswap_H1_500_L50_710_A_30_00_P120_00,records/noisefree_stationary_jonswap_H1_500_L50_710_A_30_00_P120_00.csv
FDDI,JONSWAP,1.5,default,0.739621341,0.0110943206,engine,eval,,stationary_jonswap_H1_500_L50_710_A_30_00_P120_00,records/engine_stationary_jonswap_H1_500_L50_710_A_30_00_P120_00.csv
HPDI-classic,JONSWAP,1.5,default,8.13189793,0.121978469,engine,eval,,stationary_jonswap_H1_500_L50_710_A_30_00_P120_00,records/engine_stationary_jonswap_H1_500_L50_710_A_30_00_P120_00.csv
HPDI-classic float32,JONSWAP,1.5,default,8.13186932,0.121978045,engine,eval,,stationary_jonswap_H1_500_L50_710_A_30_00_P120_00,records/engine_stationary_jonswap_H1_500_L50_710_A_30_00_P120_00.csv
HPDI-compensated,JONSWAP,1.5,default,6.15763569,0.0923645422,engine,eval,,stationary_jonswap_H1_500_L50_710_A_30_00_P120_00,records/engine_stationary_jonswap_H1_500_L50_710_A_30_00_P120_00.csv
HPDI-compensated float32,JONSWAP,1.5,default,6.15764523,0.0923646837,engine,eval,,stationary_jonswap_H1_500_L50_710_A_30_00_P120_00,records/engine_stationary_jonswap_H1_500_L50_710_A_30_00_P120_00.csv
FDDI,JONSWAP,4,default,1.58904862,0.0635619462,default_draw,eval,,stationary_jonswap_H4_000_L112_766_A30_00_P30_00,records/default_stationary_jonswap_H4_000_L112_766_A30_00_P30_00.csv
HPDI-classic,JONSWAP,4,default,8.49916363,0.339966536,default_draw,eval,,stationary_jonswap_H4_000_L112_766_A30_00_P30_00,records/default_stationary_jonswap_H4_000_L112_766_A30_00_P30_00.csv
HPDI-classic float32,JONSWAP,4,default,8.49910641,0.339964271,default_draw,eval,,stationary_jonswap_H4_000_L112_766_A30_00_P30_00,records/default_stationary_jonswap_H4_000_L112_766_A30_00_P30_00.csv
HPDI-compensated,JONSWAP,4,default,5.58005333,0.223202124,default_draw,eval,,stationary_jonswap_H4_000_L112_766_A30_00_P30_00,records/default_stationary_jonswap_H4_000_L112_766_A30_00_P30_00.csv
HPDI-compensated float32,JONSWAP,4,default,5.58012199,0.223204881,default_draw,eval,,stationary_jonswap_H4_000_L112_766_A30_00_P30_00,records/default_stationary_jonswap_H4_000_L112_766_A30_00_P30_00.csv
FDDI,JONSWAP,4,no-noise,1.58411658,0.0633646622,noise_free,eval,,stationary_jonswap_H4_000_L112_766_A30_00_P30_00,records/noisefree_stationary_jonswap_H4_000_L112_766_A30_00_P30_00.csv
HPDI-classic,JONSWAP,4,no-noise,7.56572771,0.302629113,noise_free,eval,,stationary_jonswap_H4_000_L112_766_A30_00_P30_00,records/noisefree_stationary_jonswap_H4_000_L112_766_A30_00_P30_00.csv
HPDI-classic float32,JONSWAP,4,no-noise,7.56568527,0.302627414,noise_free,eval,,stationary_jonswap_H4_000_L112_766_A30_00_P30_00,records/noisefree_stationary_jonswap_H4_000_L112_766_A30_00_P30_00.csv
HPDI-compensated,JONSWAP,4,no-noise,3.58738637,0.143495455,noise_free,eval,,stationary_jonswap_H4_000_L112_766_A30_00_P30_00,records/noisefree_stationary_jonswap_H4_000_L112_766_A30_00_P30_00.csv
HPDI-compensated float32,JONSWAP,4,no-noise,3.58741069,0.143496424,noise_free,eval,,stationary_jonswap_H4_000_L112_766_A30_00_P30_00,records/noisefree_stationary_jonswap_H4_000_L112_766_A30_00_P30_00.csv
FDDI,JONSWAP,4,default,1.68967104,0.0675868392,engine,eval,,stationary_jonswap_H4_000_L112_766_A30_00_P30_00,records/engine_stationary_jonswap_H4_000_L112_766_A30_00_P30_00.csv
HPDI-classic,JONSWAP,4,default,8.17078114,0.326831251,engine,eval,,stationary_jonswap_H4_000_L112_766_A30_00_P30_00,records/engine_stationary_jonswap_H4_000_L112_766_A30_00_P30_00.csv
HPDI-classic float32,JONSWAP,4,default,8.17074585,0.326829851,engine,eval,,stationary_jonswap_H4_000_L112_766_A30_00_P30_00,records/engine_stationary_jonswap_H4_000_L112_766_A30_00_P30_00.csv
HPDI-compensated,JONSWAP,4,default,5.63294792,0.225317925,engine,eval,,stationary_jonswap_H4_000_L112_766_A30_00_P30_00,records/engine_stationary_jonswap_H4_000_L112_766_A30_00_P30_00.csv
HPDI-compensated float32,JONSWAP,4,default,5.63299704,0.225319877,engine,eval,,stationary_jonswap_H4_000_L112_766_A30_00_P30_00,records/engine_stationary_jonswap_H4_000_L112_766_A30_00_P30_00.csv
FDDI,JONSWAP,8.5,default,0.80381465,0.0683242455,default_draw,eval,,stationary_jonswap_H8_500_L202_839_A_30_00_P72_00,records/default_stationary_jonswap_H8_500_L202_839_A_30_00_P72_00.csv
HPDI-classic,JONSWAP,8.5,default,8.18641758,0.695845485,default_draw,eval,,stationary_jonswap_H8_500_L202_839_A_30_00_P72_00,records/default_stationary_jonswap_H8_500_L202_839_A_30_00_P72_00.csv
HPDI-classic float32,JONSWAP,8.5,default,8.18645382,0.695848584,default_draw,eval,,stationary_jonswap_H8_500_L202_839_A_30_00_P72_00,records/default_stationary_jonswap_H8_500_L202_839_A_30_00_P72_00.csv
HPDI-compensated,JONSWAP,8.5,default,5.09988737,0.433490425,default_draw,eval,,stationary_jonswap_H8_500_L202_839_A_30_00_P72_00,records/default_stationary_jonswap_H8_500_L202_839_A_30_00_P72_00.csv
HPDI-compensated float32,JONSWAP,8.5,default,5.09992409,0.433493555,default_draw,eval,,stationary_jonswap_H8_500_L202_839_A_30_00_P72_00,records/default_stationary_jonswap_H8_500_L202_839_A_30_00_P72_00.csv
FDDI,JONSWAP,8.5,no-noise,0.79564327,0.06762968,noise_free,eval,,stationary_jonswap_H8_500_L202_839_A_30_00_P72_00,records/noisefree_stationary_jonswap_H8_500_L202_839_A_30_00_P72_00.csv
HPDI-classic,JONSWAP,8.5,no-noise,7.4338007,0.631873071,noise_free,eval,,stationary_jonswap_H8_500_L202_839_A_30_00_P72_00,records/noisefree_stationary_jonswap_H8_500_L202_839_A_30_00_P72_00.csv
HPDI-classic float32,JONSWAP,8.5,no-noise,7.43380404,0.631873369,noise_free,eval,,stationary_jonswap_H8_500_L202_839_A_30_00_P72_00,records/noisefree_stationary_jonswap_H8_500_L202_839_A_30_00_P72_00.csv
HPDI-compensated,JONSWAP,8.5,no-noise,3.94582486,0.335395128,noise_free,eval,,stationary_jonswap_H8_500_L202_839_A_30_00_P72_00,records/noisefree_stationary_jonswap_H8_500_L202_839_A_30_00_P72_00.csv
HPDI-compensated float32,JONSWAP,8.5,no-noise,3.94588971,0.335400641,noise_free,eval,,stationary_jonswap_H8_500_L202_839_A_30_00_P72_00,records/noisefree_stationary_jonswap_H8_500_L202_839_A_30_00_P72_00.csv
FDDI,JONSWAP,8.5,default,0.881326556,0.0749127567,engine,eval,,stationary_jonswap_H8_500_L202_839_A_30_00_P72_00,records/engine_stationary_jonswap_H8_500_L202_839_A_30_00_P72_00.csv
HPDI-classic,JONSWAP,8.5,default,7.94645405,0.675448596,engine,eval,,stationary_jonswap_H8_500_L202_839_A_30_00_P72_00,records/engine_stationary_jonswap_H8_500_L202_839_A_30_00_P72_00.csv
HPDI-classic float32,JONSWAP,8.5,default,7.94646168,0.675449252,engine,eval,,stationary_jonswap_H8_500_L202_839_A_30_00_P72_00,records/engine_stationary_jonswap_H8_500_L202_839_A_30_00_P72_00.csv
HPDI-compensated,JONSWAP,8.5,default,5.09826231,0.433352292,engine,eval,,stationary_jonswap_H8_500_L202_839_A_30_00_P72_00,records/engine_stationary_jonswap_H8_500_L202_839_A_30_00_P72_00.csv
HPDI-compensated float32,JONSWAP,8.5,default,5.09829378,0.433354974,engine,eval,,stationary_jonswap_H8_500_L202_839_A_30_00_P72_00,records/engine_stationary_jonswap_H8_500_L202_839_A_30_00_P72_00.csv
FDDI,PM-Stokes,0.270000011,default,0.290773898,0.000785089505,default_draw,eval,,stationary_pmstokes_H0_270_L14_047_A30_00_P60_00,records/default_stationary_pmstokes_H0_270_L14_047_A30_00_P60_00.csv
HPDI-classic,PM-Stokes,0.270000011,default,9.66403961,0.0260929074,default_draw,eval,,stationary_pmstokes_H0_270_L14_047_A30_00_P60_00,records/default_stationary_pmstokes_H0_270_L14_047_A30_00_P60_00.csv
HPDI-classic float32,PM-Stokes,0.270000011,default,9.66401672,0.0260928459,default_draw,eval,,stationary_pmstokes_H0_270_L14_047_A30_00_P60_00,records/default_stationary_pmstokes_H0_270_L14_047_A30_00_P60_00.csv
HPDI-compensated,PM-Stokes,0.270000011,default,9.27182388,0.0250339247,default_draw,eval,,stationary_pmstokes_H0_270_L14_047_A30_00_P60_00,records/default_stationary_pmstokes_H0_270_L14_047_A30_00_P60_00.csv
HPDI-compensated float32,PM-Stokes,0.270000011,default,9.27176952,0.0250337776,default_draw,eval,,stationary_pmstokes_H0_270_L14_047_A30_00_P60_00,records/default_stationary_pmstokes_H0_270_L14_047_A30_00_P60_00.csv
FDDI,PM-Stokes,0.270000011,no-noise,0.222765416,0.000601466629,noise_free,eval,,stationary_pmstokes_H0_270_L14_047_A30_00_P60_00,records/noisefree_stationary_pmstokes_H0_270_L14_047_A30_00_P60_00.csv
HPDI-classic,PM-Stokes,0.270000011,no-noise,5.26966667,0.0142281009,noise_free,eval,,stationary_pmstokes_H0_270_L14_047_A30_00_P60_00,records/noisefree_stationary_pmstokes_H0_270_L14_047_A30_00_P60_00.csv
HPDI-classic float32,PM-Stokes,0.270000011,no-noise,5.26967812,0.0142281307,noise_free,eval,,stationary_pmstokes_H0_270_L14_047_A30_00_P60_00,records/noisefree_stationary_pmstokes_H0_270_L14_047_A30_00_P60_00.csv
HPDI-compensated,PM-Stokes,0.270000011,no-noise,2.71158862,0.00732128974,noise_free,eval,,stationary_pmstokes_H0_270_L14_047_A30_00_P60_00,records/noisefree_stationary_pmstokes_H0_270_L14_047_A30_00_P60_00.csv
HPDI-compensated float32,PM-Stokes,0.270000011,no-noise,2.71156931,0.00732123759,noise_free,eval,,stationary_pmstokes_H0_270_L14_047_A30_00_P60_00,records/noisefree_stationary_pmstokes_H0_270_L14_047_A30_00_P60_00.csv
FDDI,PM-Stokes,0.270000011,default,0.763277471,0.00206084922,engine,eval,,stationary_pmstokes_H0_270_L14_047_A30_00_P60_00,records/engine_stationary_pmstokes_H0_270_L14_047_A30_00_P60_00.csv
HPDI-classic,PM-Stokes,0.270000011,default,9.31824589,0.025159264,engine,eval,,stationary_pmstokes_H0_270_L14_047_A30_00_P60_00,records/engine_stationary_pmstokes_H0_270_L14_047_A30_00_P60_00.csv
HPDI-classic float32,PM-Stokes,0.270000011,default,9.31820107,0.0251591448,engine,eval,,stationary_pmstokes_H0_270_L14_047_A30_00_P60_00,records/engine_stationary_pmstokes_H0_270_L14_047_A30_00_P60_00.csv
HPDI-compensated,PM-Stokes,0.270000011,default,9.31257248,0.0251439456,engine,eval,,stationary_pmstokes_H0_270_L14_047_A30_00_P60_00,records/engine_stationary_pmstokes_H0_270_L14_047_A30_00_P60_00.csv
HPDI-compensated float32,PM-Stokes,0.270000011,default,9.31256008,0.0251439121,engine,eval,,stationary_pmstokes_H0_270_L14_047_A30_00_P60_00,records/engine_stationary_pmstokes_H0_270_L14_047_A30_00_P60_00.csv
FDDI,PM-Stokes,1.5,default,0.511134446,0.0076670167,default_draw,eval,,stationary_pmstokes_H1_500_L50_710_A_30_00_P120_00,records/default_stationary_pmstokes_H1_500_L50_710_A_30_00_P120_00.csv
HPDI-classic,PM-Stokes,1.5,default,8.31380558,0.124707095,default_draw,eval,,stationary_pmstokes_H1_500_L50_710_A_30_00_P120_00,records/default_stationary_pmstokes_H1_500_L50_710_A_30_00_P120_00.csv
HPDI-classic float32,PM-Stokes,1.5,default,8.31381416,0.124707215,default_draw,eval,,stationary_pmstokes_H1_500_L50_710_A_30_00_P120_00,records/default_stationary_pmstokes_H1_500_L50_710_A_30_00_P120_00.csv
HPDI-compensated,PM-Stokes,1.5,default,5.65960455,0.0848940685,default_draw,eval,,stationary_pmstokes_H1_500_L50_710_A_30_00_P120_00,records/default_stationary_pmstokes_H1_500_L50_710_A_30_00_P120_00.csv
HPDI-compensated float32,PM-Stokes,1.5,default,5.65967989,0.084895201,default_draw,eval,,stationary_pmstokes_H1_500_L50_710_A_30_00_P120_00,records/default_stationary_pmstokes_H1_500_L50_710_A_30_00_P120_00.csv
FDDI,PM-Stokes,1.5,no-noise,0.504115224,0.00756172882,noise_free,eval,,stationary_pmstokes_H1_500_L50_710_A_30_00_P120_00,records/noisefree_stationary_pmstokes_H1_500_L50_710_A_30_00_P120_00.csv
HPDI-classic,PM-Stokes,1.5,no-noise,7.28940868,0.109341137,noise_free,eval,,stationary_pmstokes_H1_500_L50_710_A_30_00_P120_00,records/noisefree_stationary_pmstokes_H1_500_L50_710_A_30_00_P120_00.csv
HPDI-classic float32,PM-Stokes,1.5,no-noise,7.28939438,0.109340921,noise_free,eval,,stationary_pmstokes_H1_500_L50_710_A_30_00_P120_00,records/noisefree_stationary_pmstokes_H1_500_L50_710_A_30_00_P120_00.csv
HPDI-compensated,PM-Stokes,1.5,no-noise,3.44459963,0.0516689979,noise_free,eval,,stationary_pmstokes_H1_500_L50_710_A_30_00_P120_00,records/noisefree_stationary_pmstokes_H1_500_L50_710_A_30_00_P120_00.csv
HPDI-compensated float32,PM-Stokes,1.5,no-noise,3.44457507,0.0516686291,noise_free,eval,,stationary_pmstokes_H1_500_L50_710_A_30_00_P120_00,records/noisefree_stationary_pmstokes_H1_500_L50_710_A_30_00_P120_00.csv
FDDI,PM-Stokes,1.5,default,0.772825778,0.0115923872,engine,eval,,stationary_pmstokes_H1_500_L50_710_A_30_00_P120_00,records/engine_stationary_pmstokes_H1_500_L50_710_A_30_00_P120_00.csv
HPDI-classic,PM-Stokes,1.5,default,7.84493208,0.117673986,engine,eval,,stationary_pmstokes_H1_500_L50_710_A_30_00_P120_00,records/engine_stationary_pmstokes_H1_500_L50_710_A_30_00_P120_00.csv
HPDI-classic float32,PM-Stokes,1.5,default,7.8449316,0.117673978,engine,eval,,stationary_pmstokes_H1_500_L50_710_A_30_00_P120_00,records/engine_stationary_pmstokes_H1_500_L50_710_A_30_00_P120_00.csv
HPDI-compensated,PM-Stokes,1.5,default,5.8717165,0.0880757496,engine,eval,,stationary_pmstokes_H1_500_L50_710_A_30_00_P120_00,records/engine_stationary_pmstokes_H1_500_L50_710_A_30_00_P120_00.csv
HPDI-compensated float32,PM-Stokes,1.5,default,5.87174273,0.0880761445,engine,eval,,stationary_pmstokes_H1_500_L50_710_A_30_00_P120_00,records/engine_stationary_pmstokes_H1_500_L50_710_A_30_00_P120_00.csv
FDDI,PM-Stokes,4,default,1.08913028,0.04356521,default_draw,eval,,stationary_pmstokes_H4_000_L112_766_A30_00_P30_00,records/default_stationary_pmstokes_H4_000_L112_766_A30_00_P30_00.csv
HPDI-classic,PM-Stokes,4,default,8.41898441,0.336759359,default_draw,eval,,stationary_pmstokes_H4_000_L112_766_A30_00_P30_00,records/default_stationary_pmstokes_H4_000_L112_766_A30_00_P30_00.csv
HPDI-classic float32,PM-Stokes,4,default,8.41895676,0.336758286,default_draw,eval,,stationary_pmstokes_H4_000_L112_766_A30_00_P30_00,records/default_stationary_pmstokes_H4_000_L112_766_A30_00_P30_00.csv
HPDI-compensated,PM-Stokes,4,default,5.57109022,0.222843602,default_draw,eval,,stationary_pmstokes_H4_000_L112_766_A30_00_P30_00,records/default_stationary_pmstokes_H4_000_L112_766_A30_00_P30_00.csv
HPDI-compensated float32,PM-Stokes,4,default,5.57120419,0.222848177,default_draw,eval,,stationary_pmstokes_H4_000_L112_766_A30_00_P30_00,records/default_stationary_pmstokes_H4_000_L112_766_A30_00_P30_00.csv
FDDI,PM-Stokes,4,no-noise,1.08244574,0.043297831,noise_free,eval,,stationary_pmstokes_H4_000_L112_766_A30_00_P30_00,records/noisefree_stationary_pmstokes_H4_000_L112_766_A30_00_P30_00.csv
HPDI-classic,PM-Stokes,4,no-noise,7.78396559,0.311358631,noise_free,eval,,stationary_pmstokes_H4_000_L112_766_A30_00_P30_00,records/noisefree_stationary_pmstokes_H4_000_L112_766_A30_00_P30_00.csv
HPDI-classic float32,PM-Stokes,4,no-noise,7.78392696,0.311357081,noise_free,eval,,stationary_pmstokes_H4_000_L112_766_A30_00_P30_00,records/noisefree_stationary_pmstokes_H4_000_L112_766_A30_00_P30_00.csv
HPDI-compensated,PM-Stokes,4,no-noise,4.26318502,0.170527399,noise_free,eval,,stationary_pmstokes_H4_000_L112_766_A30_00_P30_00,records/noisefree_stationary_pmstokes_H4_000_L112_766_A30_00_P30_00.csv
HPDI-compensated float32,PM-Stokes,4,no-noise,4.26327658,0.170531064,noise_free,eval,,stationary_pmstokes_H4_000_L112_766_A30_00_P30_00,records/noisefree_stationary_pmstokes_H4_000_L112_766_A30_00_P30_00.csv
FDDI,PM-Stokes,4,default,1.23577988,0.0494311973,engine,eval,,stationary_pmstokes_H4_000_L112_766_A30_00_P30_00,records/engine_stationary_pmstokes_H4_000_L112_766_A30_00_P30_00.csv
HPDI-classic,PM-Stokes,4,default,8.07064819,0.322825909,engine,eval,,stationary_pmstokes_H4_000_L112_766_A30_00_P30_00,records/engine_stationary_pmstokes_H4_000_L112_766_A30_00_P30_00.csv
HPDI-classic float32,PM-Stokes,4,default,8.07063866,0.322825551,engine,eval,,stationary_pmstokes_H4_000_L112_766_A30_00_P30_00,records/engine_stationary_pmstokes_H4_000_L112_766_A30_00_P30_00.csv
HPDI-compensated,PM-Stokes,4,default,5.68734217,0.227493688,engine,eval,,stationary_pmstokes_H4_000_L112_766_A30_00_P30_00,records/engine_stationary_pmstokes_H4_000_L112_766_A30_00_P30_00.csv
HPDI-compensated float32,PM-Stokes,4,default,5.68748426,0.227499366,engine,eval,,stationary_pmstokes_H4_000_L112_766_A30_00_P30_00,records/engine_stationary_pmstokes_H4_000_L112_766_A30_00_P30_00.csv
FDDI,PM-Stokes,8.5,default,1.114663,0.0947463587,default_draw,eval,,stationary_pmstokes_H8_500_L202_839_A_30_00_P72_00,records/default_stationary_pmstokes_H8_500_L202_839_A_30_00_P72_00.csv
HPDI-classic,PM-Stokes,8.5,default,8.20618725,0.697525918,default_draw,eval,,stationary_pmstokes_H8_500_L202_839_A_30_00_P72_00,records/default_stationary_pmstokes_H8_500_L202_839_A_30_00_P72_00.csv
HPDI-classic float32,PM-Stokes,8.5,default,8.20618725,0.697525918,default_draw,eval,,stationary_pmstokes_H8_500_L202_839_A_30_00_P72_00,records/default_stationary_pmstokes_H8_500_L202_839_A_30_00_P72_00.csv
HPDI-compensated,PM-Stokes,8.5,default,5.43266869,0.461776853,default_draw,eval,,stationary_pmstokes_H8_500_L202_839_A_30_00_P72_00,records/default_stationary_pmstokes_H8_500_L202_839_A_30_00_P72_00.csv
HPDI-compensated float32,PM-Stokes,8.5,default,5.43273163,0.461782217,default_draw,eval,,stationary_pmstokes_H8_500_L202_839_A_30_00_P72_00,records/default_stationary_pmstokes_H8_500_L202_839_A_30_00_P72_00.csv
FDDI,PM-Stokes,8.5,no-noise,1.10893071,0.0942591131,noise_free,eval,,stationary_pmstokes_H8_500_L202_839_A_30_00_P72_00,records/noisefree_stationary_pmstokes_H8_500_L202_839_A_30_00_P72_00.csv
HPDI-classic,PM-Stokes,8.5,no-noise,7.74904108,0.658668518,noise_free,eval,,stationary_pmstokes_H8_500_L202_839_A_30_00_P72_00,records/noisefree_stationary_pmstokes_H8_500_L202_839_A_30_00_P72_00.csv
HPDI-classic float32,PM-Stokes,8.5,no-noise,7.74902153,0.658666849,noise_free,eval,,stationary_pmstokes_H8_500_L202_839_A_30_00_P72_00,records/noisefree_stationary_pmstokes_H8_500_L202_839_A_30_00_P72_00.csv
HPDI-compensated,PM-Stokes,8.5,no-noise,4.79871082,0.407890409,noise_free,eval,,stationary_pmstokes_H8_500_L202_839_A_30_00_P72_00,records/noisefree_stationary_pmstokes_H8_500_L202_839_A_30_00_P72_00.csv
HPDI-compensated float32,PM-Stokes,8.5,no-noise,4.79877567,0.407895923,noise_free,eval,,stationary_pmstokes_H8_500_L202_839_A_30_00_P72_00,records/noisefree_stationary_pmstokes_H8_500_L202_839_A_30_00_P72_00.csv
FDDI,PM-Stokes,8.5,default,1.18883824,0.101051249,engine,eval,,stationary_pmstokes_H8_500_L202_839_A_30_00_P72_00,records/engine_stationary_pmstokes_H8_500_L202_839_A_30_00_P72_00.csv
HPDI-classic,PM-Stokes,8.5,default,7.94460821,0.675291717,engine,eval,,stationary_pmstokes_H8_500_L202_839_A_30_00_P72_00,records/engine_stationary_pmstokes_H8_500_L202_839_A_30_00_P72_00.csv
HPDI-classic float32,PM-Stokes,8.5,default,7.94459724,0.675290763,engine,eval,,stationary_pmstokes_H8_500_L202_839_A_30_00_P72_00,records/engine_stationary_pmstokes_H8_500_L202_839_A_30_00_P72_00.csv
HPDI-compensated,PM-Stokes,8.5,default,5.44419193,0.462756336,engine,eval,,stationary_pmstokes_H8_500_L202_839_A_30_00_P72_00,records/engine_stationary_pmstokes_H8_500_L202_839_A_30_00_P72_00.csv
HPDI-compensated float32,PM-Stokes,8.5,default,5.44420052,0.462757051,engine,eval,,stationary_pmstokes_H8_500_L202_839_A_30_00_P72_00,records/engine_stationary_pmstokes_H8_500_L202_839_A_30_00_P72_00.csv
