family,arm,label,rpm,level_mps2,bandwidth_hz,hull_rms_mps2,recorded_rms_mps2,firing_hz,blade_hz,vre_offset_mps2,spectrum,hs_m,input,disp_x_rms_m,disp_y_rms_m,disp_z_rms_m,disp_3d_rms_m,roll_rms_deg,pitch_rms_deg,yaw_rms_deg,accel_bias_3d_rms_mps2,gyro_bias_3d_rms_radps,disp_x_mean_m,disp_y_mean_m,disp_z_mean_m,roll_mean_deg,pitch_mean_deg,yaw_mean_deg,disp_z_ref_rms_m,disp_z_pct_refrms,disp_z_pct_hs,tau_applied_s,sigma_applied_mps2,accel_variance_m2ps4
OU-II,baseline,engine off,0.0,0.0,nan,0.0,0.0,0.0,0.0,0.0,JONSWAP,0.27,wave_data_jonswap_H0.270_L14.047_A30.00_P60.00.csv,0.00884705503,0.00702715013,0.0162496269,0.0197914522,0.225108638,0.146383062,0.510518551,0.0457630791,0.000104103769,0.0011387862,0.000277776911,-0.000437243347,-0.199030831,-0.14276433,0.407845408,0.0534430593,30.4054947,6.01838017,1.45374346,0.0849884599,0.0307989549
OU-II,baseline,engine off,0.0,0.0,nan,0.0,0.0,0.0,0.0,0.0,JONSWAP,1.5,wave_data_jonswap_H1.500_L50.710_A-30.00_P120.00.csv,0.083730422,0.0598671585,0.0994342342,0.143115431,0.148330301,0.16784519,0.619490445,0.0376646817,0.000110738307,0.00748640066,0.00305384188,-0.000887711125,-0.126708075,-0.161575556,0.580981553,0.390963972,25.433094,6.62894869,2.38117433,0.421285123,0.257832944
OU-II,baseline,engine off,0.0,0.0,nan,0.0,0.0,0.0,0.0,0.0,JONSWAP,4.0,wave_data_jonswap_H4.000_L112.766_A30.00_P30.00.csv,0.269535393,0.179959416,0.253984213,0.411755621,0.15732573,0.185716629,0.697194397,0.0404477082,0.00012941529,0.0253024213,0.00890732277,-0.00420313235,-0.123118654,-0.176648825,-0.630413771,1.04307246,24.3496246,6.34960556,3.74068093,0.797700167,0.859677911
OU-II,baseline,engine off,0.0,0.0,nan,0.0,0.0,0.0,0.0,0.0,JONSWAP,8.5,wave_data_jonswap_H8.500_L202.839_A-30.00_P72.00.csv,0.626421511,0.443854362,0.513998568,0.923907518,0.215118319,0.206715927,0.605562091,0.0493060052,0.0001298391,0.0687660873,0.0375584662,0.00143572828,-0.185169548,-0.194720775,0.500861466,2.15460348,23.8558311,6.04704189,4.27087498,1.0506742,1.49710143
OU-II,baseline,engine off,0.0,0.0,nan,0.0,0.0,0.0,0.0,0.0,PM-Stokes,0.27,wave_data_pmstokes_H0.270_L14.047_A30.00_P60.00.csv,0.00852211379,0.00682242587,0.0156787261,0.0191048253,0.22047855,0.148324221,0.72720933,0.0453132689,9.98757387e-05,0.00101078709,0.000213878957,-0.000447353988,-0.194747075,-0.144705415,0.679755628,0.0499124601,31.4124489,5.80693531,1.44367731,0.131306812,0.0310976487
OU-II,baseline,engine off,0.0,0.0,nan,0.0,0.0,0.0,0.0,0.0,PM-Stokes,1.5,wave_data_pmstokes_H1.500_L50.710_A-30.00_P120.00.csv,0.0798407495,0.0576301664,0.0964718536,0.137849912,0.146024257,0.168958619,0.455384076,0.0374482609,0.000114556693,0.00674583856,0.00242293766,-0.000522433489,-0.124953203,-0.162569463,0.383284807,0.385561794,25.0211124,6.43145657,2.2097528,0.455441743,0.298793554
OU-II,baseline,engine off,0.0,0.0,nan,0.0,0.0,0.0,0.0,0.0,PM-Stokes,4.0,wave_data_pmstokes_H4.000_L112.766_A30.00_P30.00.csv,0.258696437,0.176155478,0.24794139,0.39928627,0.155267999,0.179965705,0.526007116,0.0392575711,0.000123221762,0.0248180386,0.00709018856,-0.00101103436,-0.120554432,-0.170233801,-0.452082485,1.04037023,23.8320351,6.19853497,3.4918294,0.86216116,0.999155521
OU-II,baseline,engine off,0.0,0.0,nan,0.0,0.0,0.0,0.0,0.0,PM-Stokes,8.5,wave_data_pmstokes_H8.500_L202.839_A-30.00_P72.00.csv,0.614407539,0.425376445,0.508250177,0.903747737,0.228030428,0.218738958,0.505158186,0.0521218553,0.000134379079,0.0660357103,0.0414132774,8.86394264e-05,-0.197446823,-0.206759632,0.321739107,2.16781425,23.445282,5.97941351,4.10534,1.24961996,2.10747409
OU-II,speed,speed 800 rpm,800.0,0.6,80.0,0.381445,0.375112,20.0,15.3846,9.43957e-06,JONSWAP,0.27,wave_data_jonswap_H0.270_L14.047_A30.00_P60.00.csv,0.111025579,0.111376502,0.0339586735,0.160886914,2.64913297,1.61539197,103.2453,0.474782437,0.18575722,0.00301488489,-0.00504109776,-0.0251512602,2.63134408,-1.59868252,-65.1959991,0.0534430593,63.5417862,12.5772858,1.45760238,0.133579299,0.031233646
OU-II,speed,speed 800 rpm,800.0,0.6,80.0,0.381445,0.375112,20.0,15.3846,9.43957e-06,JONSWAP,1.5,wave_data_jonswap_H1.500_L50.710_A-30.00_P120.00.csv,0.504132986,0.485526085,0.178476661,0.722315431,2.45961571,1.53903997,103.764091,0.459827542,0.0919965357,0.0517297424,-0.0859185457,-0.119635791,2.41869283,-1.49520946,85.5046387,0.390963972,45.6504097,11.8984432,2.38105893,0.423415542,0.258024096
OU-II,speed,speed 800 rpm,800.0,0.6,80.0,0.381445,0.375112,20.0,15.3846,9.43957e-06,JONSWAP,4.0,wave_data_jonswap_H4.000_L112.766_A30.00_P30.00.csv,1.26201439,1.27640581,0.417972714,1.84298491,2.29232216,1.75479019,103.36908,0.450665802,0.0635381415,0.0488936082,-0.404590338,-0.229516998,2.22691083,-1.70569885,-81.0103607,1.04307246,40.0713005,10.4493179,3.74055195,0.797959149,0.85987246
OU-II,speed,speed 800 rpm,800.0,0.6,80.0,0.381445,0.375112,20.0,15.3846,9.43957e-06,JONSWAP,8.5,wave_data_jonswap_H8.500_L202.839_A-30.00_P72.00.csv,3.42355728,3.31811261,0.816031039,4.83699512,2.35574698,1.79994905,102.743935,0.444820076,0.0531409755,0.424250722,-1.5266155,-0.456523091,2.27697086,-1.72881866,-66.3912811,2.15460348,37.8738365,9.60036469,4.27093315,1.0507654,1.49724019
OU-II,speed,speed 800 rpm,800.0,0.6,80.0,0.381445,0.375112,20.0,15.3846,9.43957e-06,PM-Stokes,0.27,wave_data_pmstokes_H0.270_L14.047_A30.00_P60.00.csv,0.114967734,0.116359718,0.0340194665,0.16707629,2.70281053,1.6075958,104.22818,0.47635451,0.198907509,0.000859292457,-0.00110662368,-0.0256354883,2.68704009,-1.59254289,-103.86525,0.0499124601,68.1582642,12.599802,1.44820201,0.135514706,0.0315102451
OU-II,speed,speed 800 rpm,800.0,0.6,80.0,0.381445,0.375112,20.0,15.3846,9.43957e-06,PM-Stokes,1.5,wave_data_pmstokes_H1.500_L50.710_A-30.00_P120.00.csv,0.345566005,0.328888446,0.142257735,0.497815967,2.26702523,1.47459483,105.770844,0.441950619,0.0728368089,0.00957567059,-0.0671239421,-0.07718952,2.20578957,-1.41938579,-141.544586,0.385561794,36.8962212,9.48384857,2.20956039,0.456747115,0.299035162
OU-II,speed,speed 800 rpm,800.0,0.6,80.0,0.381445,0.375112,20.0,15.3846,9.43957e-06,PM-Stokes,4.0,wave_data_pmstokes_H4.000_L112.766_A30.00_P30.00.csv,0.89885217,0.887452185,0.332950562,1.30627811,1.93814671,1.65587986,101.294556,0.416339278,0.0456661433,0.177652389,-0.389683783,-0.104000553,1.84038901,-1.57619357,-34.9146652,1.04037023,32.0030823,8.32376385,3.49169946,0.862488866,0.999378562
OU-II,speed,speed 800 rpm,800.0,0.6,80.0,0.381445,0.375112,20.0,15.3846,9.43957e-06,PM-Stokes,8.5,wave_data_pmstokes_H8.500_L202.839_A-30.00_P72.00.csv,2.39355516,2.17972732,0.605258584,3.29342604,1.64325166,1.74947298,107.611252,0.387297899,0.0357635468,0.664188564,-1.21989441,-0.136016503,1.50184691,-1.63474095,-171.172226,2.16781425,27.9202232,7.12068892,4.1053791,1.24977851,2.10763955
OU-II,speed,speed 1200 rpm,1200.0,0.6,80.0,0.41992,0.394336,30.0,23.0769,1.14399e-05,JONSWAP,0.27,wave_data_jonswap_H0.270_L14.047_A30.00_P60.00.csv,0.0741854608,0.0710105672,0.0250496045,0.105704613,2.11254072,1.86542237,104.362503,0.448054224,0.234056875,0.00526524521,-0.00203103921,-0.0127014164,2.04504514,-1.80418217,-113.356056,0.0534430593,46.8715782,9.27763081,1.44708025,0.132110551,0.0312180128
OU-II,speed,speed 1200 rpm,1200.0,0.6,80.0,0.41992,0.394336,30.0,23.0769,1.14399e-05,JONSWAP,1.5,wave_data_jonswap_H1.500_L50.710_A-30.00_P120.00.csv,0.839507103,0.827214003,0.268063635,1.20868254,2.24093628,2.43581271,103.326691,0.497519284,0.102272242,-0.00415620487,-0.0582025684,-0.232274011,2.21967673,-2.41767144,-45.0450821,0.390963972,68.5647964,17.8709087,2.38075876,0.422808051,0.258127809
OU-II,speed,speed 1200 rpm,1200.0,0.6,80.0,0.41992,0.394336,30.0,23.0769,1.14399e-05,JONSWAP,4.0,wave_data_jonswap_H4.000_L112.766_A30.00_P30.00.csv,2.12073851,2.04749393,0.607340932,3.00975513,2.07493615,2.64737725,103.6922,0.493869364,0.0633100867,0.00656002853,-0.336613148,-0.482453376,2.04484534,-2.62358212,-86.1649475,1.04307246,58.2261505,15.1835232,3.7404511,0.798264503,0.860064447
OU-II,speed,speed 1200 rpm,1200.0,0.6,80.0,0.41992,0.394336,30.0,23.0769,1.14399e-05,JONSWAP,8.5,wave_data_jonswap_H8.500_L202.839_A-30.00_P72.00.csv,5.83077621,5.65236855,1.2812506,8.22124195,2.20775676,2.90996027,102.324791,0.49668026,0.0523970164,0.210824609,-1.56779373,-1.06811571,2.15697193,-2.87978768,-65.5119934,2.15460348,59.4657249,15.0735359,4.27082253,1.05101013,1.49740636
OU-II,speed,speed 1200 rpm,1200.0,0.6,80.0,0.41992,0.394336,30.0,23.0769,1.14399e-05,PM-Stokes,0.27,wave_data_pmstokes_H0.270_L14.047_A30.00_P60.00.csv,0.065690726,0.0640899464,0.0231843051,0.0946588889,2.16242337,1.67434216,104.083527,0.435386211,0.243010983,-0.00172416505,-0.0059612901,-0.0109731397,2.07581663,-1.60892594,-96.8589325,0.0499124601,46.4499321,8.58677959,1.43543983,0.134119719,0.0315369479
OU-II,speed,speed 1200 rpm,1200.0,0.6,80.0,0.41992,0.394336,30.0,23.0769,1.14399e-05,PM-Stokes,1.5,wave_data_pmstokes_H1.500_L50.710_A-30.00_P120.00.csv,0.550272405,0.532495022,0.203275636,0.792257309,2.02638388,2.2928133,104.734268,0.484271049,0.0755800754,0.0144727714,-0.0626356527,-0.153216809,2.00348258,-2.26180387,-135.808975,0.385561794,52.7219353,13.5517082,2.20931005,0.456666738,0.299137741
OU-II,speed,speed 1200 rpm,1200.0,0.6,80.0,0.41992,0.394336,30.0,23.0769,1.14399e-05,PM-Stokes,4.0,wave_data_pmstokes_H4.000_L112.766_A30.00_P30.00.csv,1.37734318,1.33613229,0.468577325,1.97531986,1.80086219,2.52316546,102.75721,0.485628247,0.0427434482,0.157435715,-0.323453993,-0.315157592,1.77384281,-2.49380994,34.6080132,1.04037023,45.0394783,11.7144327,3.49163914,0.862610579,0.999600351
OU-II,speed,speed 1200 rpm,1200.0,0.6,80.0,0.41992,0.394336,30.0,23.0769,1.14399e-05,PM-Stokes,8.5,wave_data_pmstokes_H8.500_L202.839_A-30.00_P72.00.csv,3.83674502,3.51666689,0.919328272,5.28514194,1.68481815,2.75108743,105.172424,0.485155761,0.0351036116,0.848943949,-1.40989184,-0.616752505,1.63700676,-2.71640873,-155.098389,2.16781425,42.4080772,10.8156261,4.10526752,1.24985814,2.10784698
OU-II,speed,speed 1600 rpm,1600.0,0.6,80.0,0.442537,0.380973,40.0,30.7692,1.27054e-05,JONSWAP,0.27,wave_data_jonswap_H0.270_L14.047_A30.00_P60.00.csv,0.082280755,0.078266114,0.0270813014,0.116743751,1.97839499,2.2483151,103.658638,0.474293977,0.204038799,0.00241337391,-0.00532021327,-0.0162158292,1.95029688,-2.20917296,-75.9331512,0.0534430593,50.6731873,10.0301113,1.45139754,0.105796188,0.031018775
OU-II,speed,speed 1600 rpm,1600.0,0.6,80.0,0.442537,0.380973,40.0,30.7692,1.27054e-05,JONSWAP,1.5,wave_data_jonswap_H1.500_L50.710_A-30.00_P120.00.csv,1.5475477,1.55296767,0.391354859,2.22705436,2.6210525,2.85286856,103.051064,0.500967622,0.167697266,0.0147933019,-0.0694567785,-0.368731976,2.56730056,-2.82298589,-9.28553581,0.390963972,100.099983,26.0903225,2.38096786,0.422531784,0.257974088
OU-II,speed,speed 1600 rpm,1600.0,0.6,80.0,0.442537,0.380973,40.0,30.7692,1.27054e-05,JONSWAP,4.0,wave_data_jonswap_H4.000_L112.766_A30.00_P30.00.csv,3.47587919,3.57697654,0.848432362,5.05928183,2.49707246,3.12107539,103.122246,0.502314568,0.114426807,0.0229028836,-0.407394141,-0.755963504,2.41998148,-3.07667828,-55.6522408,1.04307246,81.3397369,21.2108097,3.74055672,0.79795897,0.859871507
OU-II,speed,speed 1600 rpm,1600.0,0.6,80.0,0.442537,0.380973,40.0,30.7692,1.27054e-05,JONSWAP,8.5,wave_data_jonswap_H8.500_L202.839_A-30.00_P72.00.csv,8.90272045,8.6764431,1.83550894,12.5661526,2.75677347,3.4865272,103.319176,0.502267957,0.0955727026,0.615834653,-1.50889802,-1.65243459,2.62653518,-3.42469192,25.7101345,2.15460348,85.1901016,21.594223,4.2708559,1.05050409,1.4972595
OU-II,speed,speed 1600 rpm,1600.0,0.6,80.0,0.442537,0.380973,40.0,30.7692,1.27054e-05,PM-Stokes,0.27,wave_data_pmstokes_H0.270_L14.047_A30.00_P60.00.csv,0.0702984035,0.0700215027,0.0247929208,0.102272019,2.02823234,2.09423947,104.184906,0.462980241,0.214232132,0.00142728374,-0.00262127677,-0.0137070706,1.98603463,-2.04533458,-97.3051147,0.0499124601,49.6728096,9.18256283,1.44072556,0.133225009,0.0313172713
OU-II,speed,speed 1600 rpm,1600.0,0.6,80.0,0.442537,0.380973,40.0,30.7692,1.27054e-05,PM-Stokes,1.5,wave_data_pmstokes_H1.500_L50.710_A-30.00_P120.00.csv,1.01831543,0.985217869,0.284746915,1.44523406,2.25098133,2.66355944,104.012123,0.501251459,0.13163504,0.0332989767,-0.0540122874,-0.251378238,2.21315074,-2.63679695,-97.0109482,0.385561794,73.8524704,18.9831276,2.20951962,0.456025869,0.298960775
OU-II,speed,speed 1600 rpm,1600.0,0.6,80.0,0.442537,0.380973,40.0,30.7692,1.27054e-05,PM-Stokes,4.0,wave_data_pmstokes_H4.000_L112.766_A30.00_P30.00.csv,2.12333989,2.07821298,0.578617692,3.02693582,1.96243203,2.83372331,104.618042,0.493761867,0.0832947269,0.130005747,-0.249266922,-0.454011083,1.89923954,-2.7896688,-129.055191,1.04037023,55.6165199,14.4654427,3.49172497,0.862473369,0.999360561
OU-II,speed,speed 1600 rpm,1600.0,0.6,80.0,0.442537,0.380973,40.0,30.7692,1.27054e-05,PM-Stokes,8.5,wave_data_pmstokes_H8.500_L202.839_A-30.00_P72.00.csv,5.21088314,5.06947899,1.17003691,7.36355257,1.95350075,3.09676862,104.630859,0.497997612,0.0689346343,0.302441478,-1.13698816,-0.946000874,1.84315419,-3.04599166,-115.992462,2.16781425,53.9731178,13.7651396,4.10534096,1.24978685,2.10767508
OU-II,speed,speed 2000 rpm,2000.0,0.6,80.0,0.512922,0.410564,50.0,38.4615,1.70683e-05,JONSWAP,0.27,wave_data_jonswap_H0.270_L14.047_A30.00_P60.00.csv,0.250605971,0.249386966,0.0746625215,0.361347079,2.1813004,2.39986825,103.493332,0.478404194,0.334425271,0.0142780691,-0.0115741109,-0.0401253663,2.12550807,-2.35703349,-54.0788727,0.0534430593,139.704803,27.6527843,1.69003904,0.141931996,0.0353641547
OU-II,speed,speed 2000 rpm,2000.0,0.6,80.0,0.512922,0.410564,50.0,38.4615,1.70683e-05,JONSWAP,1.5,wave_data_jonswap_H1.500_L50.710_A-30.00_P120.00.csv,2.63679862,2.64715672,0.653138638,3.7929852,4.43620968,2.92006159,103.742615,0.496475577,0.287293702,0.0508234389,0.00300183939,-0.597893775,4.27065802,-2.82550621,-64.3526993,0.390963972,167.058533,43.5425758,2.38790917,0.42482239,0.260347366
OU-II,speed,speed 2000 rpm,2000.0,0.6,80.0,0.512922,0.410564,50.0,38.4615,1.70683e-05,JONSWAP,4.0,wave_data_jonswap_H4.000_L112.766_A30.00_P30.00.csv,6.2942071,6.10799932,1.65576053,8.92559528,4.98275709,3.70479631,103.757118,0.498728991,0.22721,0.0680234134,-0.258541346,-1.47034776,4.69180107,-3.52776814,-69.3364563,1.04307246,158.738785,41.3940125,3.74231434,0.798704922,0.86127013
OU-II,speed,speed 2000 rpm,2000.0,0.6,80.0,0.512922,0.410564,50.0,38.4615,1.70683e-05,JONSWAP,8.5,wave_data_jonswap_H8.500_L202.839_A-30.00_P72.00.csv,14.4888592,14.7870483,4.86259413,21.2656689,6.75953436,4.63237238,104.603836,0.497095585,0.198348701,0.838658929,0.26868543,-4.30560493,6.27216148,-4.35169649,175.844376,2.15460348,225.683945,57.2069893,4.27296638,1.05070615,1.49845707
OU-II,speed,speed 2000 rpm,2000.0,0.6,80.0,0.512922,0.410564,50.0,38.4615,1.70683e-05,PM-Stokes,0.27,wave_data_pmstokes_H0.270_L14.047_A30.00_P60.00.csv,0.248258099,0.249228209,0.0759473667,0.35988161,2.25760818,2.28325987,103.635773,0.474624306,0.334221214,0.00914164539,-0.0153343389,-0.0392971821,2.20023704,-2.23941088,-66.7053299,0.0499124601,152.161133,28.1286545,1.71477962,0.143510789,0.0345758125
OU-II,speed,speed 2000 rpm,2000.0,0.6,80.0,0.512922,0.410564,50.0,38.4615,1.70683e-05,PM-Stokes,1.5,wave_data_pmstokes_H1.500_L50.710_A-30.00_P120.00.csv,1.9082948,1.87447786,0.446169376,2.71188569,3.43471146,2.73620844,104.05938,0.497158051,0.248829141,0.0285859928,-0.0678359494,-0.383637846,3.31463194,-2.64711094,-121.767906,0.385561794,115.719284,29.7446232,2.21641731,0.458543211,0.302213222
OU-II,speed,speed 2000 rpm,2000.0,0.6,80.0,0.512922,0.410564,50.0,38.4615,1.70683e-05,PM-Stokes,4.0,wave_data_pmstokes_H4.000_L112.766_A30.00_P30.00.csv,4.2814703,4.11877966,0.993410587,6.02347088,3.44066429,3.25486064,104.251167,0.500568867,0.185701162,0.166665435,-0.13058579,-0.86875546,3.24038029,-3.11141491,-147.324158,1.04037023,95.4862518,24.8352642,3.49367976,0.86342907,1.00156403
OU-II,speed,speed 2000 rpm,2000.0,0.6,80.0,0.512922,0.410564,50.0,38.4615,1.70683e-05,PM-Stokes,8.5,wave_data_pmstokes_H8.500_L202.839_A-30.00_P72.00.csv,9.16787529,9.2916832,2.30771255,13.2555971,3.91251993,3.64578199,102.858131,0.501045823,0.157743096,0.839537621,-0.896306217,-1.93371511,3.57640743,-3.44716859,-17.5878258,2.16781425,106.45343,27.149559,4.1068058,1.25007224,2.10904694
OU-II,speed,speed 2400 rpm,2400.0,0.6,80.0,0.6,0.454334,60.0,46.1538,2.33556e-05,JONSWAP,0.27,wave_data_jonswap_H0.270_L14.047_A30.00_P60.00.csv,0.0849727988,0.0842908695,0.0276716072,0.122845612,2.815202,0.691890121,103.340942,0.452520043,0.211011514,-0.000116056493,-0.00364677212,-0.0175485462,2.78148007,-0.660910428,-53.9396667,0.0534430593,51.7777367,10.2487431,1.45085227,0.13235271,0.0310668964
OU-II,speed,speed 2400 rpm,2400.0,0.6,80.0,0.6,0.454334,60.0,46.1538,2.33556e-05,JONSWAP,1.5,wave_data_jonswap_H1.500_L50.710_A-30.00_P120.00.csv,3.16191697,3.04791451,0.862174809,4.47558355,6.00260782,1.95493066,104.224495,0.485872954,0.329123706,-0.0194950327,0.00652974704,-0.793289602,5.74784422,-1.75466573,150.920624,0.390963972,220.525391,57.4783173,2.38084435,0.422902942,0.258056104
OU-II,speed,speed 2400 rpm,2400.0,0.6,80.0,0.6,0.454334,60.0,46.1538,2.33556e-05,JONSWAP,4.0,wave_data_jonswap_H4.000_L112.766_A30.00_P30.00.csv,7.88957167,8.00597286,2.80054402,11.5837812,7.69703531,3.00335574,104.223442,0.487253398,0.271018863,0.119343825,-0.354864091,-2.46391582,7.24399853,-2.68088293,-150.540588,1.04307246,268.489899,70.0136032,3.74055696,0.798036039,0.860014021
OU-II,speed,speed 2400 rpm,2400.0,0.6,80.0,0.6,0.454334,60.0,46.1538,2.33556e-05,JONSWAP,8.5,wave_data_jonswap_H8.500_L202.839_A-30.00_P72.00.csv,18.9709282,19.3648853,9.71575356,28.7974091,11.0305986,3.99105525,103.822098,0.482552379,0.24254702,0.270562619,-0.331129789,-8.38277912,10.2532139,-3.47641468,-74.0671005,2.15460348,450.930023,114.302979,4.27094746,1.05049729,1.49736512
OU-II,speed,speed 2400 rpm,2400.0,0.6,80.0,0.6,0.454334,60.0,46.1538,2.33556e-05,PM-Stokes,0.27,wave_data_pmstokes_H0.270_L14.047_A30.00_P60.00.csv,0.077992633,0.0788110569,0.0260007083,0.113886215,2.81761408,0.609966338,103.298592,0.451340437,0.206154138,-0.00203708303,-0.00443863031,-0.0165617242,2.78489351,-0.577978611,-62.5138741,0.0499124601,52.0926208,9.6298914,1.44030964,0.13396813,0.0313713625
OU-II,speed,speed 2400 rpm,2400.0,0.6,80.0,0.6,0.454334,60.0,46.1538,2.33556e-05,PM-Stokes,1.5,wave_data_pmstokes_H1.500_L50.710_A-30.00_P120.00.csv,2.45801592,2.43964863,0.592133701,3.51345277,4.76502371,2.05614638,103.429382,0.488166541,0.292975485,0.0547623262,-0.0680504665,-0.551713049,4.59609127,-1.89076066,-14.3777647,0.385561794,153.576859,39.4755783,2.20933175,0.455997169,0.29905349
OU-II,speed,speed 2400 rpm,2400.0,0.6,80.0,0.6,0.454334,60.0,46.1538,2.33556e-05,PM-Stokes,4.0,wave_data_pmstokes_H4.000_L112.766_A30.00_P30.00.csv,5.66706038,5.47204685,1.43241334,8.00691414,5.1056776,2.86212087,103.559181,0.491727799,0.22806631,0.136589617,-0.346016467,-1.26747096,4.80437946,-2.60502195,-39.3831978,1.04037023,137.683044,35.8103333,3.49174762,0.862549067,0.999545753
OU-II,speed,speed 2400 rpm,2400.0,0.6,80.0,0.6,0.454334,60.0,46.1538,2.33556e-05,PM-Stokes,8.5,wave_data_pmstokes_H8.500_L202.839_A-30.00_P72.00.csv,12.9064999,13.0464792,4.03744125,18.7906704,6.63725615,3.4094224,104.563919,0.490977854,0.200296402,1.25752187,0.23333697,-3.47585106,6.14416122,-3.0312891,-177.253403,2.16781425,186.244797,47.4993095,4.10539532,1.24981272,2.10778809
OU-II,speed,speed 2800 rpm,2800.0,0.6,80.0,0.698617,0.506742,70.0,53.8462,3.16641e-05,JONSWAP,0.27,wave_data_jonswap_H0.270_L14.047_A30.00_P60.00.csv,0.12947017,0.128560945,0.0354142673,0.185861811,3.0038774,0.559899271,103.773422,0.454782158,0.214768916,-0.00145156926,-0.00608394528,-0.0276104882,2.98989248,0.535289645,-84.9915085,0.0534430593,66.265419,13.116395,1.45053411,0.132371172,0.0311163198
OU-II,speed,speed 2800 rpm,2800.0,0.6,80.0,0.698617,0.506742,70.0,53.8462,3.16641e-05,JONSWAP,1.5,wave_data_jonswap_H1.500_L50.710_A-30.00_P120.00.csv,3.34412217,3.34010196,0.950971901,4.82118034,6.41414118,1.03586531,104.02346,0.473199427,0.327454865,-0.0292524602,0.0149130654,-0.871472478,6.17686892,0.145360067,107.504349,0.390963972,243.237732,63.3981247,2.38089085,0.423169255,0.258068591
OU-II,speed,speed 2800 rpm,2800.0,0.6,80.0,0.698617,0.506742,70.0,53.8462,3.16641e-05,JONSWAP,4.0,wave_data_jonswap_H4.000_L112.766_A30.00_P30.00.csv,8.62369156,9.01210594,3.35552216,12.9168739,8.72401047,1.45402026,103.619308,0.473851264,0.274363995,0.35206753,0.0599877648,-2.96316004,8.28842735,-0.283893973,52.3907814,1.04307246,321.695984,83.8880539,3.74056673,0.798052371,0.860061228
OU-II,speed,speed 2800 rpm,2800.0,0.6,80.0,0.698617,0.506742,70.0,53.8462,3.16641e-05,JONSWAP,8.5,wave_data_jonswap_H8.500_L202.839_A-30.00_P72.00.csv,20.0271606,21.5320492,12.1081152,31.801302,12.5278845,2.08169365,103.848679,0.469006687,0.245377138,0.99536103,-1.36799181,-10.3777542,11.7598686,-0.187665194,-84.0922089,2.15460348,561.964905,142.44841,4.27083445,1.05049181,1.49736571
OU-II,speed,speed 2800 rpm,2800.0,0.6,80.0,0.698617,0.506742,70.0,53.8462,3.16641e-05,PM-Stokes,0.27,wave_data_pmstokes_H0.270_L14.047_A30.00_P60.00.csv,0.118355528,0.118776195,0.0335917994,0.171009421,2.985636,0.538702607,104.249184,0.454809755,0.202289373,-0.00170730881,-0.0046508261,-0.0260781646,2.97295785,0.516930938,-106.168335,0.0499124601,67.3014297,12.4414072,1.43960559,0.134063885,0.0314226337
OU-II,speed,speed 2800 rpm,2800.0,0.6,80.0,0.698617,0.506742,70.0,53.8462,3.16641e-05,PM-Stokes,1.5,wave_data_pmstokes_H1.500_L50.710_A-30.00_P120.00.csv,2.69309592,2.70043683,0.661436856,3.87073946,5.26532745,0.971069634,103.672714,0.475552678,0.292048603,0.0468395613,-0.107862547,-0.618109047,5.11068964,-0.380334467,-49.7657471,0.385561794,171.551453,44.095787,2.20944071,0.456117421,0.299070388
OU-II,speed,speed 2800 rpm,2800.0,0.6,80.0,0.698617,0.506742,70.0,53.8462,3.16641e-05,PM-Stokes,4.0,wave_data_pmstokes_H4.000_L112.766_A30.00_P30.00.csv,6.30479288,6.15014887,1.6570617,8.96217632,5.93564606,1.60523963,103.683823,0.479005069,0.231008574,0.198166251,-0.0722969249,-1.47467685,5.64907169,-1.0372541,-54.7414017,1.04037023,159.276169,41.4265442,3.49177504,0.862623632,0.999588668
OU-II,speed,speed 2800 rpm,2800.0,0.6,80.0,0.698617,0.506742,70.0,53.8462,3.16641e-05,PM-Stokes,8.5,wave_data_pmstokes_H8.500_L202.839_A-30.00_P72.00.csv,14.9760733,14.2852211,4.97331667,21.2857742,8.01578808,1.93417764,104.159706,0.477605224,0.205043986,-0.488589346,0.503672302,-4.34837008,7.52069092,-1.06049466,125.654655,2.16781425,229.416183,58.5096054,4.10529995,1.24983406,2.1077621
OU-II,speed,speed 3200 rpm,3200.0,0.6,80.0,0.807673,0.565733,80.0,61.5385,4.23214e-05,JONSWAP,0.27,wave_data_jonswap_H0.270_L14.047_A30.00_P60.00.csv,0.196249798,0.196173608,0.0502230376,0.281993657,3.07614946,1.15764034,104.057304,0.459293038,0.209398493,-0.00107230491,-0.00274001225,-0.0431692228,3.07010055,1.14281631,-99.1933212,0.0534430593,93.9748535,18.6011238,1.45241761,0.132843465,0.0312439278
OU-II,speed,speed 3200 rpm,3200.0,0.6,80.0,0.807673,0.565733,80.0,61.5385,4.23214e-05,JONSWAP,1.5,wave_data_jonswap_H1.500_L50.710_A-30.00_P120.00.csv,3.54887199,3.51899767,0.901015997,5.07835293,5.31623316,2.3772893,103.465416,0.461835206,0.275560468,0.0411447771,-0.0275236592,-0.840771496,5.18643904,2.11688304,16.1788712,0.390963972,230.460114,60.0677299,2.38079023,0.423342764,0.258140832
OU-II,speed,speed 3200 rpm,3200.0,0.6,80.0,0.807673,0.565733,80.0,61.5385,4.23214e-05,JONSWAP,4.0,wave_data_jonswap_H4.000_L112.766_A30.00_P30.00.csv,9.53315449,9.1297617,2.97417045,13.5306787,7.09041739,3.06372237,103.59008,0.461908966,0.232573301,0.276823908,-0.151455268,-2.6832931,6.82476616,2.62233949,-60.8220367,1.04307246,285.135559,74.3542633,3.74049997,0.798166096,0.860131562
OU-II,speed,speed 3200 rpm,3200.0,0.6,80.0,0.807673,0.565733,80.0,61.5385,4.23214e-05,JONSWAP,8.5,wave_data_jonswap_H8.500_L202.839_A-30.00_P72.00.csv,22.4479847,21.7193871,10.3642302,32.909893,10.114727,4.76332951,104.379112,0.458693653,0.203912213,0.276180983,-1.40388775,-9.09197903,9.60989857,4.116292,-141.057785,2.15460348,481.027252,121.932114,4.27082014,1.05041265,1.49729967
OU-II,speed,speed 3200 rpm,3200.0,0.6,80.0,0.807673,0.565733,80.0,61.5385,4.23214e-05,PM-Stokes,0.27,wave_data_pmstokes_H0.270_L14.047_A30.00_P60.00.csv,0.189991966,0.187389553,0.0481655598,0.271167338,3.10671902,1.09292686,104.474091,0.459755808,0.212354273,-0.00172545493,-0.00614889804,-0.0418166034,3.10135603,1.07894838,-131.859146,0.0499124601,96.5000687,17.8390961,1.44195235,0.134227425,0.0315462984
OU-II,speed,speed 3200 rpm,3200.0,0.6,80.0,0.807673,0.565733,80.0,61.5385,4.23214e-05,PM-Stokes,1.5,wave_data_pmstokes_H1.500_L50.710_A-30.00_P120.00.csv,2.70180535,2.71490192,0.624141276,3.88072109,4.53532648,1.63871729,103.954994,0.462721765,0.242615014,0.00670587365,-0.047057379,-0.585352838,4.44236422,1.40503371,-93.6957855,0.385561794,161.878403,41.609417,2.20930934,0.456484407,0.299160689
OU-II,speed,speed 3200 rpm,3200.0,0.6,80.0,0.807673,0.565733,80.0,61.5385,4.23214e-05,PM-Stokes,4.0,wave_data_pmstokes_H4.000_L112.766_A30.00_P30.00.csv,6.7506814,6.68918467,1.64475262,9.64479637,5.2807126,1.69486749,104.601402,0.464337766,0.190745845,0.0927141681,-0.436833411,-1.5423584,5.12542009,1.26441121,-139.542618,1.04037023,158.093018,41.1188164,3.49169302,0.862690926,0.999694526
OU-II,speed,speed 3200 rpm,3200.0,0.6,80.0,0.807673,0.565733,80.0,61.5385,4.23214e-05,PM-Stokes,8.5,wave_data_pmstokes_H8.500_L202.839_A-30.00_P72.00.csv,15.5934706,15.7211514,4.44238377,22.5841904,6.76990366,2.47220039,103.574577,0.463719875,0.167080283,1.03621078,-1.02123547,-4.09593773,6.48544884,1.94132936,-50.3681717,2.16781425,204.924561,52.2633362,4.10526896,1.24986041,2.10767817
OU-II,level,level 0.15 m/s^2,2400.0,0.15,80.0,0.15,0.113583,60.0,46.1538,1.45972e-06,JONSWAP,0.27,wave_data_jonswap_H0.270_L14.047_A30.00_P60.00.csv,0.00885364413,0.00729436381,0.0163057614,0.0199367143,0.49087894,0.0812669098,5.07019043,0.0847471878,0.000352720526,0.00131186855,-0.00179813465,-0.000481023366,0.440594941,-0.0598399378,-4.6990962,0.0534430593,30.5105305,6.03917074,1.45303953,0.0849636048,0.0308167599
OU-II,level,level 0.15 m/s^2,2400.0,0.15,80.0,0.15,0.113583,60.0,46.1538,1.45972e-06,JONSWAP,1.5,wave_data_jonswap_H1.500_L50.710_A-30.00_P120.00.csv,0.235070869,0.18404597,0.103702784,0.316046685,0.564048409,1.23179352,110.753075,0.229423031,0.0361767001,0.0291690938,-0.0864600018,-0.000449623185,-0.496755034,-1.06178021,-150.028275,0.390963972,26.5248947,6.91351843,2.38110304,0.42141816,0.257868856
OU-II,level,level 0.15 m/s^2,2400.0,0.15,80.0,0.15,0.113583,60.0,46.1538,1.45972e-06,JONSWAP,4.0,wave_data_jonswap_H4.000_L112.766_A30.00_P30.00.csv,0.345727682,0.586745024,0.249533445,0.725302875,0.249122113,0.714527726,59.6645432,0.125833422,0.00241841818,0.0937464312,-0.189911902,-0.00494615547,-0.0756753236,0.636757016,-54.841671,1.04307246,23.9229259,6.23833609,3.74064136,0.797717273,0.859740496
OU-II,level,level 0.15 m/s^2,2400.0,0.15,80.0,0.15,0.113583,60.0,46.1538,1.45972e-06,JONSWAP,8.5,wave_data_jonswap_H8.500_L202.839_A-30.00_P72.00.csv,1.05972028,1.0787344,0.505374253,1.59438956,0.35472542,0.648882568,43.5120316,0.119311541,0.00177880016,0.234559208,-0.563914418,-0.00192427391,0.235992774,0.596804857,-40.5441093,2.15460348,23.4555569,5.94557953,4.27089214,1.05059481,1.49716079
OU-II,level,level 0.15 m/s^2,2400.0,0.15,80.0,0.15,0.113583,60.0,46.1538,1.45972e-06,PM-Stokes,0.27,wave_data_pmstokes_H0.270_L14.047_A30.00_P60.00.csv,0.00851151999,0.00707804644,0.0157738216,0.0192706548,0.499592304,0.0850537196,4.22060823,0.0863412544,0.000337887905,0.00120836974,-0.00176919147,-0.000480011164,0.44846952,-0.0682814941,-3.7811811,0.0499124601,31.6029739,5.84215593,1.44294512,0.131462753,0.0311170891
OU-II,level,level 0.15 m/s^2,2400.0,0.15,80.0,0.15,0.113583,60.0,46.1538,1.45972e-06,PM-Stokes,1.5,wave_data_pmstokes_H1.500_L50.710_A-30.00_P120.00.csv,0.255851299,0.160113022,0.0999131277,0.317928761,1.72819293,0.519406736,119.555702,0.305533409,0.00876769144,0.0471237898,-0.0801677853,-0.000358904275,-1.4153384,-0.0954462811,-124.783287,0.385561794,25.9136486,6.66087484,2.20963359,0.455464482,0.298834831
OU-II,level,level 0.15 m/s^2,2400.0,0.15,80.0,0.15,0.113583,60.0,46.1538,1.45972e-06,PM-Stokes,4.0,wave_data_pmstokes_H4.000_L112.766_A30.00_P30.00.csv,0.25805077,0.368954927,0.247748211,0.513903797,0.496842682,0.43112874,34.2887268,0.108785555,0.00115708611,0.0544294454,-0.136496335,-0.0023279225,0.437062949,0.378477454,-33.0681419,1.04037023,23.8134651,6.19370508,3.49181366,0.862222672,0.999229372
OU-II,level,level 0.15 m/s^2,2400.0,0.15,80.0,0.15,0.113583,60.0,46.1538,1.45972e-06,PM-Stokes,8.5,wave_data_pmstokes_H8.500_L202.839_A-30.00_P72.00.csv,0.78651756,0.827108145,0.500174463,1.24615097,0.445984244,0.300280899,26.3656788,0.0868113339,0.000949588313,0.171825811,-0.382601857,-0.00222585583,0.390634298,0.254571825,-25.422821,2.16781425,23.0727539,5.88440514,4.10535622,1.24966931,2.10754991
OU-II,level,level 0.30 m/s^2,2400.0,0.3,80.0,0.3,0.227167,60.0,46.1538,5.8389e-06,JONSWAP,0.27,wave_data_jonswap_H0.270_L14.047_A30.00_P60.00.csv,0.0137601178,0.0132887969,0.0166548062,0.0253636651,0.31673637,0.803033829,104.654358,0.147271603,0.0647493973,0.00204043137,-0.00643757591,-0.000488004589,0.27427426,-0.736012638,-99.2400208,0.0534430593,31.1636467,6.16844654,1.45230746,0.105022237,0.0308673698
OU-II,level,level 0.30 m/s^2,2400.0,0.3,80.0,0.3,0.227167,60.0,46.1538,5.8389e-06,JONSWAP,1.5,wave_data_jonswap_H1.500_L50.710_A-30.00_P120.00.csv,0.551827967,0.530972481,0.167978004,0.784004152,2.36045027,1.91035044,103.488358,0.464270651,0.164019302,0.0167739671,-0.0547284409,-0.104972497,2.27831721,-1.8397162,-48.8047371,0.390963972,42.9650841,11.1985331,2.38101649,0.422039211,0.257918388
OU-II,level,level 0.30 m/s^2,2400.0,0.3,80.0,0.3,0.227167,60.0,46.1538,5.8389e-06,JONSWAP,4.0,wave_data_jonswap_H4.000_L112.766_A30.00_P30.00.csv,1.5847615,1.44384158,0.43264851,2.18708301,2.17073727,2.3204422,104.406418,0.461947799,0.128831595,0.168162391,-0.236710191,-0.239727318,2.02558732,-2.20635414,-123.445068,1.04307246,41.4782791,10.8162127,3.74061012,0.797803044,0.859817028
OU-II,level,level 0.30 m/s^2,2400.0,0.3,80.0,0.3,0.227167,60.0,46.1538,5.8389e-06,JONSWAP,8.5,wave_data_jonswap_H8.500_L202.839_A-30.00_P72.00.csv,3.55123115,3.63927817,0.873785377,5.15936899,2.112885,2.44373989,103.48996,0.449142843,0.10890846,0.627122283,-1.0125643,-0.446948558,1.86969042,-2.27761745,-70.8894119,2.15460348,40.554348,10.2798281,4.27091789,1.05051315,1.49722326
OU-II,level,level 0.30 m/s^2,2400.0,0.3,80.0,0.3,0.227167,60.0,46.1538,5.8389e-06,PM-Stokes,0.27,wave_data_pmstokes_H0.270_L14.047_A30.00_P60.00.csv,0.0132593475,0.0128273889,0.0160153992,0.0244304165,0.297366142,0.702614367,105.123543,0.130246937,0.0538381413,0.000536951819,-0.00596094783,-0.000368645124,0.257827312,-0.641452253,-100.954567,0.0499124601,32.0869789,5.93162918,1.4420532,0.132386833,0.0311689414
OU-II,level,level 0.30 m/s^2,2400.0,0.3,80.0,0.3,0.227167,60.0,46.1538,5.8389e-06,PM-Stokes,1.5,wave_data_pmstokes_H1.500_L50.710_A-30.00_P120.00.csv,0.401689023,0.41409409,0.144670144,0.59477514,2.0983777,2.00326061,104.063202,0.458141148,0.141227469,0.017748639,-0.0639836714,-0.0775624216,2.01464748,-1.92689049,-87.6820831,0.385561794,37.5219078,9.64467621,2.20952296,0.455545723,0.298892856
OU-II,level,level 0.30 m/s^2,2400.0,0.3,80.0,0.3,0.227167,60.0,46.1538,5.8389e-06,PM-Stokes,4.0,wave_data_pmstokes_H4.000_L112.766_A30.00_P30.00.csv,1.08414209,1.01636851,0.322291493,1.52060544,1.41835952,2.29792666,103.698296,0.417793244,0.0977657735,0.165191725,-0.294879705,-0.0977424607,1.21806335,-2.1447413,77.3199844,1.04037023,30.9785385,8.05728722,3.49179506,0.862289131,0.999316394
OU-II,level,level 0.30 m/s^2,2400.0,0.3,80.0,0.3,0.227167,60.0,46.1538,5.8389e-06,PM-Stokes,8.5,wave_data_pmstokes_H8.500_L202.839_A-30.00_P72.00.csv,2.59606481,2.36038375,0.669225931,3.57194996,1.23310971,2.4196527,105.840866,0.417771399,0.0785698146,0.432497501,-0.999406874,-0.187128991,0.94911468,-2.24746704,-132.215378,2.16781425,30.8709984,7.87324619,4.10537529,1.24971497,2.10763049
OU-II,level,level 1.20 m/s^2,2400.0,1.2,80.0,1.2,0.908668,60.0,46.1538,9.34224e-05,JONSWAP,0.27,wave_data_jonswap_H0.270_L14.047_A30.00_P60.00.csv,0.562713742,0.561272681,0.121707499,0.804043829,4.74992323,0.482657611,104.044258,0.474746108,0.459721297,0.001781923,-0.000763358024,-0.114116475,4.71652603,0.0252260305,-166.476044,0.0534430593,227.733032,45.0768509,1.44826365,0.135452345,0.031861756
OU-II,level,level 1.20 m/s^2,2400.0,1.2,80.0,1.2,0.908668,60.0,46.1538,9.34224e-05,JONSWAP,1.5,wave_data_jonswap_H1.500_L50.710_A-30.00_P120.00.csv,10.3344173,10.4450045,16.2226105,21.8876991,23.6810684,2.50282001,103.81591,0.457498789,0.49968341,-0.15264003,-0.149485558,-15.4585524,23.4507809,-0.307598114,-11.100215,0.390963972,4149.38721,1081.50732,2.38045526,0.424628913,0.258487731
OU-II,level,level 1.20 m/s^2,2400.0,1.2,80.0,1.2,0.908668,60.0,46.1538,9.34224e-05,JONSWAP,4.0,wave_data_jonswap_H4.000_L112.766_A30.00_P30.00.csv,32.6420708,32.0361938,89.6359329,100.630127,31.9593391,4.90941477,103.62854,0.451259166,0.499930859,-0.0964791179,-3.18962955,-83.2257233,31.3024349,-2.0104475,1.91697192,1.04307246,8593.45215,2240.89844,3.7404232,0.798546493,0.860578537
OU-II,level,level 1.20 m/s^2,2400.0,1.2,80.0,1.2,0.908668,60.0,46.1538,9.34224e-05,JONSWAP,8.5,wave_data_jonswap_H8.500_L202.839_A-30.00_P72.00.csv,100.107788,100.030388,246.28952,284.053101,37.3823509,11.6039791,103.825348,0.453346729,0.428292841,-2.43366218,5.57548523,-227.972672,35.6707726,-7.70872259,-93.5453796,2.15460348,11430.8506,2897.52368,4.27096176,1.05115044,1.49772429
OU-II,level,level 1.20 m/s^2,2400.0,1.2,80.0,1.2,0.908668,60.0,46.1538,9.34224e-05,PM-Stokes,0.27,wave_data_pmstokes_H0.270_L14.047_A30.00_P60.00.csv,0.545328736,0.544115484,0.116852112,0.779165924,4.73788738,0.471893489,104.171463,0.474130929,0.457857162,-0.00226448337,0.000680145458,-0.110348932,4.70796108,0.0622845516,-140.049744,0.0499124601,234.114105,43.2785606,1.43701875,0.136616394,0.0321722515
OU-II,level,level 1.20 m/s^2,2400.0,1.2,80.0,1.2,0.908668,60.0,46.1538,9.34224e-05,PM-Stokes,1.5,wave_data_pmstokes_H1.500_L50.710_A-30.00_P120.00.csv,9.12490654,9.13348103,11.1617374,17.0665989,20.9216728,2.49756622,103.925262,0.46260187,0.494995743,0.126613975,-0.0194116719,-10.4873734,20.6044426,-1.36631429,-168.979309,0.385561794,2894.92822,744.115784,2.20888686,0.45795694,0.299559653
OU-II,level,level 1.20 m/s^2,2400.0,1.2,80.0,1.2,0.908668,60.0,46.1538,9.34224e-05,PM-Stokes,4.0,wave_data_pmstokes_H4.000_L112.766_A30.00_P30.00.csv,30.4323025,31.0091991,68.205246,80.8681107,29.6109333,4.73224688,103.696198,0.451668203,0.488212526,-3.73453832,0.108321823,-64.239151,29.0740242,-2.01536655,31.1714153,1.04037023,6555.86279,1705.1311,3.49166369,0.863007963,1.00019932
OU-II,level,level 1.20 m/s^2,2400.0,1.2,80.0,1.2,0.908668,60.0,46.1538,9.34224e-05,PM-Stokes,8.5,wave_data_pmstokes_H8.500_L202.839_A-30.00_P72.00.csv,79.5049438,89.0368652,153.052658,194.097183,30.7757683,9.42357254,104.090248,0.456109732,0.389302164,7.70046711,-10.4386005,-139.570389,29.624155,-6.9272151,-164.249115,2.16781425,7060.22949,1800.61951,4.10539961,1.25028551,2.1081903
OU-II,level,level 2.40 m/s^2,2400.0,2.4,80.0,2.4,1.81734,60.0,46.1538,0.000373689,JONSWAP,0.27,wave_data_jonswap_H0.270_L14.047_A30.00_P60.00.csv,1.73826492,1.73525226,0.476804554,2.50200081,8.69912529,2.01713443,103.909538,0.475433469,0.500147521,0.00779645704,0.00338430959,-0.466236413,8.68017292,1.8876754,-44.0913887,0.0534430593,892.172974,176.594269,1.44289386,0.160076723,0.0350269601
OU-II,level,level 2.40 m/s^2,2400.0,2.4,80.0,2.4,1.81734,60.0,46.1538,0.000373689,JONSWAP,1.5,wave_data_jonswap_H1.500_L50.710_A-30.00_P120.00.csv,16.6280289,16.6691208,58.1812515,62.7647095,36.2278252,10.8601074,104.100197,0.446575612,0.499829829,0.0483236536,0.0572585501,-57.7431412,36.1657677,10.6811991,142.285919,0.390963972,14881.4863,3878.75,2.37961125,0.4404805,0.259976864
OU-II,level,level 2.40 m/s^2,2400.0,2.4,80.0,2.4,1.81734,60.0,46.1538,0.000373689,JONSWAP,4.0,wave_data_jonswap_H4.000_L112.766_A30.00_P30.00.csv,44.6230621,43.6744347,204.211731,213.544159,44.0091858,10.1308165,103.785477,0.447697222,0.499833733,-4.05092335,-4.9182415,-201.041061,43.7411728,8.95998955,-170.43512,1.04307246,19577.9043,5105.29346,3.7401464,0.799927115,0.862395048
OU-II,level,level 2.40 m/s^2,2400.0,2.4,80.0,2.4,1.81734,60.0,46.1538,0.000373689,JONSWAP,8.5,wave_data_jonswap_H8.500_L202.839_A-30.00_P72.00.csv,90.9572449,82.018898,487.078003,502.240265,59.4509468,35.2555237,103.288605,0.445401192,0.499489486,-2.28153896,-19.4294109,-472.188324,44.9803047,28.7752438,58.2294502,2.15460348,22606.3867,5730.3291,4.27092505,1.05356586,1.49870896
OU-II,level,level 2.40 m/s^2,2400.0,2.4,80.0,2.4,1.81734,60.0,46.1538,0.000373689,PM-Stokes,0.27,wave_data_pmstokes_H0.270_L14.047_A30.00_P60.00.csv,1.69118643,1.69195712,0.456733108,2.43545389,8.68670273,1.93900836,104.036049,0.47541222,0.500167251,-0.00742200203,-0.00217553694,-0.448031366,8.6680603,1.80877554,-146.543625,0.0499124601,915.068298,169.1604,1.4301374,0.159198642,0.0353589877
OU-II,level,level 2.40 m/s^2,2400.0,2.4,80.0,2.4,1.81734,60.0,46.1538,0.000373689,PM-Stokes,1.5,wave_data_pmstokes_H1.500_L50.710_A-30.00_P120.00.csv,15.34266,15.3724518,45.4708633,50.3915558,33.5002861,8.90495205,104.082344,0.448887467,0.499889404,0.246355638,0.0687789172,-44.2464676,33.217041,8.39328575,-132.7397,0.385561794,11793.4053,3031.39087,2.2080369,0.472593874,0.301297933
OU-II,level,level 2.40 m/s^2,2400.0,2.4,80.0,2.4,1.81734,60.0,46.1538,0.000373689,PM-Stokes,4.0,wave_data_pmstokes_H4.000_L112.766_A30.00_P30.00.csv,42.4990654,43.2593613,141.513947,153.96019,35.614315,17.1238174,103.928024,0.448432505,0.499798179,-5.00049639,-0.0464346223,-137.26889,34.5427551,14.8394203,171.895004,1.04037023,13602.2676,3537.84863,3.49154687,0.864507914,1.00226521
OU-II,level,level 2.40 m/s^2,2400.0,2.4,80.0,2.4,1.81734,60.0,46.1538,0.000373689,PM-Stokes,8.5,wave_data_pmstokes_H8.500_L202.839_A-30.00_P72.00.csv,69.527298,70.7126999,413.990662,425.702484,61.3671036,33.0171394,102.666664,0.446391195,0.499545813,-9.94566154,-11.240799,-399.728943,46.5543861,25.9549599,-72.5264282,2.16781425,19097.1465,4870.47852,4.10528708,1.25122917,2.10925198
OU-II,bandwidth,bandwidth 20 Hz,2400.0,0.6,20.0,0.6,0.186454,60.0,46.1538,2.33556e-05,JONSWAP,0.27,wave_data_jonswap_H0.270_L14.047_A30.00_P60.00.csv,0.00995706767,0.0101937978,0.0163400881,0.0216807555,0.9574911,1.53196704,30.42836,0.306964874,0.00136280328,0.00425795466,-0.00594592514,-0.00211250223,0.86733979,1.37212861,-28.458477,0.0534430593,30.5747604,6.05188417,1.45082676,0.105613559,0.0308813378
OU-II,bandwidth,bandwidth 20 Hz,2400.0,0.6,20.0,0.6,0.186454,60.0,46.1538,2.33556e-05,JONSWAP,1.5,wave_data_jonswap_H1.500_L50.710_A-30.00_P120.00.csv,0.181304038,0.149414182,0.100807942,0.2556521,0.717373013,1.99855924,61.4610023,0.359640121,0.00259465608,0.0708563179,-0.0769472718,-0.0140941711,-0.653448224,1.83142948,-55.8902245,0.390963972,25.7844582,6.72052908,2.38091755,0.422000408,0.257926971
OU-II,bandwidth,bandwidth 20 Hz,2400.0,0.6,20.0,0.6,0.186454,60.0,46.1538,2.33556e-05,JONSWAP,4.0,wave_data_jonswap_H4.000_L112.766_A30.00_P30.00.csv,0.380772859,0.388170868,0.246850178,0.597159624,0.0806687325,1.51579416,32.0679817,0.254290611,0.00120591221,0.257292598,-0.177225649,-0.00761284493,0.0073322542,1.37161958,-30.6824341,1.04307246,23.6656799,6.17125463,3.74058604,0.797808707,0.859827816
OU-II,bandwidth,bandwidth 20 Hz,2400.0,0.6,20.0,0.6,0.186454,60.0,46.1538,2.33556e-05,JONSWAP,8.5,wave_data_jonswap_H8.500_L202.839_A-30.00_P72.00.csv,1.14576459,0.879822671,0.503981471,1.52998757,0.0873138905,1.33382297,25.2604485,0.218120053,0.00103560952,0.774442196,-0.46146667,-0.00702018198,-0.00231556711,1.2216872,-23.9192371,2.15460348,23.3909149,5.9291935,4.27095652,1.05066025,1.49725246
OU-II,bandwidth,bandwidth 20 Hz,2400.0,0.6,20.0,0.6,0.186454,60.0,46.1538,2.33556e-05,PM-Stokes,0.27,wave_data_pmstokes_H0.270_L14.047_A30.00_P60.00.csv,0.00928243995,0.009851587,0.015868837,0.0208575521,1.01209509,1.47469997,30.8141041,0.303839862,0.00155798148,0.00389750698,-0.00586614059,-0.00185460772,0.90981102,1.3215822,-27.9838791,0.0499124601,31.7933369,5.87734699,1.44017076,0.132709444,0.0311861932
OU-II,bandwidth,bandwidth 20 Hz,2400.0,0.6,20.0,0.6,0.186454,60.0,46.1538,2.33556e-05,PM-Stokes,1.5,wave_data_pmstokes_H1.500_L50.710_A-30.00_P120.00.csv,0.121758215,0.110916249,0.0914875045,0.188407645,0.0934136435,1.61642385,36.1841011,0.274793983,0.00139454519,0.0575048812,-0.0414832272,-0.00186855381,-0.0491263717,1.44524932,-34.4965019,0.385561794,23.728363,6.09916687,2.20943379,0.455709726,0.298903793
OU-II,bandwidth,bandwidth 20 Hz,2400.0,0.6,20.0,0.6,0.186454,60.0,46.1538,2.33556e-05,PM-Stokes,4.0,wave_data_pmstokes_H4.000_L112.766_A30.00_P30.00.csv,0.321465552,0.261903942,0.243309885,0.480763435,0.126969025,1.00045264,20.8630028,0.168758616,0.000715246366,0.183944181,-0.0995591581,-0.0026604326,0.106397264,0.892301857,-20.3026352,1.04037023,23.3868561,6.08274698,3.49177408,0.862267733,0.999331832
OU-II,bandwidth,bandwidth 20 Hz,2400.0,0.6,20.0,0.6,0.186454,60.0,46.1538,2.33556e-05,PM-Stokes,8.5,wave_data_pmstokes_H8.500_L202.839_A-30.00_P72.00.csv,0.88386935,0.641973615,0.500166833,1.20146668,0.0772064775,0.792946339,15.8854809,0.129791364,0.000627080037,0.516716897,-0.234264851,-0.00288444804,0.0264672693,0.706843197,-15.3129129,2.16781425,23.072401,5.88431549,4.10539341,1.24972439,2.10766459
OU-II,bandwidth,bandwidth 40 Hz,2400.0,0.6,40.0,0.6,0.293871,60.0,46.1538,2.33556e-05,JONSWAP,0.27,wave_data_jonswap_H0.270_L14.047_A30.00_P60.00.csv,0.0252523758,0.0230193771,0.0180801712,0.0386583358,1.82580829,1.18027258,105.123238,0.364182055,0.104754157,0.000673779577,-0.00654893694,-0.00471223984,1.72488713,1.0990206,-112.57975,0.0534430593,33.830719,6.69635963,1.45095909,0.10579291,0.0309546795
OU-II,bandwidth,bandwidth 40 Hz,2400.0,0.6,40.0,0.6,0.293871,60.0,46.1538,2.33556e-05,JONSWAP,1.5,wave_data_jonswap_H1.500_L50.710_A-30.00_P120.00.csv,0.562942445,0.536737204,0.16718033,0.79557544,2.8803668,0.411241591,103.531075,0.442425907,0.157905057,0.0401976556,-0.048494786,-0.108832687,2.80712533,-0.134617224,-14.9183397,0.390963972,42.7610588,11.1453552,2.38088536,0.422491699,0.257977277
OU-II,bandwidth,bandwidth 40 Hz,2400.0,0.6,40.0,0.6,0.293871,60.0,46.1538,2.33556e-05,JONSWAP,4.0,wave_data_jonswap_H4.000_L112.766_A30.00_P30.00.csv,1.42413688,1.39620602,0.404716998,2.03503156,2.76958323,0.828225136,104.456848,0.427319288,0.120770887,0.0854824409,-0.395403236,-0.206720442,2.62998247,-0.622464001,-108.787781,1.04307246,38.8004684,10.1179247,3.74058318,0.797883809,0.859905362
OU-II,bandwidth,bandwidth 40 Hz,2400.0,0.6,40.0,0.6,0.293871,60.0,46.1538,2.33556e-05,JONSWAP,8.5,wave_data_jonswap_H8.500_L202.839_A-30.00_P72.00.csv,3.41278291,3.10037637,0.784561872,4.67706728,2.74856281,0.953831971,102.998726,0.408911228,0.101663828,0.617415011,-1.15652037,-0.351125896,2.52934027,-0.677318454,-37.3587532,2.15460348,36.4132805,9.23013973,4.27095222,1.05043137,1.4972868
OU-II,bandwidth,bandwidth 40 Hz,2400.0,0.6,40.0,0.6,0.293871,60.0,46.1538,2.33556e-05,PM-Stokes,0.27,wave_data_pmstokes_H0.270_L14.047_A30.00_P60.00.csv,0.0239750482,0.0220302101,0.0174580999,0.0369447991,1.8564316,1.14876068,105.065834,0.365819931,0.1048631,0.000548948708,-0.00634816382,-0.00450904388,1.75641048,1.07157922,-112.167999,0.0499124601,34.9774399,6.46596289,1.44037318,0.13342987,0.0312593915
OU-II,bandwidth,bandwidth 40 Hz,2400.0,0.6,40.0,0.6,0.293871,60.0,46.1538,2.33556e-05,PM-Stokes,1.5,wave_data_pmstokes_H1.500_L50.710_A-30.00_P120.00.csv,0.383365035,0.393751293,0.137509689,0.566496015,2.66562104,0.507398546,105.051193,0.428965479,0.133223534,0.0115582198,-0.0724605694,-0.0733660758,2.57668447,-0.352787197,-156.014481,0.385561794,35.6647606,9.16731262,2.20937777,0.455793321,0.298964173
OU-II,bandwidth,bandwidth 40 Hz,2400.0,0.6,40.0,0.6,0.293871,60.0,46.1538,2.33556e-05,PM-Stokes,4.0,wave_data_pmstokes_H4.000_L112.766_A30.00_P30.00.csv,1.01328576,0.918585956,0.306270957,1.4015528,2.05894947,1.02174711,105.420578,0.361995131,0.0905536786,0.128762096,-0.299610049,-0.0663910732,1.82351947,-0.883907616,-164.264435,1.04037023,29.438652,7.65677404,3.49177408,0.862463176,0.999425471
OU-II,bandwidth,bandwidth 40 Hz,2400.0,0.6,40.0,0.6,0.293871,60.0,46.1538,2.33556e-05,PM-Stokes,8.5,wave_data_pmstokes_H8.500_L202.839_A-30.00_P72.00.csv,2.35772514,2.28827882,0.580320776,3.33644414,1.8931545,1.16934001,105.342941,0.345809996,0.0740986615,0.514474154,-1.05815279,-0.0884095281,1.62292159,-1.00036216,-126.190521,2.16781425,26.7698574,6.82730293,4.10539484,1.24976337,2.10770273
OU-II,bandwidth,bandwidth 160 Hz,2400.0,0.6,160.0,0.6,0.603447,60.0,46.1538,2.33556e-05,JONSWAP,0.27,wave_data_jonswap_H0.270_L14.047_A30.00_P60.00.csv,0.0370231196,0.0360829681,0.019539671,0.0552674495,2.323627,0.640500784,104.619476,0.396684498,0.198904797,6.13271695e-05,-0.00415299833,-0.00601690914,2.24084997,0.55406189,-155.810455,0.0534430593,36.5616608,7.23691511,1.45101976,0.133640885,0.031285733
OU-II,bandwidth,bandwidth 160 Hz,2400.0,0.6,160.0,0.6,0.603447,60.0,46.1538,2.33556e-05,JONSWAP,1.5,wave_data_jonswap_H1.500_L50.710_A-30.00_P120.00.csv,2.48018622,2.38064623,0.613034129,3.4920783,5.61823225,1.1538713,103.970474,0.476968706,0.349258214,0.0173065159,-0.035638921,-0.556003451,5.4008646,-0.566097975,100.825645,0.390963972,156.800674,40.8689423,2.38074088,0.423503488,0.258176416
OU-II,bandwidth,bandwidth 160 Hz,2400.0,0.6,160.0,0.6,0.603447,60.0,46.1538,2.33556e-05,JONSWAP,4.0,wave_data_jonswap_H4.000_L112.766_A30.00_P30.00.csv,6.71263552,6.77607346,2.11400747,9.76952744,7.42381287,1.86957645,103.517838,0.477200329,0.297565073,0.361276299,-0.729798317,-1.74850607,7.00482416,-1.0417788,-32.1207275,1.04307246,202.671188,52.8501854,3.74045849,0.798212528,0.860093176
OU-II,bandwidth,bandwidth 160 Hz,2400.0,0.6,160.0,0.6,0.603447,60.0,46.1538,2.33556e-05,JONSWAP,8.5,wave_data_jonswap_H8.500_L202.839_A-30.00_P72.00.csv,17.1910648,18.3351822,5.77268553,25.7882824,9.65369129,2.52550817,104.346504,0.473948061,0.261900872,0.902389824,-2.14195108,-4.64386415,8.93314934,-1.09079671,-123.989059,2.15460348,267.92334,67.9139481,4.2709384,1.05053401,1.49745142
OU-II,bandwidth,bandwidth 160 Hz,2400.0,0.6,160.0,0.6,0.603447,60.0,46.1538,2.33556e-05,PM-Stokes,0.27,wave_data_pmstokes_H0.270_L14.047_A30.00_P60.00.csv,0.0337471515,0.0327805988,0.0188519582,0.0506836697,2.31072974,0.682017982,104.128319,0.397805393,0.175894558,-0.00156821497,-0.0070861592,-0.00587380864,2.23201561,0.60462445,-99.8379898,0.0499124601,37.7700462,6.98220634,1.4399389,0.134737268,0.0315861516
OU-II,bandwidth,bandwidth 160 Hz,2400.0,0.6,160.0,0.6,0.603447,60.0,46.1538,2.33556e-05,PM-Stokes,1.5,wave_data_pmstokes_H1.500_L50.710_A-30.00_P120.00.csv,1.92305124,1.88022912,0.433955699,2.7242806,4.62511683,1.21333218,103.761475,0.478446931,0.314356565,-0.0223575309,-0.142377347,-0.392623276,4.46830893,-0.786563814,-73.4514923,0.385561794,112.551529,28.930378,2.20922208,0.456628621,0.299194098
OU-II,bandwidth,bandwidth 160 Hz,2400.0,0.6,160.0,0.6,0.603447,60.0,46.1538,2.33556e-05,PM-Stokes,4.0,wave_data_pmstokes_H4.000_L112.766_A30.00_P30.00.csv,4.47638035,4.22896767,1.05782771,6.24829149,4.9833622,1.92348623,104.058662,0.476666242,0.250701815,0.203200787,0.0260693487,-0.822920382,4.64822769,-1.38167191,-123.673119,1.04037023,101.678001,26.4456921,3.49167824,0.862651289,0.999641538
OU-II,bandwidth,bandwidth 160 Hz,2400.0,0.6,160.0,0.6,0.603447,60.0,46.1538,2.33556e-05,PM-Stokes,8.5,wave_data_pmstokes_H8.500_L202.839_A-30.00_P72.00.csv,10.5499859,9.97960377,2.86673832,14.8024626,6.15353489,2.25683069,104.063637,0.477208376,0.218114406,0.0584126189,-0.2009307,-2.03038573,5.59575701,-1.41802561,109.399544,2.16781425,132.240952,33.7263336,4.10539198,1.24989009,2.10788345
OU-II,path,accelerometer only,2400.0,0.6,80.0,0.6,0.454334,60.0,46.1538,2.33556e-05,JONSWAP,0.27,wave_data_jonswap_H0.270_L14.047_A30.00_P60.00.csv,0.0850524828,0.0844508186,0.027668329,0.123009764,2.81631827,0.690088391,103.320793,0.452556074,0.21109201,-9.04113112e-05,-0.00369207351,-0.0175680332,2.78267741,-0.65909642,-53.2677498,0.0534430593,51.7716026,10.247529,1.45086992,0.132353202,0.031067092
OU-II,path,accelerometer only,2400.0,0.6,80.0,0.6,0.454334,60.0,46.1538,2.33556e-05,JONSWAP,1.5,wave_data_jonswap_H1.500_L50.710_A-30.00_P120.00.csv,3.16280699,3.04854178,0.862434864,4.47668934,6.00343561,1.95446897,104.225708,0.485868782,0.32911697,-0.0195533019,0.00632274663,-0.793550372,5.74865723,-1.75415277,151.094467,0.390963972,220.591904,57.4956551,2.38084769,0.422902852,0.258056015
OU-II,path,accelerometer only,2400.0,0.6,80.0,0.6,0.454334,60.0,46.1538,2.33556e-05,JONSWAP,4.0,wave_data_jonswap_H4.000_L112.766_A30.00_P30.00.csv,7.89410305,8.00347805,2.80140567,11.5853529,7.6979351,3.00283933,104.221924,0.487248063,0.271014243,0.120853201,-0.354663759,-2.46446323,7.2447958,-2.68033147,-150.472305,1.04307246,268.572479,70.035141,3.74055505,0.798036337,0.860014617
OU-II,path,accelerometer only,2400.0,0.6,80.0,0.6,0.454334,60.0,46.1538,2.33556e-05,JONSWAP,8.5,wave_data_jonswap_H8.500_L202.839_A-30.00_P72.00.csv,18.9552975,19.3846588,9.71790409,28.8011456,11.0315542,3.9902041,103.821541,0.482549906,0.242534816,0.269284487,-0.335027099,-8.38521957,10.2542744,-3.47554564,-74.026329,2.15460348,451.029816,114.328278,4.27093363,1.05049682,1.49736392
OU-II,path,accelerometer only,2400.0,0.6,80.0,0.6,0.454334,60.0,46.1538,2.33556e-05,PM-Stokes,0.27,wave_data_pmstokes_H0.270_L14.047_A30.00_P60.00.csv,0.0782888159,0.0788814276,0.0260411538,0.114147097,2.81884384,0.608070731,103.293396,0.451370507,0.206224546,-0.00202695001,-0.00441403268,-0.0165969878,2.78620529,-0.576011181,-62.9880524,0.0499124601,52.1736565,9.64487171,1.44028056,0.133967951,0.0313713662
OU-II,path,accelerometer only,2400.0,0.6,80.0,0.6,0.454334,60.0,46.1538,2.33556e-05,PM-Stokes,1.5,wave_data_pmstokes_H1.500_L50.710_A-30.00_P120.00.csv,2.45800781,2.44020653,0.592277706,3.5138588,4.76521397,2.05570102,103.43116,0.488161415,0.292949557,0.0557393767,-0.0675493851,-0.551842391,4.59629297,-1.89029145,-13.7801886,0.385561794,153.614212,39.4851799,2.20934105,0.455997109,0.29905349
OU-II,path,accelerometer only,2400.0,0.6,80.0,0.6,0.454334,60.0,46.1538,2.33556e-05,PM-Stokes,4.0,wave_data_pmstokes_H4.000_L112.766_A30.00_P30.00.csv,5.66633987,5.47527599,1.43275177,8.00867271,5.10642576,2.86169028,103.558929,0.491722494,0.228061035,0.137323558,-0.346410334,-1.2677865,4.80517673,-2.60456944,-39.3492928,1.04037023,137.715561,35.8187943,3.49174666,0.862549245,0.999546349
OU-II,path,accelerometer only,2400.0,0.6,80.0,0.6,0.454334,60.0,46.1538,2.33556e-05,PM-Stokes,8.5,wave_data_pmstokes_H8.500_L202.839_A-30.00_P72.00.csv,12.9040699,13.0512476,4.03812456,18.7924595,6.63769341,3.40889192,104.566055,0.490974784,0.200285122,1.24915636,0.243960366,-3.47668242,6.14468527,-3.03075719,-177.103928,2.16781425,186.276321,47.5073471,4.10539722,1.24981308,2.10778975
OU-II,matched,matched 20 Hz,2400.0,1.4620249498535833,20.0,1.46202,0.454335,60.0,46.1538,0.000138675,JONSWAP,0.27,wave_data_jonswap_H0.270_L14.047_A30.00_P60.00.csv,0.106649548,0.105597325,0.0294148661,0.152938411,2.2493546,1.67686486,103.70211,0.42497474,0.250146389,0.00343066151,-0.00528154289,-0.0194472857,2.20368314,1.63413858,-80.3125,0.0534430593,55.0396385,10.8943949,1.4467907,0.133743018,0.0313087218
OU-II,matched,matched 20 Hz,2400.0,1.4620249498535833,20.0,1.46202,0.454335,60.0,46.1538,0.000138675,JONSWAP,1.5,wave_data_jonswap_H1.500_L50.710_A-30.00_P120.00.csv,0.351243645,0.315584183,0.125614285,0.488614798,1.4786849,1.96689272,103.695183,0.395621002,0.109140188,0.0462764502,-0.0732640922,-0.0535358563,1.3968972,1.88843334,-72.7163849,0.390963972,32.1293755,8.3742857,2.38054109,0.423501551,0.258202136
OU-II,matched,matched 20 Hz,2400.0,1.4620249498535833,20.0,1.46202,0.454335,60.0,46.1538,0.000138675,JONSWAP,4.0,wave_data_jonswap_H4.000_L112.766_A30.00_P30.00.csv,0.944182456,0.953026652,0.272526175,1.36894512,1.13181555,1.43236947,104.931442,0.291232228,0.0753663406,0.140504599,-0.426580906,-0.0361822024,0.957374513,1.22210181,-141.299774,1.04307246,26.1272526,6.81315422,3.74049735,0.798256397,0.860211968
OU-II,matched,matched 20 Hz,2400.0,1.4620249498535833,20.0,1.46202,0.454335,60.0,46.1538,0.000138675,JONSWAP,8.5,wave_data_jonswap_H8.500_L202.839_A-30.00_P72.00.csv,2.27542019,2.54191566,0.530804217,3.45262599,0.938812852,1.59978843,103.678635,0.275946319,0.0619770437,0.52951932,-1.54095685,-0.0384908691,0.733910322,1.42464149,-82.2023849,2.15460348,24.6358185,6.24475527,4.27106047,1.0508678,1.49761951
OU-II,matched,matched 20 Hz,2400.0,1.4620249498535833,20.0,1.46202,0.454335,60.0,46.1538,0.000138675,PM-Stokes,0.27,wave_data_pmstokes_H0.270_L14.047_A30.00_P60.00.csv,0.103878781,0.103566781,0.0289294701,0.149511859,2.34865308,1.60282815,103.724808,0.43049565,0.241130278,-0.00111616077,-0.00766759645,-0.0197378993,2.311584,1.56948197,-77.5762482,0.0499124601,57.9604149,10.7146187,1.43494129,0.135017931,0.0316212811
OU-II,matched,matched 20 Hz,2400.0,1.4620249498535833,20.0,1.46202,0.454335,60.0,46.1538,0.000138675,PM-Stokes,1.5,wave_data_pmstokes_H1.500_L50.710_A-30.00_P120.00.csv,0.245791689,0.213509083,0.106070966,0.342418939,1.21204913,1.64737856,105.672379,0.336528897,0.0852223784,0.0163287297,-0.0673345327,-0.0228616707,1.1028862,1.50485194,174.448685,0.385561794,27.5107574,7.0713973,2.20895243,0.456795752,0.299218863
OU-II,matched,matched 20 Hz,2400.0,1.4620249498535833,20.0,1.46202,0.454335,60.0,46.1538,0.000138675,PM-Stokes,4.0,wave_data_pmstokes_H4.000_L112.766_A30.00_P30.00.csv,0.748735428,0.753444076,0.248608693,1.09091198,0.474502474,1.00327456,102.834625,0.176537707,0.0539243668,0.143642887,-0.374697238,-0.00351443747,0.319679469,0.854303658,-57.4221649,1.04037023,23.8961754,6.21521711,3.49169421,0.862705588,0.999780595
OU-II,matched,matched 20 Hz,2400.0,1.4620249498535833,20.0,1.46202,0.454335,60.0,46.1538,0.000138675,PM-Stokes,8.5,wave_data_pmstokes_H8.500_L202.839_A-30.00_P72.00.csv,1.87694669,1.9039036,0.511634827,2.72204852,0.439156622,0.880965114,103.032532,0.129062027,0.0437701456,0.466630608,-1.24666953,-0.00719817495,-0.149974078,0.744290948,72.857666,2.16781425,23.6014137,6.01923323,4.10547733,1.25013518,2.1081264
OU-II,matched,matched 40 Hz,2400.0,0.9276192615127047,40.0,0.927619,0.454334,60.0,46.1538,5.58249e-05,JONSWAP,0.27,wave_data_jonswap_H0.270_L14.047_A30.00_P60.00.csv,0.11529053,0.112823978,0.0328411721,0.164619863,2.67425346,1.20396924,103.577614,0.4432244,0.196902439,-0.00227158121,-0.00838556793,-0.0244796053,2.65314412,1.18428493,-77.1741867,0.0534430593,61.4507713,12.1633968,1.4494772,0.133315414,0.0311707128
OU-II,matched,matched 40 Hz,2400.0,0.9276192615127047,40.0,0.927619,0.454334,60.0,46.1538,5.58249e-05,JONSWAP,1.5,wave_data_jonswap_H1.500_L50.710_A-30.00_P120.00.csv,1.68907034,1.68435502,0.387860984,2.41670156,3.97617269,0.716116369,104.261589,0.466272056,0.24505417,0.0391879715,-0.0754163414,-0.33916983,3.88269734,0.243661299,-117.079819,0.390963972,99.2063217,25.8573971,2.38071585,0.423251152,0.258112252
OU-II,matched,matched 40 Hz,2400.0,0.9276192615127047,40.0,0.927619,0.454334,60.0,46.1538,5.58249e-05,JONSWAP,4.0,wave_data_jonswap_H4.000_L112.766_A30.00_P30.00.csv,4.38007164,4.36572504,1.06892407,6.27592087,4.56058264,0.970774412,104.588562,0.47216326,0.195641026,0.0312567428,-0.283393115,-0.926238537,4.40431738,-0.233934268,-136.007156,1.04307246,102.478416,26.7231026,3.74053454,0.798110008,0.860100031
OU-II,matched,matched 40 Hz,2400.0,0.9276192615127047,40.0,0.927619,0.454334,60.0,46.1538,5.58249e-05,JONSWAP,8.5,wave_data_jonswap_H8.500_L202.839_A-30.00_P72.00.csv,10.3191099,10.3901329,2.717942,14.8938274,5.71584654,1.25618601,103.718292,0.472252697,0.172639638,1.4622525,-0.722121477,-2.33121538,5.42636442,-0.0627020523,-67.4988251,2.15460348,126.145805,31.9757881,4.27097607,1.05048585,1.49742258
OU-II,matched,matched 40 Hz,2400.0,0.9276192615127047,40.0,0.927619,0.454334,60.0,46.1538,5.58249e-05,PM-Stokes,0.27,wave_data_pmstokes_H0.270_L14.047_A30.00_P60.00.csv,0.111514866,0.110503443,0.0323284157,0.160286322,2.6873138,1.20262551,104.12706,0.444274992,0.199317604,-0.00230663596,-0.00523973536,-0.0240493417,2.66796684,1.18559241,-99.7696075,0.0499124601,64.7702332,11.9734869,1.4380672,0.134437636,0.0314767808
OU-II,matched,matched 40 Hz,2400.0,0.9276192615127047,40.0,0.927619,0.454334,60.0,46.1538,5.58249e-05,PM-Stokes,1.5,wave_data_pmstokes_H1.500_L50.710_A-30.00_P120.00.csv,1.26485717,1.25702667,0.297688574,1.80792654,3.57203579,0.621909976,103.707085,0.466356784,0.212279484,0.0404224508,-0.0596029013,-0.254816353,3.49680758,-0.162258476,42.5673447,0.385561794,77.2090454,19.8459034,2.20919108,0.456239611,0.299120247
OU-II,matched,matched 40 Hz,2400.0,0.9276192615127047,40.0,0.927619,0.454334,60.0,46.1538,5.58249e-05,PM-Stokes,4.0,wave_data_pmstokes_H4.000_L112.766_A30.00_P30.00.csv,2.98556662,2.87882948,0.713046432,4.20828962,3.71845293,1.04980147,103.243027,0.472053647,0.161505848,0.182699755,-0.234365761,-0.593280375,3.5919137,-0.659427106,18.6087723,1.04037023,68.5377579,17.8261604,3.49174619,0.862623811,0.999647796
OU-II,matched,matched 40 Hz,2400.0,0.9276192615127047,40.0,0.927619,0.454334,60.0,46.1538,5.58249e-05,PM-Stokes,8.5,wave_data_pmstokes_H8.500_L202.839_A-30.00_P72.00.csv,6.33372498,6.46572447,1.54317927,9.18167019,4.05999804,1.20059693,104.308846,0.468406051,0.13885206,0.332297146,-0.577187419,-1.19019151,3.82901525,-0.650537848,-128.317642,2.16781425,71.1859589,18.1550503,4.10541487,1.24983728,2.10786581
OU-II,matched,matched 160 Hz,2400.0,0.45173876081909436,160.0,0.451739,0.454334,60.0,46.1538,1.32392e-05,JONSWAP,0.27,wave_data_jonswap_H0.270_L14.047_A30.00_P60.00.csv,0.016835751,0.016472023,0.0167560875,0.0289056487,1.28031087,0.332469076,104.460075,0.224308029,0.134393737,0.0023841525,-0.00752427103,-0.000578739331,1.17461181,0.200923055,-108.420425,0.0534430593,31.353159,6.20595837,1.451648,0.132377952,0.0310776066
OU-II,matched,matched 160 Hz,2400.0,0.45173876081909436,160.0,0.451739,0.454334,60.0,46.1538,1.32392e-05,JONSWAP,1.5,wave_data_jonswap_H1.500_L50.710_A-30.00_P120.00.csv,1.26175106,1.24182928,0.287163883,1.79349351,3.64364171,1.09767783,104.480049,0.471348286,0.264374346,0.0641344413,-0.0489466973,-0.231872126,3.52618361,-0.856232703,-164.174881,0.390963972,73.4502182,19.1442585,2.38087368,0.423064232,0.258058131
OU-II,matched,matched 160 Hz,2400.0,0.45173876081909436,160.0,0.451739,0.454334,60.0,46.1538,1.32392e-05,JONSWAP,4.0,wave_data_jonswap_H4.000_L112.766_A30.00_P30.00.csv,3.41934443,3.17877221,0.810015798,4.73842096,4.05678272,1.74307561,103.681084,0.470608234,0.222160712,0.147620216,-0.123601392,-0.577431381,3.79631329,-1.38710833,29.8384323,1.04307246,77.6567154,20.2503948,3.74052453,0.798059106,0.859972656
OU-II,matched,matched 160 Hz,2400.0,0.45173876081909436,160.0,0.451739,0.454334,60.0,46.1538,1.32392e-05,JONSWAP,8.5,wave_data_jonswap_H8.500_L202.839_A-30.00_P72.00.csv,8.17583752,7.67521143,2.09054327,11.4071712,5.07859564,1.98890007,104.684418,0.472723395,0.19798772,-0.100826897,0.149030641,-1.41333497,4.65091658,-1.38862777,-151.784897,2.15460348,97.0268173,24.5946255,4.27092695,1.05052769,1.4973551
OU-II,matched,matched 160 Hz,2400.0,0.45173876081909436,160.0,0.451739,0.454334,60.0,46.1538,1.32392e-05,PM-Stokes,0.27,wave_data_pmstokes_H0.270_L14.047_A30.00_P60.00.csv,0.0163235404,0.0157283749,0.016164232,0.0278410148,1.28134739,0.398694396,103.443642,0.227712855,0.1247558,0.00225040945,-0.0074142199,-0.00050438894,1.17886078,0.280981362,-82.0967255,0.0499124601,32.3851662,5.98675251,1.44088709,0.134162709,0.0313774087
OU-II,matched,matched 160 Hz,2400.0,0.45173876081909436,160.0,0.451739,0.454334,60.0,46.1538,1.32392e-05,PM-Stokes,1.5,wave_data_pmstokes_H1.500_L50.710_A-30.00_P120.00.csv,0.916439354,0.906374097,0.215839744,1.30689013,3.18376231,1.1806978,103.472801,0.458927959,0.237432659,0.0408594646,-0.0341194309,-0.156720325,3.05423117,-0.975101054,-50.3021393,0.385561794,55.980587,14.3893156,2.20935321,0.456044823,0.299055099
OU-II,matched,matched 160 Hz,2400.0,0.45173876081909436,160.0,0.451739,0.454334,60.0,46.1538,1.32392e-05,PM-Stokes,4.0,wave_data_pmstokes_H4.000_L112.766_A30.00_P30.00.csv,2.28325486,2.21249437,0.54164207,3.2251761,3.24590445,1.75086975,103.963768,0.46409747,0.188542768,0.23713097,-0.227949828,-0.34871158,3.0143497,-1.45606709,-101.415718,1.04037023,52.0624352,13.5410519,3.49170661,0.862542272,0.9994964
OU-II,matched,matched 160 Hz,2400.0,0.45173876081909436,160.0,0.451739,0.454334,60.0,46.1538,1.32392e-05,PM-Stokes,8.5,wave_data_pmstokes_H8.500_L202.839_A-30.00_P72.00.csv,5.41161919,4.77924728,1.32991028,7.34135485,3.5180769,1.92314672,102.952766,0.460337609,0.164295241,1.01187909,-0.597498596,-0.703160286,3.11038518,-1.48599756,-15.2960148,2.16781425,61.3479805,15.6460028,4.10538435,1.24980915,2.10777998
OU-III,baseline,engine off,0.0,0.0,nan,0.0,0.0,0.0,0.0,0.0,JONSWAP,0.27,wave_data_jonswap_H0.270_L14.047_A30.00_P60.00.csv,0.00912911538,0.00908371434,0.0114732869,0.0172479246,0.307665884,0.120979957,0.493550122,0.0562700294,0.000105846389,0.0014193746,0.000307614013,-0.000395494542,-0.27157107,-0.113093875,0.303653389,0.0534430593,21.4682465,4.24936533,1.53025579,0.0500000007,0.0307989549
OU-III,baseline,engine off,0.0,0.0,nan,0.0,0.0,0.0,0.0,0.0,JONSWAP,1.5,wave_data_jonswap_H1.500_L50.710_A-30.00_P120.00.csv,0.0692873001,0.0617612861,0.0614871234,0.111336663,0.169570208,0.118795328,0.386544347,0.034495499,0.000110462497,0.00575098116,0.00239205733,-0.00384181389,-0.144596562,-0.108952768,0.336933106,0.390963972,15.7270555,4.0991416,2.50650096,0.393561482,0.257832944
OU-III,baseline,engine off,0.0,0.0,nan,0.0,0.0,0.0,0.0,0.0,JONSWAP,4.0,wave_data_jonswap_H4.000_L112.766_A30.00_P30.00.csv,0.233525455,0.173229203,0.16070649,0.332218409,0.222909346,0.130768687,0.81452328,0.042696055,0.000130532804,0.0204633363,0.00654152175,-0.00962491613,-0.187050357,-0.117561407,-0.777637124,1.04307246,15.4070292,4.01766205,3.9375577,0.840555251,0.859677911
OU-III,baseline,engine off,0.0,0.0,nan,0.0,0.0,0.0,0.0,0.0,JONSWAP,8.5,wave_data_jonswap_H8.500_L202.839_A-30.00_P72.00.csv,0.52414912,0.409659833,0.315277576,0.736174881,0.289479047,0.14502795,0.330450326,0.0529463366,0.00012444664,0.0625392497,0.0269792695,-0.0120657114,-0.251043707,-0.128748149,0.190948993,2.15460348,14.6327419,3.70914793,4.4956646,1.10325015,1.49710143
OU-III,baseline,engine off,0.0,0.0,nan,0.0,0.0,0.0,0.0,0.0,PM-Stokes,0.27,wave_data_pmstokes_H0.270_L14.047_A30.00_P60.00.csv,0.00917328242,0.00901418459,0.0113749467,0.0171695668,0.312753886,0.119832985,0.659358084,0.0570189469,0.000101652906,0.00137933542,0.000309217605,-0.00035615018,-0.276399255,-0.111966014,0.566247165,0.0499124601,22.7897949,4.21294308,1.51966047,0.0851560682,0.0310976487
OU-III,baseline,engine off,0.0,0.0,nan,0.0,0.0,0.0,0.0,0.0,PM-Stokes,1.5,wave_data_pmstokes_H1.500_L50.710_A-30.00_P120.00.csv,0.0669338554,0.0585458577,0.0603511035,0.107470989,0.169936791,0.119188547,0.243767187,0.0344658457,0.00011432582,0.00515429676,0.00186159089,-0.00332461158,-0.1450243,-0.108256027,0.137706995,0.385561794,15.652771,4.02340698,2.326056,0.436519265,0.298793554
OU-III,baseline,engine off,0.0,0.0,nan,0.0,0.0,0.0,0.0,0.0,PM-Stokes,4.0,wave_data_pmstokes_H4.000_L112.766_A30.00_P30.00.csv,0.226598561,0.166473895,0.158207327,0.322629839,0.207211778,0.129822031,0.601651669,0.0400959365,0.000123749342,0.0191563964,0.00526326708,-0.00769951101,-0.172569439,-0.115740307,-0.55651772,1.04037023,15.20683,3.95518327,3.67561054,0.908238769,0.999155521
OU-III,baseline,engine off,0.0,0.0,nan,0.0,0.0,0.0,0.0,0.0,PM-Stokes,8.5,wave_data_pmstokes_H8.500_L202.839_A-30.00_P72.00.csv,0.527042329,0.39047277,0.314738125,0.72753191,0.327535957,0.146506339,0.296637297,0.0586315319,0.000126980463,0.0565281734,0.0265982375,-0.0114711495,-0.286021978,-0.12787652,-0.0539941974,2.16781425,14.5186853,3.70280147,4.32140875,1.31856585,2.10747409
OU-III,speed,speed 800 rpm,800.0,0.6,80.0,0.381445,0.375112,20.0,15.3846,9.43957e-06,JONSWAP,0.27,wave_data_jonswap_H0.270_L14.047_A30.00_P60.00.csv,0.048862502,0.0521937124,0.038866207,0.0813775733,1.9821701,1.17700326,109.618622,0.380157202,0.0265646968,-0.00232737768,-0.00590812648,-0.029784862,1.97500598,-1.00215185,-114.589836,0.0534430593,72.7245178,14.3948908,1.53431797,0.085574165,0.031233646
OU-III,speed,speed 800 rpm,800.0,0.6,80.0,0.381445,0.375112,20.0,15.3846,9.43957e-06,JONSWAP,1.5,wave_data_jonswap_H1.500_L50.710_A-30.00_P120.00.csv,1.50619757,1.89015996,0.440279841,2.45666075,2.41147685,2.50624299,103.252945,0.397229642,0.155932009,0.0102000972,-0.00627305126,-0.422107041,2.35464287,-2.46887112,-31.3240891,0.390963972,112.613914,29.3519878,2.50637674,0.400895268,0.258024096
OU-III,speed,speed 800 rpm,800.0,0.6,80.0,0.381445,0.375112,20.0,15.3846,9.43957e-06,JONSWAP,4.0,wave_data_jonswap_H4.000_L112.766_A30.00_P30.00.csv,2.59907317,3.23130465,0.827930093,4.22870922,2.18267608,2.4890871,103.461998,0.398253143,0.107917421,0.050761193,-0.178949103,-0.779996336,2.10313559,-2.43560839,-68.608017,1.04307246,79.3741684,20.6982517,3.93742371,0.841540217,0.85987246
OU-III,speed,speed 800 rpm,800.0,0.6,80.0,0.381445,0.375112,20.0,15.3846,9.43957e-06,JONSWAP,8.5,wave_data_jonswap_H8.500_L202.839_A-30.00_P72.00.csv,5.11305475,6.37714481,1.58267212,8.3256321,2.25668454,2.5045526,104.718254,0.398205608,0.0872794539,0.413488656,-1.02381182,-1.41749215,2.12359214,-2.42994761,134.566742,2.15460348,73.4553757,18.6196709,4.49572229,1.10354936,1.49724019
OU-III,speed,speed 800 rpm,800.0,0.6,80.0,0.381445,0.375112,20.0,15.3846,9.43957e-06,PM-Stokes,0.27,wave_data_pmstokes_H0.270_L14.047_A30.00_P60.00.csv,0.0206419546,0.0369595699,0.0503523722,0.0657834411,2.22298932,0.401298314,41.5293579,0.373941571,0.00255776732,-0.0119173722,-0.0283170138,-0.0465424694,2.22101974,-0.304742485,-33.5440407,0.0499124601,100.881371,18.6490269,1.52442324,0.0970328897,0.0315102451
OU-III,speed,speed 800 rpm,800.0,0.6,80.0,0.381445,0.375112,20.0,15.3846,9.43957e-06,PM-Stokes,1.5,wave_data_pmstokes_H1.500_L50.710_A-30.00_P120.00.csv,0.89999938,1.13413167,0.311335266,1.48093998,2.01623511,2.19471931,104.257736,0.397109717,0.121461101,0.0340580679,-0.0320020095,-0.296126604,1.97702789,-2.16330743,-108.280479,0.385561794,80.7484741,20.7556839,2.32585454,0.440636694,0.299035162
OU-III,speed,speed 800 rpm,800.0,0.6,80.0,0.381445,0.375112,20.0,15.3846,9.43957e-06,PM-Stokes,4.0,wave_data_pmstokes_H4.000_L112.766_A30.00_P30.00.csv,1.51971853,1.70381212,0.531603515,2.34416771,1.75018156,2.14583421,105.696693,0.397004604,0.079142198,0.0545646958,-0.170498654,-0.460861862,1.69192278,-2.09728336,-167.694641,1.04037023,51.0975304,13.2900877,3.67547441,0.909531176,0.999378562
OU-III,speed,speed 800 rpm,800.0,0.6,80.0,0.381445,0.375112,20.0,15.3846,9.43957e-06,PM-Stokes,8.5,wave_data_pmstokes_H8.500_L202.839_A-30.00_P72.00.csv,2.94722247,3.34105897,0.992598772,4.56443262,1.68254817,2.16549373,103.731232,0.398900747,0.0621501952,0.167025432,-0.821895599,-0.752383769,1.57780492,-2.10763788,-84.781456,2.16781425,45.788002,11.6776323,4.32144594,1.3191694,2.10763955
OU-III,speed,speed 1200 rpm,1200.0,0.6,80.0,0.41992,0.394336,30.0,23.0769,1.14399e-05,JONSWAP,0.27,wave_data_jonswap_H0.270_L14.047_A30.00_P60.00.csv,0.0135000981,0.0244676173,0.0268441103,0.0387494937,1.47686565,1.45657527,40.9801674,0.347921491,0.00154268334,0.00406676671,-0.0184478238,-0.0218223091,1.46147323,1.44018435,-39.029171,0.0534430593,50.2293663,9.94226265,1.52324247,0.0810807571,0.0312180128
OU-III,speed,speed 1200 rpm,1200.0,0.6,80.0,0.41992,0.394336,30.0,23.0769,1.14399e-05,JONSWAP,1.5,wave_data_jonswap_H1.500_L50.710_A-30.00_P120.00.csv,2.76535225,3.48474479,0.695865154,4.50275993,3.01122999,3.50230312,103.388771,0.404463679,0.214343295,0.0284164138,-0.0412091911,-0.669028938,2.89934373,-3.44752932,-25.315134,0.390963972,177.98703,46.3910103,2.50606132,0.398522139,0.258127809
OU-III,speed,speed 1200 rpm,1200.0,0.6,80.0,0.41992,0.394336,30.0,23.0769,1.14399e-05,JONSWAP,4.0,wave_data_jonswap_H4.000_L112.766_A30.00_P30.00.csv,5.26791096,6.70412922,1.40320408,8.64090347,2.5595963,3.81313705,103.84623,0.407067865,0.142800361,0.143988565,-0.355514914,-1.35714281,2.42075086,-3.74081683,51.9699745,1.04307246,134.526031,35.080101,3.9373157,0.842712224,0.860064447
OU-III,speed,speed 1200 rpm,1200.0,0.6,80.0,0.41992,0.394336,30.0,23.0769,1.14399e-05,JONSWAP,8.5,wave_data_jonswap_H8.500_L202.839_A-30.00_P72.00.csv,10.6706352,12.9134502,2.82561231,16.9883404,2.64648366,4.05197477,103.496613,0.40857023,0.113626622,0.166402921,-0.791923523,-2.70908904,2.43051291,-3.96379757,-77.7772751,2.15460348,131.143021,33.2424965,4.49559832,1.10450709,1.49740636
OU-III,speed,speed 1200 rpm,1200.0,0.6,80.0,0.41992,0.394336,30.0,23.0769,1.14399e-05,PM-Stokes,0.27,wave_data_pmstokes_H0.270_L14.047_A30.00_P60.00.csv,0.0140621336,0.0243126042,0.0270115659,0.038967561,1.41461062,1.52214193,38.9954109,0.3483271,0.00138723094,0.00519350404,-0.0186404809,-0.0220215879,1.40489006,1.51171601,-37.5579376,0.0499124601,54.1178818,10.004283,1.51098931,0.0916885212,0.0315369479
OU-III,speed,speed 1200 rpm,1200.0,0.6,80.0,0.41992,0.394336,30.0,23.0769,1.14399e-05,PM-Stokes,1.5,wave_data_pmstokes_H1.500_L50.710_A-30.00_P120.00.csv,1.82243025,2.33092546,0.504202604,3.00144744,2.14252591,3.2325387,103.195366,0.405789167,0.166798159,0.00956455711,-0.0163659342,-0.487607539,2.06466913,-3.18629241,-42.3429146,0.385561794,130.770889,33.6135063,2.32559013,0.440330833,0.299137741
OU-III,speed,speed 1200 rpm,1200.0,0.6,80.0,0.41992,0.394336,30.0,23.0769,1.14399e-05,PM-Stokes,4.0,wave_data_pmstokes_H4.000_L112.766_A30.00_P30.00.csv,2.87610197,3.64062142,0.927291632,4.73137999,1.59433091,3.1818068,102.539886,0.40910697,0.100829266,-0.0362715051,-0.239196166,-0.892187834,1.48917389,-3.1266098,-22.8008156,1.04037023,89.130928,23.182291,3.67540956,0.90976119,0.999600351
OU-III,speed,speed 1200 rpm,1200.0,0.6,80.0,0.41992,0.394336,30.0,23.0769,1.14399e-05,PM-Stokes,8.5,wave_data_pmstokes_H8.500_L202.839_A-30.00_P72.00.csv,5.3275075,6.89719772,1.75824332,8.89073086,1.52629161,3.24184132,105.571167,0.411033571,0.0778642297,0.264800698,-0.503036141,-1.6589191,1.34416234,-3.17787743,-146.636765,2.16781425,81.1067276,20.685215,4.32133484,1.31930757,2.10784698
OU-III,speed,speed 1600 rpm,1600.0,0.6,80.0,0.442537,0.380973,40.0,30.7692,1.27054e-05,JONSWAP,0.27,wave_data_jonswap_H0.270_L14.047_A30.00_P60.00.csv,0.0151411304,0.0326625146,0.0316997021,0.0479683727,2.09766674,0.78976965,13.203289,0.376643717,0.000774729182,-0.00405569794,-0.0186375696,-0.0263694786,2.09294629,-0.769631684,-12.6841125,0.0534430593,59.3149109,11.7406301,1.52778685,0.0500000007,0.031018775
OU-III,speed,speed 1600 rpm,1600.0,0.6,80.0,0.442537,0.380973,40.0,30.7692,1.27054e-05,JONSWAP,1.5,wave_data_jonswap_H1.500_L50.710_A-30.00_P120.00.csv,3.53676915,4.361485,0.861767292,5.68101501,3.57452297,3.81699109,104.126038,0.404212028,0.216228575,-0.0433354862,-0.0184776559,-0.827491403,3.40788651,-3.7627182,-101.493149,0.390963972,220.421143,57.451149,2.50628328,0.397911489,0.257974088
OU-III,speed,speed 1600 rpm,1600.0,0.6,80.0,0.442537,0.380973,40.0,30.7692,1.27054e-05,JONSWAP,4.0,wave_data_jonswap_H4.000_L112.766_A30.00_P30.00.csv,7.35254717,9.05015659,1.84542406,11.8055449,3.28614664,4.31634474,103.543083,0.407051861,0.150092408,-0.00713755237,-0.298404485,-1.77685404,3.07661748,-4.2337389,-64.3431396,1.04307246,176.921936,46.135601,3.93743062,0.841525197,0.859871507
OU-III,speed,speed 1600 rpm,1600.0,0.6,80.0,0.442537,0.380973,40.0,30.7692,1.27054e-05,JONSWAP,8.5,wave_data_jonswap_H8.500_L202.839_A-30.00_P72.00.csv,18.4438686,19.675293,4.77315187,27.3875237,4.60234213,4.89321136,104.315521,0.408092529,0.156056374,0.330201834,0.00587347988,-4.50961828,4.26105928,-4.7699132,117.238213,2.15460348,221.53273,56.1547279,4.49564075,1.10225451,1.4972595
OU-III,speed,speed 1600 rpm,1600.0,0.6,80.0,0.442537,0.380973,40.0,30.7692,1.27054e-05,PM-Stokes,0.27,wave_data_pmstokes_H0.270_L14.047_A30.00_P60.00.csv,0.0143144978,0.0304843821,0.0303202569,0.0453157872,2.10199928,0.765106678,12.2997999,0.376137406,0.000731852138,-0.00332680065,-0.0177183561,-0.0251702666,2.09744406,-0.745684564,-11.8083134,0.0499124601,60.7468719,11.2297249,1.51655376,0.0897029117,0.0313172713
OU-III,speed,speed 1600 rpm,1600.0,0.6,80.0,0.442537,0.380973,40.0,30.7692,1.27054e-05,PM-Stokes,1.5,wave_data_pmstokes_H1.500_L50.710_A-30.00_P120.00.csv,2.56461954,3.28135991,0.657449424,4.21625853,2.67867994,3.65939736,104.279488,0.405772716,0.182313055,0.0280449279,0.0314857624,-0.635168433,2.5526638,-3.60439849,115.088181,0.385561794,170.517258,43.8299599,2.32581019,0.438297123,0.298960775
OU-III,speed,speed 1600 rpm,1600.0,0.6,80.0,0.442537,0.380973,40.0,30.7692,1.27054e-05,PM-Stokes,4.0,wave_data_pmstokes_H4.000_L112.766_A30.00_P30.00.csv,5.00702,6.28748417,1.33992612,8.1485033,2.30626535,3.94562674,103.345024,0.409066439,0.132185966,0.0667761862,-0.25629288,-1.29679513,2.13705611,-3.86089969,-34.5831375,1.04037023,128.793198,33.4981537,3.6754992,0.90948385,0.999360561
OU-III,speed,speed 1600 rpm,1600.0,0.6,80.0,0.442537,0.380973,40.0,30.7692,1.27054e-05,PM-Stokes,8.5,wave_data_pmstokes_H8.500_L202.839_A-30.00_P72.00.csv,11.0113239,13.0095129,2.87627006,17.2849522,2.68149996,4.32483625,104.30323,0.410928458,0.12348254,0.230513632,-0.728065252,-2.75496793,2.37255311,-4.21189928,-107.800072,2.16781425,132.680649,33.8384705,4.32140827,1.31915915,2.10767508
OU-III,speed,speed 2000 rpm,2000.0,0.6,80.0,0.512922,0.410564,50.0,38.4615,1.70683e-05,JONSWAP,0.27,wave_data_jonswap_H0.270_L14.047_A30.00_P60.00.csv,0.0273177605,0.0580622219,0.0725940615,0.09688849,2.12776089,0.593545198,26.5456734,0.369767398,0.00200118078,-0.00809342507,-0.0322971009,-0.0445491076,2.12016797,-0.408354074,-19.5936527,0.0534430593,135.834396,26.8866882,1.77898848,0.0903000161,0.0353641547
OU-III,speed,speed 2000 rpm,2000.0,0.6,80.0,0.512922,0.410564,50.0,38.4615,1.70683e-05,JONSWAP,1.5,wave_data_jonswap_H1.500_L50.710_A-30.00_P120.00.csv,4.58087111,5.25399208,1.15797627,7.06609678,5.31450462,3.06224895,103.365479,0.396909803,0.291176796,0.0398671851,-0.0395872481,-1.09605348,5.12533045,-2.96679497,8.31688309,0.390963972,296.184906,77.1984177,2.51358891,0.401764452,0.260347366
OU-III,speed,speed 2000 rpm,2000.0,0.6,80.0,0.512922,0.410564,50.0,38.4615,1.70683e-05,JONSWAP,4.0,wave_data_jonswap_H4.000_L112.766_A30.00_P30.00.csv,11.2146864,12.4116602,3.51298785,17.0926762,6.67361259,3.9822042,104.188309,0.399755955,0.257789135,0.119891725,-0.0748209432,-3.26261401,6.33289528,-3.7705195,-119.884827,1.04307246,336.792328,87.8246994,3.93927646,0.843159556,0.86127013
OU-III,speed,speed 2000 rpm,2000.0,0.6,80.0,0.512922,0.410564,50.0,38.4615,1.70683e-05,JONSWAP,8.5,wave_data_jonswap_H8.500_L202.839_A-30.00_P72.00.csv,24.2272053,26.1583633,10.1494522,37.070591,8.79416943,4.76116419,104.151382,0.396714181,0.241276681,-0.00408431329,-0.823729336,-9.06180382,8.19354439,-4.30609465,-107.647049,2.15460348,471.058929,119.405319,4.49785376,1.10190046,1.49845707
OU-III,speed,speed 2000 rpm,2000.0,0.6,80.0,0.512922,0.410564,50.0,38.4615,1.70683e-05,PM-Stokes,0.27,wave_data_pmstokes_H0.270_L14.047_A30.00_P60.00.csv,0.0271232799,0.0595897362,0.0742790028,0.0990150496,2.15424895,0.613131762,15.2421417,0.374952823,0.000991427922,-0.00690167304,-0.0340573229,-0.045767501,2.15003324,-0.576426983,-14.0232267,0.0499124601,148.818558,27.5107403,1.8050319,0.106555127,0.0345758125
OU-III,speed,speed 2000 rpm,2000.0,0.6,80.0,0.512922,0.410564,50.0,38.4615,1.70683e-05,PM-Stokes,1.5,wave_data_pmstokes_H1.500_L50.710_A-30.00_P120.00.csv,3.88156939,4.56077147,0.949930251,6.06379271,4.61407089,3.26144934,103.945724,0.398912191,0.273932427,0.050615523,-0.0289049186,-0.904502273,4.4424715,-3.16900516,85.3815842,0.385561794,246.375626,63.3286819,2.33307147,0.441440284,0.302213222
OU-III,speed,speed 2000 rpm,2000.0,0.6,80.0,0.512922,0.410564,50.0,38.4615,1.70683e-05,PM-Stokes,4.0,wave_data_pmstokes_H4.000_L112.766_A30.00_P30.00.csv,9.09054756,9.44616032,2.32617378,13.3146191,4.98489952,4.01114941,103.824188,0.402775317,0.233188108,0.0189083703,-0.370241791,-2.19606447,4.69208527,-3.81529951,-79.3299561,1.04037023,223.590958,58.1543427,3.67755818,0.910983205,1.00156403
OU-III,speed,speed 2000 rpm,2000.0,0.6,80.0,0.512922,0.410564,50.0,38.4615,1.70683e-05,PM-Stokes,8.5,wave_data_pmstokes_H8.500_L202.839_A-30.00_P72.00.csv,16.993763,19.9650764,5.39837551,26.7681656,5.77147484,4.34699535,104.108749,0.402729273,0.205622777,0.302148849,0.799318254,-4.93776464,5.2896018,-4.03629684,112.698471,2.16781425,249.02388,63.5102997,4.32295418,1.31927407,2.10904694
OU-III,speed,speed 2400 rpm,2400.0,0.6,80.0,0.6,0.454334,60.0,46.1538,2.33556e-05,JONSWAP,0.27,wave_data_jonswap_H0.270_L14.047_A30.00_P60.00.csv,0.0110869603,0.0398107991,0.0397740416,0.0573567338,2.21363258,0.21307762,14.7657347,0.370367169,0.000840890396,-0.000831334619,-0.0285804607,-0.0357795022,2.21136522,-0.122885197,-14.332305,0.0534430593,74.4232101,14.7311258,1.52721369,0.0825472847,0.0310668964
OU-III,speed,speed 2400 rpm,2400.0,0.6,80.0,0.6,0.454334,60.0,46.1538,2.33556e-05,JONSWAP,1.5,wave_data_jonswap_H1.500_L50.710_A-30.00_P120.00.csv,4.37406158,5.0604682,1.12603509,6.78297186,5.81328344,1.45262504,103.784447,0.38315165,0.296820283,-0.00933387782,-0.0416815542,-1.0686506,5.64801359,-1.1051116,70.4474945,0.390963972,288.015045,75.0690002,2.50615191,0.39919138,0.258056104
OU-III,speed,speed 2400 rpm,2400.0,0.6,80.0,0.6,0.454334,60.0,46.1538,2.33556e-05,JONSWAP,4.0,wave_data_jonswap_H4.000_L112.766_A30.00_P30.00.csv,11.892354,11.7933073,3.78645682,17.1711216,7.67665386,2.04864073,104.031868,0.385627359,0.271454155,0.0953881443,-0.205393791,-3.45198202,7.31393671,-1.52847576,-108.787956,1.04307246,363.009949,94.6614227,3.937428,0.841661692,0.860014021
OU-III,speed,speed 2400 rpm,2400.0,0.6,80.0,0.6,0.454334,60.0,46.1538,2.33556e-05,JONSWAP,8.5,wave_data_jonswap_H8.500_L202.839_A-30.00_P72.00.csv,28.0539665,27.771431,11.2766151,41.0541039,10.2488089,2.60866714,104.320549,0.378844231,0.262167275,-0.555691659,0.300712466,-10.0472317,9.60437393,-1.35471702,179.744873,2.15460348,523.373108,132.666061,4.49572897,1.10207212,1.49736512
OU-III,speed,speed 2400 rpm,2400.0,0.6,80.0,0.6,0.454334,60.0,46.1538,2.33556e-05,PM-Stokes,0.27,wave_data_pmstokes_H0.270_L14.047_A30.00_P60.00.csv,0.0109337745,0.037416134,0.0384301133,0.0547392741,2.21256423,0.206522942,13.8904982,0.370369971,0.000822237926,-0.00046871198,-0.027312275,-0.0346064456,2.21038866,-0.126801297,-13.4243374,0.0499124601,76.9950333,14.2333746,1.51611638,0.0921926871,0.0313713625
OU-III,speed,speed 2400 rpm,2400.0,0.6,80.0,0.6,0.454334,60.0,46.1538,2.33556e-05,PM-Stokes,1.5,wave_data_pmstokes_H1.500_L50.710_A-30.00_P120.00.csv,3.84267974,4.48242235,0.958556294,5.98139858,5.36422491,1.73917544,103.795578,0.38513875,0.287857324,0.0278537869,-0.0576318577,-0.91637522,5.20703173,-1.47466636,57.6702423,0.385561794,248.612885,63.9037514,2.32561207,0.437995076,0.29905349
OU-III,speed,speed 2400 rpm,2400.0,0.6,80.0,0.6,0.454334,60.0,46.1538,2.33556e-05,PM-Stokes,4.0,wave_data_pmstokes_H4.000_L112.766_A30.00_P30.00.csv,9.03282833,10.3362322,2.60826516,13.9725704,6.22895432,2.50768518,104.233482,0.389703155,0.255421102,-0.0935320556,-0.143371597,-2.44053578,5.92285967,-2.1097064,-140.09407,1.04037023,250.705475,65.2066269,3.67552376,0.909557283,0.999545753
OU-III,speed,speed 2400 rpm,2400.0,0.6,80.0,0.6,0.454334,60.0,46.1538,2.33556e-05,PM-Stokes,8.5,wave_data_pmstokes_H8.500_L202.839_A-30.00_P72.00.csv,19.958765,20.6636047,6.22984505,29.3963909,7.27393913,2.66262794,103.501144,0.386077613,0.231905341,1.00620842,0.607375026,-5.63805294,6.73554659,-1.84413433,-26.9427795,2.16781425,287.379089,73.2922897,4.32147217,1.3191613,2.10778809
OU-III,speed,speed 2800 rpm,2800.0,0.6,80.0,0.698617,0.506742,70.0,53.8462,3.16641e-05,JONSWAP,0.27,wave_data_jonswap_H0.270_L14.047_A30.00_P60.00.csv,0.011353123,0.0509360172,0.0509962179,0.0729656443,2.16891122,0.420338541,22.248373,0.364061415,0.00113137334,0.000987019041,-0.0392155424,-0.0477950536,2.16682649,0.393921137,-21.6723347,0.0534430593,95.4215927,18.8874874,1.52687764,0.0823342204,0.0311163198
OU-III,speed,speed 2800 rpm,2800.0,0.6,80.0,0.698617,0.506742,70.0,53.8462,3.16641e-05,JONSWAP,1.5,wave_data_jonswap_H1.500_L50.710_A-30.00_P120.00.csv,4.25084925,4.92196465,1.06586051,6.59025908,5.56267643,1.33986413,104.010376,0.370276988,0.276603401,-0.0144723458,0.0028110866,-1.0083729,5.43697977,0.754980147,-105.825188,0.390963972,272.623718,71.0573654,2.50620079,0.400041401,0.258068591
OU-III,speed,speed 2800 rpm,2800.0,0.6,80.0,0.698617,0.506742,70.0,53.8462,3.16641e-05,JONSWAP,4.0,wave_data_jonswap_H4.000_L112.766_A30.00_P30.00.csv,11.1913443,11.9949398,3.38599038,16.7508125,7.13587856,1.86121249,103.532974,0.371716708,0.250747353,-0.00421674363,-0.352860808,-3.11064482,6.8718462,0.999853492,-8.69888592,1.04307246,324.616974,84.6497574,3.93743896,0.841666222,0.860061228
OU-III,speed,speed 2800 rpm,2800.0,0.6,80.0,0.698617,0.506742,70.0,53.8462,3.16641e-05,JONSWAP,8.5,wave_data_jonswap_H8.500_L202.839_A-30.00_P72.00.csv,25.1158733,27.9283409,11.3439083,39.2362518,9.86161804,3.56393743,103.724869,0.36732927,0.24402459,0.272093982,-0.460405648,-9.95662022,9.26072598,2.43007708,-50.6947212,2.15460348,526.496338,133.457748,4.49561691,1.10207283,1.49736571
OU-III,speed,speed 2800 rpm,2800.0,0.6,80.0,0.698617,0.506742,70.0,53.8462,3.16641e-05,PM-Stokes,0.27,wave_data_pmstokes_H0.270_L14.047_A30.00_P60.00.csv,0.0112253064,0.0489964336,0.0495673344,0.0705944672,2.1740725,0.393020809,20.6787605,0.364359438,0.00107625464,0.00132252718,-0.0378615893,-0.0465222821,2.17181873,0.36830008,-20.2349358,0.0499124601,99.3085327,18.3582706,1.51537442,0.0922086462,0.0314226337
OU-III,speed,speed 2800 rpm,2800.0,0.6,80.0,0.698617,0.506742,70.0,53.8462,3.16641e-05,PM-Stokes,1.5,wave_data_pmstokes_H1.500_L50.710_A-30.00_P120.00.csv,3.58483601,4.27671003,0.879994333,5.6493969,5.17249441,1.040995,103.352173,0.371691942,0.258694291,0.0217149388,0.0410712101,-0.839255691,5.05370331,0.221004426,-38.2957573,0.385561794,228.236923,58.6662865,2.32572627,0.438366175,0.299070388
OU-III,speed,speed 2800 rpm,2800.0,0.6,80.0,0.698617,0.506742,70.0,53.8462,3.16641e-05,PM-Stokes,4.0,wave_data_pmstokes_H4.000_L112.766_A30.00_P30.00.csv,8.74490833,9.73180485,2.30084157,13.2844009,5.96671629,1.38026321,103.876633,0.374213815,0.228803724,0.190489531,0.052436538,-2.1735549,5.74858713,0.0410432629,60.1530266,1.04037023,221.156036,57.5210381,3.67555261,0.909857333,0.999588668
OU-III,speed,speed 2800 rpm,2800.0,0.6,80.0,0.698617,0.506742,70.0,53.8462,3.16641e-05,PM-Stokes,8.5,wave_data_pmstokes_H8.500_L202.839_A-30.00_P72.00.csv,18.8473778,22.1497364,6.51064968,29.8030701,7.56411409,2.28621721,103.481941,0.371707499,0.222893372,0.509332597,0.451308459,-5.87078047,7.09438562,0.956800818,13.1007423,2.16781425,300.332428,76.5958786,4.32136631,1.31930184,2.1077621
OU-III,speed,speed 3200 rpm,3200.0,0.6,80.0,0.807673,0.565733,80.0,61.5385,4.23214e-05,JONSWAP,0.27,wave_data_jonswap_H0.270_L14.047_A30.00_P60.00.csv,0.0140705816,0.0695367157,0.0643035769,0.0957511663,2.14478064,0.607604206,30.701273,0.36235708,0.00165983289,-0.000847148942,-0.0529075824,-0.0609267056,2.14188981,0.579976976,-29.170578,0.0534430593,120.321663,23.8161392,1.52885997,0.0831575915,0.0312439278
OU-III,speed,speed 3200 rpm,3200.0,0.6,80.0,0.807673,0.565733,80.0,61.5385,4.23214e-05,JONSWAP,1.5,wave_data_jonswap_H1.500_L50.710_A-30.00_P120.00.csv,4.82870626,5.51056719,1.2371757,7.43056917,5.42451334,3.08146167,103.605743,0.362303853,0.293839186,0.0269885734,-0.0573858768,-1.1682148,5.31083632,2.78987789,-54.5600891,0.390963972,316.442383,82.4783783,2.50609612,0.400497228,0.258140832
OU-III,speed,speed 3200 rpm,3200.0,0.6,80.0,0.807673,0.565733,80.0,61.5385,4.23214e-05,JONSWAP,4.0,wave_data_jonswap_H4.000_L112.766_A30.00_P30.00.csv,14.5291796,15.9475231,8.27044964,23.1045628,10.2768993,6.20037794,104.172653,0.358612299,0.373861581,0.354738474,-0.294617921,-7.16989851,9.65096188,5.32419872,-132.577271,1.04307246,792.893127,206.761246,3.93736839,0.842100441,0.860131562
OU-III,speed,speed 3200 rpm,3200.0,0.6,80.0,0.807673,0.565733,80.0,61.5385,4.23214e-05,JONSWAP,8.5,wave_data_jonswap_H8.500_L202.839_A-30.00_P72.00.csv,26.2836647,27.9196491,12.1476831,40.2231789,8.53992939,6.47826433,103.483757,0.359199286,0.232495204,-0.0429971032,0.62340486,-10.6046715,8.05197811,5.77443457,17.3692875,2.15460348,563.801331,142.91391,4.49560308,1.10175788,1.49729967
OU-III,speed,speed 3200 rpm,3200.0,0.6,80.0,0.807673,0.565733,80.0,61.5385,4.23214e-05,PM-Stokes,0.27,wave_data_pmstokes_H0.270_L14.047_A30.00_P60.00.csv,0.0134095754,0.0657106563,0.0625967607,0.0917390957,2.15585303,0.56713146,27.8651733,0.362732679,0.00152481766,-0.000135429014,-0.0511002578,-0.0595084652,2.15289426,0.542021632,-26.9159012,0.0499124601,125.413094,23.1839848,1.51784408,0.0919750333,0.0315462984
OU-III,speed,speed 3200 rpm,3200.0,0.6,80.0,0.807673,0.565733,80.0,61.5385,4.23214e-05,PM-Stokes,1.5,wave_data_pmstokes_H1.500_L50.710_A-30.00_P120.00.csv,3.86441851,4.72624683,0.954688549,6.17920494,5.00352097,2.34198713,104.162193,0.362623185,0.261596978,-0.0531214885,-0.043863941,-0.911937535,4.90374851,2.04528213,-167.849579,0.385561794,247.609741,63.6459007,2.32558823,0.439521551,0.299160689
OU-III,speed,speed 3200 rpm,3200.0,0.6,80.0,0.807673,0.565733,80.0,61.5385,4.23214e-05,PM-Stokes,4.0,wave_data_pmstokes_H4.000_L112.766_A30.00_P30.00.csv,9.2079916,10.6254158,2.45676517,14.2731304,5.62268448,2.83104396,103.271835,0.362983823,0.225339413,0.208419859,-0.046194531,-2.32027292,5.43039656,2.39253187,-6.90748692,1.04037023,236.143356,61.4191284,3.67546558,0.910009921,0.999694526
OU-III,speed,speed 3200 rpm,3200.0,0.6,80.0,0.807673,0.565733,80.0,61.5385,4.23214e-05,PM-Stokes,8.5,wave_data_pmstokes_H8.500_L202.839_A-30.00_P72.00.csv,20.1387444,20.8650932,6.2593565,29.6664906,6.57452536,4.08158827,104.616478,0.362091899,0.200592175,-0.533780813,0.426018625,-5.73625708,6.22677326,3.49905729,-160.908813,2.16781425,288.740448,73.6394882,4.32133198,1.31950283,2.10767817
OU-III,level,level 0.15 m/s^2,2400.0,0.15,80.0,0.15,0.113583,60.0,46.1538,1.45972e-06,JONSWAP,0.27,wave_data_jonswap_H0.270_L14.047_A30.00_P60.00.csv,0.00916325767,0.00921847578,0.0118103931,0.0175622031,0.550286353,0.130072013,0.409390539,0.096809499,0.000117067204,0.00151037483,-0.00080423383,-0.00042885961,0.503395855,-0.122436129,-0.284082919,0.0534430593,22.0990219,4.37421942,1.52951515,0.0500000007,0.0308167599
OU-III,level,level 0.15 m/s^2,2400.0,0.15,80.0,0.15,0.113583,60.0,46.1538,1.45972e-06,JONSWAP,1.5,wave_data_jonswap_H1.500_L50.710_A-30.00_P120.00.csv,0.191048771,0.173773631,0.102196224,0.277742654,1.02997732,1.82161474,69.7044296,0.354605108,0.00249803206,0.0318380557,-0.0500966795,-0.0670704171,-0.804375231,1.78043234,-65.6659012,0.390963972,26.1395512,6.81308126,2.50642395,0.394022882,0.257868856
OU-III,level,level 0.15 m/s^2,2400.0,0.15,80.0,0.15,0.113583,60.0,46.1538,1.45972e-06,JONSWAP,4.0,wave_data_jonswap_H4.000_L112.766_A30.00_P30.00.csv,0.330617845,0.715065956,0.252339154,0.827225804,0.741856158,1.89718127,60.5883102,0.34435302,0.00204652967,0.117730409,-0.174822211,-0.146279305,-0.554534554,1.84644485,-58.0704651,1.04307246,24.1919098,6.30847883,3.93751764,0.840531647,0.859740496
OU-III,level,level 0.15 m/s^2,2400.0,0.15,80.0,0.15,0.113583,60.0,46.1538,1.45972e-06,JONSWAP,8.5,wave_data_jonswap_H8.500_L202.839_A-30.00_P72.00.csv,1.30985618,1.38079238,0.489353091,1.96514058,0.648146629,1.95471513,55.0469093,0.343025386,0.00194057694,0.379205137,-0.552218199,-0.292517245,-0.46888262,1.9078083,-52.6287308,2.15460348,22.7119789,5.75709486,4.49568033,1.10277319,1.49716079
OU-III,level,level 0.15 m/s^2,2400.0,0.15,80.0,0.15,0.113583,60.0,46.1538,1.45972e-06,PM-Stokes,0.27,wave_data_pmstokes_H0.270_L14.047_A30.00_P60.00.csv,0.00920544285,0.0091596758,0.0116983075,0.0174782798,0.52755481,0.126265422,0.295210481,0.0928893238,0.000112684349,0.00147465058,-0.000760760333,-0.000392176793,0.482708514,-0.119413294,-0.00431635091,0.0499124601,23.4376507,4.33270645,1.51889014,0.0855721012,0.0311170891
OU-III,level,level 0.15 m/s^2,2400.0,0.15,80.0,0.15,0.113583,60.0,46.1538,1.45972e-06,PM-Stokes,1.5,wave_data_pmstokes_H1.500_L50.710_A-30.00_P120.00.csv,0.154804602,0.15515168,0.0887101069,0.236444473,0.751987934,1.89530802,61.3629494,0.346471667,0.00214496301,0.0259815548,-0.0379640795,-0.052395694,-0.554925501,1.84795403,-58.3803711,0.385561794,23.0080128,5.91400671,2.3259294,0.436444849,0.298834831
OU-III,level,level 0.15 m/s^2,2400.0,0.15,80.0,0.15,0.113583,60.0,46.1538,1.45972e-06,PM-Stokes,4.0,wave_data_pmstokes_H4.000_L112.766_A30.00_P30.00.csv,0.287493616,0.560151219,0.21769096,0.666191638,0.290136397,1.9276619,48.0461655,0.331442386,0.00148681551,0.0919971317,-0.122248188,-0.104591191,-0.137822956,1.86396968,-46.8086395,1.04037023,20.9243755,5.44227409,3.67559147,0.90842545,0.999229372
OU-III,level,level 0.15 m/s^2,2400.0,0.15,80.0,0.15,0.113583,60.0,46.1538,1.45972e-06,PM-Stokes,8.5,wave_data_pmstokes_H8.500_L202.839_A-30.00_P72.00.csv,0.914880395,1.18047822,0.418805689,1.55110705,0.20053938,1.91356003,41.5412292,0.325523287,0.00130713999,0.276294529,-0.3439399,-0.185691297,-0.100482114,1.84143913,-40.6505089,2.16781425,19.3192616,4.92712545,4.32142687,1.3187207,2.10754991
OU-III,level,level 0.30 m/s^2,2400.0,0.3,80.0,0.3,0.227167,60.0,46.1538,5.8389e-06,JONSWAP,0.27,wave_data_jonswap_H0.270_L14.047_A30.00_P60.00.csv,0.00929023232,0.012586372,0.0147983199,0.0215340536,1.89790106,0.161185101,2.68368721,0.324367404,0.000206007651,0.00180401513,-0.00562254386,-0.00572449062,1.83558846,-0.132272795,-2.52123165,0.0534430593,27.6898804,5.48085928,1.52874506,0.0500000007,0.0308673698
OU-III,level,level 0.30 m/s^2,2400.0,0.3,80.0,0.3,0.227167,60.0,46.1538,5.8389e-06,JONSWAP,1.5,wave_data_jonswap_H1.500_L50.710_A-30.00_P120.00.csv,0.654221356,0.766761959,0.21168381,1.02992213,2.13681555,1.6677829,103.104218,0.385059953,0.152319342,0.0212642178,-0.0134186735,-0.179062366,2.08030176,-1.61426079,-5.02356005,0.390963972,54.1440697,14.1122532,2.50633407,0.396166891,0.257918388
OU-III,level,level 0.30 m/s^2,2400.0,0.3,80.0,0.3,0.227167,60.0,46.1538,5.8389e-06,JONSWAP,4.0,wave_data_jonswap_H4.000_L112.766_A30.00_P30.00.csv,2.14703679,2.32043481,0.586180627,3.21524382,2.16578507,2.19715548,104.697075,0.393069357,0.139477208,0.128801256,-0.109305382,-0.497282118,2.03209996,-2.09048867,173.770035,1.04307246,56.1974983,14.6545153,3.93748331,0.840830863,0.859817028
OU-III,level,level 0.30 m/s^2,2400.0,0.3,80.0,0.3,0.227167,60.0,46.1538,5.8389e-06,JONSWAP,8.5,wave_data_jonswap_H8.500_L202.839_A-30.00_P72.00.csv,4.7257843,5.31156063,1.30499709,7.2283287,2.27191567,2.38166022,103.777275,0.395602942,0.123759426,0.221139222,-0.683948398,-1.071666,2.01698709,-2.22945547,-85.2793045,2.15460348,60.5678558,15.3529062,4.49570656,1.10231435,1.49722326
OU-III,level,level 0.30 m/s^2,2400.0,0.3,80.0,0.3,0.227167,60.0,46.1538,5.8389e-06,PM-Stokes,0.27,wave_data_pmstokes_H0.270_L14.047_A30.00_P60.00.csv,0.0093335202,0.0123288399,0.0144624971,0.0211725943,1.88978088,0.150246799,2.33031845,0.32293117,0.000198942435,0.00177479663,-0.00528125744,-0.00532229524,1.82521701,-0.127224848,-2.13784599,0.0499124601,28.9757252,5.35648012,1.51795125,0.0877982304,0.0311689414
OU-III,level,level 0.30 m/s^2,2400.0,0.3,80.0,0.3,0.227167,60.0,46.1538,5.8389e-06,PM-Stokes,1.5,wave_data_pmstokes_H1.500_L50.710_A-30.00_P120.00.csv,0.563917816,0.682354093,0.189922661,0.905362368,1.97333038,1.80375135,104.67691,0.388507694,0.143940285,0.0189932808,-0.00893843919,-0.157775164,1.91550159,-1.75180066,-162.629578,0.385561794,49.2586823,12.6615105,2.3258152,0.436610281,0.298892856
OU-III,level,level 0.30 m/s^2,2400.0,0.3,80.0,0.3,0.227167,60.0,46.1538,5.8389e-06,PM-Stokes,4.0,wave_data_pmstokes_H4.000_L112.766_A30.00_P30.00.csv,1.65483189,1.74244165,0.461358398,2.44692111,1.68767285,2.36017823,104.442383,0.395785242,0.12083482,0.0516678914,-0.176857188,-0.373576552,1.53843212,-2.26253438,-108.65416,1.04037023,44.3456001,11.5339603,3.6755743,0.908613384,0.999316394
OU-III,level,level 0.30 m/s^2,2400.0,0.3,80.0,0.3,0.227167,60.0,46.1538,5.8389e-06,PM-Stokes,8.5,wave_data_pmstokes_H8.500_L202.839_A-30.00_P72.00.csv,3.64260674,3.77958941,0.977034509,5.33933306,1.60120058,2.52336931,103.412857,0.400317371,0.103657812,0.34635514,-0.591427743,-0.733843088,1.2883333,-2.40713596,-39.859375,2.16781425,45.0700302,11.494523,4.32144451,1.31885958,2.10763049
OU-III,level,level 1.20 m/s^2,2400.0,1.2,80.0,1.2,0.908668,60.0,46.1538,9.34224e-05,JONSWAP,0.27,wave_data_jonswap_H0.270_L14.047_A30.00_P60.00.csv,0.478371531,0.601008415,0.110753268,0.776090682,3.78285909,1.32006788,105.206253,0.376509666,0.136375085,-0.00263867714,0.0085856244,-0.106784016,3.73383451,-1.26903272,-143.385712,0.0534430593,207.236023,41.0197296,1.52448833,0.0884330571,0.031861756
OU-III,level,level 1.20 m/s^2,2400.0,1.2,80.0,1.2,0.908668,60.0,46.1538,9.34224e-05,JONSWAP,1.5,wave_data_jonswap_H1.500_L50.710_A-30.00_P120.00.csv,17.9024391,19.4405193,23.7849655,35.554966,27.3850536,42.4248428,104.599739,0.359832257,0.499749511,-1.29537427,0.113644674,-20.9333057,19.0000248,38.3780327,-122.162636,0.390963972,6083.67188,1585.66431,2.50574183,0.404516518,0.258487731
OU-III,level,level 1.20 m/s^2,2400.0,1.2,80.0,1.2,0.908668,60.0,46.1538,9.34224e-05,JONSWAP,4.0,wave_data_jonswap_H4.000_L112.766_A30.00_P30.00.csv,37.9028168,40.0250549,63.116436,83.7992401,26.8452301,17.0782566,103.980125,0.348497778,0.498419344,2.98309636,-2.37091517,-58.7517891,24.7245388,14.5679541,-163.82373,1.04307246,6051.01172,1577.91089,3.93728805,0.843225062,0.860578537
OU-III,level,level 1.20 m/s^2,2400.0,1.2,80.0,1.2,0.908668,60.0,46.1538,9.34224e-05,JONSWAP,8.5,wave_data_jonswap_H8.500_L202.839_A-30.00_P72.00.csv,83.1965866,85.2101669,190.14209,224.35788,42.9690285,24.8664494,104.273369,0.353953093,0.499616772,16.2490768,-5.73822165,-183.17627,38.3869667,19.2576618,-112.991318,2.15460348,8824.92285,2236.96582,4.49575329,1.10474408,1.49772429
OU-III,level,level 1.20 m/s^2,2400.0,1.2,80.0,1.2,0.908668,60.0,46.1538,9.34224e-05,PM-Stokes,0.27,wave_data_pmstokes_H0.270_L14.047_A30.00_P60.00.csv,0.425847679,0.539957881,0.105023995,0.695651352,3.5839808,1.30446267,104.550804,0.376164883,0.12297681,-0.0157101303,0.00522582466,-0.101701155,3.54101396,-1.25803733,-100.927658,0.0499124601,210.416382,38.8977737,1.5126518,0.09690696,0.0321722515
OU-III,level,level 1.20 m/s^2,2400.0,1.2,80.0,1.2,0.908668,60.0,46.1538,9.34224e-05,PM-Stokes,1.5,wave_data_pmstokes_H1.500_L50.710_A-30.00_P120.00.csv,12.8237295,12.7771006,10.8675442,21.1141148,19.8019257,4.26431036,103.719482,0.372375667,0.499921292,0.137546688,-0.0527614169,-10.4257956,19.554945,3.23250413,-32.4029579,0.385561794,2818.62573,724.50293,2.32514286,0.444893092,0.299559653
OU-III,level,level 1.20 m/s^2,2400.0,1.2,80.0,1.2,0.908668,60.0,46.1538,9.34224e-05,PM-Stokes,4.0,wave_data_pmstokes_H4.000_L112.766_A30.00_P30.00.csv,31.5019722,34.8222084,25.56987,53.4675484,18.2940693,7.77048635,103.965149,0.340695739,0.497356564,2.23043442,-2.92971349,-20.4248543,14.5770683,1.88954425,-147.853867,1.04037023,2457.76636,639.246765,3.6754353,0.910735786,1.00019932
OU-III,level,level 1.20 m/s^2,2400.0,1.2,80.0,1.2,0.908668,60.0,46.1538,9.34224e-05,PM-Stokes,8.5,wave_data_pmstokes_H8.500_L202.839_A-30.00_P72.00.csv,87.7969437,96.9582214,120.235764,177.66777,25.3427238,30.6731739,104.216537,0.360656798,0.479706705,7.4978323,-5.54694986,-111.68441,15.0697498,27.1246986,-128.551651,2.16781425,5546.40527,1414.53833,4.32147408,1.32103646,2.1081903
OU-III,level,level 2.40 m/s^2,2400.0,2.4,80.0,2.4,1.81734,60.0,46.1538,0.000373689,JONSWAP,0.27,wave_data_jonswap_H0.270_L14.047_A30.00_P60.00.csv,3.38203955,4.4477663,0.610462248,5.62080765,14.8348427,1.07999635,104.012383,0.38441059,0.346311271,-0.03434778,-0.00392140262,-0.571400046,14.6005917,0.510673285,-102.657684,0.0534430593,1142.26672,226.097122,1.51883543,0.165635869,0.0350269601
OU-III,level,level 2.40 m/s^2,2400.0,2.4,80.0,2.4,1.81734,60.0,46.1538,0.000373689,JONSWAP,1.5,wave_data_jonswap_H1.500_L50.710_A-30.00_P120.00.csv,22.8724499,22.6160851,41.5014572,52.5072098,30.9786243,21.9066162,103.857002,0.35596171,0.49978134,-0.0499263071,-0.0370497629,-40.4274483,30.6830387,21.4794369,94.4979095,0.390963972,10615.1611,2766.76367,2.50485349,0.464412093,0.259976864
OU-III,level,level 2.40 m/s^2,2400.0,2.4,80.0,2.4,1.81734,60.0,46.1538,0.000373689,JONSWAP,4.0,wave_data_jonswap_H4.000_L112.766_A30.00_P30.00.csv,47.9254303,50.908802,147.493271,163.226273,41.2731895,29.1774445,105.399567,0.349987894,0.499624819,-0.244207427,1.61602688,-140.645203,37.977993,27.4774208,169.144333,1.04307246,14140.2705,3687.33179,3.93699527,0.84681195,0.862395048
OU-III,level,level 2.40 m/s^2,2400.0,2.4,80.0,2.4,1.81734,60.0,46.1538,0.000373689,JONSWAP,8.5,wave_data_jonswap_H8.500_L202.839_A-30.00_P72.00.csv,64.2495346,64.6728363,322.477264,335.115143,50.1997299,44.2921181,103.668579,0.350015253,0.499510407,-20.5050259,6.00757313,-313.148834,36.9799194,40.8967171,-82.3685226,2.15460348,14966.8965,3793.8501,4.49570942,1.11545289,1.49870896
OU-III,level,level 2.40 m/s^2,2400.0,2.4,80.0,2.4,1.81734,60.0,46.1538,0.000373689,PM-Stokes,0.27,wave_data_pmstokes_H0.270_L14.047_A30.00_P60.00.csv,3.27127671,4.27928066,0.571716964,5.41667366,14.5834818,0.983416736,103.706642,0.384301513,0.336609125,-0.0122630335,0.0159426797,-0.536196053,14.3609037,0.358178467,17.2861729,0.0499124601,1145.43933,211.747025,1.50540757,0.166796848,0.0353589877
OU-III,level,level 2.40 m/s^2,2400.0,2.4,80.0,2.4,1.81734,60.0,46.1538,0.000373689,PM-Stokes,1.5,wave_data_pmstokes_H1.500_L50.710_A-30.00_P120.00.csv,22.1401272,22.0161877,35.499176,47.2767334,30.7275429,19.0691605,103.755066,0.358974159,0.499753594,-0.0193836242,0.0226160362,-34.642807,30.4571552,18.7102203,5.85794353,0.385561794,9207.12988,2366.61157,2.32424998,0.498236656,0.301297933
OU-III,level,level 2.40 m/s^2,2400.0,2.4,80.0,2.4,1.81734,60.0,46.1538,0.000373689,PM-Stokes,4.0,wave_data_pmstokes_H4.000_L112.766_A30.00_P30.00.csv,44.5323334,46.8520355,137.405685,151.850464,46.5425339,28.8236065,104.248741,0.35482654,0.499636978,-2.14006186,-0.537789583,-131.47879,42.3285027,24.0907459,-119.602715,1.04037023,13207.3838,3435.14209,3.67531133,0.914675117,1.00226521
OU-III,level,level 2.40 m/s^2,2400.0,2.4,80.0,2.4,1.81734,60.0,46.1538,0.000373689,PM-Stokes,8.5,wave_data_pmstokes_H8.500_L202.839_A-30.00_P72.00.csv,51.7659149,63.8703957,296.151917,307.351746,55.5832253,41.7035789,102.373528,0.353121907,0.499481559,-7.13660812,-6.17015839,-285.344482,40.9493904,37.4890099,-40.6643105,2.16781425,13661.3145,3484.14014,4.32134962,1.32451189,2.10925198
OU-III,bandwidth,bandwidth 20 Hz,2400.0,0.6,20.0,0.6,0.186454,60.0,46.1538,2.33556e-05,JONSWAP,0.27,wave_data_jonswap_H0.270_L14.047_A30.00_P60.00.csv,0.00967059471,0.0104966816,0.014113226,0.0200719666,1.61058736,0.800244093,7.61083412,0.306030095,0.000240577836,0.00309109455,-0.0048721144,-0.00489409966,1.55261278,0.748539567,-7.56567907,0.0534430593,26.4079685,5.2271204,1.52718627,0.0500000007,0.0308813378
OU-III,bandwidth,bandwidth 20 Hz,2400.0,0.6,20.0,0.6,0.186454,60.0,46.1538,2.33556e-05,JONSWAP,1.5,wave_data_jonswap_H1.500_L50.710_A-30.00_P120.00.csv,0.264869273,0.281510383,0.115686856,0.403469056,2.23214912,0.622208476,107.924088,0.38799414,0.0414982215,0.0178001914,-0.0834201872,-0.0506555177,-2.1822443,-0.407285988,-159.688232,0.390963972,29.5901585,7.7124567,2.50623012,0.396046519,0.257926971
OU-III,bandwidth,bandwidth 20 Hz,2400.0,0.6,20.0,0.6,0.186454,60.0,46.1538,2.33556e-05,JONSWAP,4.0,wave_data_jonswap_H4.000_L112.766_A30.00_P30.00.csv,0.483873516,0.875309765,0.364600807,1.0645349,1.40500057,1.74000812,77.4553833,0.37334618,0.0030708008,0.208526686,-0.313144416,-0.281470835,-1.25546217,1.71027005,-71.8765335,1.04307246,34.9545021,9.1150198,3.93745804,0.840841472,0.859827816
OU-III,bandwidth,bandwidth 20 Hz,2400.0,0.6,20.0,0.6,0.186454,60.0,46.1538,2.33556e-05,JONSWAP,8.5,wave_data_jonswap_H8.500_L202.839_A-30.00_P72.00.csv,1.31360972,1.39768112,0.614785314,2.01421046,0.790701091,2.0414741,50.3640747,0.359880179,0.00209317682,0.612001479,-0.675915837,-0.46000886,-0.686003685,2.02407122,-46.4143791,2.15460348,28.5335712,7.23276806,4.49574471,1.10297704,1.49725246
OU-III,bandwidth,bandwidth 20 Hz,2400.0,0.6,20.0,0.6,0.186454,60.0,46.1538,2.33556e-05,PM-Stokes,0.27,wave_data_pmstokes_H0.270_L14.047_A30.00_P60.00.csv,0.0096230451,0.0104881376,0.0139795132,0.0199507102,1.64267242,0.743639886,7.00886488,0.306876004,0.000237067943,0.00295266882,-0.00483056856,-0.0047707092,1.5836277,0.694285393,-6.96521282,0.0499124601,28.0080643,5.17759752,1.51596987,0.0887506604,0.0311861932
OU-III,bandwidth,bandwidth 20 Hz,2400.0,0.6,20.0,0.6,0.186454,60.0,46.1538,2.33556e-05,PM-Stokes,1.5,wave_data_pmstokes_H1.500_L50.710_A-30.00_P120.00.csv,0.261118352,0.231286287,0.121617027,0.369414181,1.9922955,1.19111872,112.954193,0.391760558,0.0200012736,0.024227513,-0.0816759244,-0.0731903091,-1.88784754,-0.2973575,-131.967087,0.385561794,31.5428123,8.10780144,2.32572007,0.437152416,0.298903793
OU-III,bandwidth,bandwidth 20 Hz,2400.0,0.6,20.0,0.6,0.186454,60.0,46.1538,2.33556e-05,PM-Stokes,4.0,wave_data_pmstokes_H4.000_L112.766_A30.00_P30.00.csv,0.316593111,0.48012346,0.254501045,0.628904223,0.419421911,2.01276493,39.6233788,0.348490447,0.00137779268,0.143016458,-0.130788863,-0.159267679,-0.371064514,1.97857916,-38.2125435,1.04037023,24.4625454,6.36252594,3.67555261,0.908483028,0.999331832
OU-III,bandwidth,bandwidth 20 Hz,2400.0,0.6,20.0,0.6,0.186454,60.0,46.1538,2.33556e-05,PM-Stokes,8.5,wave_data_pmstokes_H8.500_L202.839_A-30.00_P72.00.csv,0.805899203,1.02838862,0.471431404,1.38899398,0.365021288,2.00392222,31.525631,0.342421323,0.00110397395,0.405634582,-0.320110112,-0.271909654,-0.333501428,1.95993721,-30.5891247,2.16781425,21.7468529,5.54625177,4.32146645,1.31886959,2.10766459
OU-III,bandwidth,bandwidth 40 Hz,2400.0,0.6,40.0,0.6,0.293871,60.0,46.1538,2.33556e-05,JONSWAP,0.27,wave_data_jonswap_H0.270_L14.047_A30.00_P60.00.csv,0.0113445539,0.0206660293,0.024506757,0.0340053625,1.85215867,0.914557695,12.7065706,0.347753674,0.000457096496,0.00565462327,-0.0152011383,-0.0189648662,1.84389186,0.907023787,-12.6228285,0.0534430593,45.8558273,9.07657623,1.52732611,0.0500000007,0.0309546795
OU-III,bandwidth,bandwidth 40 Hz,2400.0,0.6,40.0,0.6,0.293871,60.0,46.1538,2.33556e-05,JONSWAP,1.5,wave_data_jonswap_H1.500_L50.710_A-30.00_P120.00.csv,0.89876157,1.10492527,0.269012541,1.44948256,2.74542356,0.601466417,104.266472,0.360743374,0.182761922,0.0383806638,-0.0452179126,-0.237864614,2.68142724,0.371534377,-132.449692,0.390963972,68.8075027,17.9341679,2.5061965,0.397733629,0.257977277
OU-III,bandwidth,bandwidth 40 Hz,2400.0,0.6,40.0,0.6,0.293871,60.0,46.1538,2.33556e-05,JONSWAP,4.0,wave_data_jonswap_H4.000_L112.766_A30.00_P30.00.csv,2.34436321,2.72130775,0.64805752,3.64986753,2.93541026,0.719395578,103.149818,0.364120752,0.155115396,0.182871491,-0.131868944,-0.55165118,2.80800986,-0.0415636674,-46.1947479,1.04307246,62.1296768,16.2014389,3.93745422,0.84108007,0.859905362
OU-III,bandwidth,bandwidth 40 Hz,2400.0,0.6,40.0,0.6,0.293871,60.0,46.1538,2.33556e-05,JONSWAP,8.5,wave_data_jonswap_H8.500_L202.839_A-30.00_P72.00.csv,5.08686018,5.52573252,1.40171456,7.64033175,3.09690666,0.896910667,105.079514,0.364375114,0.133330137,0.279533297,-0.597249448,-1.10385144,2.87343693,-0.0721560568,-144.069809,2.15460348,65.0567322,16.4907589,4.49573708,1.10186493,1.4972868
OU-III,bandwidth,bandwidth 40 Hz,2400.0,0.6,40.0,0.6,0.293871,60.0,46.1538,2.33556e-05,PM-Stokes,0.27,wave_data_pmstokes_H0.270_L14.047_A30.00_P60.00.csv,0.010984865,0.020273393,0.0238729697,0.0331903063,1.86330986,0.890441775,12.0032387,0.347796738,0.00045095419,0.00546470936,-0.0146617917,-0.0183682796,1.85488832,0.883354843,-11.9150143,0.0499124601,47.8296776,8.84184074,1.5161823,0.0909282044,0.0312593915
OU-III,bandwidth,bandwidth 40 Hz,2400.0,0.6,40.0,0.6,0.293871,60.0,46.1538,2.33556e-05,PM-Stokes,1.5,wave_data_pmstokes_H1.500_L50.710_A-30.00_P120.00.csv,0.67861402,0.844996333,0.219997972,1.10586381,2.61181164,0.46236673,103.564018,0.362038851,0.161630347,0.0203875676,-0.0442068204,-0.189837709,2.55594444,0.105822295,-65.4424057,0.385561794,57.0590706,14.6665306,2.32565928,0.43732059,0.298964173
OU-III,bandwidth,bandwidth 40 Hz,2400.0,0.6,40.0,0.6,0.293871,60.0,46.1538,2.33556e-05,PM-Stokes,4.0,wave_data_pmstokes_H4.000_L112.766_A30.00_P30.00.csv,1.58684719,1.81916547,0.455132514,2.45654082,2.56256819,0.796253264,104.816345,0.362968206,0.127945721,0.0506400168,-0.126612097,-0.356135249,2.44399261,-0.452464938,-139.929031,1.04037023,43.7471695,11.3783131,3.67555022,0.909323633,0.999425471
OU-III,bandwidth,bandwidth 40 Hz,2400.0,0.6,40.0,0.6,0.293871,60.0,46.1538,2.33556e-05,PM-Stokes,8.5,wave_data_pmstokes_H8.500_L202.839_A-30.00_P72.00.csv,3.38476157,3.60139894,0.886731029,5.02125263,2.53201318,0.994699657,102.572411,0.361414671,0.107857369,0.254786491,-0.574600995,-0.597991586,2.31196952,-0.64394021,-47.85009,2.16781425,40.9043808,10.4321299,4.32146978,1.31901276,2.10770273
OU-III,bandwidth,bandwidth 160 Hz,2400.0,0.6,160.0,0.6,0.603447,60.0,46.1538,2.33556e-05,JONSWAP,0.27,wave_data_jonswap_H0.270_L14.047_A30.00_P60.00.csv,0.0119052231,0.0315734036,0.0279627182,0.0438238271,2.08299375,0.47462672,13.0949593,0.358399183,0.000583890884,0.00385495392,-0.0197617486,-0.0226801261,2.07584977,0.375764906,-12.6516914,0.0534430593,52.3224487,10.3565617,1.52738893,0.085533984,0.031285733
OU-III,bandwidth,bandwidth 160 Hz,2400.0,0.6,160.0,0.6,0.603447,60.0,46.1538,2.33556e-05,JONSWAP,1.5,wave_data_jonswap_H1.500_L50.710_A-30.00_P120.00.csv,4.06741619,4.70407486,1.02514386,6.30262756,5.51859283,1.44363236,103.732193,0.382215351,0.29717496,0.01679435,-0.0584632829,-0.98402077,5.37826347,-1.10555589,22.7388821,0.390963972,262.20929,68.3429184,2.50604248,0.401125908,0.258176416
OU-III,bandwidth,bandwidth 160 Hz,2400.0,0.6,160.0,0.6,0.603447,60.0,46.1538,2.33556e-05,JONSWAP,4.0,wave_data_jonswap_H4.000_L112.766_A30.00_P30.00.csv,11.2745247,12.3812132,3.83568192,17.1791096,7.9221735,1.97190082,103.616714,0.382642001,0.289879918,0.339915901,-0.34708178,-3.50724578,7.54796028,-1.28869784,49.4158745,1.04307246,367.729187,95.8920441,3.93732572,0.842424572,0.860093176
OU-III,bandwidth,bandwidth 160 Hz,2400.0,0.6,160.0,0.6,0.603447,60.0,46.1538,2.33556e-05,JONSWAP,8.5,wave_data_jonswap_H8.500_L202.839_A-30.00_P72.00.csv,30.9941673,29.2657185,11.6787176,44.1985664,10.5134115,2.6468637,104.01133,0.372142822,0.272835553,1.59168661,-0.294514924,-10.320303,9.81977844,-0.844340324,132.219742,2.15460348,542.035583,137.396683,4.4957242,1.10215342,1.49745142
OU-III,bandwidth,bandwidth 160 Hz,2400.0,0.6,160.0,0.6,0.603447,60.0,46.1538,2.33556e-05,PM-Stokes,0.27,wave_data_pmstokes_H0.270_L14.047_A30.00_P60.00.csv,0.0114739472,0.0299126226,0.0271303095,0.0419817828,2.0903883,0.439980805,12.1085644,0.35864526,0.000555116567,0.00367629761,-0.0187293906,-0.0219257306,2.08381534,0.345820099,-11.6997395,0.0499124601,54.3557854,10.0482626,1.51572537,0.0936554223,0.0315861516
OU-III,bandwidth,bandwidth 160 Hz,2400.0,0.6,160.0,0.6,0.603447,60.0,46.1538,2.33556e-05,PM-Stokes,1.5,wave_data_pmstokes_H1.500_L50.710_A-30.00_P120.00.csv,3.624856,4.26926231,0.90735364,5.67357683,5.23684311,1.61540616,103.653664,0.38350448,0.296935737,-0.0106613431,-0.0518492907,-0.874321699,5.09527969,-1.3067019,-13.0771704,0.385561794,235.332886,60.490242,2.32549715,0.440074444,0.299194098
OU-III,bandwidth,bandwidth 160 Hz,2400.0,0.6,160.0,0.6,0.603447,60.0,46.1538,2.33556e-05,PM-Stokes,4.0,wave_data_pmstokes_H4.000_L112.766_A30.00_P30.00.csv,9.1192627,10.2230911,2.65601158,13.9544592,6.40168095,2.33163023,104.361732,0.38650623,0.273297936,-0.0422935039,-0.10867729,-2.4781177,6.0794425,-1.80196452,-178.330566,1.04037023,255.294861,66.4002914,3.6754508,0.909901738,0.999641538
OU-III,bandwidth,bandwidth 160 Hz,2400.0,0.6,160.0,0.6,0.603447,60.0,46.1538,2.33556e-05,PM-Stokes,8.5,wave_data_pmstokes_H8.500_L202.839_A-30.00_P72.00.csv,20.2840405,23.7327347,6.4756465,31.8844643,7.6188488,2.54507756,104.004372,0.379808754,0.245930135,0.0199299566,-0.0924612284,-5.7854805,7.0338068,-1.37930167,-93.9125519,2.16781425,298.717773,76.1840744,4.3214674,1.31943345,2.10788345
OU-III,path,accelerometer only,2400.0,0.6,80.0,0.6,0.454334,60.0,46.1538,2.33556e-05,JONSWAP,0.27,wave_data_jonswap_H0.270_L14.047_A30.00_P60.00.csv,0.0110855522,0.0398323275,0.0398348868,0.0574136041,2.21378422,0.212060064,14.7862186,0.370357037,0.000842210196,-0.000831109646,-0.028608093,-0.0358487926,2.21151233,-0.121296428,-14.352478,0.0534430593,74.5370636,14.7536612,1.52723229,0.082547754,0.031067092
OU-III,path,accelerometer only,2400.0,0.6,80.0,0.6,0.454334,60.0,46.1538,2.33556e-05,JONSWAP,1.5,wave_data_jonswap_H1.500_L50.710_A-30.00_P120.00.csv,4.37552977,5.06216002,1.12648249,6.78525543,5.81469774,1.45237231,103.785133,0.38314864,0.296820223,-0.00923665613,-0.0417562574,-1.06905699,5.64938211,-1.10467005,70.6386642,0.390963972,288.129486,75.0988312,2.50615644,0.399191171,0.258056015
OU-III,path,accelerometer only,2400.0,0.6,80.0,0.6,0.454334,60.0,46.1538,2.33556e-05,JONSWAP,4.0,wave_data_jonswap_H4.000_L112.766_A30.00_P30.00.csv,11.9013948,11.7919779,3.78850508,17.1769238,7.67851591,2.04831195,104.029121,0.385625094,0.271447688,0.0964340344,-0.204970375,-3.45371222,7.31572866,-1.52807069,-108.572388,1.04307246,363.206299,94.7126236,3.93742609,0.84166199,0.860014617
OU-III,path,accelerometer only,2400.0,0.6,80.0,0.6,0.454334,60.0,46.1538,2.33556e-05,JONSWAP,8.5,wave_data_jonswap_H8.500_L202.839_A-30.00_P72.00.csv,28.0550385,27.7793159,11.2814255,41.0614891,10.2513046,2.60817194,104.31958,0.37883541,0.262173623,-0.552653849,0.303657502,-10.0512934,9.6068306,-1.35341251,179.650665,2.15460348,523.596375,132.722656,4.49571943,1.10207164,1.49736392
OU-III,path,accelerometer only,2400.0,0.6,80.0,0.6,0.454334,60.0,46.1538,2.33556e-05,PM-Stokes,0.27,wave_data_pmstokes_H0.270_L14.047_A30.00_P60.00.csv,0.0109327855,0.0374389701,0.0384918377,0.0547980256,2.2127068,0.205401778,13.9097099,0.370358914,0.000823502836,-0.000468160113,-0.0273408908,-0.0346765742,2.2105329,-0.125141069,-13.4440317,0.0499124601,77.1186981,14.2562361,1.51608527,0.0921923593,0.0313713662
OU-III,path,accelerometer only,2400.0,0.6,80.0,0.6,0.454334,60.0,46.1538,2.33556e-05,PM-Stokes,1.5,wave_data_pmstokes_H1.500_L50.710_A-30.00_P120.00.csv,3.84302163,4.48451233,0.958811581,5.98322535,5.36513662,1.73905134,103.79998,0.385136217,0.287833482,0.0286399443,-0.0575175062,-0.916604817,5.20793533,-1.47450519,58.4769096,0.385561794,248.679092,63.9207687,2.32562208,0.437994868,0.29905349
OU-III,path,accelerometer only,2400.0,0.6,80.0,0.6,0.454334,60.0,46.1538,2.33556e-05,PM-Stokes,4.0,wave_data_pmstokes_H4.000_L112.766_A30.00_P30.00.csv,9.03548527,10.3368559,2.60886979,13.9748621,6.22990751,2.50725079,104.233292,0.389700085,0.255422533,-0.0936214328,-0.142863348,-2.44115543,5.92387247,-2.10918307,-140.132797,1.04037023,250.763611,65.2217484,3.67552209,0.909557521,0.999546349
OU-III,path,accelerometer only,2400.0,0.6,80.0,0.6,0.454334,60.0,46.1538,2.33556e-05,PM-Stokes,8.5,wave_data_pmstokes_H8.500_L202.839_A-30.00_P72.00.csv,19.9568386,20.6631393,6.23190641,29.3951931,7.2749548,2.66215682,103.502647,0.386088967,0.231887475,0.992050707,0.620707989,-5.63964128,6.73655796,-1.84349465,-27.3305092,2.16781425,287.474182,73.3165436,4.32147551,1.31916177,2.10778975
OU-III,matched,matched 20 Hz,2400.0,1.4620249498535833,20.0,1.46202,0.454335,60.0,46.1538,0.000138675,JONSWAP,0.27,wave_data_jonswap_H0.270_L14.047_A30.00_P60.00.csv,0.049799867,0.0591724589,0.0290558096,0.0826174766,2.14857173,0.272433907,103.262291,0.35367614,0.0508320667,-0.00308569428,-0.0116114439,-0.0200201143,2.12562633,-0.0238708146,-89.809906,0.0534430593,54.3677902,10.7614107,1.52293718,0.0857435763,0.0313087218
OU-III,matched,matched 20 Hz,2400.0,1.4620249498535833,20.0,1.46202,0.454335,60.0,46.1538,0.000138675,JONSWAP,1.5,wave_data_jonswap_H1.500_L50.710_A-30.00_P120.00.csv,0.753285587,0.90741545,0.219975427,1.19967961,2.3486135,1.23033583,103.401886,0.349357218,0.208299056,0.0457185209,-0.0143214967,-0.181327879,2.24829125,1.1124022,-46.3179893,0.390963972,56.2648849,14.6650276,2.50583339,0.401043922,0.258202136
OU-III,matched,matched 20 Hz,2400.0,1.4620249498535833,20.0,1.46202,0.454335,60.0,46.1538,0.000138675,JONSWAP,4.0,wave_data_jonswap_H4.000_L112.766_A30.00_P30.00.csv,1.63327551,1.73525941,0.413724422,2.41865301,2.26919246,1.12141907,103.894768,0.344801456,0.145206958,0.0693810284,-0.186120078,-0.298523098,2.11750722,0.903632462,124.087997,1.04307246,39.6640167,10.343111,3.93736506,0.842423081,0.860211968
OU-III,matched,matched 20 Hz,2400.0,1.4620249498535833,20.0,1.46202,0.454335,60.0,46.1538,0.000138675,JONSWAP,8.5,wave_data_jonswap_H8.500_L202.839_A-30.00_P72.00.csv,3.27823067,3.28477645,0.817905903,4.7122736,2.19719458,1.23065424,103.629631,0.334734529,0.110622667,0.468722522,-0.775645077,-0.475926876,1.97494805,0.992355406,-68.4512405,2.15460348,37.9608536,9.62242222,4.49585629,1.10349107,1.49761951
OU-III,matched,matched 20 Hz,2400.0,1.4620249498535833,20.0,1.46202,0.454335,60.0,46.1538,0.000138675,PM-Stokes,0.27,wave_data_pmstokes_H0.270_L14.047_A30.00_P60.00.csv,0.0426184461,0.0521086082,0.0304614455,0.0738886893,2.10320497,0.576988637,108.760582,0.359696209,0.0379934683,-0.00295057753,-0.0114594093,-0.0212032143,2.0913887,0.162311077,-117.535538,0.0499124601,61.0297394,11.2820168,1.51046479,0.0945426226,0.0316212811
OU-III,matched,matched 20 Hz,2400.0,1.4620249498535833,20.0,1.46202,0.454335,60.0,46.1538,0.000138675,PM-Stokes,1.5,wave_data_pmstokes_H1.500_L50.710_A-30.00_P120.00.csv,0.484382033,0.541248262,0.15179795,0.742036521,2.13378763,1.04167807,103.191963,0.346108526,0.159910887,0.0366723351,-0.0379071236,-0.115996152,2.06145501,0.943970084,-29.2602139,0.385561794,39.3705902,10.1198626,2.32521367,0.440462202,0.299218863
OU-III,matched,matched 20 Hz,2400.0,1.4620249498535833,20.0,1.46202,0.454335,60.0,46.1538,0.000138675,PM-Stokes,4.0,wave_data_pmstokes_H4.000_L112.766_A30.00_P30.00.csv,1.06383169,1.0203836,0.250368536,1.49519384,1.81438661,0.890108049,103.086945,0.310917467,0.102015272,0.0872275829,-0.221905351,-0.109480716,1.65612531,0.682172954,-42.5895271,1.04037023,24.0653305,6.25921345,3.67547011,0.90994674,0.999780595
OU-III,matched,matched 20 Hz,2400.0,1.4620249498535833,20.0,1.46202,0.454335,60.0,46.1538,0.000138675,PM-Stokes,8.5,wave_data_pmstokes_H8.500_L202.839_A-30.00_P72.00.csv,2.45654249,2.15117288,0.490682751,3.30195618,1.57556963,0.829734266,105.909668,0.264491946,0.0789352879,0.246567771,-0.843698382,-0.0922227055,1.30244207,0.502524555,-149.236313,2.16781425,22.6349068,5.77273798,4.32155371,1.32036591,2.1081264
OU-III,matched,matched 40 Hz,2400.0,0.9276192615127047,40.0,0.927619,0.454334,60.0,46.1538,5.58249e-05,JONSWAP,0.27,wave_data_jonswap_H0.270_L14.047_A30.00_P60.00.csv,0.0110987797,0.0459286198,0.0491196029,0.0681568533,2.01639009,0.829780281,30.3586845,0.359480381,0.00124735897,0.00241265423,-0.0381919108,-0.0460597128,2.01499367,0.817192316,-29.5126247,0.0534430593,91.9101562,18.1924458,1.52576602,0.0850967541,0.0311707128
OU-III,matched,matched 40 Hz,2400.0,0.9276192615127047,40.0,0.927619,0.454334,60.0,46.1538,5.58249e-05,JONSWAP,1.5,wave_data_jonswap_H1.500_L50.710_A-30.00_P120.00.csv,3.07048655,3.54249096,0.76042372,4.74924994,4.46142673,1.40185738,104.080795,0.366055518,0.267189711,0.000745287456,0.038723439,-0.722429395,4.35989141,1.05196226,-179.577332,0.390963972,194.499695,50.694912,2.50601625,0.400332719,0.258112252
OU-III,matched,matched 40 Hz,2400.0,0.9276192615127047,40.0,0.927619,0.454334,60.0,46.1538,5.58249e-05,JONSWAP,4.0,wave_data_jonswap_H4.000_L112.766_A30.00_P30.00.csv,7.3560586,8.12884045,1.9349041,11.1325426,5.12337399,1.50123382,103.259186,0.368962497,0.225772545,0.224529564,-0.114239626,-1.81745207,4.93181038,0.810616612,-2.99275804,1.04307246,185.500458,48.3726044,3.93740511,0.841880679,0.860100031
OU-III,matched,matched 40 Hz,2400.0,0.9276192615127047,40.0,0.927619,0.454334,60.0,46.1538,5.58249e-05,JONSWAP,8.5,wave_data_jonswap_H8.500_L202.839_A-30.00_P72.00.csv,16.5628529,16.6166821,5.17612076,24.0257053,6.26779699,2.493083,103.640648,0.368053019,0.21457997,0.239582345,-0.16718401,-4.64284182,5.87451506,1.61133695,-16.5269833,2.15460348,240.235413,60.8955383,4.49576235,1.10194182,1.49742258
OU-III,matched,matched 40 Hz,2400.0,0.9276192615127047,40.0,0.927619,0.454334,60.0,46.1538,5.58249e-05,PM-Stokes,0.27,wave_data_pmstokes_H0.270_L14.047_A30.00_P60.00.csv,0.0107719898,0.0445312783,0.0482440405,0.0665323809,2.02973318,0.799303532,28.7567711,0.359717727,0.00120459264,0.00262215128,-0.0374117345,-0.0453172885,2.02829647,0.788696826,-28.0335999,0.0499124601,96.6573105,17.8681622,1.51375449,0.0932797715,0.0314767808
OU-III,matched,matched 40 Hz,2400.0,0.9276192615127047,40.0,0.927619,0.454334,60.0,46.1538,5.58249e-05,PM-Stokes,1.5,wave_data_pmstokes_H1.500_L50.710_A-30.00_P120.00.csv,2.38414645,2.94014525,0.606823981,3.8336463,4.11849451,0.948927283,103.530098,0.367628455,0.241667882,0.0089223152,-0.0140276551,-0.579243302,4.02562332,0.472601831,-34.9506035,0.385561794,157.386963,40.4549294,2.32546449,0.43869403,0.299120247
OU-III,matched,matched 40 Hz,2400.0,0.9276192615127047,40.0,0.927619,0.454334,60.0,46.1538,5.58249e-05,PM-Stokes,4.0,wave_data_pmstokes_H4.000_L112.766_A30.00_P30.00.csv,5.23479652,6.15859699,1.35382986,8.19538116,4.3599906,1.12416267,104.60923,0.371569127,0.202977866,0.0160596929,-0.203397721,-1.28100169,4.17435789,-0.0140337152,172.596848,1.04037023,130.129623,33.8457451,3.6755197,0.909763515,0.999647796
OU-III,matched,matched 40 Hz,2400.0,0.9276192615127047,40.0,0.927619,0.454334,60.0,46.1538,5.58249e-05,PM-Stokes,8.5,wave_data_pmstokes_H8.500_L202.839_A-30.00_P72.00.csv,11.6443148,11.7656927,3.08704805,16.8389854,4.84391069,1.516168,104.360603,0.371397018,0.18451947,-0.0559567362,-0.436355025,-2.79092431,4.4862318,0.310957104,-110.657501,2.16781425,142.403717,36.3182106,4.32149363,1.3191911,2.10786581
OU-III,matched,matched 160 Hz,2400.0,0.45173876081909436,160.0,0.451739,0.454334,60.0,46.1538,1.32392e-05,JONSWAP,0.27,wave_data_jonswap_H0.270_L14.047_A30.00_P60.00.csv,0.0104253571,0.0186754987,0.0186406523,0.0283713974,1.9771601,0.406292319,6.93813801,0.341883093,0.000325128174,0.00343104126,-0.0100984843,-0.0113294218,1.95128369,0.335297287,-6.75692558,0.0534430593,34.8794632,6.90394497,1.52805018,0.0825692788,0.0310776066
OU-III,matched,matched 160 Hz,2400.0,0.45173876081909436,160.0,0.451739,0.454334,60.0,46.1538,1.32392e-05,JONSWAP,1.5,wave_data_jonswap_H1.500_L50.710_A-30.00_P120.00.csv,2.10274267,2.57065296,0.542031884,3.36505294,3.62358451,1.5892235,103.678909,0.384255528,0.227133468,0.00572763989,-0.0668181777,-0.521277726,3.53635406,-1.46626079,42.1110077,0.390963972,138.639862,36.1354561,2.50618386,0.399727523,0.258058131
OU-III,matched,matched 160 Hz,2400.0,0.45173876081909436,160.0,0.451739,0.454334,60.0,46.1538,1.32392e-05,JONSWAP,4.0,wave_data_jonswap_H4.000_L112.766_A30.00_P30.00.csv,6.17999125,7.071702,1.60413492,9.52756596,4.53144073,2.02177167,103.696953,0.387107998,0.220883638,0.0579921193,-0.155365929,-1.52201617,4.322505,-1.7213006,-5.10718489,1.04307246,153.789413,40.1033745,3.93739438,0.841860652,0.859972656
OU-III,matched,matched 160 Hz,2400.0,0.45173876081909436,160.0,0.451739,0.454334,60.0,46.1538,1.32392e-05,JONSWAP,8.5,wave_data_jonswap_H8.500_L202.839_A-30.00_P72.00.csv,13.7265787,16.7803097,4.21854639,22.0860577,5.86820936,2.17956781,104.444344,0.385356009,0.210441291,-0.0967382267,-0.189812213,-3.83376074,5.44727612,-1.53679514,152.690186,2.15460348,195.792236,49.6299553,4.49571085,1.10224891,1.4973551
OU-III,matched,matched 160 Hz,2400.0,0.45173876081909436,160.0,0.451739,0.454334,60.0,46.1538,1.32392e-05,PM-Stokes,0.27,wave_data_pmstokes_H0.270_L14.047_A30.00_P60.00.csv,0.0102051673,0.0179560706,0.0181300212,0.0274820589,1.97768021,0.388263315,6.43899155,0.341533899,0.000325067958,0.00327993068,-0.00953895412,-0.01081244,1.95160031,0.322698236,-6.21570158,0.0499124601,36.3236389,6.71482229,1.5167228,0.0928868502,0.0313774087
OU-III,matched,matched 160 Hz,2400.0,0.45173876081909436,160.0,0.451739,0.454334,60.0,46.1538,1.32392e-05,PM-Stokes,1.5,wave_data_pmstokes_H1.500_L50.710_A-30.00_P120.00.csv,1.86417353,2.29802847,0.486264914,2.99875498,3.45259786,1.70970309,103.535233,0.385704607,0.226376221,0.00634555006,-0.0868895501,-0.467822134,3.36036754,-1.58330595,-10.9869795,0.385561794,126.118546,32.4176598,2.32563424,0.438220143,0.299055099
OU-III,matched,matched 160 Hz,2400.0,0.45173876081909436,160.0,0.451739,0.454334,60.0,46.1538,1.32392e-05,PM-Stokes,4.0,wave_data_pmstokes_H4.000_L112.766_A30.00_P30.00.csv,5.16907072,5.21346283,1.24271977,7.44606209,3.82217741,2.27762341,104.196457,0.390017271,0.208213329,0.143320218,-0.00612338912,-1.17792034,3.59820485,-2.00524592,158.677048,1.04037023,119.449768,31.0679951,3.67548037,0.909601927,0.9994964
OU-III,matched,matched 160 Hz,2400.0,0.45173876081909436,160.0,0.451739,0.454334,60.0,46.1538,1.32392e-05,PM-Stokes,8.5,wave_data_pmstokes_H8.500_L202.839_A-30.00_P72.00.csv,11.3068552,10.8354607,2.89584041,15.9260187,4.34648085,2.36410332,103.923164,0.389805883,0.189416766,0.102001801,-0.517625988,-2.57855344,3.91808295,-1.87345564,-94.6816864,2.16781425,133.58342,34.0687103,4.32145739,1.31915784,2.10777998
TFG,baseline,engine off,0.0,0.0,nan,0.0,0.0,0.0,0.0,0.0,JONSWAP,0.27,wave_data_jonswap_H0.270_L14.047_A30.00_P60.00.csv,0.00960335508,0.00876035541,0.0118339919,0.0175787266,0.292924255,0.0455051623,0.528455615,0.0503074266,9.80370969e-05,0.00151904323,0.000471033098,-0.000634610886,-0.262293369,-0.0111009832,0.157456055,0.0534430593,22.1431789,4.38295984,1.53014684,0.142300665,0.030795794
TFG,baseline,engine off,0.0,0.0,nan,0.0,0.0,0.0,0.0,0.0,JONSWAP,1.5,wave_data_jonswap_H1.500_L50.710_A-30.00_P120.00.csv,0.0677487999,0.049514927,0.0628237799,0.104825832,0.265033036,0.0530396178,0.366775662,0.0447262824,0.000103062819,0.00747438893,0.00837711152,-0.00359125319,-0.228825152,-0.0291991998,0.269688547,0.390963972,16.0689449,4.18825197,2.50608253,0.413172483,0.257799357
TFG,baseline,engine off,0.0,0.0,nan,0.0,0.0,0.0,0.0,0.0,JONSWAP,4.0,wave_data_jonswap_H4.000_L112.766_A30.00_P30.00.csv,0.232674301,0.150602996,0.161377788,0.320720106,0.274458349,0.0739420727,0.933348656,0.0467172116,0.000107872504,0.0240228139,0.0159620363,-0.00910005812,-0.231031105,-0.0453245491,-0.896879792,1.04307246,15.4713888,4.03444481,3.93711972,0.751515627,0.859586596
TFG,baseline,engine off,0.0,0.0,nan,0.0,0.0,0.0,0.0,0.0,JONSWAP,8.5,wave_data_jonswap_H8.500_L202.839_A-30.00_P72.00.csv,0.53347975,0.408947468,0.317002624,0.74318862,0.312820077,0.0686763152,0.294652313,0.0497545227,0.000110754387,0.0542183518,0.132698491,-0.0125664091,-0.268581301,-0.0192989651,0.141152143,2.15460348,14.7128057,3.7294426,4.49693966,0.990857363,1.4970237
TFG,baseline,engine off,0.0,0.0,nan,0.0,0.0,0.0,0.0,0.0,PM-Stokes,0.27,wave_data_pmstokes_H0.270_L14.047_A30.00_P60.00.csv,0.00953683536,0.00866282266,0.0117025143,0.0174053032,0.290556401,0.0454103649,0.622436941,0.0499171354,9.50001413e-05,0.00148037949,0.000492978492,-0.000648979854,-0.259915799,-0.0164701827,0.433440775,0.0499124601,23.4460773,4.33426428,1.51924002,0.141018331,0.0310942866
TFG,baseline,engine off,0.0,0.0,nan,0.0,0.0,0.0,0.0,0.0,PM-Stokes,1.5,wave_data_pmstokes_H1.500_L50.710_A-30.00_P120.00.csv,0.0659629256,0.047956802,0.0613727309,0.102066517,0.262683213,0.0457699113,0.246062174,0.0439402796,0.000102681282,0.00657992344,0.00762468344,-0.00311174174,-0.225180626,-0.00516283046,0.0334405266,0.385561794,15.9177427,4.09151506,2.32572842,0.4433285,0.298750252
TFG,baseline,engine off,0.0,0.0,nan,0.0,0.0,0.0,0.0,0.0,PM-Stokes,4.0,wave_data_pmstokes_H4.000_L112.766_A30.00_P30.00.csv,0.228791386,0.152153805,0.159081355,0.317495137,0.289842904,0.0608883537,0.891599953,0.0486340933,0.00010591418,0.022742264,0.0137845324,-0.00739597855,-0.250435531,0.0111551825,-0.853659332,1.04037023,15.2908411,3.97703385,3.67532349,0.812266469,0.99904424
TFG,baseline,engine off,0.0,0.0,nan,0.0,0.0,0.0,0.0,0.0,PM-Stokes,8.5,wave_data_pmstokes_H8.500_L202.839_A-30.00_P72.00.csv,0.541412592,0.402341187,0.317431241,0.745498896,0.349959016,0.0916494057,0.364302337,0.0564953499,0.000110654481,0.0496471114,0.109092951,-0.011983878,-0.313175172,0.0589256175,-0.239860937,2.16781425,14.6429167,3.73448515,4.32274389,1.17688632,2.10727835
TFG,speed,speed 800 rpm,800.0,0.6,80.0,0.381445,0.375112,20.0,15.3846,9.43957e-06,JONSWAP,0.27,wave_data_jonswap_H0.270_L14.047_A30.00_P60.00.csv,0.0584565774,0.115506977,0.0229387842,0.131473273,9.00011921,7.90740633,107.837494,2.04276776,0.0758465007,0.049092412,-0.110080563,-0.00254249736,-8.68596935,-6.6079402,-117.983147,0.0534430593,42.9219131,8.49584579,1.53418446,0.143265635,0.0312304832
TFG,speed,speed 800 rpm,800.0,0.6,80.0,0.381445,0.375112,20.0,15.3846,9.43957e-06,JONSWAP,1.5,wave_data_jonswap_H1.500_L50.710_A-30.00_P120.00.csv,0.221492097,0.151056543,0.115503028,0.291920841,1.51282704,6.45123196,40.4392166,1.12669516,0.000544259092,0.14172183,-0.0561114401,-0.00886217877,0.543353677,6.23097706,-40.0369911,0.390963972,29.5431385,7.70020151,2.50595832,0.413306534,0.257990062
TFG,speed,speed 800 rpm,800.0,0.6,80.0,0.381445,0.375112,20.0,15.3846,9.43957e-06,JONSWAP,4.0,wave_data_jonswap_H4.000_L112.766_A30.00_P30.00.csv,0.516467035,0.413702965,0.249420792,0.707176805,2.32783866,4.10339785,26.9322662,0.796872437,0.000409818371,0.305033565,-0.180302396,-0.0190808363,2.28067088,3.99755025,-26.8322887,1.04307246,23.9121246,6.23551989,3.93698192,0.751593947,0.859783232
TFG,speed,speed 800 rpm,800.0,0.6,80.0,0.381445,0.375112,20.0,15.3846,9.43957e-06,JONSWAP,8.5,wave_data_jonswap_H8.500_L202.839_A-30.00_P72.00.csv,1.2748158,1.22404647,0.489021599,1.83373582,2.02593207,4.11019087,23.4026546,0.772785723,0.000460570998,0.800114512,-0.501939893,-0.022550296,1.98454213,4.03483105,-23.261364,2.15460348,22.6965942,5.75319529,4.49699497,0.990896285,1.49715853
TFG,speed,speed 800 rpm,800.0,0.6,80.0,0.381445,0.375112,20.0,15.3846,9.43957e-06,PM-Stokes,0.27,wave_data_pmstokes_H0.270_L14.047_A30.00_P60.00.csv,0.0503212325,0.120762065,0.0220354628,0.132669762,7.00611019,7.90219784,101.285149,1.80155778,0.107815154,0.0423983857,-0.116531491,-0.00195150799,-6.86267567,-7.54693556,-62.7273979,0.0499124601,44.1482201,8.16128254,1.52398026,0.141924277,0.0315069295
TFG,speed,speed 800 rpm,800.0,0.6,80.0,0.381445,0.375112,20.0,15.3846,9.43957e-06,PM-Stokes,1.5,wave_data_pmstokes_H1.500_L50.710_A-30.00_P120.00.csv,0.157770336,0.127546817,0.11042279,0.230982378,1.98771763,4.74617958,30.0118904,0.877180874,0.000473227788,0.087070398,-0.0437189043,-0.00676973304,1.86148906,4.56508636,-29.7817059,0.385561794,28.6394539,7.36151886,2.32553077,0.443484306,0.298993796
TFG,speed,speed 800 rpm,800.0,0.6,80.0,0.381445,0.375112,20.0,15.3846,9.43957e-06,PM-Stokes,4.0,wave_data_pmstokes_H4.000_L112.766_A30.00_P30.00.csv,0.393149406,0.314287037,0.235282511,0.555608392,2.40330482,2.92653823,19.2525139,0.639666259,0.000336887228,0.181604519,-0.139629617,-0.0147996861,2.39344621,2.85386515,-19.1846848,1.04037023,22.6152687,5.88206291,3.67518282,0.8123492,0.999266326
TFG,speed,speed 800 rpm,800.0,0.6,80.0,0.381445,0.375112,20.0,15.3846,9.43957e-06,PM-Stokes,8.5,wave_data_pmstokes_H8.500_L202.839_A-30.00_P72.00.csv,0.943638682,0.991188109,0.466982961,1.44602251,1.80435908,3.20705509,17.2822437,0.625525892,0.000366355816,0.51087606,-0.331438988,-0.0194140263,1.78653228,3.16073823,-17.1891117,2.16781425,21.5416508,5.49391699,4.32277775,1.17692506,2.10743618
TFG,speed,speed 1200 rpm,1200.0,0.6,80.0,0.41992,0.394336,30.0,23.0769,1.14399e-05,JONSWAP,0.27,wave_data_jonswap_H0.270_L14.047_A30.00_P60.00.csv,0.0655108541,0.10860052,0.0245085303,0.129175887,15.3098011,6.78434706,108.080185,2.84511423,0.0672011897,0.0559701435,-0.094337061,-0.00332067464,-14.8991747,-1.0253582,-114.073204,0.0534430593,45.8591461,9.07723331,1.52310431,0.143210605,0.0312147904
TFG,speed,speed 1200 rpm,1200.0,0.6,80.0,0.41992,0.394336,30.0,23.0769,1.14399e-05,JONSWAP,1.5,wave_data_jonswap_H1.500_L50.710_A-30.00_P120.00.csv,0.282727808,0.162066981,0.120293453,0.347377658,2.90526772,6.9744277,52.0706329,1.28053069,0.000520974689,0.187456563,-0.0516705476,-0.00635429844,-1.71000338,6.77101088,-51.4419327,0.390963972,30.768425,8.01956367,2.50564456,0.413389534,0.258094788
TFG,speed,speed 1200 rpm,1200.0,0.6,80.0,0.41992,0.394336,30.0,23.0769,1.14399e-05,JONSWAP,4.0,wave_data_jonswap_H4.000_L112.766_A30.00_P30.00.csv,0.473241746,0.439674467,0.241925523,0.689782083,2.75653005,3.04400635,31.101759,0.694352269,0.000393540657,0.16493459,-0.174996689,-0.00440969924,2.74608779,3.00654101,-31.0621376,1.04307246,23.1935501,6.04813814,3.93687248,0.751681387,0.859974146
TFG,speed,speed 1200 rpm,1200.0,0.6,80.0,0.41992,0.394336,30.0,23.0769,1.14399e-05,JONSWAP,8.5,wave_data_jonswap_H8.500_L202.839_A-30.00_P72.00.csv,1.29415917,1.35318303,0.463833004,1.92901361,3.14933491,2.25080681,24.7348747,0.654434144,0.000560826855,-0.108703598,-0.601543725,-0.0171640329,3.14234972,2.24571824,-24.6274414,2.15460348,21.5275345,5.45685863,4.49687004,0.990956724,1.49732757
TFG,speed,speed 1200 rpm,1200.0,0.6,80.0,0.41992,0.394336,30.0,23.0769,1.14399e-05,PM-Stokes,0.27,wave_data_pmstokes_H0.270_L14.047_A30.00_P60.00.csv,0.069169797,0.111686163,0.0238596816,0.133519828,15.8045368,6.45755672,109.862114,2.90160346,0.0750501305,0.0590545759,-0.0990478992,-0.00347266952,-15.4691324,-2.10567331,-122.850235,0.0499124601,47.8030586,8.83691883,1.51055181,0.141956612,0.0315336399
TFG,speed,speed 1200 rpm,1200.0,0.6,80.0,0.41992,0.394336,30.0,23.0769,1.14399e-05,PM-Stokes,1.5,wave_data_pmstokes_H1.500_L50.710_A-30.00_P120.00.csv,0.166798025,0.135968521,0.116640545,0.244773448,1.74784434,4.39389849,36.3592033,0.806064367,0.000466987025,0.0832554847,-0.0391425639,-0.00394633645,1.55553734,4.25454044,-36.1698494,0.385561794,30.2521019,7.77603626,2.32526898,0.443559527,0.299095929
TFG,speed,speed 1200 rpm,1200.0,0.6,80.0,0.41992,0.394336,30.0,23.0769,1.14399e-05,PM-Stokes,4.0,wave_data_pmstokes_H4.000_L112.766_A30.00_P30.00.csv,0.405820608,0.342119545,0.231369942,0.57902348,4.22180414,0.40812245,17.6495247,0.717243731,0.000350035203,-0.0979164615,-0.189423606,-0.00577308564,4.20192003,0.136834815,-17.494936,1.04037023,22.239193,5.78424835,3.67511749,0.812446415,0.999496102
TFG,speed,speed 1200 rpm,1200.0,0.6,80.0,0.41992,0.394336,30.0,23.0769,1.14399e-05,PM-Stokes,8.5,wave_data_pmstokes_H8.500_L202.839_A-30.00_P72.00.csv,1.16323686,1.17917562,0.442353338,1.71442461,4.18156624,1.19587398,11.599206,0.723915517,0.00046355318,-0.678326905,-0.612449825,-0.0310428347,4.1535902,-0.888886929,-11.1661634,2.16781425,20.4054985,5.20415688,4.32266665,1.17698848,2.10764742
TFG,speed,speed 1600 rpm,1600.0,0.6,80.0,0.442537,0.380973,40.0,30.7692,1.27054e-05,JONSWAP,0.27,wave_data_jonswap_H0.270_L14.047_A30.00_P60.00.csv,0.0604560301,0.0393091738,0.0225316267,0.0755500942,18.1390228,9.2885828,108.341896,3.44130373,0.00298977457,0.0534337014,-0.027260771,-0.00735953311,-15.3576641,5.67811155,-103.750366,0.0534430593,42.1600609,8.345047,1.52766395,0.142780781,0.0310156252
TFG,speed,speed 1600 rpm,1600.0,0.6,80.0,0.442537,0.380973,40.0,30.7692,1.27054e-05,JONSWAP,1.5,wave_data_jonswap_H1.500_L50.710_A-30.00_P120.00.csv,0.395616412,0.185844317,0.101581499,0.448741853,7.19994164,7.85908127,70.9575424,1.79840291,0.000692248053,0.272390008,-0.0769175068,-0.0134998327,-5.89027119,7.75549793,-69.5982132,0.390963972,25.982317,6.77209949,2.5058651,0.413274974,0.257940888
TFG,speed,speed 1600 rpm,1600.0,0.6,80.0,0.442537,0.380973,40.0,30.7692,1.27054e-05,JONSWAP,4.0,wave_data_jonswap_H4.000_L112.766_A30.00_P30.00.csv,0.766727507,0.676054537,0.245967165,1.05138981,1.87363935,6.02092695,52.2000122,1.06698787,0.000538468303,0.496229142,-0.197570235,-0.0223779213,-1.33997321,5.95023298,-52.0209732,1.04307246,23.5810223,6.14917898,3.93699002,0.751594901,0.859776974
TFG,speed,speed 1600 rpm,1600.0,0.6,80.0,0.442537,0.380973,40.0,30.7692,1.27054e-05,JONSWAP,8.5,wave_data_jonswap_H8.500_L202.839_A-30.00_P72.00.csv,2.13456082,1.52348661,0.472007692,2.6646111,1.33173251,5.93938732,47.6319008,1.02328765,0.000790790189,0.921322048,-0.627200782,-0.0293496251,-1.08982706,5.90122604,-47.4643517,2.15460348,21.9069386,5.55303144,4.49691486,0.990906656,1.49717951
TFG,speed,speed 1600 rpm,1600.0,0.6,80.0,0.442537,0.380973,40.0,30.7692,1.27054e-05,PM-Stokes,0.27,wave_data_pmstokes_H0.270_L14.047_A30.00_P60.00.csv,0.0592133142,0.0396742821,0.0221070144,0.0746256337,18.2678661,9.5700407,107.924904,3.48229957,0.00317037874,0.0527786911,-0.0281413626,-0.00740014808,-15.578166,5.37423038,-104.077766,0.0499124601,44.2915764,8.18778324,1.51612449,0.141487598,0.0313139521
TFG,speed,speed 1600 rpm,1600.0,0.6,80.0,0.442537,0.380973,40.0,30.7692,1.27054e-05,PM-Stokes,1.5,wave_data_pmstokes_H1.500_L50.710_A-30.00_P120.00.csv,0.254060179,0.15763697,0.0995297506,0.315122455,2.90728426,6.53842211,55.0050545,1.21382666,0.000586490845,0.152592137,-0.0494385697,-0.00714509748,-1.9739846,6.39269066,-54.4700699,0.385561794,25.8142147,6.63531637,2.32548571,0.44343704,0.298917651
TFG,speed,speed 1600 rpm,1600.0,0.6,80.0,0.442537,0.380973,40.0,30.7692,1.27054e-05,PM-Stokes,4.0,wave_data_pmstokes_H4.000_L112.766_A30.00_P30.00.csv,0.464681178,0.447023064,0.218287796,0.680740595,2.25972486,3.17905951,35.0663452,0.659728527,0.000454455265,0.114825033,-0.176527843,-0.0171622206,2.25218701,3.15699768,-35.0179672,1.04037023,20.981741,5.45719481,3.67520881,0.812347233,0.999251187
TFG,speed,speed 1600 rpm,1600.0,0.6,80.0,0.442537,0.380973,40.0,30.7692,1.27054e-05,PM-Stokes,8.5,wave_data_pmstokes_H8.500_L202.839_A-30.00_P72.00.csv,1.32031453,1.29642403,0.472402483,1.90974081,2.6551559,2.36958027,28.5414429,0.603842616,0.000621499203,-0.0802978352,-0.559826314,-0.0348635986,2.6355865,2.36009932,-28.4299679,2.16781425,21.7916508,5.55767632,4.32274342,1.17693782,2.10747147
TFG,speed,speed 2000 rpm,2000.0,0.6,80.0,0.512922,0.410564,50.0,38.4615,1.70683e-05,JONSWAP,0.27,wave_data_jonswap_H0.270_L14.047_A30.00_P60.00.csv,0.149686053,0.0984745249,0.0630608276,0.189946875,19.3891582,10.2572775,110.566864,3.69799685,0.003333573,0.133177683,-0.0744753927,-0.0162277482,-16.9709206,5.07988882,-110.559875,0.0534430593,117.996292,23.3558617,1.77872074,0.152587682,0.0353619009
TFG,speed,speed 2000 rpm,2000.0,0.6,80.0,0.512922,0.410564,50.0,38.4615,1.70683e-05,JONSWAP,1.5,wave_data_jonswap_H1.500_L50.710_A-30.00_P120.00.csv,0.692016423,0.872808695,0.178310633,1.12804103,12.5280695,8.30648232,85.1610641,2.55406737,0.00652293814,0.57006228,-0.731835663,-0.0208098497,-7.946136,-4.49858665,-30.9067745,0.390963972,45.6079407,11.8873749,2.51317024,0.415007502,0.260314256
TFG,speed,speed 2000 rpm,2000.0,0.6,80.0,0.512922,0.410564,50.0,38.4615,1.70683e-05,JONSWAP,4.0,wave_data_jonswap_H4.000_L112.766_A30.00_P30.00.csv,2.62157321,5.92995071,0.409388691,6.49650383,7.91729307,10.8593407,102.537521,2.24798727,0.131653532,2.16796255,-5.63985825,-0.011099482,-7.76938534,-10.7140045,-65.4894867,1.04307246,39.2483482,10.2347174,3.93882179,0.752104223,0.861181259
TFG,speed,speed 2000 rpm,2000.0,0.6,80.0,0.512922,0.410564,50.0,38.4615,1.70683e-05,JONSWAP,8.5,wave_data_jonswap_H8.500_L202.839_A-30.00_P72.00.csv,8.80530357,19.7091274,0.920805097,21.6062717,8.40345097,10.8544416,102.169586,2.2934711,0.0944025591,7.65327168,-18.7187653,0.189315915,-8.08978271,-10.5996065,-60.1345787,2.15460348,42.7366409,10.8330011,4.4991188,0.9912498,1.49837983
TFG,speed,speed 2000 rpm,2000.0,0.6,80.0,0.512922,0.410564,50.0,38.4615,1.70683e-05,PM-Stokes,0.27,wave_data_pmstokes_H0.270_L14.047_A30.00_P60.00.csv,0.157019377,0.10213273,0.06439697,0.198073596,19.6209316,10.3754501,110.756371,3.74090362,0.00328037841,0.139837623,-0.0781076178,-0.0171803385,-17.226923,5.10180378,-111.132652,0.0499124601,129.019821,23.850729,1.80430973,0.148991376,0.0345738865
TFG,speed,speed 2000 rpm,2000.0,0.6,80.0,0.512922,0.410564,50.0,38.4615,1.70683e-05,PM-Stokes,1.5,wave_data_pmstokes_H1.500_L50.710_A-30.00_P120.00.csv,0.712873042,0.755126953,0.186306208,1.05504251,14.4081726,10.5760088,97.6478043,3.02854776,0.00554524595,0.585900307,-0.597242057,-0.0291887466,-12.1142921,-3.4842279,-67.6476822,0.385561794,48.320713,12.420413,2.33276105,0.445647836,0.302172571
TFG,speed,speed 2000 rpm,2000.0,0.6,80.0,0.512922,0.410564,50.0,38.4615,1.70683e-05,PM-Stokes,4.0,wave_data_pmstokes_H4.000_L112.766_A30.00_P30.00.csv,1.71237898,2.804456,0.32095319,3.3015492,6.03879929,4.95862436,56.1726837,1.34204865,0.00861745421,1.12804699,-2.19256878,0.00692952378,-0.870992601,-2.68332553,-30.2318211,1.04037023,30.8499012,8.02382946,3.6772511,0.813130796,1.00145435
TFG,speed,speed 2000 rpm,2000.0,0.6,80.0,0.512922,0.410564,50.0,38.4615,1.70683e-05,PM-Stokes,8.5,wave_data_pmstokes_H8.500_L202.839_A-30.00_P72.00.csv,7.67301655,17.067255,0.816352487,18.7305317,9.52298927,10.8635464,103.346588,2.42552948,0.0786714852,6.5922122,-16.368,0.1462906,-9.26111126,-10.6020508,-80.5783691,2.16781425,37.6578598,9.60414696,4.32427931,1.1772548,2.1088438
TFG,speed,speed 2400 rpm,2400.0,0.6,80.0,0.6,0.454334,60.0,46.1538,2.33556e-05,JONSWAP,0.27,wave_data_jonswap_H0.270_L14.047_A30.00_P60.00.csv,0.06765306,0.0867843106,0.0177183077,0.111455783,15.7276258,8.26421547,106.516014,3.01425409,0.0237909276,0.0618537962,-0.0730470195,-0.00521278149,-14.4274664,2.87583447,-102.979095,0.0534430593,33.1536179,6.56233597,1.52708197,0.142878756,0.0310637373
TFG,speed,speed 2400 rpm,2400.0,0.6,80.0,0.6,0.454334,60.0,46.1538,2.33556e-05,JONSWAP,1.5,wave_data_jonswap_H1.500_L50.710_A-30.00_P120.00.csv,0.608539045,1.37986958,0.106763221,1.51187241,7.3769536,6.49539137,103.766304,1.66447163,0.171013385,0.489054024,-1.32275164,-0.00381877366,-7.26361704,-6.36218262,-85.6383743,0.390963972,27.3076878,7.11754799,2.50573516,0.413333297,0.258023709
TFG,speed,speed 2400 rpm,2400.0,0.6,80.0,0.6,0.454334,60.0,46.1538,2.33556e-05,JONSWAP,4.0,wave_data_jonswap_H4.000_L112.766_A30.00_P30.00.csv,9.17062473,10.3056526,1.07130742,13.83671,6.77790594,6.46894646,103.82309,1.28428304,0.3964535,1.33573043,-4.32905531,-0.333862573,-5.84843636,-5.65026617,-87.5686188,1.04307246,102.706909,26.7826862,3.93698597,0.751657069,0.859921098
TFG,speed,speed 2400 rpm,2400.0,0.6,80.0,0.6,0.454334,60.0,46.1538,2.33556e-05,JONSWAP,8.5,wave_data_jonswap_H8.500_L202.839_A-30.00_P72.00.csv,12.4247141,18.8919258,1.86746025,22.6884518,8.1864481,7.98837471,103.074394,1.82336867,0.239535451,5.57378435,-14.8727112,-0.332053751,-7.75318766,-7.65827703,-56.7624321,2.15460348,86.6730423,21.9701195,4.49700069,0.99094224,1.49728501
TFG,speed,speed 2400 rpm,2400.0,0.6,80.0,0.6,0.454334,60.0,46.1538,2.33556e-05,PM-Stokes,0.27,wave_data_pmstokes_H0.270_L14.047_A30.00_P60.00.csv,0.0659113973,0.0833064318,0.0175630767,0.10766957,15.9025173,8.31914806,106.590004,3.04432631,0.0225168206,0.0604754239,-0.0703807771,-0.00528928125,-14.5809793,2.97023559,-103.121971,0.0499124601,35.1877594,6.50484324,1.51568127,0.141591191,0.0313681141
TFG,speed,speed 2400 rpm,2400.0,0.6,80.0,0.6,0.454334,60.0,46.1538,2.33556e-05,PM-Stokes,1.5,wave_data_pmstokes_H1.500_L50.710_A-30.00_P120.00.csv,0.580216348,1.26248157,0.110252164,1.39379561,7.10515356,6.95000553,103.611526,1.683514,0.183487087,0.45561552,-1.20378041,-0.00338811264,-6.98934984,-6.82915497,-85.6621933,0.385561794,28.5951996,7.35014391,2.32528996,0.443496227,0.29901126
TFG,speed,speed 2400 rpm,2400.0,0.6,80.0,0.6,0.454334,60.0,46.1538,2.33556e-05,PM-Stokes,4.0,wave_data_pmstokes_H4.000_L112.766_A30.00_P30.00.csv,2.88325214,4.96900988,0.336910099,5.75479937,7.00518465,8.34738255,103.576469,1.7732259,0.236451462,1.72235596,-4.3289957,-0.0395108238,-6.77196455,-8.17196083,-75.4973602,1.04037023,32.3836746,8.42275238,3.6752317,0.812419534,0.999432445
TFG,speed,speed 2400 rpm,2400.0,0.6,80.0,0.6,0.454334,60.0,46.1538,2.33556e-05,PM-Stokes,8.5,wave_data_pmstokes_H8.500_L202.839_A-30.00_P72.00.csv,11.0176992,16.7499409,1.80276155,20.1295853,9.12874031,8.55296898,103.496559,2.02344751,0.236081004,4.3762064,-12.8031712,-0.341444701,-8.71367836,-8.23854923,-76.375618,2.16781425,83.1603317,21.2089596,4.32280397,1.17697012,2.10758352
TFG,speed,speed 2800 rpm,2800.0,0.6,80.0,0.698617,0.506742,70.0,53.8462,3.16641e-05,JONSWAP,0.27,wave_data_jonswap_H0.270_L14.047_A30.00_P60.00.csv,0.0491357781,0.121593319,0.0119052744,0.131685212,8.9332552,3.71231008,105.022591,1.64763534,0.176454082,0.0428411998,-0.118824661,-0.00139398722,-8.8014307,-3.42951655,-112.810364,0.0534430593,22.2765579,4.40936089,1.52675009,0.142991379,0.0311131496
TFG,speed,speed 2800 rpm,2800.0,0.6,80.0,0.698617,0.506742,70.0,53.8462,3.16641e-05,JONSWAP,1.5,wave_data_jonswap_H1.500_L50.710_A-30.00_P120.00.csv,1.87991071,2.14078236,0.264365971,2.86127639,5.64712763,2.79326797,103.916557,0.961229444,0.48729524,0.32060802,-1.09478486,-0.0288096089,-5.19997263,-2.29380918,-87.3541946,0.390963972,67.6190109,17.6243973,2.5057826,0.413343489,0.258034587
TFG,speed,speed 2800 rpm,2800.0,0.6,80.0,0.698617,0.506742,70.0,53.8462,3.16641e-05,JONSWAP,4.0,wave_data_jonswap_H4.000_L112.766_A30.00_P30.00.csv,22.6019249,22.9506912,3.46021223,32.3968239,11.1927605,5.96119976,104.227135,1.47502756,0.506475508,0.795454502,-5.81280327,-1.69275582,-9.41808605,-2.17256117,-112.593987,1.04307246,331.732666,86.5053024,3.93699741,0.751675069,0.85996604
TFG,speed,speed 2800 rpm,2800.0,0.6,80.0,0.698617,0.506742,70.0,53.8462,3.16641e-05,JONSWAP,8.5,wave_data_jonswap_H8.500_L202.839_A-30.00_P72.00.csv,47.8890533,50.3814926,8.44280243,70.0209732,11.7570658,6.14365339,104.106247,1.36088443,0.383072197,-0.257030874,-15.1491528,-4.36533594,-9.54981232,-0.346065611,-101.843811,2.15460348,391.849487,99.3270874,4.49688959,0.990941525,1.4972868
TFG,speed,speed 2800 rpm,2800.0,0.6,80.0,0.698617,0.506742,70.0,53.8462,3.16641e-05,PM-Stokes,0.27,wave_data_pmstokes_H0.270_L14.047_A30.00_P60.00.csv,0.0482267998,0.119397163,0.0117438128,0.129303619,9.06799889,3.64703727,104.965836,1.66506267,0.173664704,0.0423084125,-0.117036223,-0.00144267431,-8.93690205,-3.32348704,-108.290489,0.0499124601,23.52882,4.34956026,1.51494217,0.141708598,0.0314193368
TFG,speed,speed 2800 rpm,2800.0,0.6,80.0,0.698617,0.506742,70.0,53.8462,3.16641e-05,PM-Stokes,1.5,wave_data_pmstokes_H1.500_L50.710_A-30.00_P120.00.csv,1.73001218,2.03645658,0.235073343,2.68241644,5.52243996,2.92403722,103.875961,0.961053371,0.47601372,0.28091535,-0.991670012,-0.0296127256,-5.07722425,-2.41299272,-87.9577484,0.385561794,60.9690437,15.6715555,2.32540202,0.443509847,0.299026996
TFG,speed,speed 2800 rpm,2800.0,0.6,80.0,0.698617,0.506742,70.0,53.8462,3.16641e-05,PM-Stokes,4.0,wave_data_pmstokes_H4.000_L112.766_A30.00_P30.00.csv,13.0359001,13.9727058,1.515306,19.1694374,8.18784142,5.2556386,103.938385,1.16461527,0.450567305,0.602674246,-4.02666569,-0.590651035,-6.82709932,-3.30604792,-87.1914444,1.04037023,145.65065,37.8826485,3.67526221,0.812437475,0.999479771
TFG,speed,speed 2800 rpm,2800.0,0.6,80.0,0.698617,0.506742,70.0,53.8462,3.16641e-05,PM-Stokes,8.5,wave_data_pmstokes_H8.500_L202.839_A-30.00_P72.00.csv,43.2609367,45.7434883,6.61118269,63.306263,13.2749033,6.53883982,104.106438,1.64398789,0.400589168,0.622677326,-14.8719187,-2.85934138,-11.018589,-0.171594545,-105.115646,2.16781425,304.970001,77.7786179,4.32269812,1.17696285,2.10756421
TFG,speed,speed 3200 rpm,3200.0,0.6,80.0,0.807673,0.565733,80.0,61.5385,4.23214e-05,JONSWAP,0.27,wave_data_jonswap_H0.270_L14.047_A30.00_P60.00.csv,0.0854302496,0.13023673,0.0128869442,0.156288221,5.04775763,1.86953008,103.825104,0.906154454,0.599406779,0.0358675197,-0.102115549,-0.000927118061,-4.80710506,-1.61798084,-84.0127335,0.0534430593,24.113409,4.77294207,1.52872837,0.143276751,0.0312406886
TFG,speed,speed 3200 rpm,3200.0,0.6,80.0,0.807673,0.565733,80.0,61.5385,4.23214e-05,JONSWAP,1.5,wave_data_jonswap_H1.500_L50.710_A-30.00_P120.00.csv,8.30770779,8.38409138,1.01562202,11.8466244,10.6486053,6.48773289,103.946327,1.72347772,0.730383337,0.379823983,-1.31251717,-0.466405272,-9.36233616,4.93948078,-97.909256,0.390963972,259.773804,67.7081299,2.50567913,0.413398415,0.258108079
TFG,speed,speed 3200 rpm,3200.0,0.6,80.0,0.807673,0.565733,80.0,61.5385,4.23214e-05,JONSWAP,4.0,wave_data_jonswap_H4.000_L112.766_A30.00_P30.00.csv,30.0991497,31.5485821,4.38793135,43.8238029,17.2657223,8.88712502,103.915596,2.59333396,0.558612287,2.5903306,-5.21089983,-2.38685179,-15.4260969,-5.35533905,-103.70694,1.04307246,420.673676,109.69828,3.9369266,0.751709759,0.860039949
TFG,speed,speed 3200 rpm,3200.0,0.6,80.0,0.807673,0.565733,80.0,61.5385,4.23214e-05,JONSWAP,8.5,wave_data_jonswap_H8.500_L202.839_A-30.00_P72.00.csv,97.8566666,87.7273026,17.2362461,132.548462,24.7120838,15.6682911,104.823715,3.61582875,0.504070044,25.4881477,-8.0996933,-0.913645744,-19.5040417,9.12214088,-165.960785,2.15460348,799.973022,202.779358,4.49687576,0.99092418,1.49722064
TFG,speed,speed 3200 rpm,3200.0,0.6,80.0,0.807673,0.565733,80.0,61.5385,4.23214e-05,PM-Stokes,0.27,wave_data_pmstokes_H0.270_L14.047_A30.00_P60.00.csv,0.093332991,0.132634118,0.0124090891,0.162655592,4.97671318,1.79183865,104.031517,0.890926838,0.609873652,0.0343632735,-0.100492187,-0.000992114772,-4.7196269,-1.51589572,-96.8765259,0.0499124601,24.8617058,4.59595871,1.51740801,0.141985878,0.0315429978
TFG,speed,speed 3200 rpm,3200.0,0.6,80.0,0.807673,0.565733,80.0,61.5385,4.23214e-05,PM-Stokes,1.5,wave_data_pmstokes_H1.500_L50.710_A-30.00_P120.00.csv,7.58825874,7.49553585,0.840003788,10.6990805,9.87304497,6.60211849,104.323029,1.60407364,0.73692584,0.517228305,-0.992056489,-0.320864201,-8.45998096,5.0459938,-142.216141,0.385561794,217.864899,56.0002518,2.32526565,0.443572223,0.299118221
TFG,speed,speed 3200 rpm,3200.0,0.6,80.0,0.807673,0.565733,80.0,61.5385,4.23214e-05,PM-Stokes,4.0,wave_data_pmstokes_H4.000_L112.766_A30.00_P30.00.csv,28.5378323,28.7806606,3.94044971,40.721756,14.9503555,8.13268471,104.193344,1.90712023,0.592369318,1.76874709,-5.78147173,-1.38565421,-12.3510208,-0.444393426,-119.920044,1.04037023,378.754578,98.5112457,3.67517519,0.812479377,0.999579787
TFG,speed,speed 3200 rpm,3200.0,0.6,80.0,0.807673,0.565733,80.0,61.5385,4.23214e-05,PM-Stokes,8.5,wave_data_pmstokes_H8.500_L202.839_A-30.00_P72.00.csv,70.3606644,72.8392487,13.6235447,102.185028,24.2272129,13.4347401,104.56485,3.34565997,0.498153836,4.12379313,-24.8975563,-2.73618841,-20.6266079,8.05175781,150.255219,2.16781425,628.446106,160.276993,4.32266378,1.17694402,2.10747838
TFG,level,level 0.15 m/s^2,2400.0,0.15,80.0,0.15,0.113583,60.0,46.1538,1.45972e-06,JONSWAP,0.27,wave_data_jonswap_H0.270_L14.047_A30.00_P60.00.csv,0.0114083793,0.00880032871,0.0112633808,0.0182882659,0.785053849,2.70730925,8.43078041,0.481203377,0.000103776103,0.00538303005,0.000434751535,-0.00075420324,-0.602653325,2.44602776,-7.74298429,0.0534430593,21.0754795,4.17162228,1.52940035,0.142334402,0.0308135264
TFG,level,level 0.15 m/s^2,2400.0,0.15,80.0,0.15,0.113583,60.0,46.1538,1.45972e-06,JONSWAP,1.5,wave_data_jonswap_H1.500_L50.710_A-30.00_P120.00.csv,0.0908703804,0.0689480677,0.0656673983,0.131618649,0.79866308,3.12371063,9.79986477,0.54885745,0.00010909143,0.0570410341,0.00710648857,-0.00461381162,-0.579995275,2.88741231,-9.25819969,0.390963972,16.7962799,4.37782621,2.50600576,0.413196683,0.257834852
TFG,level,level 0.15 m/s^2,2400.0,0.15,80.0,0.15,0.113583,60.0,46.1538,1.45972e-06,JONSWAP,4.0,wave_data_jonswap_H4.000_L112.766_A30.00_P30.00.csv,0.347311795,0.169403389,0.177055776,0.425054967,0.855312467,3.19301605,11.1011429,0.5618065,0.000116218398,0.222883239,0.0142570641,-0.0113568883,-0.635068417,2.97902274,-10.69133,1.04307246,16.9744473,4.42639446,3.93707848,0.751540899,0.859647572
TFG,level,level 0.15 m/s^2,2400.0,0.15,80.0,0.15,0.113583,60.0,46.1538,1.45972e-06,JONSWAP,8.5,wave_data_jonswap_H8.500_L202.839_A-30.00_P72.00.csv,0.932970881,0.608113766,0.342347205,1.16509163,0.860584319,3.26151609,10.2067938,0.566884756,0.000129008971,0.707499743,0.118450895,-0.0172942467,-0.651578724,3.07028556,-9.78824806,2.15460348,15.8891058,4.02761412,4.49695444,0.99087435,1.4970758
TFG,level,level 0.15 m/s^2,2400.0,0.15,80.0,0.15,0.113583,60.0,46.1538,1.45972e-06,PM-Stokes,0.27,wave_data_pmstokes_H0.270_L14.047_A30.00_P60.00.csv,0.011232011,0.00865810923,0.0112058241,0.0180746075,0.779953122,2.71652317,8.1858263,0.482450336,0.000101109792,0.00524691027,0.000463484088,-0.000774074695,-0.599783719,2.45349765,-7.49399948,0.0499124601,22.4509563,4.15030527,1.51846588,0.141050771,0.0311138052
TFG,level,level 0.15 m/s^2,2400.0,0.15,80.0,0.15,0.113583,60.0,46.1538,1.45972e-06,PM-Stokes,1.5,wave_data_pmstokes_H1.500_L50.710_A-30.00_P120.00.csv,0.0852204859,0.0656234995,0.0640098229,0.125164822,0.73663944,2.97149849,9.607831,0.521613955,0.000108729728,0.0493059307,0.00625598663,-0.00398342172,-0.521976113,2.74939418,-9.12381268,0.385561794,16.6017036,4.26732159,2.32560325,0.443353802,0.298792452
TFG,level,level 0.15 m/s^2,2400.0,0.15,80.0,0.15,0.113583,60.0,46.1538,1.45972e-06,PM-Stokes,4.0,wave_data_pmstokes_H4.000_L112.766_A30.00_P30.00.csv,0.323250741,0.157656372,0.17250523,0.39887923,0.736324787,2.89898539,10.1433592,0.510006905,0.000113482383,0.180488274,0.0119120246,-0.00876064599,-0.539231777,2.71149778,-9.78783035,1.04037023,16.5811386,4.31263065,3.67530274,0.812296808,0.999122143
TFG,level,level 0.15 m/s^2,2400.0,0.15,80.0,0.15,0.113583,60.0,46.1538,1.45972e-06,PM-Stokes,8.5,wave_data_pmstokes_H8.500_L202.839_A-30.00_P72.00.csv,0.792533994,0.593483448,0.341137588,1.04723811,0.803804696,2.98221636,9.5757246,0.522058249,0.000126600557,0.53275466,0.0948109776,-0.0146009112,-0.63331604,2.82567024,-9.2530098,2.16781425,15.7364769,4.01338339,4.32276201,1.17690539,2.10734868
TFG,level,level 0.30 m/s^2,2400.0,0.3,80.0,0.3,0.227167,60.0,46.1538,5.8389e-06,JONSWAP,0.27,wave_data_jonswap_H0.270_L14.047_A30.00_P60.00.csv,0.0218577199,0.00986043829,0.0126859806,0.0271278862,3.83324409,8.36539078,30.716568,1.56742144,0.00018105554,0.0161948968,-0.00184291264,-0.00207541906,-2.95105958,7.792799,-28.9616451,0.0534430593,23.7373772,4.69851112,1.52862442,0.142442569,0.0308642834
TFG,level,level 0.30 m/s^2,2400.0,0.3,80.0,0.3,0.227167,60.0,46.1538,5.8389e-06,JONSWAP,1.5,wave_data_jonswap_H1.500_L50.710_A-30.00_P120.00.csv,0.250137627,0.117536247,0.0804166421,0.287837535,3.99212694,9.01228046,34.9244652,1.67148674,0.000211234772,0.195946008,-0.0242981724,-0.0129981227,-3.09630847,8.56663704,-33.5311127,0.390963972,20.5688114,5.36110926,2.5059166,0.413232267,0.257885039
TFG,level,level 0.30 m/s^2,2400.0,0.3,80.0,0.3,0.227167,60.0,46.1538,5.8389e-06,JONSWAP,4.0,wave_data_jonswap_H4.000_L112.766_A30.00_P30.00.csv,0.893068373,0.455876291,0.237684831,1.03047967,3.96143031,8.96566105,35.9618988,1.65823519,0.000223345036,0.782025933,-0.0967927724,-0.0315227285,-3.17136192,8.61583233,-34.9331741,1.04307246,22.7869911,5.94212055,3.93704319,0.751573861,0.859725475
TFG,level,level 0.30 m/s^2,2400.0,0.3,80.0,0.3,0.227167,60.0,46.1538,5.8389e-06,JONSWAP,8.5,wave_data_jonswap_H8.500_L202.839_A-30.00_P72.00.csv,2.90482807,1.11305177,0.389459193,3.13505793,4.03052711,9.22101974,35.5563126,1.67533982,0.000289743621,2.54280043,-0.247096777,-0.0524525642,-3.28397131,8.90760422,-34.542305,2.15460348,18.0756779,4.58187294,4.49697971,0.990896165,1.49714255
TFG,level,level 0.30 m/s^2,2400.0,0.3,80.0,0.3,0.227167,60.0,46.1538,5.8389e-06,PM-Stokes,0.27,wave_data_pmstokes_H0.270_L14.047_A30.00_P60.00.csv,0.0212340523,0.00958064478,0.0124228559,0.0264007784,3.85323858,8.41814327,30.5833626,1.57691801,0.000178639442,0.0158079211,-0.00176341471,-0.00209290651,-2.97251892,7.83949423,-28.8091793,0.0499124601,24.8892879,4.60105753,1.51752317,0.141156316,0.031165598
TFG,level,level 0.30 m/s^2,2400.0,0.3,80.0,0.3,0.227167,60.0,46.1538,5.8389e-06,PM-Stokes,1.5,wave_data_pmstokes_H1.500_L50.710_A-30.00_P120.00.csv,0.221251309,0.111103967,0.0786681548,0.259778589,3.55092072,8.55294609,33.5848007,1.57227743,0.000206638899,0.168623954,-0.0201019812,-0.0108795436,-2.70900488,8.12618446,-32.3398285,0.385561794,20.4035149,5.24454355,2.32549047,0.443390131,0.298850179
TFG,level,level 0.30 m/s^2,2400.0,0.3,80.0,0.3,0.227167,60.0,46.1538,5.8389e-06,PM-Stokes,4.0,wave_data_pmstokes_H4.000_L112.766_A30.00_P30.00.csv,0.755511284,0.400967717,0.227528274,0.885065854,3.17657804,8.17497063,32.7015038,1.48991644,0.000206464509,0.622541606,-0.0706937835,-0.0227100756,-2.49059701,7.85108328,-31.8537502,1.04037023,21.8699322,5.68820667,3.67528558,0.812328398,0.99920398
TFG,level,level 0.30 m/s^2,2400.0,0.3,80.0,0.3,0.227167,60.0,46.1538,5.8389e-06,PM-Stokes,8.5,wave_data_pmstokes_H8.500_L202.839_A-30.00_P72.00.csv,2.22921777,1.05861688,0.39139834,2.49865437,3.37460923,8.43766022,32.4353333,1.52297807,0.000262333837,1.88639808,-0.154071867,-0.0368181653,-2.78652954,8.17511559,-31.6668491,2.16781425,18.0549774,4.60468626,4.32277632,1.17692602,2.10742331
TFG,level,level 1.20 m/s^2,2400.0,1.2,80.0,1.2,0.908668,60.0,46.1538,9.34224e-05,JONSWAP,0.27,wave_data_jonswap_H0.270_L14.047_A30.00_P60.00.csv,1.97700632,1.96903014,0.15125306,2.79437137,3.50074553,7.55716896,103.829048,1.17320466,1.38036251,0.00416040746,-0.143351763,-0.0800862908,-0.866949201,-6.69838762,-75.1246414,0.0534430593,283.017212,56.0196495,1.52433717,0.144628525,0.0318584777
TFG,level,level 1.20 m/s^2,2400.0,1.2,80.0,1.2,0.908668,60.0,46.1538,9.34224e-05,JONSWAP,1.5,wave_data_jonswap_H1.500_L50.710_A-30.00_P120.00.csv,21.438694,21.6526356,3.58199167,30.6803665,18.862009,12.169405,103.799133,3.20245576,0.944124281,1.12451756,-3.60060453,-1.17749536,14.1321201,-6.83569574,-81.3345337,0.390963972,916.194824,238.799438,2.50532675,0.413654715,0.25845471
TFG,level,level 1.20 m/s^2,2400.0,1.2,80.0,1.2,0.908668,60.0,46.1538,9.34224e-05,JONSWAP,4.0,wave_data_jonswap_H4.000_L112.766_A30.00_P30.00.csv,73.1176224,82.5129929,23.3634224,112.69619,32.7627449,24.3425007,103.644447,1.87927496,0.830665469,7.71553278,-4.63703966,-4.91798353,24.0469627,-14.5899315,-50.6855011,1.04307246,2239.86572,584.085571,3.93684077,0.75189954,0.860487461
TFG,level,level 1.20 m/s^2,2400.0,1.2,80.0,1.2,0.908668,60.0,46.1538,9.34224e-05,JONSWAP,8.5,wave_data_jonswap_H8.500_L202.839_A-30.00_P72.00.csv,128.190094,130.953232,38.8030701,187.315582,39.8406105,33.9120064,100.552238,4.44225931,0.589562953,29.7351494,12.0083475,-10.1585245,30.4337635,-29.7902966,8.38089752,2.15460348,1800.93799,456.506683,4.49702263,0.99106133,1.49764669
TFG,level,level 1.20 m/s^2,2400.0,1.2,80.0,1.2,0.908668,60.0,46.1538,9.34224e-05,PM-Stokes,0.27,wave_data_pmstokes_H0.270_L14.047_A30.00_P60.00.csv,1.97234929,1.94760108,0.122257769,2.77457356,3.52674413,8.15224266,103.774765,1.2686224,1.40078902,0.107581839,-0.0808569416,-0.0588048585,-0.744469762,-7.26876783,-66.8759613,0.0499124601,244.944382,45.2806549,1.5122056,0.143345401,0.0321689546
TFG,level,level 1.20 m/s^2,2400.0,1.2,80.0,1.2,0.908668,60.0,46.1538,9.34224e-05,PM-Stokes,1.5,wave_data_pmstokes_H1.500_L50.710_A-30.00_P120.00.csv,17.2531624,17.8776512,3.11999559,25.0402966,18.7502785,11.2187614,103.816628,3.37432504,0.95501256,0.346005917,-2.77460265,-1.01490712,15.0844812,-6.71354437,-80.3236465,0.385561794,809.207703,207.999695,2.32482648,0.443840444,0.29951629
TFG,level,level 1.20 m/s^2,2400.0,1.2,80.0,1.2,0.908668,60.0,46.1538,9.34224e-05,PM-Stokes,4.0,wave_data_pmstokes_H4.000_L112.766_A30.00_P30.00.csv,42.6893158,43.6841469,8.71082306,61.6973305,20.8281059,18.7325859,103.564117,1.7283498,0.66358459,-0.814556658,-8.32628345,-2.55259514,16.4707794,-14.9678555,-72.9390259,1.04037023,837.281067,217.770569,3.67513895,0.812680721,1.00008762
TFG,level,level 1.20 m/s^2,2400.0,1.2,80.0,1.2,0.908668,60.0,46.1538,9.34224e-05,PM-Stokes,8.5,wave_data_pmstokes_H8.500_L202.839_A-30.00_P72.00.csv,94.1307602,83.8169708,20.3763847,127.67569,24.9368191,17.5228329,103.656967,3.94548035,0.512106836,8.71532726,-1.90003169,-5.83132935,19.5833149,-12.7192001,-67.215065,2.16781425,939.950684,239.722168,4.32280254,1.17708206,2.10798812
TFG,level,level 2.40 m/s^2,2400.0,2.4,80.0,2.4,1.81734,60.0,46.1538,0.000373689,JONSWAP,0.27,wave_data_jonswap_H0.270_L14.047_A30.00_P60.00.csv,0.739611924,0.728657007,0.0998989493,1.04304683,20.4993668,15.8871918,103.850418,4.20868444,3.78027678,0.0607880019,-0.108104385,-0.0243490133,20.2960644,-15.3798094,-68.1816177,0.0534430593,186.925949,36.9996109,1.51865149,0.151440173,0.035023734
TFG,level,level 2.40 m/s^2,2400.0,2.4,80.0,2.4,1.81734,60.0,46.1538,0.000373689,JONSWAP,1.5,wave_data_jonswap_H1.500_L50.710_A-30.00_P120.00.csv,3.76795244,3.79633951,0.740447581,5.39980745,13.0683517,15.85954,103.862694,2.77650976,3.84897852,0.365478635,-1.41206491,-0.0591495447,12.1221809,-14.6584682,-64.5507202,0.390963972,189.390244,49.3631706,2.5044415,0.414780915,0.259942949
TFG,level,level 2.40 m/s^2,2400.0,2.4,80.0,2.4,1.81734,60.0,46.1538,0.000373689,JONSWAP,4.0,wave_data_jonswap_H4.000_L112.766_A30.00_P30.00.csv,8.21965122,8.37775993,3.28294134,12.1871748,29.2758465,15.8592196,103.906677,3.52451444,4.25041437,1.04788613,-4.23662758,-0.701072574,28.2360992,-13.5147753,-86.7054214,1.04307246,314.73761,82.0735321,3.93653703,0.752679944,0.86230129
TFG,level,level 2.40 m/s^2,2400.0,2.4,80.0,2.4,1.81734,60.0,46.1538,0.000373689,JONSWAP,8.5,wave_data_jonswap_H8.500_L202.839_A-30.00_P72.00.csv,24.7670479,32.1632538,7.21452999,41.230217,24.3553047,14.7032471,103.868668,1.62559831,3.95343137,2.73481274,-8.93263817,-3.6567626,22.7840099,-10.5833492,-72.8842621,2.15460348,334.84259,84.8768234,4.49697351,0.991387308,1.4986279
TFG,level,level 2.40 m/s^2,2400.0,2.4,80.0,2.4,1.81734,60.0,46.1538,0.000373689,PM-Stokes,0.27,wave_data_pmstokes_H0.270_L14.047_A30.00_P60.00.csv,0.757217824,0.763006568,0.0878924429,1.07855594,21.9288769,14.9923954,103.878487,4.32693815,3.8526547,0.0154413916,-0.1035432,-0.0260764677,21.7448273,-14.4766121,-70.5609055,0.0499124601,176.093201,32.5527573,1.50494742,0.150209486,0.0353555121
TFG,level,level 2.40 m/s^2,2400.0,2.4,80.0,2.4,1.81734,60.0,46.1538,0.000373689,PM-Stokes,1.5,wave_data_pmstokes_H1.500_L50.710_A-30.00_P120.00.csv,4.0408802,4.24496698,0.946873426,5.93675232,12.8477249,15.6488438,103.834808,2.51359391,3.88605189,0.425258636,-1.0690999,-0.082240887,11.5132904,-14.1242771,-46.8814621,0.385561794,245.582794,63.1248932,2.32394361,0.445054591,0.301255882
TFG,level,level 2.40 m/s^2,2400.0,2.4,80.0,2.4,1.81734,60.0,46.1538,0.000373689,PM-Stokes,4.0,wave_data_pmstokes_H4.000_L112.766_A30.00_P30.00.csv,7.17375469,8.21743774,5.82548618,12.3662977,17.1225319,16.005331,103.92733,1.38106871,4.12332726,0.524184525,-3.31069827,-0.266745746,14.174654,-12.3938322,-94.4067001,1.04037023,559.943604,145.637161,3.6750052,0.813506305,1.00215507
TFG,level,level 2.40 m/s^2,2400.0,2.4,80.0,2.4,1.81734,60.0,46.1538,0.000373689,PM-Stokes,8.5,wave_data_pmstokes_H8.500_L202.839_A-30.00_P72.00.csv,51.1957016,60.5805321,13.8844337,80.5219116,26.6193447,16.9278374,103.898308,7.96530151,3.56649613,-1.06816232,-4.45192432,-0.430399328,23.6219254,-9.86515141,-71.8169861,2.16781425,640.480774,163.346283,4.32267141,1.17737722,2.10904264
TFG,bandwidth,bandwidth 20 Hz,2400.0,0.6,20.0,0.6,0.186454,60.0,46.1538,2.33556e-05,JONSWAP,0.27,wave_data_jonswap_H0.270_L14.047_A30.00_P60.00.csv,0.0282661542,0.0106282476,0.0149253206,0.0336853117,7.30947781,10.651248,42.8905525,2.19254017,0.000250535464,0.0220965054,-0.0030555909,-0.00344810495,-5.95768309,10.0137901,-40.079525,0.0534430593,27.9275188,5.5278964,1.52706039,0.142469391,0.0308781844
TFG,bandwidth,bandwidth 20 Hz,2400.0,0.6,20.0,0.6,0.186454,60.0,46.1538,2.33556e-05,JONSWAP,1.5,wave_data_jonswap_H1.500_L50.710_A-30.00_P120.00.csv,0.19699432,0.101350032,0.075407654,0.234019026,3.52647662,7.77644348,25.9640064,1.44985139,0.000171908265,0.15381974,-0.000598025508,-0.0108668776,-2.95457458,7.3157115,-24.5975685,0.390963972,19.2876225,5.02717686,2.50581264,0.41323635,0.257893682
TFG,bandwidth,bandwidth 20 Hz,2400.0,0.6,20.0,0.6,0.186454,60.0,46.1538,2.33556e-05,JONSWAP,4.0,wave_data_jonswap_H4.000_L112.766_A30.00_P30.00.csv,0.61739701,0.28540206,0.212149993,0.712489307,2.85185599,6.75541449,22.4237022,1.24467671,0.00016727527,0.513708174,0.010333769,-0.0218642149,-2.4463315,6.40173817,-21.5148029,1.04307246,20.3389511,5.30375004,3.93701649,0.751577437,0.859735489
TFG,bandwidth,bandwidth 20 Hz,2400.0,0.6,20.0,0.6,0.186454,60.0,46.1538,2.33556e-05,JONSWAP,8.5,wave_data_jonswap_H8.500_L202.839_A-30.00_P72.00.csv,1.72422838,0.796065152,0.364491343,1.9337883,2.48815489,6.3529706,19.5078449,1.14274597,0.000191273066,1.48751318,0.119314723,-0.0384739302,-2.15672064,6.05274773,-18.6754131,2.15460348,16.9168644,4.28813314,4.49701738,0.990904391,1.49717069
TFG,bandwidth,bandwidth 20 Hz,2400.0,0.6,20.0,0.6,0.186454,60.0,46.1538,2.33556e-05,PM-Stokes,0.27,wave_data_pmstokes_H0.270_L14.047_A30.00_P60.00.csv,0.0276082009,0.0104122274,0.0146405185,0.0329389125,7.49572182,10.8001652,43.517189,2.23081589,0.000249950157,0.021747347,-0.00312895398,-0.00351661583,-6.11140203,10.1604271,-40.6281776,0.0499124601,29.3323917,5.4224143,1.51553869,0.141187042,0.0311828405
TFG,bandwidth,bandwidth 20 Hz,2400.0,0.6,20.0,0.6,0.186454,60.0,46.1538,2.33556e-05,PM-Stokes,1.5,wave_data_pmstokes_H1.500_L50.710_A-30.00_P120.00.csv,0.157147408,0.0903194696,0.0714651495,0.194833726,2.72237849,6.67278147,21.8112774,1.22561657,0.000155825037,0.117563717,0.00347368675,-0.00797818694,-2.27520776,6.25909424,-20.6917763,0.385561794,18.5353298,4.76434326,2.3253963,0.443393916,0.298859984
TFG,bandwidth,bandwidth 20 Hz,2400.0,0.6,20.0,0.6,0.186454,60.0,46.1538,2.33556e-05,PM-Stokes,4.0,wave_data_pmstokes_H4.000_L112.766_A30.00_P30.00.csv,0.484633386,0.217942223,0.195445493,0.566186607,1.99153626,5.38028574,17.3745689,0.977864981,0.000145284139,0.353786975,0.0195447356,-0.0140321348,-1.70682597,5.08862686,-16.6816273,1.04037023,18.7861481,4.88613749,3.67526221,0.812335312,0.999222875
TFG,bandwidth,bandwidth 20 Hz,2400.0,0.6,20.0,0.6,0.186454,60.0,46.1538,2.33556e-05,PM-Stokes,8.5,wave_data_pmstokes_H8.500_L202.839_A-30.00_P72.00.csv,1.2037282,0.720344126,0.357130826,1.44754946,1.85337651,5.10083437,15.3737812,0.914755344,0.000161397329,0.963362515,0.118662067,-0.0267194808,-1.63204777,4.87397099,-14.7940369,2.16781425,16.4742355,4.20153904,4.32279825,1.17693555,2.10746121
TFG,bandwidth,bandwidth 40 Hz,2400.0,0.6,40.0,0.6,0.293871,60.0,46.1538,2.33556e-05,JONSWAP,0.27,wave_data_jonswap_H0.270_L14.047_A30.00_P60.00.csv,0.051275,0.0266898945,0.0245537627,0.06280417,19.4270382,11.9300203,98.6147995,3.83788323,0.00120427099,0.0456934012,-0.0186199993,-0.00906237308,-16.2612343,11.4483099,-89.025177,0.0534430593,45.9437828,9.09398556,1.5271976,0.14263089,0.0309515782
TFG,bandwidth,bandwidth 40 Hz,2400.0,0.6,40.0,0.6,0.293871,60.0,46.1538,2.33556e-05,JONSWAP,1.5,wave_data_jonswap_H1.500_L50.710_A-30.00_P120.00.csv,0.555885255,0.217146069,0.11849843,0.608442843,15.1035852,13.7091141,80.078476,3.41441798,0.000742230215,0.450146347,-0.14786382,-0.0429878943,-12.771472,13.4997082,-75.4023209,0.390963972,30.3092976,7.89989519,2.50577927,0.413274199,0.257945299
TFG,bandwidth,bandwidth 40 Hz,2400.0,0.6,40.0,0.6,0.293871,60.0,46.1538,2.33556e-05,JONSWAP,4.0,wave_data_jonswap_H4.000_L112.766_A30.00_P30.00.csv,1.88300955,1.00495744,0.368934751,2.16605115,13.8771868,14.0256796,74.6188812,3.29605985,0.00062492548,1.72184455,-0.48478362,-0.0966363698,-12.031003,13.8595209,-71.4779892,1.04307246,35.3700027,9.22336864,3.93701243,0.751611054,0.859814763
TFG,bandwidth,bandwidth 40 Hz,2400.0,0.6,40.0,0.6,0.293871,60.0,46.1538,2.33556e-05,JONSWAP,8.5,wave_data_jonswap_H8.500_L202.839_A-30.00_P72.00.csv,6.05449152,1.98973644,0.533855557,6.39538288,13.396678,14.4029236,71.563118,3.21946096,0.000732595974,5.40829182,-1.36780226,-0.180518404,-11.7147303,14.2377033,-68.6739349,2.15460348,24.7774391,6.28065348,4.49700975,0.99091804,1.49721146
TFG,bandwidth,bandwidth 40 Hz,2400.0,0.6,40.0,0.6,0.293871,60.0,46.1538,2.33556e-05,PM-Stokes,0.27,wave_data_pmstokes_H0.270_L14.047_A30.00_P60.00.csv,0.0499490015,0.0264053717,0.0241806358,0.0614560768,19.7035904,11.8790035,100.134262,3.873142,0.00124738098,0.0447961465,-0.0185321178,-0.00907717831,-16.5216331,11.3411531,-90.0750122,0.0499124601,48.4460907,8.95579052,1.51574934,0.141345665,0.0312561542
TFG,bandwidth,bandwidth 40 Hz,2400.0,0.6,40.0,0.6,0.293871,60.0,46.1538,2.33556e-05,PM-Stokes,1.5,wave_data_pmstokes_H1.500_L50.710_A-30.00_P120.00.csv,0.466272593,0.182172686,0.11291755,0.513173878,12.6421051,13.5763855,70.9792786,3.11293268,0.000599155785,0.370084494,-0.107983984,-0.0338050723,-10.5991344,13.2956982,-67.269516,0.385561794,29.2864971,7.52783632,2.32533646,0.443434417,0.298921347
TFG,bandwidth,bandwidth 40 Hz,2400.0,0.6,40.0,0.6,0.293871,60.0,46.1538,2.33556e-05,PM-Stokes,4.0,wave_data_pmstokes_H4.000_L112.766_A30.00_P30.00.csv,1.44431829,0.866798759,0.345858455,1.71959698,10.1864061,13.3132629,61.303196,2.82076454,0.000474069035,1.2943871,-0.304217368,-0.0636585429,-8.71622372,13.0407448,-59.0395775,1.04037023,33.2437859,8.64646149,3.67525983,0.812372029,0.999316156
TFG,bandwidth,bandwidth 40 Hz,2400.0,0.6,40.0,0.6,0.293871,60.0,46.1538,2.33556e-05,PM-Stokes,8.5,wave_data_pmstokes_H8.500_L202.839_A-30.00_P72.00.csv,4.38879156,1.56141579,0.515027642,4.68665791,10.4356585,13.7371769,60.3719482,2.84818172,0.000552645652,3.82287765,-0.787544429,-0.131517455,-9.20989418,13.5298758,-58.4159889,2.16781425,23.7579231,6.05914879,4.32280159,1.17694914,2.10750794
TFG,bandwidth,bandwidth 160 Hz,2400.0,0.6,160.0,0.6,0.603447,60.0,46.1538,2.33556e-05,JONSWAP,0.27,wave_data_jonswap_H0.270_L14.047_A30.00_P60.00.csv,0.0536433235,0.0278430972,0.0209783986,0.0639760718,14.5162563,10.9574423,93.0507812,3.07259321,0.00134143955,0.0476082973,-0.0180011466,-0.00583298597,-11.9790211,10.782692,-87.7706375,0.0534430593,39.2537384,7.7697773,1.52725053,0.143361703,0.0312825404
TFG,bandwidth,bandwidth 160 Hz,2400.0,0.6,160.0,0.6,0.603447,60.0,46.1538,2.33556e-05,JONSWAP,1.5,wave_data_jonswap_H1.500_L50.710_A-30.00_P120.00.csv,0.638904393,1.36359799,0.122722931,1.51084709,6.90713644,7.1507802,103.169312,1.6767956,0.234173626,0.450255483,-1.2821157,-0.00531095266,-6.79711199,-7.03267717,-65.7259521,0.390963972,31.3898315,8.18152809,2.50562572,0.413423449,0.258142918
TFG,bandwidth,bandwidth 160 Hz,2400.0,0.6,160.0,0.6,0.603447,60.0,46.1538,2.33556e-05,JONSWAP,4.0,wave_data_jonswap_H4.000_L112.766_A30.00_P30.00.csv,11.5609226,12.4317322,1.42151475,17.0359497,6.54150677,6.89060926,103.665085,1.21623302,0.420621186,1.10575402,-4.4084053,-0.515890479,-5.30345583,-5.87484312,-78.7152023,1.04307246,136.281494,35.5378685,3.93688178,0.751690567,0.860000789
TFG,bandwidth,bandwidth 160 Hz,2400.0,0.6,160.0,0.6,0.603447,60.0,46.1538,2.33556e-05,JONSWAP,8.5,wave_data_jonswap_H8.500_L202.839_A-30.00_P72.00.csv,39.5719833,42.1950645,7.11849833,58.2841187,8.84080601,7.64289761,103.900772,1.17739689,0.358904719,2.75953007,-13.5972328,-3.26749349,-6.62828064,-5.66730165,-89.2380676,2.15460348,330.385559,83.7470398,4.49699593,0.990969121,1.49737275
TFG,bandwidth,bandwidth 160 Hz,2400.0,0.6,160.0,0.6,0.603447,60.0,46.1538,2.33556e-05,PM-Stokes,0.27,wave_data_pmstokes_H0.270_L14.047_A30.00_P60.00.csv,0.0514373817,0.0263623707,0.0203130469,0.061264988,14.2268629,11.1349506,90.9521179,3.05195308,0.00128637545,0.0455909222,-0.0170709603,-0.00575898122,-11.7295284,10.9645243,-85.9465714,0.0499124601,40.6973457,7.52335072,1.51528525,0.142063275,0.0315828472
TFG,bandwidth,bandwidth 160 Hz,2400.0,0.6,160.0,0.6,0.603447,60.0,46.1538,2.33556e-05,PM-Stokes,1.5,wave_data_pmstokes_H1.500_L50.710_A-30.00_P120.00.csv,0.855477452,1.3214426,0.153171405,1.58161747,5.42570353,6.64103127,103.480286,1.42448759,0.349403203,0.376292199,-1.07531166,-0.00804636162,-5.16384506,-6.41764879,-71.7493439,0.385561794,39.7268105,10.2114267,2.32517648,0.443594247,0.299152911
TFG,bandwidth,bandwidth 160 Hz,2400.0,0.6,160.0,0.6,0.603447,60.0,46.1538,2.33556e-05,PM-Stokes,4.0,wave_data_pmstokes_H4.000_L112.766_A30.00_P30.00.csv,9.92594147,10.5635529,1.04935622,14.5332069,6.30412912,7.45300436,104.10614,1.29957795,0.407179922,1.1668359,-4.22540092,-0.369100004,-5.09341526,-6.51271677,-101.163673,1.04037023,100.863731,26.2339058,3.67515755,0.812459469,0.999534249
TFG,bandwidth,bandwidth 160 Hz,2400.0,0.6,160.0,0.6,0.603447,60.0,46.1538,2.33556e-05,PM-Stokes,8.5,wave_data_pmstokes_H8.500_L202.839_A-30.00_P72.00.csv,36.9079666,37.3098907,5.94117403,52.8159409,9.67819786,7.92620754,103.932884,1.28740489,0.368503153,2.9157393,-11.5036345,-2.3821311,-7.3587575,-5.80422163,-91.9244308,2.16781425,274.062897,69.8961639,4.32279921,1.17699349,2.10767722
TFG,path,accelerometer only,2400.0,0.6,80.0,0.6,0.454334,60.0,46.1538,2.33556e-05,JONSWAP,0.27,wave_data_jonswap_H0.270_L14.047_A30.00_P60.00.csv,0.0676816553,0.0868553221,0.0177097209,0.11152707,15.7112255,8.25793457,106.547935,3.01126647,0.023976801,0.0618576035,-0.0731469616,-0.00521167042,-14.4141331,2.86984849,-103.059387,0.0534430593,33.1375504,6.55915594,1.52710056,0.142879292,0.0310639516
TFG,path,accelerometer only,2400.0,0.6,80.0,0.6,0.454334,60.0,46.1538,2.33556e-05,JONSWAP,1.5,wave_data_jonswap_H1.500_L50.710_A-30.00_P120.00.csv,0.610200465,1.37825072,0.106789097,1.51106691,7.37297249,6.49316406,103.773903,1.66369009,0.171257302,0.490958959,-1.32179976,-0.00377073768,-7.2598381,-6.36064339,-85.8109512,0.390963972,27.3143063,7.11927271,2.50573969,0.413333356,0.258023769
TFG,path,accelerometer only,2400.0,0.6,80.0,0.6,0.454334,60.0,46.1538,2.33556e-05,JONSWAP,4.0,wave_data_jonswap_H4.000_L112.766_A30.00_P30.00.csv,9.21370888,10.2901917,1.07324255,13.8539639,6.77454853,6.4678793,103.83075,1.28292978,0.396551311,1.33583236,-4.34488201,-0.334593564,-5.84413624,-5.64854479,-88.0892181,1.04307246,102.892426,26.8310642,3.93698406,0.751657248,0.859921396
TFG,path,accelerometer only,2400.0,0.6,80.0,0.6,0.454334,60.0,46.1538,2.33556e-05,JONSWAP,8.5,wave_data_jonswap_H8.500_L202.839_A-30.00_P72.00.csv,12.430274,18.9359264,1.87024283,22.7283707,8.18384743,7.98723793,103.053482,1.82196057,0.239709899,5.55649614,-14.9004745,-0.3329404,-7.74888611,-7.65628099,-56.5697899,2.15460348,86.8021774,22.0028572,4.49699211,0.990942121,1.49728453
TFG,path,accelerometer only,2400.0,0.6,80.0,0.6,0.454334,60.0,46.1538,2.33556e-05,PM-Stokes,0.27,wave_data_pmstokes_H0.270_L14.047_A30.00_P60.00.csv,0.0659395158,0.0833744332,0.0175527353,0.107737713,15.886508,8.31332588,106.544991,3.04147196,0.0227238107,0.0604863055,-0.0704723895,-0.00528444536,-14.5676632,2.96242762,-103.019623,0.0499124601,35.1670418,6.5010128,1.51565015,0.141590819,0.0313679725
TFG,path,accelerometer only,2400.0,0.6,80.0,0.6,0.454334,60.0,46.1538,2.33556e-05,PM-Stokes,1.5,wave_data_pmstokes_H1.500_L50.710_A-30.00_P120.00.csv,0.577936053,1.2646929,0.110241666,1.3948518,7.10151815,6.95087767,103.620865,1.68297505,0.183715492,0.452400714,-1.20567083,-0.00334420893,-6.98564577,-6.82977629,-85.9528885,0.385561794,28.5924778,7.34944391,2.3252995,0.443496376,0.299011469
TFG,path,accelerometer only,2400.0,0.6,80.0,0.6,0.454334,60.0,46.1538,2.33556e-05,PM-Stokes,4.0,wave_data_pmstokes_H4.000_L112.766_A30.00_P30.00.csv,2.90448856,4.96167803,0.336314201,5.75911522,6.99739075,8.3455658,103.575478,1.77179098,0.236673683,1.75031352,-4.32083178,-0.0391866677,-6.76353455,-8.17033863,-75.6100159,1.04037023,32.3263969,8.40785503,3.67523003,0.812419593,0.999432564
TFG,path,accelerometer only,2400.0,0.6,80.0,0.6,0.454334,60.0,46.1538,2.33556e-05,PM-Stokes,8.5,wave_data_pmstokes_H8.500_L202.839_A-30.00_P72.00.csv,11.0123539,16.7543221,1.80549741,20.1305504,9.12333488,8.55129433,103.548042,2.022753,0.236174181,4.408957,-12.7773905,-0.341639996,-8.70827484,-8.23720646,-76.981842,2.16781425,83.2865372,21.2411461,4.32280731,1.17697036,2.10758424
TFG,matched,matched 20 Hz,2400.0,1.4620249498535833,20.0,1.46202,0.454335,60.0,46.1538,0.000138675,JONSWAP,0.27,wave_data_jonswap_H0.270_L14.047_A30.00_P60.00.csv,0.302354872,0.310821474,0.020070944,0.43408674,7.22067547,1.57599568,103.894508,1.22559488,0.898453474,0.0270933807,-0.0981213972,-0.00372259528,-7.09403419,-0.737100422,-87.9255981,0.0534430593,37.5557556,7.43368292,1.52278996,0.143406361,0.0313055366
TFG,matched,matched 20 Hz,2400.0,1.4620249498535833,20.0,1.46202,0.454335,60.0,46.1538,0.000138675,JONSWAP,1.5,wave_data_jonswap_H1.500_L50.710_A-30.00_P120.00.csv,0.654630721,1.42520189,0.112941414,1.57241774,13.3251724,4.02552938,104.06871,2.34942007,0.164701208,0.517930448,-1.36419618,-0.0127506405,-13.1892319,-3.85879588,-95.5615845,0.390963972,28.8879356,7.52942753,2.50541759,0.413438141,0.258169323
TFG,matched,matched 20 Hz,2400.0,1.4620249498535833,20.0,1.46202,0.454335,60.0,46.1538,0.000138675,JONSWAP,4.0,wave_data_jonswap_H4.000_L112.766_A30.00_P30.00.csv,3.31266689,5.70861101,0.365337729,6.61025524,14.0443916,4.72445488,104.150055,2.42028332,0.247173026,2.08157372,-5.06336975,-0.0664776862,-13.8328905,-4.4894948,-104.046501,1.04307246,35.0251503,9.13344288,3.93691921,0.751741171,0.860121131
TFG,matched,matched 20 Hz,2400.0,1.4620249498535833,20.0,1.46202,0.454335,60.0,46.1538,0.000138675,JONSWAP,8.5,wave_data_jonswap_H8.500_L202.839_A-30.00_P72.00.csv,10.159831,5.01305389,1.00895905,11.3741322,25.8354683,11.7867479,126.016357,4.63257265,0.00213100226,9.26284885,-4.18283176,-0.338904858,-24.2925205,9.91884327,-123.369469,2.15460348,46.8280602,11.8701067,4.49712563,0.991024852,1.49754
TFG,matched,matched 20 Hz,2400.0,1.4620249498535833,20.0,1.46202,0.454335,60.0,46.1538,0.000138675,PM-Stokes,0.27,wave_data_pmstokes_H0.270_L14.047_A30.00_P60.00.csv,0.330292434,0.344845206,0.0184412394,0.477861255,7.79306698,1.67112422,103.804924,1.32902193,0.902027726,0.0255983863,-0.0961295366,-0.00461742654,-7.69650078,-0.924309969,-77.3224106,0.0499124601,36.9471664,6.83008862,1.51002157,0.142126724,0.0316180252
TFG,matched,matched 20 Hz,2400.0,1.4620249498535833,20.0,1.46202,0.454335,60.0,46.1538,0.000138675,PM-Stokes,1.5,wave_data_pmstokes_H1.500_L50.710_A-30.00_P120.00.csv,0.782873511,0.79947114,0.150744826,1.12905669,21.2689991,9.98100376,113.340569,3.9539299,0.00896037184,0.68459785,-0.634911597,-0.0472867265,-19.9301281,5.03959179,-116.268883,0.385561794,39.0974503,10.049655,2.32489562,0.443603605,0.299176395
TFG,matched,matched 20 Hz,2400.0,1.4620249498535833,20.0,1.46202,0.454335,60.0,46.1538,0.000138675,PM-Stokes,4.0,wave_data_pmstokes_H4.000_L112.766_A30.00_P30.00.csv,2.16371298,1.30219555,0.444112271,2.56409883,18.3464565,13.7431221,92.3944855,3.82293797,0.00103748729,1.97588134,-0.657390773,-0.111638136,-16.5424786,13.6525564,-88.6383667,1.04037023,42.6879082,11.102807,3.67517471,0.812512994,0.99967134
TFG,matched,matched 20 Hz,2400.0,1.4620249498535833,20.0,1.46202,0.454335,60.0,46.1538,0.000138675,PM-Stokes,8.5,wave_data_pmstokes_H8.500_L202.839_A-30.00_P72.00.csv,6.09309578,2.13439012,0.782725632,6.50339127,17.6618862,14.8649092,84.6384125,3.77158046,0.00096304121,5.34317112,-1.50116897,-0.23829329,-16.3835773,14.8091717,-82.0931778,2.16781425,36.1066742,9.2085371,4.32288218,1.17706394,2.10792971
TFG,matched,matched 40 Hz,2400.0,0.9276192615127047,40.0,0.927619,0.454334,60.0,46.1538,5.58249e-05,JONSWAP,0.27,wave_data_jonswap_H0.270_L14.047_A30.00_P60.00.csv,0.0644387826,0.119075209,0.0133637609,0.136050925,7.80190277,2.86012936,104.132805,1.40749931,0.48198086,0.0398950242,-0.107285924,-0.000993760768,-7.52917147,-2.7189405,-101.456703,0.0534430593,25.0056057,4.94954109,1.52562773,0.143105507,0.0311676264
TFG,matched,matched 40 Hz,2400.0,0.9276192615127047,40.0,0.927619,0.454334,60.0,46.1538,5.58249e-05,JONSWAP,1.5,wave_data_jonswap_H1.500_L50.710_A-30.00_P120.00.csv,1.26619494,1.67190397,0.176125661,2.10464549,7.7751236,2.4211154,103.976425,1.31179929,0.432487845,0.361923665,-1.1040194,-0.0159297753,-7.42957687,-1.98851204,-92.4367371,0.390963972,45.0490761,11.7417107,2.50559974,0.413372338,0.258079797
TFG,matched,matched 40 Hz,2400.0,0.9276192615127047,40.0,0.927619,0.454334,60.0,46.1538,5.58249e-05,JONSWAP,4.0,wave_data_jonswap_H4.000_L112.766_A30.00_P30.00.csv,10.595294,12.0204439,1.35346174,16.0805225,10.738759,4.24537992,103.99733,1.65125489,0.415915906,1.00256121,-4.60967779,-0.469369769,-10.0856905,-2.91151547,-90.9366531,1.04307246,129.757217,33.836544,3.93696141,0.751692295,0.860005915
TFG,matched,matched 40 Hz,2400.0,0.9276192615127047,40.0,0.927619,0.454334,60.0,46.1538,5.58249e-05,JONSWAP,8.5,wave_data_jonswap_H8.500_L202.839_A-30.00_P72.00.csv,20.1340847,24.5833683,3.10813046,31.9277897,11.5704861,4.35404682,103.928345,1.81070185,0.29030478,4.27594042,-13.9898682,-0.947273135,-11.0074224,-3.16181707,-96.4933548,2.15460348,144.255341,36.5662384,4.49703407,0.99096173,1.49734557
TFG,matched,matched 40 Hz,2400.0,0.9276192615127047,40.0,0.927619,0.454334,60.0,46.1538,5.58249e-05,PM-Stokes,0.27,wave_data_pmstokes_H0.270_L14.047_A30.00_P60.00.csv,0.0657096729,0.117224358,0.0129677439,0.135009155,7.6621666,2.71805596,103.660515,1.37747693,0.500865221,0.0368382819,-0.10290239,-0.00101551937,-7.3817935,-2.56033349,-76.3359985,0.0499124601,25.9809761,4.80286789,1.5133158,0.141815573,0.0314735211
TFG,matched,matched 40 Hz,2400.0,0.9276192615127047,40.0,0.927619,0.454334,60.0,46.1538,5.58249e-05,PM-Stokes,1.5,wave_data_pmstokes_H1.500_L50.710_A-30.00_P120.00.csv,1.04513109,1.40225279,0.142218456,1.7546618,7.99762201,2.65946293,104.051605,1.37250483,0.392305255,0.357408941,-1.04315555,-0.0117796613,-7.67209816,-2.28402615,-96.9121323,0.385561794,36.8860359,9.48122978,2.32514405,0.443537563,0.299077153
TFG,matched,matched 40 Hz,2400.0,0.9276192615127047,40.0,0.927619,0.454334,60.0,46.1538,5.58249e-05,PM-Stokes,4.0,wave_data_pmstokes_H4.000_L112.766_A30.00_P30.00.csv,5.17322063,6.1311903,0.497316658,8.03747654,9.40651798,4.20255756,103.995071,1.58195674,0.32004118,1.46521044,-3.85639715,-0.118217424,-8.99138451,-3.63161159,-95.3497772,1.04037023,47.8018951,12.4329166,3.67522717,0.812461615,0.999540746
TFG,matched,matched 40 Hz,2400.0,0.9276192615127047,40.0,0.927619,0.454334,60.0,46.1538,5.58249e-05,PM-Stokes,8.5,wave_data_pmstokes_H8.500_L202.839_A-30.00_P72.00.csv,13.2029371,18.0197449,1.89804411,22.4194412,12.492281,4.80103016,103.881966,2.09310198,0.256535143,4.60435486,-12.7327557,-0.492223531,-12.1260262,-4.1040163,-82.02211,2.16781425,87.5556641,22.3299294,4.32282543,1.1769923,2.10766363
TFG,matched,matched 160 Hz,2400.0,0.45173876081909436,160.0,0.451739,0.454334,60.0,46.1538,1.32392e-05,JONSWAP,0.27,wave_data_jonswap_H0.270_L14.047_A30.00_P60.00.csv,0.0317321643,0.0131115699,0.0152990241,0.0375886112,5.64052534,10.2407274,46.4787254,1.98711336,0.000436080474,0.0252857227,-0.00527640432,-0.00288181682,-4.42736387,9.79031277,-44.7907372,0.0534430593,28.6267757,5.66630507,1.52791834,0.142903954,0.0310744625
TFG,matched,matched 160 Hz,2400.0,0.45173876081909436,160.0,0.451739,0.454334,60.0,46.1538,1.32392e-05,JONSWAP,1.5,wave_data_jonswap_H1.500_L50.710_A-30.00_P120.00.csv,0.61918509,0.249499768,0.113402843,0.677126646,14.0472107,11.4167328,88.1987686,3.03395963,0.001009017,0.51001972,-0.169710413,-0.0333219841,-11.9188204,11.2979679,-84.3420486,0.390963972,29.0059566,7.56018925,2.50576639,0.413335443,0.258024126
TFG,matched,matched 160 Hz,2400.0,0.45173876081909436,160.0,0.451739,0.454334,60.0,46.1538,1.32392e-05,JONSWAP,4.0,wave_data_jonswap_H4.000_L112.766_A30.00_P30.00.csv,3.52643108,2.30117083,0.395888567,4.22940063,22.3796005,9.89765263,122.658508,4.07969999,0.00335326069,3.15326238,-1.76423633,-0.126247719,-21.2749958,4.03444099,-135.775711,1.04307246,37.9540787,9.89721394,3.93695235,0.751639545,0.85988003
TFG,matched,matched 160 Hz,2400.0,0.45173876081909436,160.0,0.451739,0.454334,60.0,46.1538,1.32392e-05,JONSWAP,8.5,wave_data_jonswap_H8.500_L202.839_A-30.00_P72.00.csv,12.1820526,9.65443134,0.890405476,15.5693054,22.3305855,11.6082134,118.707863,4.18269253,0.00410214718,11.298584,-8.35090065,-0.151354238,-21.2528076,-2.56163192,-168.531631,2.15460348,41.3257256,10.475358,4.49698257,0.990939319,1.49727798
TFG,matched,matched 160 Hz,2400.0,0.45173876081909436,160.0,0.451739,0.454334,60.0,46.1538,1.32392e-05,PM-Stokes,0.27,wave_data_pmstokes_H0.270_L14.047_A30.00_P60.00.csv,0.0306633767,0.0126311276,0.0147538651,0.0362968929,5.57245445,10.2395725,45.8552628,1.98136711,0.000430937333,0.0245325603,-0.00499601755,-0.00286359596,-4.37623453,9.78285789,-44.1693153,0.0499124601,29.5594826,5.46439457,1.51628733,0.141607508,0.0313741229
TFG,matched,matched 160 Hz,2400.0,0.45173876081909436,160.0,0.451739,0.454334,60.0,46.1538,1.32392e-05,PM-Stokes,1.5,wave_data_pmstokes_H1.500_L50.710_A-30.00_P120.00.csv,0.608247519,0.263175756,0.125551298,0.674529195,15.352644,10.771739,96.0090866,3.144279,0.00121425535,0.494706243,-0.175070971,-0.0326289609,-13.1507378,10.6324062,-91.2536316,0.385561794,32.5632095,8.37008667,2.32531214,0.44350028,0.299013883
TFG,matched,matched 160 Hz,2400.0,0.45173876081909436,160.0,0.451739,0.454334,60.0,46.1538,1.32392e-05,PM-Stokes,4.0,wave_data_pmstokes_H4.000_L112.766_A30.00_P30.00.csv,3.03085232,1.86837161,0.425729454,3.58582258,21.6648045,9.22819996,123.069901,3.92601228,0.00283255684,2.66385937,-1.32828081,-0.109115049,-20.2489834,5.80071735,-126.931145,1.04037023,40.9209557,10.6432362,3.6751883,0.812402248,0.99938941
TFG,matched,matched 160 Hz,2400.0,0.45173876081909436,160.0,0.451739,0.454334,60.0,46.1538,1.32392e-05,PM-Stokes,8.5,wave_data_pmstokes_H8.500_L202.839_A-30.00_P72.00.csv,7.8821125,17.0788021,0.69092536,18.822607,12.5604563,7.0838027,105.370781,2.37053967,0.0998831913,6.7676053,-16.3264084,0.13146615,-12.3570814,-6.68530273,-111.717583,2.16781425,31.8719826,8.12853336,4.32278919,1.17696643,2.10757565
