family,tuning_mode,aw_cov_sync,input,window_s,samples,disp_x_rms_m,disp_y_rms_m,disp_z_rms_m,disp_3d_rms_m,disp_x_pct_hs,disp_y_pct_hs,disp_z_pct_hs,disp_3d_pct_refmax,disp_z_ref_rms_m,disp_z_pct_refrms,roll_rms_deg,pitch_rms_deg,yaw_rms_deg,accel_x_rms_mps2,accel_y_rms_mps2,accel_z_rms_mps2,accel_3d_rms_mps2,dir_travel_error_deg,dir_travel_rmse_deg,dir_travel_correct_pct,dir_travel_wrong_pct,dir_travel_unresolved_pct,dir_axis_mean_deg,dir_axis_truth_deg,dir_axis_error_deg,dir_axis_rmse_deg,dir_axis_circ_std_deg,dir_axis_available_pct,dir_sense_forward_pct,dir_sense_reverse_pct,dir_sense_uncertain_pct,dir_sense_dominant_pct,accel_bias_3d_rms_mps2,gyro_bias_3d_rms_radps,tau_applied_s,sigma_applied_mps2,tuning_applied,wave_period_s,frequency_hz,period_s,accel_variance_m2ps4,dir_axis_abs_error_deg,dir_travel_abs_error_deg,seed,arm,spectrum,hs_m,regression_exit_code
OU-II,adaptive,periodic,wave_data_jonswap_H0.270_L14.047_A30.00_P60.00.csv,900.0,180000,0.00884705503,0.00702715013,0.0162496269,0.0197914522,3.27668691,2.60264802,6.01838017,9.89148712,0.0534430593,30.4054947,0.225108638,0.146383062,0.510518551,0.0076823514,0.00725248829,0.00940177683,0.0141425068,1.75215209,4.56852531,0.531666696,0.0,99.468338,31.0587769,30.0,1.05877686,5.05365944,4.94924879,1.23722219,0.531666696,0.0,99.468338,0.531666696,0.0457630791,0.000104103769,1.45374346,0.0849884599,0.17961207,3.05647588,0.235941797,3.10486245,0.0307989549,1.05877686,1.75215209,default,deployed,JONSWAP,0.27,0
OU-II,adaptive,periodic,wave_data_jonswap_H1.500_L50.710_A-30.00_P120.00.csv,900.0,180000,0.083730422,0.0598671585,0.0994342342,0.143115431,5.58202791,3.9911437,6.62894869,10.7988081,0.390963972,25.433094,0.148330301,0.16784519,0.619490445,0.0145716751,0.0143820737,0.0122593595,0.0238635633,3.10759258,21.0992298,88.8011169,0.186111122,11.0127783,-27.1082764,-30.0,2.89172363,23.2132931,21.3189373,94.7977753,71.2738876,17.7133331,11.0127783,71.2738876,0.0376646817,0.000110738307,2.38117433,0.421285123,2.38868284,4.98906136,0.310105383,4.34818649,0.257832944,2.89172363,3.10759258,default,deployed,JONSWAP,1.5,0
OU-II,adaptive,periodic,wave_data_jonswap_H4.000_L112.766_A30.00_P30.00.csv,900.0,180000,0.269535393,0.179959416,0.253984213,0.411755621,6.73838472,4.49898529,6.34960556,9.98156357,1.04307246,24.3496246,0.15732573,0.185716629,0.697194397,0.0167734455,0.0175150428,0.0131729916,0.0275980588,-1.13694656,17.3728771,95.3027802,0.222777784,4.47444439,29.1463013,30.0,-0.85369873,17.1232243,16.328289,98.1244431,8.47333336,87.0522232,4.47444439,87.0522232,0.0404477082,0.00012941529,3.74068093,0.797700167,11.161974,7.83341837,0.200000003,5.0,0.859677911,0.85369873,1.13694656,default,deployed,JONSWAP,4.0,0
OU-II,adaptive,periodic,wave_data_jonswap_H8.500_L202.839_A-30.00_P72.00.csv,900.0,180000,0.626421511,0.443854362,0.513998568,0.923907518,7.36966467,5.22181606,6.04704189,12.1633053,2.15460348,23.8558311,0.215118319,0.206715927,0.605562091,0.0192747414,0.0180124175,0.0142396083,0.0299788136,3.29673696,24.9974155,95.6894455,0.61277777,3.69777775,-26.1513214,-30.0,3.84867859,24.0783386,22.6781101,98.5627747,27.8694458,68.4327774,3.69777775,68.4327774,0.0493060052,0.0001298391,4.27087498,1.0506742,19.1646881,9.12593937,0.200000003,5.0,1.49710143,3.84867859,3.29673696,default,deployed,JONSWAP,8.5,0
OU-II,adaptive,periodic,wave_data_pmstokes_H0.270_L14.047_A30.00_P60.00.csv,900.0,180000,0.00852211379,0.00682242587,0.0156787261,0.0191048253,3.15633845,2.52682424,5.80693531,9.87408066,0.0499124601,31.4124489,0.22047855,0.148324221,0.72720933,0.00747070834,0.00718054082,0.00934808422,0.0139555847,0.633903027,2.94856048,0.0722222254,0.0,99.9277802,33.1103973,30.0,3.11039734,4.63277864,3.43731451,0.646111131,0.0722222254,0.0,99.9277802,0.0722222254,0.0453132689,9.98757387e-05,1.44367731,0.131306812,0.273670197,3.02446294,0.409234107,2.78987837,0.0310976487,3.11039734,0.633903027,default,deployed,PM-Stokes,0.27,0
OU-II,adaptive,periodic,wave_data_pmstokes_H1.500_L50.710_A-30.00_P120.00.csv,900.0,180000,0.0798407495,0.0576301664,0.0964718536,0.137849912,5.32271624,3.84201097,6.43145657,10.3033028,0.385561794,25.0211124,0.146024257,0.168958619,0.455384076,0.014842459,0.0146404654,0.0127587337,0.0244423207,3.73532629,20.3073826,85.5788879,0.288333327,14.1327782,-27.8090668,-30.0,2.19093323,22.3682556,20.6838036,94.1149979,85.8672256,0.0,14.1327782,85.8672256,0.0374482609,0.000114556693,2.2097528,0.455441743,2.22392559,4.63564825,0.261256695,4.0886488,0.298793554,2.19093323,3.73532629,default,deployed,PM-Stokes,1.5,0
OU-II,adaptive,periodic,wave_data_pmstokes_H4.000_L112.766_A30.00_P30.00.csv,900.0,180000,0.258696437,0.176155478,0.24794139,0.39928627,6.46741104,4.4038868,6.19853497,9.86888695,1.04037023,23.8320351,0.155267999,0.179965705,0.526007116,0.0168448202,0.0178488567,0.0137139838,0.0281141084,-1.4968245,14.802,94.7272263,0.0316666663,5.24111128,28.2240295,30.0,-1.77597046,14.7654772,14.4854221,98.214447,0.0316666663,94.7272263,5.24111128,94.7272263,0.0392575711,0.000123221762,3.4918294,0.86216116,10.5122213,7.32536983,0.200000003,5.0,0.999155521,1.77597046,1.4968245,default,deployed,PM-Stokes,4.0,0
OU-II,adaptive,periodic,wave_data_pmstokes_H8.500_L202.839_A-30.00_P72.00.csv,900.0,180000,0.614407539,0.425376445,0.508250177,0.903747737,7.22832394,5.00442886,5.97941351,11.9956741,2.16781425,23.445282,0.228030428,0.218738958,0.505158186,0.0193897299,0.0182180721,0.0154012134,0.030741781,2.23507357,24.727953,96.0600052,0.516666651,3.42333341,-26.8427582,-30.0,3.15724182,23.3685093,22.0299778,98.4700012,95.7472229,0.829444468,3.42333341,95.7472229,0.0521218553,0.000134379079,4.10534,1.24961996,21.0608673,8.77819252,0.200000003,5.0,2.10747409,3.15724182,2.23507357,default,deployed,PM-Stokes,8.5,0
OU-II,adaptive,periodic,wave_data_jonswap_H0.270_L14.047_A30.00_P60.00.csv,900.0,180000,0.00885839853,0.007040428,0.0162495542,0.0198011827,3.28088832,2.60756588,6.01835346,9.89635086,0.0534430593,30.4053593,0.224461734,0.145937279,2.03514671,0.00770273525,0.00726947002,0.00940181501,0.0141623262,1.73381329,4.56414127,0.530000031,0.0,99.4700012,31.05159,30.0,1.05158997,5.05543041,4.95259142,1.23666668,0.530000031,0.0,99.4700012,0.530000031,0.0456277281,8.96473284e-05,1.45374346,0.0849884599,0.17961207,3.05647588,0.235941797,3.10486245,0.0307989549,1.05158997,1.73381329,default,hard-iron-off,JONSWAP,0.27,1
OU-II,adaptive,periodic,wave_data_jonswap_H1.500_L50.710_A-30.00_P120.00.csv,900.0,180000,0.0835204795,0.0595527925,0.0994343236,0.142861441,5.56803179,3.970186,6.62895489,10.7796431,0.390963972,25.4331188,0.148755327,0.167586148,2.16110468,0.015104223,0.0165036302,0.0122594964,0.0255108327,3.10364437,21.0985909,88.8016663,0.185555562,11.0127783,-27.1113434,-30.0,2.88865662,23.2115192,21.317728,94.7977753,71.2738876,17.7133331,11.0127783,71.2738876,0.0376757495,9.54045317e-05,2.38117433,0.421285123,2.38868284,4.98906136,0.310105383,4.34818649,0.257832944,2.88865662,3.10364437,default,hard-iron-off,JONSWAP,1.5,1
OU-II,adaptive,periodic,wave_data_jonswap_H4.000_L112.766_A30.00_P30.00.csv,900.0,180000,0.271339685,0.185878962,0.253988326,0.415555388,6.78349209,4.64697409,6.34970808,10.0736752,1.04307246,24.3500175,0.155444324,0.18526651,2.17387462,0.0170544069,0.0213393942,0.0131693315,0.0303257946,-1.13829172,17.3808155,95.3027802,0.225555554,4.47166681,29.145752,30.0,-0.854248047,17.1205215,16.3261242,98.1227798,8.47444439,87.053894,4.47166681,87.053894,0.0401658006,9.9254321e-05,3.74068093,0.797700167,11.161974,7.83341837,0.200000003,5.0,0.859677911,0.854248047,1.13829172,default,hard-iron-off,JONSWAP,4.0,1
OU-II,adaptive,periodic,wave_data_jonswap_H8.500_L202.839_A-30.00_P72.00.csv,900.0,180000,0.622881055,0.439641863,0.513994277,0.919486761,7.32801247,5.17225695,6.04699135,12.1051054,2.15460348,23.8556328,0.21765922,0.205524236,2.19797134,0.0243189298,0.0285255965,0.0142456098,0.0401005894,3.29066038,24.9949951,95.6894455,0.61277777,3.69777775,-26.1560364,-30.0,3.84396362,24.0737553,22.6751881,98.5622253,27.8700008,68.4322205,3.69777775,68.4322205,0.049437806,0.000109527988,4.27087498,1.0506742,19.1646881,9.12593937,0.200000003,5.0,1.49710143,3.84396362,3.29066038,default,hard-iron-off,JONSWAP,8.5,1
OU-II,adaptive,periodic,wave_data_pmstokes_H0.270_L14.047_A30.00_P60.00.csv,900.0,180000,0.00853396393,0.00683177589,0.0156786349,0.0191133805,3.16072726,2.53028727,5.80690145,9.87850189,0.0499124601,31.4122658,0.219949201,0.147893175,2.03972292,0.00748630008,0.00720095867,0.00934811588,0.0139744682,0.909754336,3.05079818,0.0661111102,0.0,99.9338913,33.243042,30.0,3.24304199,4.65201283,3.33886027,0.644999981,0.0661111102,0.0,99.9338913,0.0661111102,0.0451955199,8.95194171e-05,1.44367731,0.131306812,0.273670197,3.02446294,0.409234107,2.78987837,0.0310976487,3.24304199,0.909754336,default,hard-iron-off,PM-Stokes,0.27,1
OU-II,adaptive,periodic,wave_data_pmstokes_H1.500_L50.710_A-30.00_P120.00.csv,900.0,180000,0.0796826333,0.0572725274,0.0964716002,0.13760899,5.31217527,3.8181684,6.43143988,10.2852945,0.385561794,25.0210457,0.146438763,0.168571919,2.15224481,0.0153957559,0.016765831,0.0127587905,0.0260942336,3.73089504,20.3057671,85.5805588,0.287777781,14.1316671,-27.813324,-30.0,2.18667603,22.3677769,20.6836147,94.1149979,85.8683319,0.0,14.1316671,85.8683319,0.0374394059,9.54766074e-05,2.2097528,0.455441743,2.22392559,4.63564825,0.261256695,4.0886488,0.298793554,2.18667603,3.73089504,default,hard-iron-off,PM-Stokes,1.5,1
OU-II,adaptive,periodic,wave_data_pmstokes_H4.000_L112.766_A30.00_P30.00.csv,900.0,180000,0.260140747,0.181724563,0.247952059,0.402712375,6.50351858,4.54311419,6.19880152,9.9535675,1.04037023,23.8330593,0.152812302,0.179415941,2.13960314,0.0174762178,0.0222445317,0.013707893,0.031434752,-1.49520493,14.8016291,94.7216721,0.0316666663,5.24666691,28.227005,30.0,-1.772995,14.7653666,14.4855556,98.2127762,0.0316666663,94.7216721,5.24666691,94.7216721,0.0388948582,9.82932179e-05,3.4918294,0.86216116,10.5122213,7.32536983,0.200000003,5.0,0.999155521,1.772995,1.49520493,default,hard-iron-off,PM-Stokes,4.0,1
OU-II,adaptive,periodic,wave_data_pmstokes_H8.500_L202.839_A-30.00_P72.00.csv,900.0,180000,0.611189902,0.419586837,0.508251607,0.898846984,7.19046926,4.93631554,5.97943068,11.930625,2.16781425,23.4453487,0.230708361,0.216919079,2.19418263,0.0253722668,0.0308723263,0.0154051315,0.0428272188,2.23055339,24.7256222,96.0605545,0.516666651,3.42277789,-26.8482056,-30.0,3.15179443,23.364109,22.0262852,98.4688873,95.7483368,0.828888893,3.42277789,95.7483368,0.0521874018,0.000109938373,4.10534,1.24961996,21.0608673,8.77819252,0.200000003,5.0,2.10747409,3.15179443,2.23055339,default,hard-iron-off,PM-Stokes,8.5,1
OU-II,adaptive,periodic,wave_data_jonswap_H0.270_L14.047_A30.00_P60.00.csv,900.0,180000,0.0082880687,0.00632883888,0.015908258,0.019021539,3.06965494,2.34401441,5.89194727,9.50669575,0.0534430593,29.7667427,0.17691347,0.186367244,2.55482078,0.00759987207,0.00732117239,0.00912605692,0.0139514348,6.87120295,6.94616461,0.700555563,0.0,99.2994461,37.3991089,30.0,7.39910889,7.61174345,1.7752856,1.28777778,0.700555563,0.0,99.2994461,0.700555563,0.0437746011,0.000131964916,1.397246,0.0827878639,0.161626443,2.93715763,0.222390324,3.33186746,0.0305005498,7.39910889,6.87120295,11,deployed,JONSWAP,0.27,1
OU-II,adaptive,periodic,wave_data_jonswap_H1.500_L50.710_A-30.00_P120.00.csv,900.0,180000,0.0826850906,0.055476211,0.095094122,0.137685612,5.51233912,3.69841385,6.33960772,10.3891001,0.390963972,24.3229866,0.242275447,0.210276335,3.66544771,0.0159417931,0.0230097454,0.012408399,0.0306195598,4.16282225,20.7727489,87.3122253,0.244444445,12.4433336,-25.8991241,-30.0,4.10087585,23.3179455,21.312933,94.5027771,69.7716675,17.7849998,12.4433336,69.7716675,0.0542708747,0.000131911394,2.38051438,0.422081947,2.39187455,4.98793602,0.232279181,3.84065056,0.257714212,4.10087585,4.16282225,11,deployed,JONSWAP,1.5,1
OU-II,adaptive,periodic,wave_data_jonswap_H4.000_L112.766_A30.00_P30.00.csv,900.0,180000,0.265683532,0.172416851,0.251186222,0.404239804,6.64208841,4.31042147,6.27965546,9.79936886,1.04307246,24.081377,0.21383357,0.205690026,2.23400164,0.0168098155,0.0244760476,0.0134845357,0.0326110348,0.0286489483,16.6750965,95.8422241,0.0500000007,4.10777807,30.2195282,30.0,0.219528198,16.9004478,16.1337605,98.3911133,87.5444489,8.34777832,4.10777807,87.5444489,0.0493351333,0.000130232889,3.73820829,0.797595859,11.1457653,7.8256917,0.200000003,5.0,0.859903038,0.219528198,0.0286489483,11,deployed,JONSWAP,4.0,1
OU-II,adaptive,periodic,wave_data_jonswap_H8.500_L202.839_A-30.00_P72.00.csv,900.0,180000,0.623237491,0.422005266,0.511934459,0.91026938,7.33220577,4.96476793,6.02275801,11.983758,2.15460348,23.7600327,0.216110498,0.228696913,3.51077676,0.0300194602,0.0471113473,0.0138298338,0.0575492084,4.44986296,27.0891094,95.6222229,0.99777782,3.38000011,-24.8937225,-30.0,5.10627747,24.8523026,23.1961956,98.7994461,2.4461112,94.1738892,3.38000011,94.1738892,0.0518176816,0.000142729186,4.27182484,1.05164027,19.1908436,9.12797356,0.200000003,5.0,1.49896431,5.10627747,4.44986296,11,deployed,JONSWAP,8.5,1
OU-II,adaptive,periodic,wave_data_pmstokes_H0.270_L14.047_A30.00_P60.00.csv,900.0,180000,0.00802039914,0.00618211599,0.0154357851,0.0184610076,2.97051811,2.28967261,5.71695709,9.54133224,0.0499124601,30.9257145,0.178929508,0.190901533,2.67827177,0.00735274469,0.00719491066,0.00908347405,0.0137236686,6.78742981,7.49327135,0.227222234,0.0,99.7727814,33.121521,30.0,3.121521,6.69809532,5.94799089,0.903888881,0.227222234,0.0,99.7727814,0.227222234,0.0445954278,0.000133044945,1.37762654,0.0819574445,0.155543342,2.88772058,0.224173233,3.2565515,0.0309081208,3.121521,6.78742981,11,deployed,PM-Stokes,0.27,1
OU-II,adaptive,periodic,wave_data_pmstokes_H1.500_L50.710_A-30.00_P120.00.csv,900.0,180000,0.0792141855,0.0543703176,0.0928680971,0.133624479,5.2809453,3.62468767,6.19120646,9.98748112,0.385561794,24.0864372,0.247086272,0.207075983,3.46958113,0.0161072686,0.0229943134,0.0129271029,0.0309078079,4.60301113,20.6834431,85.710556,0.322222233,13.9672222,-26.2807007,-30.0,3.71929932,23.3668118,21.0418606,94.3538895,23.2344456,62.798336,13.9672222,62.798336,0.0545190834,0.000130884262,2.20940518,0.456043512,2.22616339,4.63510561,0.282510668,3.22539258,0.298228323,3.71929932,4.60301113,11,deployed,PM-Stokes,1.5,1
OU-II,adaptive,periodic,wave_data_pmstokes_H4.000_L112.766_A30.00_P30.00.csv,900.0,180000,0.254862279,0.170411259,0.247306198,0.393897355,6.37155676,4.26028156,6.18265486,9.73569298,1.04037023,23.7709789,0.215989798,0.205813691,2.46691608,0.0176012106,0.0275040194,0.0143256085,0.0356580503,-0.67280966,15.0672159,95.6105576,0.0422222242,4.34722233,29.2425232,30.0,-0.757476807,14.7836113,14.5542355,98.3433304,0.0422222242,95.6105576,4.34722233,95.6105576,0.049430415,0.000128109546,3.48890424,0.862564743,10.4995289,7.31703568,0.200000003,5.0,1.00055528,0.757476807,0.67280966,11,deployed,PM-Stokes,4.0,1
OU-II,adaptive,periodic,wave_data_pmstokes_H8.500_L202.839_A-30.00_P72.00.csv,900.0,180000,0.610873163,0.402636319,0.50464052,0.888787985,7.18674278,4.73689795,5.93694735,11.7971096,2.16781425,23.2787704,0.207779437,0.226460591,3.33114719,0.0303952247,0.050902117,0.0144405048,0.0610198602,3.71187091,25.1400528,95.753334,0.545555592,3.70111132,-25.4618683,-30.0,4.53813171,24.5473137,22.6455326,98.4933319,95.4638901,0.835000038,3.70111132,95.4638901,0.0503088348,0.000142903256,4.10612345,1.25050092,21.0837574,8.78030491,0.200000003,5.0,2.10969687,4.53813171,3.71187091,11,deployed,PM-Stokes,8.5,1
OU-II,adaptive,periodic,wave_data_jonswap_H0.270_L14.047_A30.00_P60.00.csv,900.0,180000,0.00829623826,0.00635959581,0.0159079563,0.0190351009,3.07268071,2.35540581,5.89183569,9.51347351,0.0534430593,29.7661781,0.176843926,0.185824051,3.86977744,0.00764440279,0.00762418006,0.00912646763,0.0141370948,6.86928415,6.9444766,0.700555563,0.0,99.2994461,37.3977966,30.0,7.39779663,7.61062145,1.77596152,1.28777778,0.700555563,0.0,99.2994461,0.700555563,0.0436974391,0.000123126709,1.397246,0.0827878639,0.161626443,2.93715763,0.222390324,3.33186746,0.0305005498,7.39779663,6.86928415,11,hard-iron-off,JONSWAP,0.27,1
OU-II,adaptive,periodic,wave_data_jonswap_H1.500_L50.710_A-30.00_P120.00.csv,900.0,180000,0.0826367214,0.0555292182,0.0950956419,0.137678981,5.50911474,3.70194769,6.33970928,10.3886003,0.390963972,24.3233776,0.241723791,0.210211009,3.97081184,0.0161414165,0.0240030121,0.0124074379,0.0314743482,4.16126013,20.7709122,87.3094482,0.244444445,12.4461117,-25.9016418,-30.0,4.09835815,23.3160133,21.3113003,94.5016632,69.7688904,17.7849998,12.4461117,69.7688904,0.054190632,0.000127966283,2.38051438,0.422081947,2.39187455,4.98793602,0.232279181,3.84065056,0.257714212,4.09835815,4.16126013,11,hard-iron-off,JONSWAP,1.5,1
OU-II,adaptive,periodic,wave_data_jonswap_H4.000_L112.766_A30.00_P30.00.csv,900.0,180000,0.267271608,0.178631231,0.251186311,0.407967865,6.68179035,4.46578074,6.27965784,9.88974285,1.04307246,24.0813866,0.214550123,0.20537819,3.93420196,0.0201353729,0.0353249349,0.0134860547,0.0428387411,0.0279982891,16.6721497,95.839447,0.0494444445,4.11111116,30.2184753,30.0,0.218475342,16.899622,16.1330795,98.3905563,87.5422211,8.34666729,4.11111116,87.5422211,0.049379006,0.000131683686,3.73820829,0.797595859,11.1457653,7.8256917,0.200000003,5.0,0.859903038,0.218475342,0.0279982891,11,hard-iron-off,JONSWAP,4.0,1
OU-II,adaptive,periodic,wave_data_jonswap_H8.500_L202.839_A-30.00_P72.00.csv,900.0,180000,0.621521175,0.42185685,0.511954188,0.909037352,7.31201363,4.96302176,6.02299023,11.9675369,2.15460348,23.7609463,0.213482395,0.22845158,3.96497488,0.0319408476,0.0519860983,0.0138214473,0.0625604093,4.44494534,27.0798759,95.6277771,0.991666675,3.38055563,-24.9028473,-30.0,5.09715271,24.8481922,23.1934814,98.7994461,2.44277787,94.1766663,3.38055563,94.1766663,0.0514681116,0.000137440045,4.27182484,1.05164027,19.1908436,9.12797356,0.200000003,5.0,1.49896431,5.09715271,4.44494534,11,hard-iron-off,JONSWAP,8.5,1
OU-II,adaptive,periodic,wave_data_pmstokes_H0.270_L14.047_A30.00_P60.00.csv,900.0,180000,0.0080261007,0.00621161377,0.0154354842,0.0184731316,2.97262979,2.30059767,5.71684599,9.54759789,0.0499124601,30.9251137,0.178820044,0.190376461,3.88022137,0.00738968095,0.00742024789,0.00908389688,0.0138630671,6.78573227,7.49217558,0.227222234,0.0,99.7727814,33.1167603,30.0,3.11676025,6.69957972,5.95220566,0.903888881,0.227222234,0.0,99.7727814,0.227222234,0.0445161536,0.000123055899,1.37762654,0.0819574445,0.155543342,2.88772058,0.224173233,3.2565515,0.0309081208,3.11676025,6.78573227,11,hard-iron-off,PM-Stokes,0.27,1
OU-II,adaptive,periodic,wave_data_pmstokes_H1.500_L50.710_A-30.00_P120.00.csv,900.0,180000,0.0791684091,0.0544469841,0.0928695202,0.13362956,5.27789354,3.62979889,6.19130135,9.98786068,0.385561794,24.0868053,0.246504232,0.206949338,3.96304393,0.0164315905,0.0245900229,0.0129258744,0.0322760716,4.60114193,20.6812019,85.7161102,0.319999993,13.9638891,-26.2838135,-30.0,3.71618652,23.3628006,21.0395107,94.3538895,23.2350006,62.8011131,13.9638891,62.8011131,0.0544266328,0.000127604522,2.20940518,0.456043512,2.22616339,4.63510561,0.282510668,3.22539258,0.298228323,3.71618652,4.60114193,11,hard-iron-off,PM-Stokes,1.5,1
OU-II,adaptive,periodic,wave_data_pmstokes_H4.000_L112.766_A30.00_P30.00.csv,900.0,180000,0.256162941,0.175632566,0.247309849,0.397024453,6.40407372,4.3908143,6.18274641,9.81298351,1.04037023,23.7713318,0.216969088,0.205524653,3.93222332,0.0208379086,0.0379109532,0.0143295117,0.0455718562,-0.672909975,15.0673046,95.6105576,0.0422222242,4.34722233,29.2424164,30.0,-0.757583618,14.7837706,14.5544014,98.3438873,0.0422222242,95.6105576,4.34722233,95.6105576,0.0495110378,0.000131754132,3.48890424,0.862564743,10.4995289,7.31703568,0.200000003,5.0,1.00055528,0.757583618,0.672909975,11,hard-iron-off,PM-Stokes,4.0,1
OU-II,adaptive,periodic,wave_data_pmstokes_H8.500_L202.839_A-30.00_P72.00.csv,900.0,180000,0.609418392,0.402378798,0.504661441,0.887683868,7.16962814,4.73386812,5.93719339,11.7824545,2.16781425,23.2797356,0.205095351,0.225912735,3.95498395,0.0333234183,0.0585499294,0.0144300507,0.0688968152,3.70682645,25.1355247,95.7527771,0.544444442,3.70277786,-25.4676666,-30.0,4.53233337,24.5389042,22.6398621,98.492775,95.4633331,0.833888888,3.70277786,95.4633331,0.0499162115,0.000137539042,4.10612345,1.25050092,21.0837574,8.78030491,0.200000003,5.0,2.10969687,4.53233337,3.70682645,11,hard-iron-off,PM-Stokes,8.5,1
OU-II,adaptive,periodic,wave_data_jonswap_H0.270_L14.047_A30.00_P60.00.csv,900.0,180000,0.00829277188,0.00636041211,0.0155226914,0.0187130664,3.07139683,2.35570812,5.74914503,9.35252571,0.0534430593,29.0452881,0.690017998,0.082364589,1.76633751,0.0075568296,0.00800996553,0.0100502726,0.0149088297,-3.22747231,5.59184885,0.356666684,0.0,99.6433334,25.9923706,30.0,-4.00762939,6.69847536,5.36458969,0.953333318,0.356666684,0.0,99.6433334,0.356666684,0.11852631,0.000145450773,1.39736772,0.0914067775,0.178484216,2.93750596,0.247729704,3.03149557,0.0300200861,4.00762939,3.22747231,23,deployed,JONSWAP,0.27,1
OU-II,adaptive,periodic,wave_data_jonswap_H1.500_L50.710_A-30.00_P120.00.csv,900.0,180000,0.0841498524,0.056237299,0.0967348516,0.140005216,5.60999012,3.74915314,6.44898987,10.564126,0.390963972,24.742651,0.630829275,0.0832131878,2.21798611,0.0155202597,0.0202066042,0.0130358469,0.0286202505,1.67393029,20.3343143,88.0277786,0.164444447,11.8077784,-28.9207611,-30.0,1.07923889,22.3359756,20.7731266,94.6183319,17.169445,71.0227814,11.8077784,71.0227814,0.108013041,0.000135710463,2.37805271,0.4219428,2.38614345,4.98305273,0.267523974,3.36190677,0.258111566,1.07923889,1.67393029,23,deployed,JONSWAP,1.5,1
OU-II,adaptive,periodic,wave_data_jonswap_H4.000_L112.766_A30.00_P30.00.csv,900.0,180000,0.266268313,0.17100127,0.244566336,0.399941176,6.65670776,4.27503157,6.11415863,9.69516373,1.04307246,23.4467258,0.675422192,0.0946955383,0.684153438,0.0162815545,0.0233789049,0.0176576525,0.0335179791,-1.89055884,17.5837898,96.0422211,0.121111117,3.83666682,28.2644653,30.0,-1.73553467,17.2921467,16.4470768,98.5,87.7116699,8.45166683,3.83666682,87.7116699,0.115965053,0.000145928221,3.74203658,0.798204541,11.1771288,7.83556414,0.200000003,5.0,0.861908197,1.73553467,1.89055884,23,deployed,JONSWAP,4.0,1
OU-II,adaptive,periodic,wave_data_jonswap_H8.500_L202.839_A-30.00_P72.00.csv,900.0,180000,0.63621372,0.427031338,0.51984185,0.925936937,7.4848671,5.02389812,6.11578655,12.1900225,2.15460348,24.1270313,0.665578783,0.100210205,2.22425461,0.0226997547,0.0394304208,0.0164038595,0.0483644865,2.73544788,25.885004,95.6833344,0.736111104,3.58055568,-26.9247742,-30.0,3.07522583,23.7612362,22.6480045,98.7288895,28.0811119,68.3383331,3.58055568,68.3383331,0.112114087,0.000147515864,4.26986647,1.05201674,19.1801167,9.12282467,0.200000003,5.0,1.4993006,3.07522583,2.73544788,23,deployed,JONSWAP,8.5,1
OU-II,adaptive,periodic,wave_data_pmstokes_H0.270_L14.047_A30.00_P60.00.csv,900.0,180000,0.00804116949,0.00619854312,0.0151320202,0.0182225239,2.97821093,2.29575658,5.60445166,9.41807461,0.0499124601,30.3171196,0.688769221,0.0802760422,1.77462852,0.00731652975,0.00783365499,0.0099890558,0.014651929,nan,nan,0.0,0.0,100.0,21.9732208,30.0,-8.02677917,8.41353703,2.52205825,0.245000005,0.0,0.0,100.0,0.0,0.118273683,0.000146458289,1.37791562,0.135119572,0.256544977,2.88825297,0.352986932,2.83132195,0.0304298662,8.02677917,nan,23,deployed,PM-Stokes,0.27,1
OU-II,adaptive,periodic,wave_data_pmstokes_H1.500_L50.710_A-30.00_P120.00.csv,900.0,180000,0.0802630335,0.05499411,0.0945630074,0.135678545,5.3508687,3.66627383,6.30420017,10.1410084,0.385561794,24.5260315,0.624960542,0.0868494362,2.24297762,0.0161672756,0.0210877042,0.0138171818,0.0299497359,0.708484232,19.5198479,86.9633331,0.23888889,12.7977781,-30.2993164,-30.0,-0.299316406,21.5569916,20.075325,94.7099991,23.3533344,63.8488922,12.7977781,63.8488922,0.10702534,0.000134464033,2.20639133,0.456841201,2.22397733,4.6295414,0.283676863,3.10174775,0.299089879,0.299316406,0.708484232,23,deployed,PM-Stokes,1.5,1
OU-II,adaptive,periodic,wave_data_pmstokes_H4.000_L112.766_A30.00_P30.00.csv,900.0,180000,0.255577058,0.16907765,0.240754411,0.389704466,6.38942623,4.22694111,6.01886034,9.63206005,1.04037023,23.1412258,0.673561156,0.0911307931,0.492206752,0.0167912599,0.0249069743,0.0193192195,0.0357146487,-2.9037981,15.6637411,95.4250031,0.0594444461,4.51555586,27.0310364,30.0,-2.96896362,15.1999903,14.6821384,98.1916656,0.0594444461,95.4250031,4.51555586,95.4250031,0.115648933,0.000151242886,3.4937346,0.86259824,10.5290308,7.3289361,0.200000003,5.0,1.00051332,2.96896362,2.9037981,23,deployed,PM-Stokes,4.0,1
OU-II,adaptive,periodic,wave_data_pmstokes_H8.500_L202.839_A-30.00_P72.00.csv,900.0,180000,0.623564124,0.411400527,0.512502491,0.905947804,7.3360486,4.84000587,6.02944088,12.0248766,2.16781425,23.6414394,0.678568006,0.107362919,2.37881875,0.0253744461,0.04638822,0.0182047673,0.0559208654,1.27340639,24.1581745,95.9205551,0.457777798,3.62166667,-27.9028778,-30.0,2.09712219,23.0609646,21.6069393,98.4983368,95.6316681,0.74666667,3.62166667,95.6316681,0.114089683,0.000146493127,4.10395288,1.25104439,21.0706272,8.77471256,0.200000003,5.0,2.11095595,2.09712219,1.27340639,23,deployed,PM-Stokes,8.5,1
OU-II,adaptive,periodic,wave_data_jonswap_H0.270_L14.047_A30.00_P60.00.csv,900.0,180000,0.0082891928,0.00636522425,0.0155226225,0.0187130589,3.07007122,2.3574903,5.74911928,9.3525219,0.0534430593,29.0451622,0.689926445,0.082482025,2.61932087,0.00755649386,0.00824556686,0.010050348,0.0150366044,-3.22358704,5.58613062,0.356666684,0.0,99.6433334,25.9930573,30.0,-4.00694275,6.69495487,5.36071062,0.952777803,0.356666684,0.0,99.6433334,0.356666684,0.118514389,0.000131242967,1.39736772,0.0914067775,0.178484216,2.93750596,0.247729704,3.03149557,0.0300200861,4.00694275,3.22358704,23,hard-iron-off,JONSWAP,0.27,1
OU-II,adaptive,periodic,wave_data_jonswap_H1.500_L50.710_A-30.00_P120.00.csv,900.0,180000,0.0842189565,0.0565266982,0.0967335328,0.140162319,5.61459684,3.76844645,6.44890213,10.5759802,0.390963972,24.7423134,0.63035351,0.0831943452,2.57127738,0.0157665145,0.0211967416,0.0130343717,0.0294581018,1.67531097,20.3346081,88.0283356,0.164444447,11.8072224,-28.9190674,-30.0,1.08093262,22.3368149,20.7739372,94.6194458,17.1711121,71.0216675,11.8072224,71.0216675,0.10793037,0.00013624545,2.37805271,0.4219428,2.38614345,4.98305273,0.267523974,3.36190677,0.258111566,1.08093262,1.67531097,23,hard-iron-off,JONSWAP,1.5,1
OU-II,adaptive,periodic,wave_data_jonswap_H4.000_L112.766_A30.00_P30.00.csv,900.0,180000,0.265199423,0.169394031,0.244570568,0.398547143,6.62998581,4.23485088,6.11426401,9.66137028,1.04307246,23.4471302,0.675289631,0.0946757272,2.5204978,0.0179642085,0.0336652286,0.0176540744,0.0420443416,-1.8870945,17.5860786,96.0355606,0.121111117,3.84333348,28.2683563,30.0,-1.73164368,17.2962837,16.4515285,98.5005569,87.7077789,8.44888878,3.84333348,87.7077789,0.1159335,0.000138753065,3.74203658,0.798204541,11.1771288,7.83556414,0.200000003,5.0,0.861908197,1.73164368,1.8870945,23,hard-iron-off,JONSWAP,4.0,1
OU-II,adaptive,periodic,wave_data_jonswap_H8.500_L202.839_A-30.00_P72.00.csv,900.0,180000,0.636249721,0.429871738,0.519864917,0.927287996,7.48529053,5.0573144,6.11605787,12.2078085,2.15460348,24.1281013,0.666894078,0.0998853818,2.69695854,0.0247611441,0.0439840518,0.0164197963,0.0530784428,2.73739243,25.8858662,95.6827774,0.736666679,3.58055568,-26.9231567,-30.0,3.07684326,23.7618675,22.6482315,98.7294464,28.0811119,68.3383331,3.58055568,68.3383331,0.112313874,0.00014959251,4.26986647,1.05201674,19.1801167,9.12282467,0.200000003,5.0,1.4993006,3.07684326,2.73739243,23,hard-iron-off,JONSWAP,8.5,1
OU-II,adaptive,periodic,wave_data_pmstokes_H0.270_L14.047_A30.00_P60.00.csv,900.0,180000,0.00803854037,0.00620021299,0.0151320295,0.018221939,2.97723699,2.29637504,5.60445547,9.41777229,0.0499124601,30.3171368,0.688679516,0.0804028884,2.61259556,0.00732106436,0.00802702364,0.00998910796,0.0147585003,nan,nan,0.0,0.0,100.0,21.9794769,30.0,-8.02052307,8.40743637,2.52163887,0.245000005,0.0,0.0,100.0,0.0,0.118260413,0.000131162902,1.37791562,0.135119572,0.256544977,2.88825297,0.352986932,2.83132195,0.0304298662,8.02052307,nan,23,hard-iron-off,PM-Stokes,0.27,1
OU-II,adaptive,periodic,wave_data_pmstokes_H1.500_L50.710_A-30.00_P120.00.csv,900.0,180000,0.0803171694,0.0552473255,0.0945616215,0.135812432,5.35447788,3.68315482,6.30410767,10.1510153,0.385561794,24.5256729,0.624458492,0.0868289024,2.57732844,0.016424695,0.0220350884,0.0138151618,0.0307599492,0.710595727,19.5196896,86.9633331,0.23888889,12.7977781,-30.2969818,-30.0,-0.296981812,21.5566158,20.0749912,94.710556,23.3533344,63.8488922,12.7977781,63.8488922,0.1069391,0.000135477516,2.20639133,0.456841201,2.22397733,4.6295414,0.283676863,3.10174775,0.299089879,0.296981812,0.710595727,23,hard-iron-off,PM-Stokes,1.5,1
OU-II,adaptive,periodic,wave_data_pmstokes_H4.000_L112.766_A30.00_P30.00.csv,900.0,180000,0.254527271,0.167097405,0.240756765,0.388161689,6.36318159,4.17743492,6.01891899,9.59392834,1.04037023,23.1414509,0.673753023,0.0910794213,2.46658683,0.0182058923,0.0372478068,0.0193184074,0.0457389802,-2.90234351,15.6630344,95.4250031,0.0594444461,4.51555586,27.0321045,30.0,-2.96789551,15.1994247,14.6819096,98.1922226,0.0594444461,95.4250031,4.51555586,95.4250031,0.115671754,0.00013856616,3.4937346,0.86259824,10.5290308,7.3289361,0.200000003,5.0,1.00051332,2.96789551,2.90234351,23,hard-iron-off,PM-Stokes,4.0,1
OU-II,adaptive,periodic,wave_data_pmstokes_H8.500_L202.839_A-30.00_P72.00.csv,900.0,180000,0.623515785,0.413884461,0.512529671,0.907060623,7.33547974,4.86922884,6.02976084,12.0396471,2.16781425,23.6426926,0.680106342,0.106958814,2.74262476,0.0272056796,0.0504581407,0.0182295758,0.0601538904,1.27218926,24.1562595,95.9233322,0.457777798,3.61888909,-27.9047241,-30.0,2.09527588,23.0570965,21.6040401,98.4988861,95.6344452,0.74666667,3.61888909,95.6344452,0.114320107,0.000149453917,4.10395288,1.25104439,21.0706272,8.77471256,0.200000003,5.0,2.11095595,2.09527588,1.27218926,23,hard-iron-off,PM-Stokes,8.5,1
OU-II,adaptive,periodic,wave_data_jonswap_H0.270_L14.047_A30.00_P60.00.csv,900.0,180000,0.00824746303,0.00634027133,0.0157484878,0.0188741777,3.05461597,2.34824848,5.83277321,9.43304729,0.0534430593,29.4677887,0.385404825,0.232065573,0.601580381,0.00757121202,0.00719628949,0.00942328013,0.0140679805,2.58420849,2.91687298,0.509444475,0.0,99.4905548,32.9754181,30.0,2.97541809,3.51536846,1.86951089,1.11055553,0.509444475,0.0,99.4905548,0.509444475,0.0763720274,0.000141249664,1.39716542,0.0923804119,0.180333138,2.93702102,0.250682741,3.00458217,0.0302377306,2.97541809,2.58420849,202,deployed,JONSWAP,0.27,0
OU-II,adaptive,periodic,wave_data_jonswap_H1.500_L50.710_A-30.00_P120.00.csv,900.0,180000,0.0831817165,0.0554916598,0.0969744623,0.139293104,5.54544735,3.69944382,6.46496391,10.5103941,0.390963972,24.8039379,0.31834811,0.247102007,1.07259774,0.0144257788,0.0154402675,0.0125685446,0.0245860368,2.4625113,21.1430931,87.882225,0.322777778,11.7950001,-27.7352753,-30.0,2.26472473,23.1168404,21.2640152,94.6255569,70.5477829,17.6572227,11.7950001,70.5477829,0.0676926076,0.000144935053,2.37823558,0.414033413,2.3417747,4.98338604,0.259660006,3.39258146,0.25778529,2.26472473,2.4625113,202,deployed,JONSWAP,1.5,1
OU-II,adaptive,periodic,wave_data_jonswap_H4.000_L112.766_A30.00_P30.00.csv,900.0,180000,0.26388213,0.170832798,0.248080269,0.400451541,6.59705305,4.27082014,6.20200682,9.70753574,1.04307246,23.7836094,0.368888885,0.23718898,0.681122959,0.015957471,0.0169490427,0.0138236051,0.0270740278,-1.38602459,17.3746147,96.0827789,0.121111117,3.79611111,28.8035583,30.0,-1.19644165,17.0714264,16.2729168,98.5205536,87.6872253,8.51666641,3.79611111,87.6872253,0.0730700418,0.000133998023,3.74013734,0.797052979,11.1496773,7.83072567,0.200000003,5.0,0.85942322,1.19644165,1.38602459,202,deployed,JONSWAP,4.0,0
OU-II,adaptive,periodic,wave_data_jonswap_H8.500_L202.839_A-30.00_P72.00.csv,900.0,180000,0.627518058,0.423691839,0.520078957,0.918572724,7.38256502,4.9846096,6.11857605,12.093071,2.15460348,24.1380367,0.351666451,0.253808916,1.31134605,0.0185008887,0.0249525886,0.0152653605,0.0346113555,3.13545108,26.9589348,95.3050003,1.08277786,3.61222219,-26.0947266,-30.0,3.90527344,24.6292706,23.1598301,98.7494431,2.47444439,93.9133377,3.61222219,93.9133377,0.0702975392,0.000166129481,4.27017832,1.05086482,19.1619129,9.12380505,0.200000003,5.0,1.4959681,3.90527344,3.13545108,202,deployed,JONSWAP,8.5,1
OU-II,adaptive,periodic,wave_data_pmstokes_H0.270_L14.047_A30.00_P60.00.csv,900.0,180000,0.00801917352,0.00618158933,0.0153189143,0.0183626879,2.97006416,2.28947759,5.67367172,9.49051666,0.0499124601,30.6915646,0.383084714,0.236361831,0.719671071,0.00734935561,0.00710258214,0.00938277505,0.0138742989,-0.000849104312,0.654605985,0.109444447,0.0,99.8905563,27.4493713,30.0,-2.55062866,5.19469452,4.52608442,0.62277776,0.109444447,0.0,99.8905563,0.109444447,0.0764187723,0.000142633697,1.37757528,0.136580542,0.259190738,2.88755631,0.355804861,2.79640532,0.0306518748,2.55062866,0.000849104312,202,deployed,PM-Stokes,0.27,0
OU-II,adaptive,periodic,wave_data_pmstokes_H1.500_L50.710_A-30.00_P120.00.csv,900.0,180000,0.0794523209,0.0543451831,0.0947334766,0.135057405,5.29682112,3.62301207,6.31556463,10.0945816,0.385561794,24.5702457,0.311984777,0.242397979,1.11152816,0.014733823,0.0159991495,0.0131998071,0.0254419576,2.58525205,19.6451073,87.4638901,0.250555575,12.2855558,-28.4237976,-30.0,1.57620239,21.3950577,19.8681927,94.7205582,23.3566666,64.3577805,12.2855558,64.3577805,0.0662596673,0.000142504185,2.20669889,0.456612945,2.22348571,4.63003492,0.283877939,3.08269167,0.29874146,1.57620239,2.58525205,202,deployed,PM-Stokes,1.5,1
OU-II,adaptive,periodic,wave_data_pmstokes_H4.000_L112.766_A30.00_P30.00.csv,900.0,180000,0.25298506,0.168871343,0.244406089,0.390196502,6.32462645,4.22178364,6.11015224,9.64422131,1.04037023,23.4922218,0.366274804,0.241765782,0.879429221,0.0161893312,0.0178696588,0.0145294694,0.0281518139,-2.35483599,15.2635803,95.4755554,0.0472222231,4.47722244,27.6063385,30.0,-2.3936615,14.9436607,14.5361395,98.2450027,0.0472222231,95.4755554,4.47722244,95.4755554,0.0729981363,0.000133819907,3.49128962,0.861811221,10.5047054,7.32302809,0.200000003,5.0,0.998832405,2.3936615,2.35483599,202,deployed,PM-Stokes,4.0,0
OU-II,adaptive,periodic,wave_data_pmstokes_H8.500_L202.839_A-30.00_P72.00.csv,900.0,180000,0.615152955,0.40745768,0.51275903,0.898530304,7.23709345,4.79361963,6.03245926,11.9264212,2.16781425,23.6532726,0.363639593,0.243785217,1.47420847,0.019169813,0.0291540567,0.0167084597,0.0386860892,2.29362297,24.3991013,95.9972229,0.489444464,3.51333332,-26.8393707,-30.0,3.16062927,22.9891129,21.5300541,98.5666656,95.7022247,0.784444451,3.51333332,95.7022247,0.0707606599,0.000167628212,4.10425901,1.24960625,21.0495453,8.77564812,0.200000003,5.0,2.10610223,3.16062927,2.29362297,202,deployed,PM-Stokes,8.5,1
OU-II,adaptive,periodic,wave_data_jonswap_H0.270_L14.047_A30.00_P60.00.csv,900.0,180000,0.00824923813,0.0063435277,0.0157483146,0.0188759025,3.05527329,2.34945464,5.83270884,9.43390942,0.0534430593,29.4674644,0.385030538,0.231597468,1.01318336,0.00756589323,0.00715285633,0.00942345429,0.014043062,2.58522058,2.91860533,0.509444475,0.0,99.4905548,32.9760742,30.0,2.97607422,3.51641011,1.87041366,1.11055553,0.509444475,0.0,99.4905548,0.509444475,0.0762757808,0.000131327863,1.39716542,0.0923804119,0.180333138,2.93702102,0.250682741,3.00458217,0.0302377306,2.97607422,2.58522058,202,hard-iron-off,JONSWAP,0.27,0
OU-II,adaptive,periodic,wave_data_jonswap_H1.500_L50.710_A-30.00_P120.00.csv,900.0,180000,0.082869336,0.0546575263,0.0969710499,0.138773754,5.52462196,3.64383507,6.46473646,10.4712057,0.390963972,24.8030663,0.317579627,0.246874943,1.12211883,0.0147738857,0.0144364079,0.0125662647,0.0241782665,2.46129036,21.1470451,87.8794479,0.324444443,11.7961111,-27.7348633,-30.0,2.26513672,23.1185417,21.2653942,94.625,70.546669,17.6572227,11.7961111,70.546669,0.067561917,0.000138093266,2.37823558,0.414033413,2.3417747,4.98338604,0.259660006,3.39258146,0.25778529,2.26513672,2.46129036,202,hard-iron-off,JONSWAP,1.5,1
OU-II,adaptive,periodic,wave_data_jonswap_H4.000_L112.766_A30.00_P30.00.csv,900.0,180000,0.264040232,0.171726584,0.248087227,0.400942087,6.60100555,4.29316473,6.20218086,9.71942711,1.04307246,23.784277,0.367405921,0.237194806,1.10135567,0.0159211047,0.0172360577,0.0138166677,0.0272298288,-1.38438964,17.3734818,96.0833359,0.121111117,3.79555559,28.8050842,30.0,-1.19491577,17.0703659,16.2720032,98.5199966,87.6877823,8.51666641,3.79555559,87.6877823,0.0728575289,0.00013998615,3.74013734,0.797052979,11.1496773,7.83072567,0.200000003,5.0,0.85942322,1.19491577,1.38438964,202,hard-iron-off,JONSWAP,4.0,1
OU-II,adaptive,periodic,wave_data_jonswap_H8.500_L202.839_A-30.00_P72.00.csv,900.0,180000,0.622696161,0.415229827,0.520054698,0.911385298,7.32583714,4.8850565,6.11829042,11.9984484,2.15460348,24.1369095,0.352614164,0.251522928,1.06955016,0.0206559505,0.019416865,0.0152558247,0.0321935266,3.13090777,26.9644794,95.3016663,1.08611119,3.61222219,-26.0956726,-30.0,3.90432739,24.6277466,23.1591568,98.7511139,2.47444439,93.9133377,3.61222219,93.9133377,0.0701962262,0.000155591959,4.27017832,1.05086482,19.1619129,9.12380505,0.200000003,5.0,1.4959681,3.90432739,3.13090777,202,hard-iron-off,JONSWAP,8.5,1
OU-II,adaptive,periodic,wave_data_pmstokes_H0.270_L14.047_A30.00_P60.00.csv,900.0,180000,0.00801966991,0.00618483685,0.0153187774,0.0183638837,2.97024798,2.29068017,5.67362118,9.49113464,0.0499124601,30.6912899,0.382778168,0.235932574,1.02573967,0.00734345801,0.00707598822,0.00938291196,0.0138576701,-0.000580945227,0.655345321,0.109444447,0.0,99.8905563,27.4471741,30.0,-2.55282593,5.19843912,4.52915764,0.62277776,0.109444447,0.0,99.8905563,0.109444447,0.0763354525,0.00013128102,1.37757528,0.136580542,0.259190738,2.88755631,0.355804861,2.79640532,0.0306518748,2.55282593,0.000580945227,202,hard-iron-off,PM-Stokes,0.27,0
OU-II,adaptive,periodic,wave_data_pmstokes_H1.500_L50.710_A-30.00_P120.00.csv,900.0,180000,0.0792136416,0.0535504855,0.0947294384,0.134596139,5.28090906,3.57003212,6.3152957,10.0601053,0.385561794,24.5691986,0.311174929,0.242020667,1.09562445,0.0150407469,0.0147313373,0.0131962784,0.024847094,2.58537745,19.6434765,87.4633331,0.25,12.2866669,-28.4235229,-30.0,1.57647705,21.3948097,19.8678551,94.7200012,23.3561115,64.3572235,12.2866669,64.3572235,0.0661087036,0.000137053517,2.20669889,0.456612945,2.22348571,4.63003492,0.283877939,3.08269167,0.29874146,1.57647705,2.58537745,202,hard-iron-off,PM-Stokes,1.5,1
OU-II,adaptive,periodic,wave_data_pmstokes_H4.000_L112.766_A30.00_P30.00.csv,900.0,180000,0.252990305,0.169316962,0.244415298,0.390398711,6.32475758,4.23292398,6.11038256,9.64921951,1.04037023,23.4931087,0.364780158,0.241733074,1.1106708,0.0161891729,0.0180456452,0.014520729,0.028259268,-2.35248137,15.2626839,95.4800034,0.0472222231,4.47277784,27.6083679,30.0,-2.39163208,14.9431381,14.5359564,98.2444458,0.0472222231,95.4800034,4.47277784,95.4800034,0.0727820247,0.000139184136,3.49128962,0.861811221,10.5047054,7.32302809,0.200000003,5.0,0.998832405,2.39163208,2.35248137,202,hard-iron-off,PM-Stokes,4.0,1
OU-II,adaptive,periodic,wave_data_pmstokes_H8.500_L202.839_A-30.00_P72.00.csv,900.0,180000,0.610724568,0.396905303,0.512727559,0.890734434,7.1849947,4.66947412,6.03208876,11.8229446,2.16781425,23.6518211,0.364361465,0.240832448,0.994959474,0.0208689291,0.0199631099,0.0166857801,0.0333534591,2.28807974,24.3988247,95.9988937,0.489444464,3.51166677,-26.8445435,-30.0,3.15545654,22.9889374,21.5312023,98.5666656,95.7038879,0.784444451,3.51166677,95.7038879,0.0705779344,0.000155575835,4.10425901,1.24960625,21.0495453,8.77564812,0.200000003,5.0,2.10610223,3.15545654,2.28807974,202,hard-iron-off,PM-Stokes,8.5,0
OU-II,adaptive,periodic,wave_data_jonswap_H0.270_L14.047_A30.00_P60.00.csv,900.0,180000,0.00835631602,0.00633610226,0.0156354271,0.0188265983,3.09493184,2.34670448,5.7908988,9.40926743,0.0534430593,29.2562351,0.177076101,0.0839514062,2.84226322,0.00770744262,0.00716502918,0.00957547221,0.0142278587,5.10561085,5.2248373,0.510555565,0.0,99.4894485,35.6465302,30.0,5.64653015,6.06065464,2.18976951,1.1072222,0.510555565,0.0,99.4894485,0.510555565,0.0330931731,0.000138375384,1.39751267,0.0923675746,0.180397719,2.93776059,0.250189215,3.0096314,0.0302871838,5.64653015,5.10561085,3033,deployed,JONSWAP,0.27,1
OU-II,adaptive,periodic,wave_data_jonswap_H1.500_L50.710_A-30.00_P120.00.csv,900.0,180000,0.0833070129,0.0546954684,0.0951694399,0.137800127,5.55380058,3.64636445,6.34462929,10.3977413,0.390963972,24.3422527,0.104443148,0.0871528909,2.92276096,0.0150181856,0.0183166377,0.0123406714,0.0267083757,2.83593059,21.34095,87.8566666,0.294444442,11.8488894,-27.3833466,-30.0,2.61665344,23.3032303,21.4730015,94.4888916,17.6833344,70.4677811,11.8488894,70.4677811,0.0219726842,0.000145068407,2.38020468,0.414057553,2.34579086,4.98728943,0.256934643,3.41015148,0.258006364,2.61665344,2.83593059,3033,deployed,JONSWAP,1.5,1
OU-II,adaptive,periodic,wave_data_jonswap_H4.000_L112.766_A30.00_P30.00.csv,900.0,180000,0.26805073,0.172533035,0.247455746,0.403550714,6.7012682,4.31332588,6.18639374,9.7826643,1.04307246,23.7237358,0.155307561,0.102171719,1.81116319,0.0178163629,0.0195264518,0.0137594379,0.0297997873,-0.578174233,17.4029713,96.1316681,0.106111117,3.76222229,29.6011047,30.0,-0.398895264,17.1011906,16.3334255,98.492775,87.7133331,8.52444458,3.76222229,87.7133331,0.0303993616,0.000145303071,3.73998404,0.798228204,11.1652012,7.83013916,0.200000003,5.0,0.861991704,0.398895264,0.578174233,3033,deployed,JONSWAP,4.0,1
OU-II,adaptive,periodic,wave_data_jonswap_H8.500_L202.839_A-30.00_P72.00.csv,900.0,180000,0.631273806,0.415156215,0.514952123,0.914350569,7.42675066,4.88419056,6.05825996,12.037487,2.15460348,23.9000874,0.141392365,0.103854485,2.66333914,0.0239747912,0.0334016383,0.0135827148,0.0433006957,3.78514552,25.9302731,95.6144485,0.758333325,3.6272223,-25.849823,-30.0,4.150177,23.877552,22.6084938,98.7399979,28.1444454,68.2283325,3.6272223,68.2283325,0.0260654483,0.000167457358,4.27113676,1.05274737,19.2048588,9.12619209,0.200000003,5.0,1.50156879,4.150177,3.78514552,3033,deployed,JONSWAP,8.5,1
OU-II,adaptive,periodic,wave_data_pmstokes_H0.270_L14.047_A30.00_P60.00.csv,900.0,180000,0.00812874362,0.00619630795,0.0152315134,0.0183431096,3.01064563,2.29492879,5.64130116,9.48039818,0.0499124601,30.5164566,0.174748674,0.0820040628,3.14104319,0.00746870274,0.00708952826,0.00949914195,0.0140098771,2.07110357,2.17977667,0.108888894,0.0,99.8911133,29.6529083,30.0,-0.347091675,4.76609612,4.75776529,0.642222226,0.108888894,0.0,99.8911133,0.108888894,0.0325731672,0.000137972849,1.37798429,0.136581883,0.25934723,2.88843942,0.355107993,2.80193377,0.0306909904,0.347091675,2.07110357,3033,deployed,PM-Stokes,0.27,1
OU-II,adaptive,periodic,wave_data_pmstokes_H1.500_L50.710_A-30.00_P120.00.csv,900.0,180000,0.0797241181,0.0536199361,0.0929320157,0.133668959,5.31494093,3.57466221,6.19546747,9.99080563,0.385561794,24.103014,0.0984788984,0.0912064463,2.70156741,0.0153290043,0.0180273391,0.012815265,0.0269108601,2.96483707,20.2287178,86.8144455,0.266666681,12.918889,-28.0245819,-30.0,1.97541809,22.0565071,20.4277649,94.5233307,23.2027779,63.878334,12.918889,63.878334,0.0216007959,0.000144818056,2.2089684,0.456521094,2.22761345,4.63424635,0.283396453,3.08925676,0.298583239,1.97541809,2.96483707,3033,deployed,PM-Stokes,1.5,1
OU-II,adaptive,periodic,wave_data_pmstokes_H4.000_L112.766_A30.00_P30.00.csv,900.0,180000,0.256897867,0.170485511,0.24360615,0.392944992,6.42244673,4.26213789,6.09015369,9.71215343,1.04037023,23.4153328,0.153297961,0.0985682085,2.02417254,0.0191430748,0.0213249624,0.0143506024,0.0320492014,-1.39406741,15.3328447,95.2138901,0.0549999997,4.73111105,28.5438843,30.0,-1.45611572,14.9347191,14.6527061,98.246109,0.0549999997,95.2138901,4.73111105,95.2138901,0.0297765769,0.000138334784,3.49118018,0.863061786,10.51929,7.32246828,0.200000003,5.0,1.00181174,1.45611572,1.39406741,3033,deployed,PM-Stokes,4.0,1
OU-II,adaptive,periodic,wave_data_pmstokes_H8.500_L202.839_A-30.00_P72.00.csv,900.0,180000,0.618467748,0.395951957,0.506848693,0.892286897,7.2760911,4.65825844,5.96292591,11.8435516,2.16781425,23.3806324,0.15300855,0.111226462,2.45592761,0.0236997586,0.0344113559,0.0141368294,0.0441097505,2.49935269,25.0748158,95.7861099,0.668333352,3.54555559,-26.5493622,-30.0,3.45063782,23.6569939,22.1153526,98.5211105,95.5016708,0.952777803,3.54555559,95.5016708,0.0285021905,0.000170185929,4.10532236,1.25173891,21.0963955,8.77831364,0.200000003,5.0,2.11363816,3.45063782,2.49935269,3033,deployed,PM-Stokes,8.5,1
OU-II,adaptive,periodic,wave_data_jonswap_H0.270_L14.047_A30.00_P60.00.csv,900.0,180000,0.00837152079,0.00639522029,0.0156350173,0.0188529827,3.10056329,2.36860013,5.79074717,9.42245388,0.0534430593,29.2554684,0.177120015,0.0846100971,5.39470243,0.00790296961,0.00765390182,0.00957642961,0.0145858545,5.10085344,5.22079849,0.510555565,0.0,99.4894485,35.6417694,30.0,5.64176941,6.05704165,2.19203067,1.1072222,0.510555565,0.0,99.4894485,0.510555565,0.0331532508,0.000125777413,1.39751267,0.0923675746,0.180397719,2.93776059,0.250189215,3.0096314,0.0302871838,5.64176941,5.10085344,3033,hard-iron-off,JONSWAP,0.27,1
OU-II,adaptive,periodic,wave_data_jonswap_H1.500_L50.710_A-30.00_P120.00.csv,900.0,180000,0.0829753131,0.0551444516,0.0951670036,0.137777254,5.53168726,3.67629671,6.34446669,10.3960142,0.390963972,24.3416309,0.104466259,0.0873992518,5.43839598,0.0163607486,0.0261880625,0.0123414649,0.0332535803,2.83483696,21.3336411,87.8555603,0.290000021,11.8544445,-27.3863068,-30.0,2.61369324,23.304142,21.4738007,94.4894409,17.6827774,70.4627762,11.8544445,70.4627762,0.0220170729,0.000131175839,2.38020468,0.414057553,2.34579086,4.98728943,0.256934643,3.41015148,0.258006364,2.61369324,2.83483696,3033,hard-iron-off,JONSWAP,1.5,1
OU-II,adaptive,periodic,wave_data_jonswap_H4.000_L112.766_A30.00_P30.00.csv,900.0,180000,0.271734118,0.185735255,0.247459397,0.411792636,6.79335308,4.6433816,6.18648481,9.98246098,1.04307246,23.7240849,0.153561011,0.102272131,5.38969612,0.0271712039,0.0411668085,0.0137539404,0.0512069426,-0.580484331,17.400856,96.1300049,0.106111117,3.76388907,29.5994568,30.0,-0.400543213,17.0987892,16.3312817,98.4933319,87.7116699,8.52444458,3.76388907,87.7116699,0.0301860403,0.000134304646,3.73998404,0.798228204,11.1652012,7.83013916,0.200000003,5.0,0.861991704,0.400543213,0.580484331,3033,hard-iron-off,JONSWAP,4.0,1
OU-II,adaptive,periodic,wave_data_jonswap_H8.500_L202.839_A-30.00_P72.00.csv,900.0,180000,0.627462983,0.417128056,0.514909267,0.912599146,7.38191748,4.90738869,6.05775595,12.0144291,2.15460348,23.8980999,0.14282082,0.105061896,5.34543943,0.035548728,0.061986547,0.0135901822,0.0727374554,3.77776265,25.9323673,95.6144485,0.7588889,3.62666678,-25.8571625,-30.0,4.14283752,23.8759556,22.6080437,98.7394409,28.1444454,68.2288895,3.62666678,68.2288895,0.0265245847,0.000144798425,4.27113676,1.05274737,19.2048588,9.12619209,0.200000003,5.0,1.50156879,4.14283752,3.77776265,3033,hard-iron-off,JONSWAP,8.5,1
OU-II,adaptive,periodic,wave_data_pmstokes_H0.270_L14.047_A30.00_P60.00.csv,900.0,180000,0.00814103708,0.00624871859,0.0152311306,0.018366009,3.01519895,2.31434011,5.64115953,9.49223232,0.0499124601,30.5156879,0.174837545,0.0826115757,5.40127373,0.00763647584,0.00744904391,0.00949996989,0.0142847281,2.06243062,2.17216444,0.108888894,0.0,99.8911133,29.6452179,30.0,-0.354782104,4.770473,4.76159048,0.641666651,0.108888894,0.0,99.8911133,0.108888894,0.0326359384,0.00012571775,1.37798429,0.136581883,0.25934723,2.88843942,0.355107993,2.80193377,0.0306909904,0.354782104,2.06243062,3033,hard-iron-off,PM-Stokes,0.27,1
OU-II,adaptive,periodic,wave_data_pmstokes_H1.500_L50.710_A-30.00_P120.00.csv,900.0,180000,0.0794829577,0.0539868735,0.0929288492,0.133670852,5.29886341,3.59912467,6.19525623,9.99094772,0.385561794,24.1021938,0.0984893218,0.0916046277,5.42270565,0.0167158209,0.0263470933,0.0128165381,0.0337320566,2.95855713,20.2273712,86.8127823,0.266666681,12.9205561,-28.032135,-30.0,1.96786499,22.0574799,20.4293861,94.5205536,23.2016678,63.8777809,12.9205561,63.8777809,0.0216665119,0.000130510918,2.2089684,0.456521094,2.22761345,4.63424635,0.283396453,3.08925676,0.298583239,1.96786499,2.95855713,3033,hard-iron-off,PM-Stokes,1.5,1
OU-II,adaptive,periodic,wave_data_pmstokes_H4.000_L112.766_A30.00_P30.00.csv,900.0,180000,0.260158211,0.182511821,0.24361518,0.400426298,6.50395536,4.56279564,6.09037971,9.89706421,1.04037023,23.4162006,0.15110819,0.0986180529,5.39292097,0.0288140327,0.0439411215,0.0143405767,0.0544676296,-1.39505637,15.3329697,95.2216721,0.0549999997,4.72333336,28.5437164,30.0,-1.45628357,14.9348211,14.6528406,98.2477798,0.0549999997,95.2216721,4.72333336,95.2216721,0.0294843111,0.000133991853,3.49118018,0.863061786,10.51929,7.32246828,0.200000003,5.0,1.00181174,1.45628357,1.39505637,3033,hard-iron-off,PM-Stokes,4.0,1
OU-II,adaptive,periodic,wave_data_pmstokes_H8.500_L202.839_A-30.00_P72.00.csv,900.0,180000,0.614942014,0.396099895,0.506801248,0.889885545,7.23461199,4.65999889,5.96236753,11.8116779,2.16781425,23.3784447,0.153901637,0.113226175,5.29218388,0.036456991,0.0688814223,0.0141478172,0.0792080984,2.48988032,25.085537,95.7822266,0.671666682,3.54611111,-26.5562592,-30.0,3.44374084,23.6577988,22.1172943,98.5216675,95.4977798,0.956111133,3.54611111,95.4977798,0.0289783683,0.000144815014,4.10532236,1.25173891,21.0963955,8.77831364,0.200000003,5.0,2.11363816,3.44374084,2.48988032,3033,hard-iron-off,PM-Stokes,8.5,1
OU-III,adaptive,periodic,wave_data_jonswap_H0.270_L14.047_A30.00_P60.00.csv,900.0,180000,0.00912911538,0.00908371434,0.0114732869,0.0172479246,3.38115382,3.36433864,4.24936533,8.62026882,0.0534430593,21.4682465,0.307665884,0.120979957,0.493550122,0.00645988388,0.0061083734,0.00978231989,0.0132187791,0.487289071,3.76376343,0.38500002,0.0,99.6150055,30.1626892,30.0,0.162689209,4.53822231,4.54000807,0.98777777,0.38500002,0.0,99.6150055,0.38500002,0.0562700294,0.000105846389,1.53025579,0.0500000007,0.150360137,3.05647588,0.235941797,3.10486245,0.0307989549,0.162689209,0.487289071,default,deployed,JONSWAP,0.27,0
OU-III,adaptive,periodic,wave_data_jonswap_H1.500_L50.710_A-30.00_P120.00.csv,900.0,180000,0.0692873001,0.0617612861,0.0614871234,0.111336663,4.61915302,4.11741877,4.0991416,8.40093327,0.390963972,15.7270555,0.169570208,0.118795328,0.386544347,0.012131813,0.01201443,0.0112102004,0.0204253774,3.00961614,20.996664,88.6050034,0.185555562,11.209445,-27.2481995,-30.0,2.75180054,23.1043167,21.2385674,94.702774,71.0788879,17.711668,11.209445,71.0788879,0.034495499,0.000110462497,2.50650096,0.393561482,1.33532381,4.98906136,0.310105383,4.34818649,0.257832944,2.75180054,3.00961614,default,deployed,JONSWAP,1.5,0
OU-III,adaptive,periodic,wave_data_jonswap_H4.000_L112.766_A30.00_P30.00.csv,900.0,180000,0.233525455,0.173229203,0.16070649,0.332218409,5.8381362,4.33072996,4.01766205,8.05346394,1.04307246,15.4070292,0.222909346,0.130768687,0.81452328,0.0144191375,0.0177381355,0.0126816258,0.026141474,-0.946160555,16.5788364,95.2433319,0.0183333345,4.73833323,29.0647125,30.0,-0.935287476,17.1309471,16.3308296,98.1161118,8.13611126,87.1255569,4.73833323,87.1255569,0.042696055,0.000130532804,3.9375577,0.840555251,8.95903492,7.83341837,0.200000003,5.0,0.859677911,0.935287476,0.946160555,default,deployed,JONSWAP,4.0,0
OU-III,adaptive,periodic,wave_data_jonswap_H8.500_L202.839_A-30.00_P72.00.csv,900.0,180000,0.52414912,0.409659833,0.315277576,0.736174881,6.16646004,4.81952715,3.70914793,9.69179153,2.15460348,14.6327419,0.289479047,0.14502795,0.330450326,0.01629401,0.0161891114,0.0134461941,0.026615452,3.30961156,25.3667717,95.5055542,0.673333347,3.8211112,-26.2215576,-30.0,3.77844238,24.1281109,22.6951408,98.578331,27.5905571,68.5883331,3.8211112,68.5883331,0.0529463366,0.00012444664,4.4956646,1.10325015,16.5773811,9.12593937,0.200000003,5.0,1.49710143,3.77844238,3.30961156,default,deployed,JONSWAP,8.5,0
OU-III,adaptive,periodic,wave_data_pmstokes_H0.270_L14.047_A30.00_P60.00.csv,900.0,180000,0.00917328242,0.00901418459,0.0113749467,0.0171695668,3.39751196,3.33858681,4.21294308,8.87386703,0.0499124601,22.7897949,0.312753886,0.119832985,0.659358084,0.00636578212,0.00600926625,0.00996380858,0.013263179,-0.0701481104,0.251675218,0.0266666673,0.0,99.9733353,32.9561462,30.0,2.95614624,4.20234776,2.98903322,0.560000002,0.0266666673,0.0,99.9733353,0.0266666673,0.0570189469,0.000101652906,1.51966047,0.0851560682,0.150116444,3.02446294,0.409234107,2.78987837,0.0310976487,2.95614624,0.0701481104,default,deployed,PM-Stokes,0.27,0
OU-III,adaptive,periodic,wave_data_pmstokes_H1.500_L50.710_A-30.00_P120.00.csv,900.0,180000,0.0669338554,0.0585458577,0.0603511035,0.107470989,4.46225691,3.9030571,4.02340698,8.03269386,0.385561794,15.652771,0.169936791,0.119188547,0.243767187,0.0126831951,0.0125302188,0.0117120761,0.0213317275,3.65032935,20.3790684,85.2761154,0.280555576,14.4433336,-27.9638367,-30.0,2.03616333,22.4902172,20.7825623,93.9877777,85.5566711,0.0,14.4433336,85.5566711,0.0344658457,0.00011432582,2.326056,0.436519265,1.16135144,4.63564825,0.261256695,4.0886488,0.298793554,2.03616333,3.65032935,default,deployed,PM-Stokes,1.5,0
OU-III,adaptive,periodic,wave_data_pmstokes_H4.000_L112.766_A30.00_P30.00.csv,900.0,180000,0.226598561,0.166473895,0.158207327,0.322629839,5.6649642,4.16184759,3.95518327,7.97422218,1.04037023,15.20683,0.207211778,0.129822031,0.601651669,0.0149636306,0.0179690346,0.0132933958,0.026898155,-1.57703495,14.7762442,94.9916687,0.0266666673,4.98166656,28.1152039,30.0,-1.88479614,14.8158951,14.5139065,98.2377777,0.0266666673,94.9916687,4.98166656,94.9916687,0.0400959365,0.000123749342,3.67561054,0.908238769,7.78866625,7.32536983,0.200000003,5.0,0.999155521,1.88479614,1.57703495,default,deployed,PM-Stokes,4.0,0
OU-III,adaptive,periodic,wave_data_pmstokes_H8.500_L202.839_A-30.00_P72.00.csv,900.0,180000,0.527042329,0.39047277,0.314738125,0.72753191,6.2004981,4.59379721,3.70280147,9.65671635,2.16781425,14.5186853,0.327535957,0.146506339,0.296637297,0.0170884728,0.0175629873,0.0148898689,0.0286737252,1.74625182,25.332243,95.6266708,0.526111126,3.84722233,-27.245636,-30.0,2.75436401,24.0299835,22.6301823,98.4544449,95.3116684,0.841111124,3.84722233,95.3116684,0.0586315319,0.000126980463,4.32140875,1.31856585,16.6434574,8.77819252,0.200000003,5.0,2.10747409,2.75436401,1.74625182,default,deployed,PM-Stokes,8.5,0
OU-III,adaptive,periodic,wave_data_jonswap_H0.270_L14.047_A30.00_P60.00.csv,900.0,180000,0.00908503775,0.00913977623,0.0114750927,0.0172554683,3.36482882,3.38510227,4.25003433,8.6240387,0.0534430593,21.4716225,0.302580208,0.121490575,1.93981421,0.00650837179,0.00601657247,0.00977558829,0.0131954607,0.49161005,3.77248502,0.385555565,0.0,99.6144485,30.1690369,30.0,0.169036865,4.54901218,4.55062914,0.98777777,0.385555565,0.0,99.6144485,0.385555565,0.0554941446,9.10258823e-05,1.53025579,0.0500000007,0.150360137,3.05647588,0.235941797,3.10486245,0.0307989549,0.169036865,0.49161005,default,hard-iron-off,JONSWAP,0.27,1
OU-III,adaptive,periodic,wave_data_jonswap_H1.500_L50.710_A-30.00_P120.00.csv,900.0,180000,0.0701631531,0.0609707013,0.0614873841,0.11144951,4.67754316,4.06471348,4.09915876,8.40944862,0.390963972,15.7271223,0.16889894,0.118638836,1.92181635,0.0123627996,0.0141169252,0.0112100197,0.0218584295,3.00913548,20.9983978,88.6061096,0.186111122,11.207778,-27.2476654,-30.0,2.75233459,23.1048946,21.2391205,94.7016678,71.0805588,17.711668,11.207778,71.0805588,0.034378022,9.42436527e-05,2.50650096,0.393561482,1.33532381,4.98906136,0.310105383,4.34818649,0.257832944,2.75233459,3.00913548,default,hard-iron-off,JONSWAP,1.5,1
OU-III,adaptive,periodic,wave_data_jonswap_H4.000_L112.766_A30.00_P30.00.csv,900.0,180000,0.225973874,0.185386479,0.160661876,0.333533466,5.64934683,4.63466215,4.01654673,8.08534336,1.04307246,15.4027529,0.210590437,0.135271773,2.05576086,0.0167864226,0.0183794443,0.0126161082,0.0279061664,-0.925922453,16.5717144,95.2411118,0.0183333345,4.74055576,29.0858154,30.0,-0.91418457,17.1234245,16.3246155,98.1161118,8.13500023,87.1244431,4.74055576,87.1244431,0.041274935,9.94245929e-05,3.9375577,0.840555251,8.95903492,7.83341837,0.200000003,5.0,0.859677911,0.91418457,0.925922453,default,hard-iron-off,JONSWAP,4.0,1
OU-III,adaptive,periodic,wave_data_jonswap_H8.500_L202.839_A-30.00_P72.00.csv,900.0,180000,0.53700316,0.396279246,0.315298408,0.738121033,6.31768417,4.6621089,3.70939302,9.71741295,2.15460348,14.633709,0.292036235,0.14238064,1.89841664,0.0192353912,0.0251701307,0.0134438686,0.0344132707,3.30158377,25.3694172,95.507225,0.672777772,3.82000017,-26.2295532,-30.0,3.77044678,24.1330776,22.6996517,98.5761108,27.5888901,68.5911102,3.82000017,68.5911102,0.0530771017,0.000106272564,4.4956646,1.10325015,16.5773811,9.12593937,0.200000003,5.0,1.49710143,3.77044678,3.30158377,default,hard-iron-off,JONSWAP,8.5,1
OU-III,adaptive,periodic,wave_data_pmstokes_H0.270_L14.047_A30.00_P60.00.csv,900.0,180000,0.00913630519,0.00906199403,0.0113765411,0.017176073,3.38381672,3.35629392,4.21353388,8.87722969,0.0499124601,22.7929878,0.308096081,0.120285109,1.93436587,0.00640235888,0.00594705623,0.00995789841,0.0132482992,-0.0709234476,0.251431942,0.0266666673,0.0,99.9733353,32.9722443,30.0,2.97224426,4.22062254,2.99882483,0.561666667,0.0266666673,0.0,99.9733353,0.0266666673,0.0563040525,9.10370291e-05,1.51966047,0.0851560682,0.150116444,3.02446294,0.409234107,2.78987837,0.0310976487,2.97224426,0.0709234476,default,hard-iron-off,PM-Stokes,0.27,1
OU-III,adaptive,periodic,wave_data_pmstokes_H1.500_L50.710_A-30.00_P120.00.csv,900.0,180000,0.0679137036,0.0575950705,0.0603513829,0.107572079,4.52758026,3.83967113,4.02342558,8.04024887,0.385561794,15.6528425,0.168860734,0.119088233,1.91349447,0.0128964838,0.0145339528,0.0117113153,0.0226872209,3.65040779,20.3783607,85.2777786,0.280555576,14.4416666,-27.9629669,-30.0,2.03703308,22.4922981,20.7848873,93.9838867,85.5583344,0.0,14.4416666,85.5583344,0.0342942253,9.44656495e-05,2.326056,0.436519265,1.16135144,4.63564825,0.261256695,4.0886488,0.298793554,2.03703308,3.65040779,default,hard-iron-off,PM-Stokes,1.5,1
OU-III,adaptive,periodic,wave_data_pmstokes_H4.000_L112.766_A30.00_P30.00.csv,900.0,180000,0.219541758,0.178277552,0.158162683,0.324032247,5.48854399,4.45693874,3.95406699,8.00888443,1.04037023,15.2025385,0.194508791,0.134202451,2.06357598,0.0175543055,0.0197916348,0.0132176867,0.0295731258,-1.5549438,14.7681646,94.9994431,0.0266666673,4.97388887,28.1391754,30.0,-1.86082458,14.8077745,14.5091581,98.2377777,0.0266666673,94.9994431,4.97388887,94.9994431,0.0386460461,9.85224688e-05,3.67561054,0.908238769,7.78866625,7.32536983,0.200000003,5.0,0.999155521,1.86082458,1.5549438,default,hard-iron-off,PM-Stokes,4.0,1
OU-III,adaptive,periodic,wave_data_pmstokes_H8.500_L202.839_A-30.00_P72.00.csv,900.0,180000,0.542775035,0.371362329,0.314781696,0.729110599,6.38558865,4.36896849,3.70331407,9.67767048,2.16781425,14.5206957,0.328989774,0.142687976,1.83650076,0.0200022347,0.0264047142,0.0148624796,0.0363069102,1.73924899,25.3342552,95.6277771,0.525555551,3.84666681,-27.2532501,-30.0,2.74674988,24.0351753,22.6354465,98.4538879,95.3122253,0.841111124,3.84666681,95.3122253,0.0585195273,0.000106456755,4.32140875,1.31856585,16.6434574,8.77819252,0.200000003,5.0,2.10747409,2.74674988,1.73924899,default,hard-iron-off,PM-Stokes,8.5,1
OU-III,adaptive,periodic,wave_data_jonswap_H0.270_L14.047_A30.00_P60.00.csv,900.0,180000,0.00876552053,0.00842688885,0.0113300048,0.0166197419,3.24648905,3.12106991,4.19629812,8.30631161,0.0534430593,21.2001438,0.129804656,0.152748019,2.43818021,0.00644328538,0.00588791724,0.00944912992,0.0128634972,6.73339128,6.78333187,0.542777777,0.0,99.457222,37.4272461,30.0,7.42724609,7.65497017,1.8384428,1.2094444,0.542777777,0.0,99.457222,0.542777777,0.0339086652,0.000131864683,1.47078526,0.0500000007,0.150041685,2.93715763,0.222390324,3.33186746,0.0305005498,7.42724609,6.73339128,11,deployed,JONSWAP,0.27,1
OU-III,adaptive,periodic,wave_data_jonswap_H1.500_L50.710_A-30.00_P120.00.csv,900.0,180000,0.0716443732,0.0592075363,0.0575622246,0.10932456,4.77629137,3.94716883,3.8374815,8.24911022,0.390963972,14.7231531,0.212524384,0.161635458,3.46843934,0.0130680026,0.0209756214,0.0114856409,0.0272519588,3.87827563,20.7880764,87.0338898,0.24277778,12.7233334,-26.2134094,-30.0,3.78659058,23.3023663,21.3454628,94.4522247,17.7377777,69.538887,12.7233334,69.538887,0.0451276787,0.000130262575,2.50580454,0.398054421,1.31000042,4.98793602,0.232279181,3.84065056,0.257714212,3.78659058,3.87827563,11,deployed,JONSWAP,1.5,1
OU-III,adaptive,periodic,wave_data_jonswap_H4.000_L112.766_A30.00_P30.00.csv,900.0,180000,0.217426911,0.177351594,0.150786057,0.318534911,5.43567276,4.43378973,3.76965141,7.72175598,1.04307246,14.4559526,0.175785571,0.169802606,2.16708851,0.0165647231,0.0214536935,0.0122956485,0.0297629628,-0.0158327501,16.5679722,96.0905609,0.0372222215,3.87222242,30.1897125,30.0,0.189712524,16.8758259,16.1165257,98.4011078,87.5477829,8.57999992,3.87222242,87.5477829,0.040287707,0.000128375352,3.93495536,0.839890122,8.88362503,7.8256917,0.200000003,5.0,0.859903038,0.189712524,0.0158327501,11,deployed,JONSWAP,4.0,1
OU-III,adaptive,periodic,wave_data_jonswap_H8.500_L202.839_A-30.00_P72.00.csv,900.0,180000,0.547812998,0.347765207,0.304892659,0.716937423,6.44485855,4.09135532,3.58697248,9.43852901,2.15460348,14.1507549,0.14581725,0.176194504,3.23458219,0.0245060343,0.0431479402,0.0128239216,0.0512517616,4.86908817,27.8700714,95.1155548,1.32555556,3.55888891,-25.4854889,-30.0,4.51451111,24.9201546,23.3679543,98.6988907,2.70611119,93.7350006,3.55888891,93.7350006,0.036498826,0.000146784092,4.49665833,1.10579443,16.6544304,9.12797356,0.200000003,5.0,1.49896431,4.51451111,4.86908817,11,deployed,JONSWAP,8.5,1
OU-III,adaptive,periodic,wave_data_pmstokes_H0.270_L14.047_A30.00_P60.00.csv,900.0,180000,0.00885879993,0.00838965829,0.0112053379,0.0165657569,3.28103685,3.10728073,4.15012503,8.56179619,0.0499124601,22.4499817,0.12760672,0.158495992,2.56383514,0.0063305134,0.00576389022,0.00965735409,0.0129059032,5.89550638,6.56323862,0.196111113,0.0,99.803894,32.1210938,30.0,2.12109375,5.87303114,5.49013472,0.792222202,0.196111113,0.0,99.803894,0.196111113,0.0344040804,0.000133138732,1.45013285,0.0500000007,0.150003225,2.88772058,0.224173233,3.2565515,0.0309081208,2.12109375,5.89550638,11,deployed,PM-Stokes,0.27,1
OU-III,adaptive,periodic,wave_data_pmstokes_H1.500_L50.710_A-30.00_P120.00.csv,900.0,180000,0.0693947673,0.0570046045,0.0571865328,0.106468104,4.6263175,3.8003068,3.81243539,7.95773506,0.385561794,14.8320017,0.212686568,0.156577334,3.26449203,0.0134770228,0.020933209,0.012029252,0.0276501775,5.22713423,20.1949215,85.7266693,0.281111121,13.9922228,-25.9817047,-30.0,4.01829529,23.1147442,20.9453716,94.2211075,86.007782,0.0,13.9922228,86.007782,0.0445822254,0.000129538443,2.32569027,0.440555722,1.1541909,4.63510561,0.282510668,3.22539258,0.298228323,4.01829529,5.22713423,11,deployed,PM-Stokes,1.5,1
OU-III,adaptive,periodic,wave_data_pmstokes_H4.000_L112.766_A30.00_P30.00.csv,900.0,180000,0.212080479,0.175986126,0.15062505,0.314065516,5.30201197,4.39965296,3.76562619,7.76254368,1.04037023,14.4780235,0.185934454,0.167808905,2.42178917,0.0178879853,0.0249376949,0.0131527297,0.0333895646,-0.745299459,15.2048626,95.5811157,0.050555557,4.36833334,29.1408539,30.0,-0.859146118,14.8252134,14.5873375,98.3944473,0.050555557,95.5811157,4.36833334,95.5811157,0.041124355,0.000126779749,3.67253065,0.908325255,7.74001217,7.31703568,0.200000003,5.0,1.00055528,0.859146118,0.745299459,11,deployed,PM-Stokes,4.0,1
OU-III,adaptive,periodic,wave_data_pmstokes_H8.500_L202.839_A-30.00_P72.00.csv,900.0,180000,0.548298717,0.330396593,0.308410436,0.710570455,6.45057297,3.88701868,3.62835789,9.43158245,2.16781425,14.2267923,0.131621614,0.167377457,3.00077343,0.024596734,0.0451156162,0.013453098,0.0531168878,2.91837931,26.2739773,95.0644455,0.923333347,4.01222229,-26.085968,-30.0,3.91403198,24.5348778,22.6300774,98.3522186,94.7761154,1.2116667,4.01222229,94.7761154,0.0330685563,0.000148014326,4.32223701,1.32070196,16.7194443,8.78030491,0.200000003,5.0,2.10969687,3.91403198,2.91837931,11,deployed,PM-Stokes,8.5,1
OU-III,adaptive,periodic,wave_data_jonswap_H0.270_L14.047_A30.00_P60.00.csv,900.0,180000,0.00871598348,0.00850118976,0.0113306968,0.0166319944,3.22814202,3.14858866,4.19655418,8.31243515,0.0534430593,21.201437,0.129647464,0.153252736,3.76583219,0.00651614228,0.00615909649,0.00944683515,0.0130244885,6.73527431,6.78605032,0.542777777,0.0,99.457222,37.4265442,30.0,7.42654419,7.65472841,1.84023511,1.2094444,0.542777777,0.0,99.457222,0.542777777,0.0339518413,0.000123157311,1.47078526,0.0500000007,0.150041685,2.93715763,0.222390324,3.33186746,0.0305005498,7.42654419,6.73527431,11,hard-iron-off,JONSWAP,0.27,1
OU-III,adaptive,periodic,wave_data_jonswap_H1.500_L50.710_A-30.00_P120.00.csv,900.0,180000,0.0717842802,0.0592505448,0.0575624071,0.109439664,4.78561831,3.95003605,3.83749366,8.25779533,0.390963972,14.7231998,0.211523682,0.161729291,3.78224587,0.0132600674,0.0220269002,0.0114828907,0.0281579569,3.87503552,20.7881489,87.0338898,0.24333334,12.7227783,-26.2167358,-30.0,3.78326416,23.3021202,21.3456497,94.453331,17.7372227,69.5400009,12.7227783,69.5400009,0.0449967235,0.000126571584,2.50580454,0.398054421,1.31000042,4.98793602,0.232279181,3.84065056,0.257714212,3.78326416,3.87503552,11,hard-iron-off,JONSWAP,1.5,1
OU-III,adaptive,periodic,wave_data_jonswap_H4.000_L112.766_A30.00_P30.00.csv,900.0,180000,0.21252048,0.188878089,0.150768667,0.32182461,5.31301212,4.72195244,3.76921678,7.80150318,1.04307246,14.4542856,0.179469094,0.171580955,3.88321185,0.0209604967,0.0324295461,0.012308497,0.0405279808,-0.00435664598,16.5606918,96.0966721,0.036666669,3.86666679,30.1989288,30.0,0.198928833,16.8715878,16.1126804,98.4049988,87.5550003,8.57833385,3.86666679,87.5550003,0.0409655832,0.00012996544,3.93495536,0.839890122,8.88362503,7.8256917,0.200000003,5.0,0.859903038,0.198928833,0.00435664598,11,hard-iron-off,JONSWAP,4.0,1
OU-III,adaptive,periodic,wave_data_jonswap_H8.500_L202.839_A-30.00_P72.00.csv,900.0,180000,0.551299989,0.346486509,0.30486697,0.718977332,6.48588228,4.07631159,3.58667016,9.46538544,2.15460348,14.1495619,0.142742604,0.175917298,3.70208359,0.0264100228,0.0481279157,0.012813312,0.0563734509,4.86064339,27.8689098,95.1200027,1.32500005,3.55500007,-25.4950409,-30.0,4.50495911,24.9191532,23.3680134,98.6983337,2.70555568,93.7394485,3.55500007,93.7394485,0.0360657349,0.000140442135,4.49665833,1.10579443,16.6544304,9.12797356,0.200000003,5.0,1.49896431,4.50495911,4.86064339,11,hard-iron-off,JONSWAP,8.5,1
OU-III,adaptive,periodic,wave_data_pmstokes_H0.270_L14.047_A30.00_P60.00.csv,900.0,180000,0.00881264638,0.00845783204,0.011205825,0.0165761337,3.26394296,3.13253021,4.15030527,8.5671587,0.0499124601,22.4509563,0.127375811,0.159109294,3.77843404,0.00638851151,0.00595562812,0.00965523906,0.0130194556,5.89284134,6.5627861,0.196111113,0.0,99.803894,32.1138916,30.0,2.1138916,5.8763814,5.49652958,0.792222202,0.196111113,0.0,99.803894,0.196111113,0.0344545096,0.000123243939,1.45013285,0.0500000007,0.150003225,2.88772058,0.224173233,3.2565515,0.0309081208,2.1138916,5.89284134,11,hard-iron-off,PM-Stokes,0.27,1
OU-III,adaptive,periodic,wave_data_pmstokes_H1.500_L50.710_A-30.00_P120.00.csv,900.0,180000,0.0696323365,0.0570524074,0.0571866781,0.106648751,4.64215565,3.80349374,3.81244516,7.97123671,0.385561794,14.8320398,0.211755663,0.156575978,3.76781464,0.0137815792,0.0225985553,0.0120265409,0.0290734284,5.22275639,20.1833401,85.6933365,0.281111121,14.0255556,-25.9803162,-30.0,4.01968384,23.1656075,20.97892,94.2194443,85.9744492,0.0,14.0255556,85.9744492,0.0444494598,0.000126370971,2.32569027,0.440555722,1.1541909,4.63510561,0.282510668,3.22539258,0.298228323,4.01968384,5.22275639,11,hard-iron-off,PM-Stokes,1.5,1
OU-III,adaptive,periodic,wave_data_pmstokes_H4.000_L112.766_A30.00_P30.00.csv,900.0,180000,0.20796594,0.185587049,0.150609791,0.316821218,5.19914865,4.63967609,3.76524472,7.83065414,1.04037023,14.4765568,0.190065727,0.169297948,3.89782572,0.021971453,0.0354508758,0.0131760957,0.0437392108,-0.734789073,15.2023144,95.5794449,0.050555557,4.36999989,29.151886,30.0,-0.848114014,14.8220167,14.5847111,98.3927765,0.050555557,95.5794449,4.36999989,95.5794449,0.0418380201,0.000130467088,3.67253065,0.908325255,7.74001217,7.31703568,0.200000003,5.0,1.00055528,0.848114014,0.734789073,11,hard-iron-off,PM-Stokes,4.0,1
OU-III,adaptive,periodic,wave_data_pmstokes_H8.500_L202.839_A-30.00_P72.00.csv,900.0,180000,0.553750753,0.327027708,0.308394551,0.713228047,6.51471472,3.84738469,3.62817121,9.46685791,2.16781425,14.2260599,0.129762262,0.166493177,3.64149618,0.0274388231,0.0529117212,0.0134450616,0.0611008108,2.92790008,26.2545242,95.0849991,0.918888927,3.99611115,-26.0753326,-30.0,3.92466736,24.4954071,22.6028767,98.3516693,94.796669,1.20722222,3.99611115,94.796669,0.0326828882,0.000141281111,4.32223701,1.32070196,16.7194443,8.78030491,0.200000003,5.0,2.10969687,3.92466736,2.92790008,11,hard-iron-off,PM-Stokes,8.5,1
OU-III,adaptive,periodic,wave_data_jonswap_H0.270_L14.047_A30.00_P60.00.csv,900.0,180000,0.00878739636,0.00824839715,0.0109557239,0.0162874889,3.25459123,3.05496192,4.05767536,8.14025593,0.0534430593,20.4998055,0.777290404,0.120356418,1.89797211,0.00630708784,0.0071806265,0.0109491507,0.0145335691,-5.02247715,6.11471987,0.24777779,0.0,99.7522278,24.6643829,30.0,-5.33561707,7.02374792,4.567204,0.775555551,0.24777779,0.0,99.7522278,0.24777779,0.13415812,0.000145255457,1.47091305,0.0500000007,0.150024131,2.93750596,0.247729704,3.03149557,0.0300200861,5.33561707,5.02247715,23,deployed,JONSWAP,0.27,1
OU-III,adaptive,periodic,wave_data_jonswap_H1.500_L50.710_A-30.00_P120.00.csv,900.0,180000,0.0681757554,0.0629923865,0.0583626404,0.109645665,4.54505014,4.19949245,3.89084244,8.27333927,0.390963972,14.9278822,0.660853326,0.115676008,2.40833688,0.0143312551,0.0191465393,0.0120131997,0.0267636292,1.42142594,20.3343143,87.8261108,0.167222232,12.0066671,-29.2554321,-30.0,0.744567871,22.3533287,20.8092194,94.5027771,17.1816673,70.8116684,12.0066671,70.8116684,0.113979168,0.000134186019,2.50321364,0.397779822,1.29121947,4.98305273,0.267523974,3.36190677,0.258111566,0.744567871,1.42142594,23,deployed,JONSWAP,1.5,1
OU-III,adaptive,periodic,wave_data_jonswap_H4.000_L112.766_A30.00_P30.00.csv,900.0,180000,0.225868344,0.162854835,0.15410693,0.318256438,5.64670849,4.07137108,3.85267329,7.7150054,1.04307246,14.7743263,0.703867376,0.113354281,0.720057845,0.0146472873,0.0237405151,0.0177862979,0.033083342,-1.85373402,17.5782661,96.2327805,0.112222224,3.65499997,28.2510681,30.0,-1.74893188,17.3190899,16.4811535,98.460556,87.9133377,8.43166733,3.65499997,87.9133377,0.121292941,0.000144714912,3.93898439,0.839482188,8.79953384,7.83556414,0.200000003,5.0,0.861908197,1.74893188,1.85373402,23,deployed,JONSWAP,4.0,1
OU-III,adaptive,periodic,wave_data_jonswap_H8.500_L202.839_A-30.00_P72.00.csv,900.0,180000,0.501425385,0.409830093,0.3056961,0.716127276,5.89912224,4.82153034,3.59642458,9.42786312,2.15460348,14.1880445,0.769695222,0.122060411,2.54744625,0.0258408915,0.0420638807,0.0166082047,0.0520860255,1.85152614,26.8343029,95.1450043,0.99555558,3.85944462,-27.6498566,-30.0,2.35014343,24.7922058,23.4956112,98.6516647,2.06833339,94.0722275,3.85944462,94.0722275,0.130589262,0.000153001165,4.49458981,1.10678387,16.6644363,9.12282467,0.200000003,5.0,1.4993006,2.35014343,1.85152614,23,deployed,JONSWAP,8.5,1
OU-III,adaptive,periodic,wave_data_pmstokes_H0.270_L14.047_A30.00_P60.00.csv,900.0,180000,0.00890130177,0.00819950271,0.0108600631,0.0162605643,3.29677844,3.03685284,4.02224541,8.40406132,0.0499124601,21.7582207,0.780997515,0.116822004,1.90634036,0.00619805604,0.00696541276,0.0110732373,0.0144758234,nan,nan,0.0,0.0,100.0,21.4122925,30.0,-8.58770752,8.8300333,2.05600405,0.197777778,0.0,0.0,100.0,0.0,0.134698525,0.0001464175,1.45043743,0.109559439,0.150003225,2.88825297,0.352986932,2.83132195,0.0304298662,8.58770752,nan,23,deployed,PM-Stokes,0.27,1
OU-III,adaptive,periodic,wave_data_pmstokes_H1.500_L50.710_A-30.00_P120.00.csv,900.0,180000,0.0659295171,0.0606703013,0.0579509921,0.106704757,4.39530087,4.04468679,3.86339927,7.97542334,0.385561794,15.0302734,0.657764077,0.122951083,2.44108796,0.0152286263,0.0203104988,0.0128736021,0.0284632575,0.524356306,19.5831165,86.6033325,0.238333344,13.1583338,-30.5188446,-30.0,-0.518844604,21.6036701,20.1158714,94.6083298,23.3105564,63.5311127,13.1583338,63.5311127,0.113621503,0.00013346065,2.32251716,0.442584753,1.14464223,4.6295414,0.283676863,3.10174775,0.299089879,0.518844604,0.524356306,23,deployed,PM-Stokes,1.5,1
OU-III,adaptive,periodic,wave_data_pmstokes_H4.000_L112.766_A30.00_P30.00.csv,900.0,180000,0.221402362,0.162467897,0.153767899,0.314737022,5.53505898,4.06169748,3.84419751,7.77914047,1.04037023,14.7801132,0.682722092,0.107420824,0.495559454,0.0157450642,0.0248723272,0.0193757564,0.0352414474,-2.98252463,15.586709,95.4700012,0.0544444472,4.4755559,26.9655457,30.0,-3.03445435,15.2107859,14.6780748,98.2166672,0.0544444472,95.4700012,4.4755559,95.4700012,0.117625915,0.000150966327,3.67761612,0.908146501,7.76005077,7.3289361,0.200000003,5.0,1.00051332,3.03445435,2.98252463,23,deployed,PM-Stokes,4.0,1
OU-III,adaptive,periodic,wave_data_pmstokes_H8.500_L202.839_A-30.00_P72.00.csv,900.0,180000,0.498231977,0.403848529,0.308942169,0.711880624,5.86155272,4.75115919,3.63461375,9.44897366,2.16781425,14.2513208,0.80828768,0.135435626,2.76566672,0.029949192,0.051421769,0.0192000363,0.062528342,0.719334364,23.8677444,95.9000015,0.421111107,3.67888904,-28.4215851,-30.0,1.57841492,22.9658833,21.49403,98.4322205,95.6083374,0.712777793,3.67888904,95.6083374,0.137043253,0.000154155918,4.31994772,1.3216157,16.7276306,8.77471256,0.200000003,5.0,2.11095595,1.57841492,0.719334364,23,deployed,PM-Stokes,8.5,1
OU-III,adaptive,periodic,wave_data_jonswap_H0.270_L14.047_A30.00_P60.00.csv,900.0,180000,0.00880507473,0.00824278593,0.010955655,0.0162941478,3.26113868,3.05288363,4.05765009,8.14358425,0.0534430593,20.4996796,0.777285516,0.121030271,2.76694489,0.0062946924,0.0074849599,0.0109500168,0.0146816438,-5.11282825,6.15530491,0.2438889,0.0,99.7561111,24.6561432,30.0,-5.34385681,7.02554226,4.56033087,0.773888886,0.2438889,0.0,99.7561111,0.2438889,0.134176001,0.000130993285,1.47091305,0.0500000007,0.150024131,2.93750596,0.247729704,3.03149557,0.0300200861,5.34385681,5.11282825,23,hard-iron-off,JONSWAP,0.27,1
OU-III,adaptive,periodic,wave_data_jonswap_H1.500_L50.710_A-30.00_P120.00.csv,900.0,180000,0.0679949448,0.0634667054,0.0583626144,0.109806791,4.53299618,4.23111343,3.89084077,8.28549767,0.390963972,14.9278746,0.659487724,0.115985304,2.78027534,0.0147097325,0.020265704,0.0120092155,0.0277722217,1.42502761,20.3337517,87.8244476,0.167222232,12.0083332,-29.25177,-30.0,0.74822998,22.3532352,20.8087654,94.503891,17.1811123,70.8105545,12.0083332,70.8105545,0.113759831,0.00013459503,2.50321364,0.397779822,1.29121947,4.98305273,0.267523974,3.36190677,0.258111566,0.74822998,1.42502761,23,hard-iron-off,JONSWAP,1.5,1
OU-III,adaptive,periodic,wave_data_jonswap_H4.000_L112.766_A30.00_P30.00.csv,900.0,180000,0.231128708,0.158170208,0.154125676,0.319676429,5.77821779,3.9542551,3.85314178,7.74942827,1.04307246,14.776123,0.705074489,0.116361678,2.57717633,0.0153234405,0.0347230434,0.0178254712,0.0419314355,-1.85340297,17.5852528,96.2305603,0.112777777,3.65666676,28.2506561,30.0,-1.74934387,17.3215923,16.4834919,98.460556,87.9111099,8.43222237,3.65666676,87.9111099,0.121586069,0.000136786461,3.93898439,0.839482188,8.79953384,7.83556414,0.200000003,5.0,0.861908197,1.74934387,1.85340297,23,hard-iron-off,JONSWAP,4.0,1
OU-III,adaptive,periodic,wave_data_jonswap_H8.500_L202.839_A-30.00_P72.00.csv,900.0,180000,0.497887284,0.418193489,0.305688083,0.718486428,5.85749722,4.91992331,3.5963304,9.45892143,2.15460348,14.1876717,0.772422075,0.121940829,3.04626036,0.0284806397,0.0469686389,0.0166394077,0.0573939867,1.84784102,26.831646,95.1450043,0.994444489,3.86055565,-27.6538696,-30.0,2.34613037,24.7913456,23.4948902,98.6516647,2.06722236,94.0722275,3.86055565,94.0722275,0.131038323,0.000156622496,4.49458981,1.10678387,16.6644363,9.12282467,0.200000003,5.0,1.4993006,2.34613037,1.84784102,23,hard-iron-off,JONSWAP,8.5,1
OU-III,adaptive,periodic,wave_data_pmstokes_H0.270_L14.047_A30.00_P60.00.csv,900.0,180000,0.0089191068,0.00819172803,0.0108599924,0.0162663553,3.30337286,3.03397322,4.02221918,8.40705395,0.0499124601,21.7580795,0.78100729,0.117594674,2.76201725,0.00619241269,0.00722126989,0.0110741258,0.0145989368,nan,nan,0.0,0.0,100.0,21.4233856,30.0,-8.57661438,8.81959438,2.05749464,0.198333338,0.0,0.0,100.0,0.0,0.134719849,0.000131068868,1.45043743,0.109559439,0.150003225,2.88825297,0.352986932,2.83132195,0.0304298662,8.57661438,nan,23,hard-iron-off,PM-Stokes,0.27,1
OU-III,adaptive,periodic,wave_data_pmstokes_H1.500_L50.710_A-30.00_P120.00.csv,900.0,180000,0.0657531247,0.061090868,0.0579506122,0.106835581,4.38354158,4.07272434,3.86337399,7.98520136,0.385561794,15.0301743,0.656287611,0.123200007,2.79470348,0.015605473,0.0213742536,0.0128676081,0.0294272806,0.530512094,19.5826492,86.6027832,0.238333344,13.1588888,-30.5119324,-30.0,-0.511932373,21.6052303,20.1177979,94.6094437,23.3105564,63.5305557,13.1588888,63.5305557,0.113383584,0.000134395435,2.32251716,0.442584753,1.14464223,4.6295414,0.283676863,3.10174775,0.299089879,0.511932373,0.530512094,23,hard-iron-off,PM-Stokes,1.5,1
OU-III,adaptive,periodic,wave_data_pmstokes_H4.000_L112.766_A30.00_P30.00.csv,900.0,180000,0.227175206,0.156746626,0.153791308,0.315958619,5.67937994,3.91866565,3.84478283,7.8093338,1.04037023,14.7823639,0.685260355,0.110764354,2.48250866,0.0159528162,0.037815515,0.0194460228,0.0454164408,-2.98656082,15.5862522,95.4672241,0.0544444472,4.47833347,26.9615936,30.0,-3.03840637,15.2113419,14.6782074,98.2155533,0.0544444472,95.4672241,4.47833347,95.4672241,0.118155114,0.000137617302,3.67761612,0.908146501,7.76005077,7.3289361,0.200000003,5.0,1.00051332,3.03840637,2.98656082,23,hard-iron-off,PM-Stokes,4.0,1
OU-III,adaptive,periodic,wave_data_pmstokes_H8.500_L202.839_A-30.00_P72.00.csv,900.0,180000,0.495159805,0.41097647,0.308928818,0.713808,5.82540941,4.8350172,3.63445663,9.47455502,2.16781425,14.2507048,0.811630547,0.135683671,3.16296053,0.0323024578,0.0559406243,0.0192477182,0.0674038306,0.714115977,23.8613758,95.9044495,0.420555562,3.67500019,-28.4274902,-30.0,1.57250977,22.9615116,21.4910164,98.4333344,95.6127777,0.712222219,3.67500019,95.6127777,0.137598962,0.00015838712,4.31994772,1.3216157,16.7276306,8.77471256,0.200000003,5.0,2.11095595,1.57250977,0.714115977,23,hard-iron-off,PM-Stokes,8.5,1
OU-III,adaptive,periodic,wave_data_jonswap_H0.270_L14.047_A30.00_P60.00.csv,900.0,180000,0.00880609732,0.00828520022,0.0111553455,0.0164509453,3.26151752,3.06859255,4.13160944,8.22194958,0.0534430593,20.8733292,0.4717758,0.197251514,0.494340897,0.00639065588,0.00607025716,0.0100125736,0.0133394208,1.95269847,2.37733078,0.442777783,0.0,99.5572281,32.3114624,30.0,2.3114624,2.89790964,1.74692154,1.05277777,0.442777783,0.0,99.5572281,0.442777783,0.0867852494,0.000140954653,1.47070026,0.0500000007,0.150028229,2.93702102,0.250682741,3.00458217,0.0302377306,2.3114624,1.95269847,202,deployed,JONSWAP,0.27,1
OU-III,adaptive,periodic,wave_data_jonswap_H1.500_L50.710_A-30.00_P120.00.csv,900.0,180000,0.0694813281,0.061082419,0.0581338964,0.109262377,4.63208818,4.0721612,3.87559295,8.24441814,0.390963972,14.8693743,0.346797973,0.20435518,1.20987558,0.0122082811,0.0136746047,0.0113927498,0.0215831343,2.21546364,21.3230629,87.6949997,0.364444464,11.9405556,-27.9939423,-30.0,2.00605774,23.2200165,21.3770485,94.5205536,17.6727791,70.3866653,11.9405556,70.3866653,0.0677090809,0.000141878103,2.50340533,0.380658835,1.17617226,4.98338604,0.259660006,3.39258146,0.25778529,2.00605774,2.21546364,202,deployed,JONSWAP,1.5,1
OU-III,adaptive,periodic,wave_data_jonswap_H4.000_L112.766_A30.00_P30.00.csv,900.0,180000,0.222611114,0.167365164,0.152414978,0.317485631,5.56527805,4.18412924,3.8103745,7.69632006,1.04307246,14.6121178,0.392697543,0.212444395,0.625642121,0.0142941391,0.015746193,0.0133292126,0.0250984654,-1.3914516,17.293726,96.1344452,0.113333337,3.7522223,28.7855377,30.0,-1.21446228,17.036972,16.244648,98.4788895,87.7327805,8.51500034,3.7522223,87.7327805,0.0746149421,0.000131691704,3.93698668,0.838294506,8.77023411,7.83072567,0.200000003,5.0,0.85942322,1.21446228,1.3914516,202,deployed,JONSWAP,4.0,1
OU-III,adaptive,periodic,wave_data_jonswap_H8.500_L202.839_A-30.00_P72.00.csv,900.0,180000,0.511485994,0.390257627,0.305458486,0.712196469,6.01748228,4.59126616,3.59362912,9.37611485,2.15460348,14.1770163,0.453127891,0.211100489,1.64688373,0.0184636693,0.0269870088,0.0150012979,0.0359756127,3.2770884,27.6049538,94.5727768,1.44555557,3.9816668,-26.7724915,-30.0,3.22750854,24.7322464,23.3257637,98.6366653,2.43388891,93.5844498,3.9816668,93.5844498,0.0822471231,0.000180826144,4.49492311,1.10567856,16.65345,9.12380505,0.200000003,5.0,1.4959681,3.22750854,3.2770884,202,deployed,JONSWAP,8.5,1
OU-III,adaptive,periodic,wave_data_pmstokes_H0.270_L14.047_A30.00_P60.00.csv,900.0,180000,0.00891320687,0.00824849773,0.0110567994,0.0164236352,3.30118775,3.05499911,4.09511089,8.48834229,0.0499124601,22.1523838,0.473996013,0.200376049,0.586854875,0.00629554689,0.00594370486,0.0101732444,0.0133587588,-0.779239535,1.06662488,0.0972222239,0.0,99.9027786,25.9198761,30.0,-4.0801239,5.49429846,3.68092418,0.468333334,0.0972222239,0.0,99.9027786,0.0972222239,0.0873480439,0.000142489167,1.45007956,0.112980515,0.150003225,2.88755631,0.355804861,2.79640532,0.0306518748,4.0801239,0.779239535,202,deployed,PM-Stokes,0.27,1
OU-III,adaptive,periodic,wave_data_pmstokes_H1.500_L50.710_A-30.00_P120.00.csv,900.0,180000,0.0672157109,0.0589080788,0.0577395111,0.106404722,4.48104715,3.92720509,3.84930062,7.95299768,0.385561794,14.9754229,0.344444036,0.19706884,1.27261126,0.0127675124,0.0145603167,0.0120614991,0.0228142925,2.3652761,19.5517654,86.918335,0.248333335,12.833334,-28.6486053,-30.0,1.35139465,21.4178276,19.9028721,94.5694427,23.295557,63.8711128,12.833334,63.8711128,0.0666668043,0.00014066814,2.32284188,0.44237712,1.14326894,4.63003492,0.283877939,3.08269167,0.29874146,1.35139465,2.3652761,202,deployed,PM-Stokes,1.5,1
OU-III,adaptive,periodic,wave_data_pmstokes_H4.000_L112.766_A30.00_P30.00.csv,900.0,180000,0.217142865,0.166331619,0.152312145,0.313075423,5.4285717,4.15829039,3.80780363,7.7380724,1.04037023,14.6401873,0.373018801,0.215418577,0.866061807,0.0150357895,0.0167261902,0.0140583636,0.0265231598,-2.34911871,15.1055803,95.5711136,0.0311111119,4.39777803,27.5691223,30.0,-2.43087769,14.955122,14.5383778,98.2411118,0.0311111119,95.5711136,4.39777803,95.5711136,0.0717672184,0.000132469242,3.67504263,0.907226086,7.73433352,7.32302809,0.200000003,5.0,0.998832405,2.43087769,2.34911871,202,deployed,PM-Stokes,4.0,1
OU-III,adaptive,periodic,wave_data_pmstokes_H8.500_L202.839_A-30.00_P72.00.csv,900.0,180000,0.508002639,0.382837802,0.308568209,0.706997752,5.97650146,4.50397396,3.63021421,9.38416195,2.16781425,14.2340708,0.492092997,0.195970744,1.8858217,0.0206022989,0.0337414481,0.0170967933,0.0430725031,1.82881534,24.5029888,95.7950058,0.538333356,3.66666675,-27.3537445,-30.0,2.64625549,23.062088,21.5310707,98.4833298,95.4977798,0.835555553,3.66666675,95.4977798,0.0871256366,0.000185936122,4.32027483,1.32009625,16.7146435,8.77564812,0.200000003,5.0,2.10610223,2.64625549,1.82881534,202,deployed,PM-Stokes,8.5,1
OU-III,adaptive,periodic,wave_data_jonswap_H0.270_L14.047_A30.00_P60.00.csv,900.0,180000,0.0087825479,0.00830601808,0.0111563085,0.0164495073,3.25279546,3.07630301,4.13196611,8.22123051,0.0534430593,20.8751316,0.469123483,0.19734934,0.866276503,0.00639419723,0.00597257912,0.010009231,0.0132944407,1.99828744,2.42242336,0.454444468,0.0,99.5455551,32.3160858,30.0,2.31608582,2.90420318,1.75126219,1.05444443,0.454444468,0.0,99.5455551,0.454444468,0.0863751769,0.000131168577,1.47070026,0.0500000007,0.150028229,2.93702102,0.250682741,3.00458217,0.0302377306,2.31608582,1.99828744,202,hard-iron-off,JONSWAP,0.27,1
OU-III,adaptive,periodic,wave_data_jonswap_H1.500_L50.710_A-30.00_P120.00.csv,900.0,180000,0.0704254955,0.0596344545,0.0581327006,0.109066166,4.69503307,3.97563004,3.87551332,8.22961235,0.390963972,14.8690681,0.342627406,0.202732161,0.867436767,0.0121073294,0.0120921666,0.0113817956,0.0205512326,2.22347784,21.3313484,87.6866684,0.366666675,11.9466667,-27.9831848,-30.0,2.01681519,23.22719,21.3828907,94.5149994,17.6722221,70.3811111,11.9466667,70.3811111,0.0669492409,0.000135685186,2.50340533,0.380658835,1.17617226,4.98338604,0.259660006,3.39258146,0.25778529,2.01681519,2.22347784,202,hard-iron-off,JONSWAP,1.5,1
OU-III,adaptive,periodic,wave_data_jonswap_H4.000_L112.766_A30.00_P30.00.csv,900.0,180000,0.221292332,0.16958271,0.152394116,0.317730337,5.5323081,4.23956776,3.80985284,7.70225143,1.04307246,14.6101179,0.387045979,0.214035243,1.05201983,0.0146086523,0.0155933332,0.0132888211,0.0251626223,-1.38153589,17.2889347,96.132782,0.11388889,3.75333333,28.7970581,30.0,-1.20294189,17.031971,16.2406654,98.4800034,87.7311096,8.51555538,3.75333333,87.7311096,0.0738859102,0.000137599156,3.93698668,0.838294506,8.77023411,7.83072567,0.200000003,5.0,0.85942322,1.20294189,1.38153589,202,hard-iron-off,JONSWAP,4.0,1
OU-III,adaptive,periodic,wave_data_jonswap_H8.500_L202.839_A-30.00_P72.00.csv,900.0,180000,0.524992049,0.367452085,0.305515468,0.709913611,6.17637682,4.32296562,3.59429955,9.34606075,2.15460348,14.1796608,0.451582313,0.202688083,0.878936887,0.0168923717,0.0178813413,0.0149244508,0.0287721027,3.2726264,27.5959721,94.5727768,1.4461112,3.98111129,-26.7727356,-30.0,3.2272644,24.7301826,23.3260632,98.6394424,2.43388891,93.5849991,3.98111129,93.5849991,0.0814056545,0.000167069142,4.49492311,1.10567856,16.65345,9.12380505,0.200000003,5.0,1.4959681,3.2272644,3.2726264,202,hard-iron-off,JONSWAP,8.5,1
OU-III,adaptive,periodic,wave_data_pmstokes_H0.270_L14.047_A30.00_P60.00.csv,900.0,180000,0.00889431126,0.00826482661,0.0110575594,0.0164221115,3.29418921,3.06104684,4.09539223,8.48755455,0.0499124601,22.1539059,0.471708715,0.200435549,0.874233902,0.0062949853,0.00588109624,0.0101703918,0.0133285774,-0.664610922,0.979327917,0.0977777839,0.0,99.9022217,26.0176849,30.0,-3.98231506,5.43569517,3.70075846,0.479444444,0.0977777839,0.0,99.9022217,0.0977777839,0.0869894996,0.000131231078,1.45007956,0.112980515,0.150003225,2.88755631,0.355804861,2.79640532,0.0306518748,3.98231506,0.664610922,202,hard-iron-off,PM-Stokes,0.27,1
OU-III,adaptive,periodic,wave_data_pmstokes_H1.500_L50.710_A-30.00_P120.00.csv,900.0,180000,0.068171449,0.0574739613,0.0577372946,0.106227107,4.54476309,3.83159733,3.8491528,7.93972254,0.385561794,14.9748478,0.339997649,0.1952492,0.840095341,0.0126133328,0.0126434918,0.0120450947,0.0215415508,2.38160229,19.5627232,86.8366699,0.248333335,12.915,-28.6351776,-30.0,1.36482239,21.4266815,19.9095402,94.5638885,23.292223,63.792778,12.915,63.792778,0.0658472031,0.000135382259,2.32284188,0.44237712,1.14326894,4.63003492,0.283877939,3.08269167,0.29874146,1.36482239,2.38160229,202,hard-iron-off,PM-Stokes,1.5,1
OU-III,adaptive,periodic,wave_data_pmstokes_H4.000_L112.766_A30.00_P30.00.csv,900.0,180000,0.216443554,0.16756548,0.152294815,0.313240677,5.41108894,4.18913698,3.80737042,7.74215651,1.04037023,14.6385212,0.367889076,0.216835678,1.09934461,0.0152318608,0.0167027824,0.014015099,0.0265972856,-2.3386395,15.10252,95.5705566,0.0311111119,4.39833355,27.5793152,30.0,-2.42068481,14.9520597,14.5370855,98.2388916,0.0311111119,95.5705566,4.39833355,95.5705566,0.0711177811,0.000137796073,3.67504263,0.907226086,7.73433352,7.32302809,0.200000003,5.0,0.998832405,2.42068481,2.3386395,202,hard-iron-off,PM-Stokes,4.0,1
OU-III,adaptive,periodic,wave_data_pmstokes_H8.500_L202.839_A-30.00_P72.00.csv,900.0,180000,0.524093568,0.354667276,0.308655649,0.704081833,6.16580677,4.17255592,3.63124275,9.34545708,2.16781425,14.2381039,0.489198864,0.185474902,0.810700953,0.0175166056,0.0196319092,0.0169455353,0.0312952809,1.82418787,24.5225906,95.7788925,0.540555596,3.68055558,-27.355484,-30.0,2.64451599,23.0818977,21.5481205,98.4744415,95.4822235,0.837222219,3.68055558,95.4822235,0.0860079229,0.000170076266,4.32027483,1.32009625,16.7146435,8.77564812,0.200000003,5.0,2.10610223,2.64451599,1.82418787,202,hard-iron-off,PM-Stokes,8.5,1
OU-III,adaptive,periodic,wave_data_jonswap_H0.270_L14.047_A30.00_P60.00.csv,900.0,180000,0.00870614965,0.00838851463,0.011174106,0.0164628327,3.2244997,3.1068573,4.13855791,8.22789097,0.0534430593,20.9084339,0.264485568,0.11827758,2.72369885,0.00652909931,0.00578625733,0.0102390153,0.0134516666,4.99047995,5.07595539,0.454444468,0.0,99.5455551,35.6174011,30.0,5.61740112,6.04965544,2.23051882,1.08111107,0.454444468,0.0,99.5455551,0.454444468,0.049197793,0.000138057381,1.47106659,0.0500000007,0.150030419,2.93776059,0.250189215,3.0096314,0.0302871838,5.61740112,4.99047995,3033,deployed,JONSWAP,0.27,1
OU-III,adaptive,periodic,wave_data_jonswap_H1.500_L50.710_A-30.00_P120.00.csv,900.0,180000,0.0705127269,0.0590118654,0.0582302809,0.108835705,4.7008481,3.93412423,3.88201857,8.21222401,0.390963972,14.8940277,0.134849817,0.125074938,2.72149396,0.0125422226,0.0160837304,0.0114835044,0.0234065074,2.41483974,20.8886223,87.0666656,0.233888894,12.6994448,-27.6492462,-30.0,2.35075378,23.3846169,21.577898,94.4000015,17.6838894,69.6166687,12.6994448,69.6166687,0.0306089558,0.000142396442,2.50547743,0.38029328,1.17807889,4.98728943,0.256934643,3.41015148,0.258006364,2.35075378,2.41483974,3033,deployed,JONSWAP,1.5,1
OU-III,adaptive,periodic,wave_data_jonswap_H4.000_L112.766_A30.00_P30.00.csv,900.0,180000,0.218255594,0.173757538,0.15312393,0.318235964,5.4563899,4.34393835,3.8280983,7.71450901,1.04307246,14.6800861,0.186319217,0.122865491,1.76351023,0.0178776924,0.0171360448,0.0133780446,0.0281465445,-0.608991802,16.8987274,96.0783386,0.050555557,3.87111115,29.5733643,30.0,-0.426635742,17.0588264,16.2990494,98.4300003,87.7205582,8.40833378,3.87111115,87.7205582,0.0370992608,0.000142844729,3.93682456,0.839590788,8.78209972,7.83013916,0.200000003,5.0,0.861991704,0.426635742,0.608991802,3033,deployed,JONSWAP,4.0,1
OU-III,adaptive,periodic,wave_data_jonswap_H8.500_L202.839_A-30.00_P72.00.csv,900.0,180000,0.538999975,0.350705713,0.308640867,0.713284373,6.34117603,4.12594938,3.63106894,9.39043713,2.15460348,14.3247175,0.240331233,0.137980148,2.38399577,0.0196979325,0.0295759514,0.0130785722,0.0378654785,3.02269959,26.9371147,95.2922211,0.976666689,3.73111129,-26.5354004,-30.0,3.46459961,24.881361,23.4784222,98.7011108,2.31833339,93.9505615,3.73111129,93.9505615,0.0447672866,0.000179203606,4.49593735,1.10763633,16.6888695,9.12619209,0.200000003,5.0,1.50156879,3.46459961,3.02269959,3033,deployed,JONSWAP,8.5,1
OU-III,adaptive,periodic,wave_data_pmstokes_H0.270_L14.047_A30.00_P60.00.csv,900.0,180000,0.00880955718,0.0083656786,0.011085446,0.0164462756,3.26279879,3.0983994,4.10572052,8.50004387,0.0499124601,22.2097759,0.267118454,0.114190333,3.02557516,0.0064091282,0.00570310187,0.0103266332,0.0134254107,0.958475351,1.24507809,0.0972222239,0.0,99.9027786,27.9015503,30.0,-2.09844971,4.62800074,4.12785912,0.483888894,0.0972222239,0.0,99.9027786,0.0972222239,0.0493220389,0.000137817318,1.45050919,0.112851888,0.150003225,2.88843942,0.355107993,2.80193377,0.0306909904,2.09844971,0.958475351,3033,deployed,PM-Stokes,0.27,1
OU-III,adaptive,periodic,wave_data_pmstokes_H1.500_L50.710_A-30.00_P120.00.csv,900.0,180000,0.0682276785,0.0568874888,0.0577724241,0.105966292,4.54851151,3.79249907,3.85149479,7.920228,0.385561794,14.9839592,0.133780494,0.13188909,2.49651527,0.0131817991,0.0158492513,0.012021332,0.0238635913,2.77768636,20.1903381,86.4550018,0.263888896,13.2811117,-28.2648926,-30.0,1.73510742,22.15518,20.5344124,94.3738861,23.1366673,63.582222,13.2811117,63.582222,0.0312748067,0.000143134268,2.32523012,0.442176759,1.14741242,4.63424635,0.283396453,3.08925676,0.298583239,1.73510742,2.77768636,3033,deployed,PM-Stokes,1.5,1
OU-III,adaptive,periodic,wave_data_pmstokes_H4.000_L112.766_A30.00_P30.00.csv,900.0,180000,0.213021636,0.172238395,0.152991086,0.313768327,5.32554102,4.3059597,3.82477713,7.755198,1.04037023,14.7054462,0.168565556,0.120800994,2.00930333,0.0197318587,0.0194191802,0.014031291,0.0310375243,-1.47486889,15.1562624,95.261116,0.036666669,4.70222235,28.4856567,30.0,-1.51434326,14.9530487,14.6617899,98.246666,0.036666669,95.261116,4.70222235,95.261116,0.0343819596,0.00013698783,3.67492747,0.908562839,7.74467659,7.32246828,0.200000003,5.0,1.00181174,1.51434326,1.47486889,3033,deployed,PM-Stokes,4.0,1
OU-III,adaptive,periodic,wave_data_pmstokes_H8.500_L202.839_A-30.00_P72.00.csv,900.0,180000,0.538138568,0.335265845,0.311580598,0.706455052,6.33104181,3.94430399,3.66565394,9.37695885,2.16781425,14.3730307,0.280333549,0.151996821,2.12940454,0.0199164283,0.0292490106,0.0139770815,0.0380463861,1.91465938,25.1188374,95.4922256,0.676111102,3.83166671,-27.1569672,-30.0,2.84303284,23.8927402,22.2008095,98.4166641,95.2066727,0.961666703,3.83166671,95.2066727,0.0518223606,0.000184402234,4.32139349,1.32225907,16.7495003,8.77831364,0.200000003,5.0,2.11363816,2.84303284,1.91465938,3033,deployed,PM-Stokes,8.5,1
OU-III,adaptive,periodic,wave_data_jonswap_H0.270_L14.047_A30.00_P60.00.csv,900.0,180000,0.00862083584,0.00852468144,0.0111750457,0.0164884999,3.19290209,3.15728927,4.13890553,8.24071884,0.0534430593,20.9101906,0.262478054,0.115801707,5.2979517,0.00679235393,0.00619444065,0.0102339266,0.0137564689,4.97596025,5.06501532,0.455555558,0.0,99.5444489,35.5989838,30.0,5.59898376,6.03828001,2.24591351,1.07888889,0.455555558,0.0,99.5444489,0.455555558,0.0487106107,0.000125816048,1.47106659,0.0500000007,0.150030419,2.93776059,0.250189215,3.0096314,0.0302871838,5.59898376,4.97596025,3033,hard-iron-off,JONSWAP,0.27,1
OU-III,adaptive,periodic,wave_data_jonswap_H1.500_L50.710_A-30.00_P120.00.csv,900.0,180000,0.0716129839,0.0593120791,0.0582295917,0.10971339,4.77419853,3.95413852,3.88197255,8.27845001,0.390963972,14.8938503,0.13263768,0.126288354,5.2467761,0.0136698317,0.0243071783,0.0114889955,0.0301612373,2.41443515,20.8923416,87.0677795,0.233888894,12.6983337,-27.6464233,-30.0,2.35357666,23.3896732,21.582449,94.3961105,17.6872234,69.6144485,12.6983337,69.6144485,0.030491095,0.000129375039,2.50547743,0.38029328,1.17807889,4.98728943,0.256934643,3.41015148,0.258006364,2.35357666,2.41443515,3033,hard-iron-off,JONSWAP,1.5,1
OU-III,adaptive,periodic,wave_data_jonswap_H4.000_L112.766_A30.00_P30.00.csv,900.0,180000,0.208604857,0.197851062,0.15307498,0.325719178,5.21512127,4.94627666,3.82687449,7.89591312,1.04307246,14.6753931,0.177334175,0.11664252,5.38645601,0.028735362,0.0389380082,0.013289676,0.0501847081,-0.597591102,16.8842621,96.0755615,0.050555557,3.87388897,29.5861053,30.0,-0.413894653,17.0491638,16.2905102,98.4283371,87.7194443,8.40666676,3.87388897,87.7194443,0.0351441205,0.000132560657,3.93682456,0.839590788,8.78209972,7.83013916,0.200000003,5.0,0.861991704,0.413894653,0.597591102,3033,hard-iron-off,JONSWAP,4.0,1
OU-III,adaptive,periodic,wave_data_jonswap_H8.500_L202.839_A-30.00_P72.00.csv,900.0,180000,0.559870541,0.341714472,0.308692545,0.724924088,6.58671236,4.02017021,3.63167691,9.54367447,2.15460348,14.327117,0.238405764,0.144341275,5.04850817,0.0301555656,0.0578656942,0.013095011,0.0665528029,3.0195148,26.9353867,95.2861099,0.975000024,3.73888898,-26.5346527,-30.0,3.46534729,24.8827858,23.4803753,98.7005539,2.31944442,93.9416656,3.73888898,93.9416656,0.045153331,0.00015149868,4.49593735,1.10763633,16.6888695,9.12619209,0.200000003,5.0,1.50156879,3.46534729,3.0195148,3033,hard-iron-off,JONSWAP,8.5,1
OU-III,adaptive,periodic,wave_data_pmstokes_H0.270_L14.047_A30.00_P60.00.csv,900.0,180000,0.00873352494,0.00848737173,0.0110861566,0.0164685398,3.23463869,3.143471,4.10598373,8.51154995,0.0499124601,22.2112007,0.265396953,0.111909792,5.30604362,0.00662772125,0.00599337555,0.0103224069,0.0136528146,0.991710365,1.27680242,0.098888889,0.0,99.9011154,27.963974,30.0,-2.036026,4.6230402,4.15346956,0.4911111,0.098888889,0.0,99.9011154,0.098888889,0.0488979444,0.000125889259,1.45050919,0.112851888,0.150003225,2.88843942,0.355107993,2.80193377,0.0306909904,2.036026,0.991710365,3033,hard-iron-off,PM-Stokes,0.27,1
OU-III,adaptive,periodic,wave_data_pmstokes_H1.500_L50.710_A-30.00_P120.00.csv,900.0,180000,0.0694460124,0.0570220463,0.0577713549,0.106825985,4.62973404,3.80146956,3.8514235,7.98448372,0.385561794,14.9836817,0.131284326,0.133397967,5.22892714,0.0143018365,0.0244686976,0.012028194,0.0307885874,2.79365158,20.1676846,86.4333344,0.263888896,13.3027782,-28.2596588,-30.0,1.74034119,22.169178,20.5452805,94.3722229,23.1366673,63.5605583,13.3027782,63.5605583,0.0311743878,0.000129100692,2.32523012,0.442176759,1.14741242,4.63424635,0.283396453,3.08925676,0.298583239,1.74034119,2.79365158,3033,hard-iron-off,PM-Stokes,1.5,1
OU-III,adaptive,periodic,wave_data_pmstokes_H4.000_L112.766_A30.00_P30.00.csv,900.0,180000,0.204177573,0.1941697,0.152944401,0.320596874,5.10443926,4.85424232,3.82361007,7.92397499,1.04037023,14.7009592,0.158990249,0.114533417,5.41459322,0.0306171831,0.0423178896,0.0139206862,0.0540555343,-1.46129882,15.2201967,95.2527771,0.043333333,4.70388889,28.4999084,30.0,-1.50009155,14.947278,14.6576433,98.246666,0.043333333,95.2527771,4.70388889,95.2527771,0.0323052406,0.000132916524,3.67492747,0.908562839,7.74467659,7.32246828,0.200000003,5.0,1.00181174,1.50009155,1.46129882,3033,hard-iron-off,PM-Stokes,4.0,1
OU-III,adaptive,periodic,wave_data_pmstokes_H8.500_L202.839_A-30.00_P72.00.csv,900.0,180000,0.562204123,0.31874913,0.311667502,0.717503369,6.61416626,3.74998975,3.66667652,9.52360535,2.16781425,14.377039,0.275611222,0.160786375,4.94436359,0.0308505576,0.0630514622,0.0139842313,0.0715737492,1.89858818,25.1519642,95.4955597,0.682222247,3.82222223,-27.1657104,-30.0,2.83428955,23.9339447,22.2333565,98.4155579,95.210556,0.967222273,3.82222223,95.210556,0.0519940183,0.000153275905,4.32139349,1.32225907,16.7495003,8.77831364,0.200000003,5.0,2.11363816,2.83428955,1.89858818,3033,hard-iron-off,PM-Stokes,8.5,1
TFG,adaptive,periodic,wave_data_jonswap_H0.270_L14.047_A30.00_P60.00.csv,900.0,180000,0.00960335508,0.00876035541,0.0118339919,0.0175787266,3.55679798,3.24457598,4.38295984,8.78559875,0.0534430593,22.1431789,0.292924255,0.0455051623,0.528455615,0.0078331707,0.00789675023,0.0100629153,0.0149993161,nan,nan,0.0,0.0,100.0,nan,30.0,nan,nan,nan,0.0,0.0,0.0,100.0,0.0,0.0503074266,9.80370969e-05,1.53014684,0.142300665,0.152251452,3.05647588,nan,nan,0.030795794,nan,nan,default,deployed,JONSWAP,0.27,0
TFG,adaptive,periodic,wave_data_jonswap_H1.500_L50.710_A-30.00_P120.00.csv,900.0,180000,0.0677487999,0.049514927,0.0628237799,0.104825832,4.5165863,3.30099511,4.18825197,7.90965748,0.390963972,16.0689449,0.265033036,0.0530396178,0.366775662,0.0111454381,0.0109182745,0.0107305804,0.0189360734,nan,nan,0.0,0.0,100.0,nan,-30.0,nan,nan,nan,0.0,0.0,0.0,100.0,0.0,0.0447262824,0.000103062819,2.50608253,0.413172483,1.60177565,4.98906136,nan,nan,0.257799357,nan,nan,default,deployed,JONSWAP,1.5,0
TFG,adaptive,periodic,wave_data_jonswap_H4.000_L112.766_A30.00_P30.00.csv,900.0,180000,0.232674301,0.150602996,0.161377788,0.320720106,5.81685734,3.76507497,4.03444481,7.7747283,1.04307246,15.4713888,0.274458349,0.0739420727,0.933348656,0.0132505223,0.0180184171,0.0130067822,0.0258730762,nan,nan,0.0,0.0,100.0,nan,30.0,nan,nan,nan,0.0,0.0,0.0,100.0,0.0,0.0467172116,0.000107872504,3.93711972,0.751515627,9.1077137,7.83341837,nan,nan,0.859586596,nan,nan,default,deployed,JONSWAP,4.0,0
TFG,adaptive,periodic,wave_data_jonswap_H8.500_L202.839_A-30.00_P72.00.csv,900.0,180000,0.53347975,0.408947468,0.317002624,0.74318862,6.27623224,4.81114674,3.7294426,9.78412819,2.15460348,14.7128057,0.312820077,0.0686763152,0.294652313,0.0153602539,0.0157025773,0.0122546591,0.0251532309,nan,nan,0.0,0.0,100.0,nan,-30.0,nan,nan,nan,0.0,0.0,0.0,100.0,0.0,0.0497545227,0.000110754387,4.49693966,0.990857363,16.7863598,9.12593937,nan,nan,1.4970237,nan,nan,default,deployed,JONSWAP,8.5,0
TFG,adaptive,periodic,wave_data_pmstokes_H0.270_L14.047_A30.00_P60.00.csv,900.0,180000,0.00953683536,0.00866282266,0.0117025143,0.0174053032,3.53216124,3.2084527,4.33426428,8.99570465,0.0499124601,23.4460773,0.290556401,0.0454103649,0.622436941,0.00775423599,0.00779628893,0.0101334937,0.0149531933,nan,nan,0.0,0.0,100.0,nan,30.0,nan,nan,nan,0.0,0.0,0.0,100.0,0.0,0.0499171354,9.50001413e-05,1.51924002,0.141018331,0.150495678,3.02446294,nan,nan,0.0310942866,nan,nan,default,deployed,PM-Stokes,0.27,0
TFG,adaptive,periodic,wave_data_pmstokes_H1.500_L50.710_A-30.00_P120.00.csv,900.0,180000,0.0659629256,0.047956802,0.0613727309,0.102066517,4.39752817,3.19711995,4.09151506,7.62874746,0.385561794,15.9177427,0.262683213,0.0457699113,0.246062174,0.011758808,0.0114331171,0.0111930678,0.0198562462,nan,nan,0.0,0.0,100.0,nan,-30.0,nan,nan,nan,0.0,0.0,0.0,100.0,0.0,0.0439402796,0.000102681282,2.32572842,0.4433285,1.36637354,4.63564825,nan,nan,0.298750252,nan,nan,default,deployed,PM-Stokes,1.5,0
TFG,adaptive,periodic,wave_data_pmstokes_H4.000_L112.766_A30.00_P30.00.csv,900.0,180000,0.228791386,0.152153805,0.159081355,0.317495137,5.71978474,3.80384517,3.97703385,7.84731102,1.04037023,15.2908411,0.289842904,0.0608883537,0.891599953,0.0139985494,0.0197860673,0.0142556317,0.0281188693,nan,nan,0.0,0.0,100.0,nan,30.0,nan,nan,nan,0.0,0.0,0.0,100.0,0.0,0.0486340933,0.00010591418,3.67532349,0.812266469,7.94513941,7.32536983,nan,nan,0.99904424,nan,nan,default,deployed,PM-Stokes,4.0,0
TFG,adaptive,periodic,wave_data_pmstokes_H8.500_L202.839_A-30.00_P72.00.csv,900.0,180000,0.541412592,0.402341187,0.317431241,0.745498896,6.36955976,4.73342562,3.73448515,9.89519691,2.16781425,14.6429167,0.349959016,0.0916494057,0.364302337,0.0175329708,0.0179097336,0.0133274104,0.0283863246,nan,nan,0.0,0.0,100.0,nan,-30.0,nan,nan,nan,0.0,0.0,0.0,100.0,0.0,0.0564953499,0.000110654481,4.32274389,1.17688632,16.8483315,8.77819252,nan,nan,2.10727835,nan,nan,default,deployed,PM-Stokes,8.5,0
TFG,adaptive,periodic,wave_data_jonswap_H0.270_L14.047_A30.00_P60.00.csv,900.0,180000,0.00955183059,0.00881795958,0.0118383868,0.0175824147,3.53771496,3.26591086,4.38458776,8.78744125,0.0534430593,22.1514034,0.28370598,0.0459500775,1.75160885,0.00788302906,0.0078477338,0.0100458898,0.0149882948,nan,nan,0.0,0.0,100.0,nan,30.0,nan,nan,nan,0.0,0.0,0.0,100.0,0.0,0.0487635247,9.51248148e-05,1.53014684,0.142300665,0.152251452,3.05647588,nan,nan,0.030795794,nan,nan,default,hard-iron-off,JONSWAP,0.27,1
TFG,adaptive,periodic,wave_data_jonswap_H1.500_L50.710_A-30.00_P120.00.csv,900.0,180000,0.0687392652,0.0482592471,0.0628261939,0.104886472,4.58261728,3.21728301,4.18841267,7.91423321,0.390963972,16.069561,0.260433674,0.0489263386,1.78653038,0.0111868754,0.0126627348,0.0107458383,0.0200240873,nan,nan,0.0,0.0,100.0,nan,-30.0,nan,nan,nan,0.0,0.0,0.0,100.0,0.0,0.0437738448,9.90246845e-05,2.50608253,0.413172483,1.60177565,4.98906136,nan,nan,0.257799357,nan,nan,default,hard-iron-off,JONSWAP,1.5,1
TFG,adaptive,periodic,wave_data_jonswap_H4.000_L112.766_A30.00_P30.00.csv,900.0,180000,0.224938482,0.169113323,0.161343351,0.32438916,5.6234622,4.22783327,4.03358364,7.8636713,1.04307246,15.4680862,0.251607478,0.0711966231,1.8006978,0.0160031375,0.0159635209,0.0128598753,0.0260059759,nan,nan,0.0,0.0,100.0,nan,30.0,nan,nan,nan,0.0,0.0,0.0,100.0,0.0,0.0426578149,0.00010316477,3.93711972,0.751515627,9.1077137,7.83341837,nan,nan,0.859586596,nan,nan,default,hard-iron-off,JONSWAP,4.0,1
TFG,adaptive,periodic,wave_data_jonswap_H8.500_L202.839_A-30.00_P72.00.csv,900.0,180000,0.544920206,0.393287182,0.317118376,0.74308604,6.41082573,4.62690783,3.73080444,9.78277683,2.15460348,14.7181778,0.310776681,0.0661040917,1.73685539,0.0170852449,0.0236794055,0.0122508351,0.0316654816,nan,nan,0.0,0.0,100.0,nan,-30.0,nan,nan,nan,0.0,0.0,0.0,100.0,0.0,0.0491465218,0.000107741223,4.49693966,0.990857363,16.7863598,9.12593937,nan,nan,1.4970237,nan,nan,default,hard-iron-off,JONSWAP,8.5,1
TFG,adaptive,periodic,wave_data_pmstokes_H0.270_L14.047_A30.00_P60.00.csv,900.0,180000,0.00949579198,0.00871491898,0.0117059695,0.017411191,3.51695991,3.22774768,4.33554411,8.99874783,0.0499124601,23.453001,0.282687932,0.0461246036,1.76415014,0.00779120624,0.00776963495,0.0101195546,0.0149490973,nan,nan,0.0,0.0,100.0,nan,30.0,nan,nan,nan,0.0,0.0,0.0,100.0,0.0,0.0486092269,9.50270405e-05,1.51924002,0.141018331,0.150495678,3.02446294,nan,nan,0.0310942866,nan,nan,default,hard-iron-off,PM-Stokes,0.27,1
TFG,adaptive,periodic,wave_data_pmstokes_H1.500_L50.710_A-30.00_P120.00.csv,900.0,180000,0.0669799596,0.0464767143,0.061375238,0.102045678,4.4653306,3.09844756,4.09168243,7.62719011,0.385561794,15.9183912,0.25785166,0.0446933322,1.72401106,0.0116772456,0.0128802899,0.0112179453,0.020690633,nan,nan,0.0,0.0,100.0,nan,-30.0,nan,nan,nan,0.0,0.0,0.0,100.0,0.0,0.0430381373,9.86114683e-05,2.32572842,0.4433285,1.36637354,4.63564825,nan,nan,0.298750252,nan,nan,default,hard-iron-off,PM-Stokes,1.5,1
TFG,adaptive,periodic,wave_data_pmstokes_H4.000_L112.766_A30.00_P30.00.csv,900.0,180000,0.221490413,0.168515608,0.159037918,0.320544183,5.53726053,4.21289015,3.97594786,7.92267179,1.04037023,15.286665,0.263246417,0.0621995032,1.64128184,0.0171685144,0.0165715162,0.0140287811,0.0276799519,nan,nan,0.0,0.0,100.0,nan,30.0,nan,nan,nan,0.0,0.0,0.0,100.0,0.0,0.0440312997,0.000102644961,3.67532349,0.812266469,7.94513941,7.32536983,nan,nan,0.99904424,nan,nan,default,hard-iron-off,PM-Stokes,4.0,1
TFG,adaptive,periodic,wave_data_pmstokes_H8.500_L202.839_A-30.00_P72.00.csv,900.0,180000,0.555933177,0.379939348,0.317612082,0.744508564,6.54039001,4.46987438,3.73661256,9.88205242,2.16781425,14.6512585,0.343097329,0.1023954,1.52503216,0.0175392758,0.0233016871,0.0133092487,0.0320582427,nan,nan,0.0,0.0,100.0,nan,-30.0,nan,nan,nan,0.0,0.0,0.0,100.0,0.0,0.0557018928,0.000106624801,4.32274389,1.17688632,16.8483315,8.77819252,nan,nan,2.10727835,nan,nan,default,hard-iron-off,PM-Stokes,8.5,1
TFG,adaptive,periodic,wave_data_jonswap_H0.270_L14.047_A30.00_P60.00.csv,900.0,180000,0.00960370153,0.00875833258,0.0117956223,0.0175520983,3.55692649,3.24382687,4.36874866,8.77229023,0.0534430593,22.0713825,0.411245972,0.0858675167,0.579629779,0.00781434402,0.00800918415,0.0101178642,0.0150858266,nan,nan,0.0,0.0,100.0,nan,30.0,nan,nan,nan,0.0,0.0,0.0,100.0,0.0,0.071586065,9.76310985e-05,1.53014684,0.142300665,0.152251452,3.05647588,nan,nan,0.030795794,nan,nan,default,refinement-off,JONSWAP,0.27,1
TFG,adaptive,periodic,wave_data_jonswap_H1.500_L50.710_A-30.00_P120.00.csv,900.0,180000,0.0680055022,0.0499326251,0.0628410652,0.105199881,4.53369999,3.32884145,4.18940401,7.93788147,0.390963972,16.0733662,0.43793267,0.137289256,0.486645222,0.0110190744,0.0112479953,0.0106031056,0.0189832356,nan,nan,0.0,0.0,100.0,nan,-30.0,nan,nan,nan,0.0,0.0,0.0,100.0,0.0,0.0774543881,0.000102568389,2.50608253,0.413172483,1.60177565,4.98906136,nan,nan,0.257799357,nan,nan,default,refinement-off,JONSWAP,1.5,1
TFG,adaptive,periodic,wave_data_jonswap_H4.000_L112.766_A30.00_P30.00.csv,900.0,180000,0.232436091,0.151464254,0.161191329,0.320859164,5.81090212,3.78660631,4.02978325,7.77809858,1.04307246,15.4535122,0.309702992,0.14451465,0.777228057,0.0133042159,0.0177452937,0.012879258,0.0256470852,nan,nan,0.0,0.0,100.0,nan,30.0,nan,nan,nan,0.0,0.0,0.0,100.0,0.0,0.0570967868,0.000108328764,3.93711972,0.751515627,9.1077137,7.83341837,nan,nan,0.859586596,nan,nan,default,refinement-off,JONSWAP,4.0,0
TFG,adaptive,periodic,wave_data_jonswap_H8.500_L202.839_A-30.00_P72.00.csv,900.0,180000,0.541537642,0.403044701,0.312711746,0.743973613,6.37103081,4.74170208,3.67896175,9.7944622,2.15460348,14.5136566,0.643043101,0.408148885,0.90461719,0.0190324187,0.0190169644,0.0170364082,0.0318452083,nan,nan,0.0,0.0,100.0,nan,-30.0,nan,nan,nan,0.0,0.0,0.0,100.0,0.0,0.128336832,0.000113880007,4.49693966,0.990857363,16.7863598,9.12593937,nan,nan,1.4970237,nan,nan,default,refinement-off,JONSWAP,8.5,1
TFG,adaptive,periodic,wave_data_pmstokes_H0.270_L14.047_A30.00_P60.00.csv,900.0,180000,0.00953671243,0.00865896791,0.0116602518,0.0173749272,3.5321157,3.20702505,4.31861162,8.98000526,0.0499124601,23.3614044,0.410289735,0.0812752619,0.677670181,0.00774130318,0.00789827574,0.0102202203,0.0150586665,nan,nan,0.0,0.0,100.0,nan,30.0,nan,nan,nan,0.0,0.0,0.0,100.0,0.0,0.071270287,9.45633074e-05,1.51924002,0.141018331,0.150495678,3.02446294,nan,nan,0.0310942866,nan,nan,default,refinement-off,PM-Stokes,0.27,1
TFG,adaptive,periodic,wave_data_pmstokes_H1.500_L50.710_A-30.00_P120.00.csv,900.0,180000,0.066173777,0.0483639799,0.0614239536,0.102425314,4.41158485,3.2242651,4.09493017,7.65556526,0.385561794,15.9310274,0.439417183,0.109975718,0.297214121,0.0114898719,0.0119576538,0.0111353081,0.0199749283,nan,nan,0.0,0.0,100.0,nan,-30.0,nan,nan,nan,0.0,0.0,0.0,100.0,0.0,0.0762959272,0.000102133388,2.32572842,0.4433285,1.36637354,4.63564825,nan,nan,0.298750252,nan,nan,default,refinement-off,PM-Stokes,1.5,1
TFG,adaptive,periodic,wave_data_pmstokes_H4.000_L112.766_A30.00_P30.00.csv,900.0,180000,0.228169814,0.153927132,0.158631071,0.317677259,5.70424557,3.84817839,3.96577668,7.85181284,1.04037023,15.2475595,0.284417599,0.140803248,0.605059743,0.0138403308,0.0181881823,0.0133787869,0.0264831372,nan,nan,0.0,0.0,100.0,nan,30.0,nan,nan,nan,0.0,0.0,0.0,100.0,0.0,0.0527948998,0.000106907435,3.67532349,0.812266469,7.94513941,7.32536983,nan,nan,0.99904424,nan,nan,default,refinement-off,PM-Stokes,4.0,0
TFG,adaptive,periodic,wave_data_pmstokes_H8.500_L202.839_A-30.00_P72.00.csv,900.0,180000,0.559188843,0.387798995,0.310355902,0.747931182,6.57869196,4.56234121,3.65124583,9.92748165,2.16781425,14.3165359,0.742022872,0.661074102,1.27719772,0.0272392053,0.0223183669,0.0256839823,0.0435861275,nan,nan,0.0,0.0,100.0,nan,-30.0,nan,nan,nan,0.0,0.0,0.0,100.0,0.0,0.169368282,0.00011603289,4.32274389,1.17688632,16.8483315,8.77819252,nan,nan,2.10727835,nan,nan,default,refinement-off,PM-Stokes,8.5,1
TFG,adaptive,periodic,wave_data_jonswap_H0.270_L14.047_A30.00_P60.00.csv,900.0,180000,0.00956070982,0.00887900498,0.011981043,0.0177140981,3.54100347,3.28852034,4.43742323,8.85325527,0.0534430593,22.4183331,0.111671858,0.0593082234,1.94259226,0.00788713526,0.0078407824,0.00963175297,0.0147124249,nan,nan,0.0,0.0,100.0,nan,30.0,nan,nan,nan,0.0,0.0,0.0,100.0,0.0,0.0212435145,9.38955855e-05,1.53014684,0.142300665,0.152251452,3.05647588,nan,nan,0.030795794,nan,nan,default,staged-startup,JONSWAP,0.27,1
TFG,adaptive,periodic,wave_data_jonswap_H1.500_L50.710_A-30.00_P120.00.csv,900.0,180000,0.0692934692,0.0477745794,0.0627188534,0.104964994,4.61956453,3.18497181,4.18125677,7.92015791,0.390963972,16.0421066,0.0993935093,0.104530603,2.0737257,0.0112965526,0.0147924339,0.010948427,0.0215938948,nan,nan,0.0,0.0,100.0,nan,-30.0,nan,nan,nan,0.0,0.0,0.0,100.0,0.0,0.0237813666,9.9034376e-05,2.50608253,0.413172483,1.60177565,4.98906136,nan,nan,0.257799357,nan,nan,default,staged-startup,JONSWAP,1.5,1
TFG,adaptive,periodic,wave_data_jonswap_H4.000_L112.766_A30.00_P30.00.csv,900.0,180000,0.226430923,0.192124918,0.159922808,0.337280661,5.66077328,4.803123,3.99807024,8.17617989,1.04307246,15.3318987,0.573319077,0.0675973967,1.99302363,0.0173160639,0.0241792481,0.0124424305,0.0322381146,nan,nan,0.0,0.0,100.0,nan,30.0,nan,nan,nan,0.0,0.0,0.0,100.0,0.0,0.0963878334,0.000103069506,3.93711972,0.751515627,9.1077137,7.83341837,nan,nan,0.859586596,nan,nan,default,staged-startup,JONSWAP,4.0,1
TFG,adaptive,periodic,wave_data_jonswap_H8.500_L202.839_A-30.00_P72.00.csv,900.0,180000,0.547436297,0.395205975,0.315828919,0.745400667,6.44042683,4.64948177,3.71563435,9.81325054,2.15460348,14.6583309,0.381658942,0.14526704,1.98701262,0.018677583,0.0252962634,0.0126231452,0.0338835791,nan,nan,0.0,0.0,100.0,nan,-30.0,nan,nan,nan,0.0,0.0,0.0,100.0,0.0,0.0656631142,0.000109716188,4.49693966,0.990857363,16.7863598,9.12593937,nan,nan,1.4970237,nan,nan,default,staged-startup,JONSWAP,8.5,1
TFG,adaptive,periodic,wave_data_pmstokes_H0.270_L14.047_A30.00_P60.00.csv,900.0,180000,0.00950331986,0.00877240952,0.0118414229,0.0175353233,3.51974797,3.24904037,4.38571215,9.0629034,0.0499124601,23.7243805,0.10823895,0.0586658791,1.94419253,0.00779599883,0.00774383079,0.00972750783,0.0146754533,nan,nan,0.0,0.0,100.0,nan,30.0,nan,nan,nan,0.0,0.0,0.0,100.0,0.0,0.0206757952,9.38642916e-05,1.51924002,0.141018331,0.150495678,3.02446294,nan,nan,0.0310942866,nan,nan,default,staged-startup,PM-Stokes,0.27,1
TFG,adaptive,periodic,wave_data_pmstokes_H1.500_L50.710_A-30.00_P120.00.csv,900.0,180000,0.067508325,0.0460291952,0.0612748712,0.102130659,4.50055504,3.06861281,4.08499146,7.63354206,0.385561794,15.8923607,0.130693197,0.110217437,2.0337739,0.011724717,0.0143153947,0.0110322079,0.0215431936,nan,nan,0.0,0.0,100.0,nan,-30.0,nan,nan,nan,0.0,0.0,0.0,100.0,0.0,0.0279729031,9.88573884e-05,2.32572842,0.4433285,1.36637354,4.63564825,nan,nan,0.298750252,nan,nan,default,staged-startup,PM-Stokes,1.5,1
TFG,adaptive,periodic,wave_data_pmstokes_H4.000_L112.766_A30.00_P30.00.csv,900.0,180000,0.221582815,0.183956161,0.157667682,0.328325927,5.53957033,4.59890413,3.94169211,8.11500835,1.04037023,15.1549597,0.444093436,0.0647758543,1.95723879,0.0180536397,0.0244248975,0.0127795897,0.0329518951,nan,nan,0.0,0.0,100.0,nan,30.0,nan,nan,nan,0.0,0.0,0.0,100.0,0.0,0.0744189247,0.000102627062,3.67532349,0.812266469,7.94513941,7.32536983,nan,nan,0.99904424,nan,nan,default,staged-startup,PM-Stokes,4.0,1
TFG,adaptive,periodic,wave_data_pmstokes_H8.500_L202.839_A-30.00_P72.00.csv,900.0,180000,0.561959445,0.376109898,0.316180438,0.746476471,6.61128759,4.42482233,3.71976972,9.90817261,2.16781425,14.5852184,0.297493935,0.177726328,2.10295415,0.0205167849,0.0298276804,0.0133070461,0.0385707952,nan,nan,0.0,0.0,100.0,nan,-30.0,nan,nan,nan,0.0,0.0,0.0,100.0,0.0,0.0553458594,0.0001094287,4.32274389,1.17688632,16.8483315,8.77819252,nan,nan,2.10727835,nan,nan,default,staged-startup,PM-Stokes,8.5,1
